ISO-10303-21;
HEADER;
FILE_DESCRIPTION (( 'STEP AP214' ),
    '1' );
FILE_NAME ('159.1-89-35-LG.step',
    '2024-05-07T08:51:31',
    ( '' ),
    ( '' ),
    'SwSTEP 2.0',
    'SolidWorks 2022',
    '' );
FILE_SCHEMA (( 'AUTOMOTIVE_DESIGN' ));
ENDSEC;

DATA;
#1 = ORIENTED_EDGE ( 'NONE', *, *, #3110, .T. ) ;
#2 = CIRCLE ( 'NONE', #935, 4.000000000000000000 ) ;
#3 = ORIENTED_EDGE ( 'NONE', *, *, #1479, .F. ) ;
#4 =( NAMED_UNIT ( * ) PLANE_ANGLE_UNIT ( ) SI_UNIT ( $, .RADIAN. ) );
#5 = DIRECTION ( 'NONE',  ( -1.000000000000000000, 0.0000000000000000000, 0.0000000000000000000 ) ) ;
#6 = DIRECTION ( 'NONE',  ( 0.0000000000000000000, 0.0000000000000000000, -1.000000000000000000 ) ) ;
#7 = COLOUR_RGB ( '',0.7490196078431372584, 0.7490196078431372584, 0.7490196078431372584 ) ;
#8 = CARTESIAN_POINT ( 'NONE',  ( -8.500000000000000000, -8.421052631578946901, -9.000000000000001776 ) ) ;
#9 = ADVANCED_FACE ( 'CYL_7', ( #95 ), #2798, .F. ) ;
#10 = ORIENTED_EDGE ( 'NONE', *, *, #2997, .T. ) ;
#11 = LINE ( 'NONE', #661, #2702 ) ;
#12 = CARTESIAN_POINT ( 'NONE',  ( -23.49999999999999645, 1.734723475976807094E-15, 1.750000000000021538 ) ) ;
#13 =( NAMED_UNIT ( * ) SI_UNIT ( $, .STERADIAN. ) SOLID_ANGLE_UNIT ( ) );
#14 = APPLICATION_PROTOCOL_DEFINITION ( 'draft international standard', 'automotive_design', 1998, #2741 ) ;
#15 = DIRECTION ( 'NONE',  ( 0.0000000000000000000, -1.000000000000000000, 0.0000000000000000000 ) ) ;
#16 = DIRECTION ( 'NONE',  ( 0.0000000000000000000, 0.0000000000000000000, 1.000000000000000000 ) ) ;
#17 = DIRECTION ( 'NONE',  ( 1.000000000000000000, 0.0000000000000000000, -0.0000000000000000000 ) ) ;
#18 = VECTOR ( 'NONE', #4168, 1000.000000000000000 ) ;
#19 = EDGE_CURVE ( 'NONE', #103, #3084, #745, .T. ) ;
#20 = ORIENTED_EDGE ( 'NONE', *, *, #3579, .T. ) ;
#21 = ADVANCED_FACE ( 'NONE', ( #2443 ), #4224, .T. ) ;
#22 = CARTESIAN_POINT ( 'NONE',  ( -27.00000000000000000, -8.000000000000001776, 18.00000000000000355 ) ) ;
#23 = EDGE_LOOP ( 'NONE', ( #317, #1037, #3338, #1659 ) ) ;
#24 = EDGE_LOOP ( 'NONE', ( #3585, #242, #3356, #980 ) ) ;
#25 = CARTESIAN_POINT ( 'NONE',  ( 9.000000000000001776, 0.0000000000000000000, -18.00000000000000000 ) ) ;
#26 = LINE ( 'NONE', #2352, #2908 ) ;
#27 = CARTESIAN_POINT ( 'NONE',  ( -21.50000000000000000, -8.000000000000001776, 15.00000000000000178 ) ) ;
#28 = CARTESIAN_POINT ( 'NONE',  ( -17.50000000000000000, -1.071565949253933966E-14, -0.001000000000001000089 ) ) ;
#29 = ORIENTED_EDGE ( 'NONE', *, *, #503, .F. ) ;
#30 = CARTESIAN_POINT ( 'NONE',  ( -3.999999999999994671, -3.000000000000003553, 7.000000000000001776 ) ) ;
#31 = CARTESIAN_POINT ( 'NONE',  ( 0.0000000000000000000, 0.0000000000000000000, -9.000000000000001776 ) ) ;
#32 = EDGE_LOOP ( 'NONE', ( #3450, #2895, #4395, #1074 ) ) ;
#33 = DIRECTION ( 'NONE',  ( -0.0000000000000000000, 1.000000000000000000, -0.0000000000000000000 ) ) ;
#34 = EDGE_CURVE ( 'NONE', #1800, #1680, #3727, .T. ) ;
#35 = CIRCLE ( 'NONE', #2026, 3.499999999999999556 ) ;
#36 = VECTOR ( 'NONE', #1765, 1000.000000000000000 ) ;
#37 = FILL_AREA_STYLE_COLOUR ( '', #1891 ) ;
#38 = DIRECTION ( 'NONE',  ( 0.0000000000000000000, 0.0000000000000000000, 1.000000000000000000 ) ) ;
#39 = EDGE_CURVE ( 'NONE', #1800, #815, #117, .T. ) ;
#40 = AXIS2_PLACEMENT_3D ( 'NONE', #3719, #1464, #2091 ) ;
#41 = EDGE_LOOP ( 'NONE', ( #1676, #1693, #1988, #2199 ) ) ;
#42 = CIRCLE ( 'NONE', #4263, 4.000000000000000000 ) ;
#43 = DIRECTION ( 'NONE',  ( 0.0000000000000000000, 1.000000000000000000, 0.0000000000000000000 ) ) ;
#44 = VERTEX_POINT ( 'NONE', #1477 ) ;
#45 = CIRCLE ( 'NONE', #2757, 8.000000000000000000 ) ;
#46 = PLANE ( 'NONE',  #1860 ) ;
#47 = CARTESIAN_POINT ( 'NONE',  ( -3.999999999999994671, -3.000000000000003553, -14.99999999999999645 ) ) ;
#48 = CARTESIAN_POINT ( 'NONE',  ( -17.50000000000000000, -1.071565949253933966E-14, 18.00000000000000355 ) ) ;
#49 = VECTOR ( 'NONE', #2370, 1000.000000000000000 ) ;
#50 = DIRECTION ( 'NONE',  ( 0.0000000000000000000, 0.0000000000000000000, 1.000000000000000000 ) ) ;
#51 = ORIENTED_EDGE ( 'NONE', *, *, #2490, .F. ) ;
#52 = ORIENTED_EDGE ( 'NONE', *, *, #19, .F. ) ;
#53 = SURFACE_STYLE_USAGE ( .BOTH. , #392 ) ;
#54 = CARTESIAN_POINT ( 'NONE',  ( 8.500000000000000000, -8.421052631578946901, 0.0000000000000000000 ) ) ;
#55 = ORIENTED_EDGE ( 'NONE', *, *, #668, .T. ) ;
#56 = ADVANCED_FACE ( 'NONE', ( #2934 ), #3911, .F. ) ;
#57 = DIRECTION ( 'NONE',  ( 1.000000000000000000, 0.0000000000000000000, 0.0000000000000000000 ) ) ;
#58 = CARTESIAN_POINT ( 'NONE',  ( 0.0000000000000000000, 0.0000000000000000000, 18.00000000000000355 ) ) ;
#59 = CIRCLE ( 'NONE', #4426, 3.499999999999996003 ) ;
#60 = VECTOR ( 'NONE', #491, 1000.000000000000000 ) ;
#61 = ORIENTED_EDGE ( 'NONE', *, *, #2437, .T. ) ;
#62 = ADVANCED_FACE ( 'NONE', ( #1217 ), #498, .F. ) ;
#63 = AXIS2_PLACEMENT_3D ( 'NONE', #2170, #124, #1153 ) ;
#64 = VECTOR ( 'NONE', #3460, 1000.000000000000000 ) ;
#65 = ORIENTED_EDGE ( 'NONE', *, *, #1455, .T. ) ;
#66 = EDGE_CURVE ( 'NONE', #1419, #2678, #2498, .T. ) ;
#67 = CARTESIAN_POINT ( 'NONE',  ( -13.50000000000000178, -3.000000000000001776, -15.00000000000000000 ) ) ;
#68 = ORIENTED_EDGE ( 'NONE', *, *, #3958, .F. ) ;
#69 = AXIS2_PLACEMENT_3D ( 'NONE', #2609, #2761, #17 ) ;
#70 = VECTOR ( 'NONE', #965, 1000.000000000000000 ) ;
#71 = CARTESIAN_POINT ( 'NONE',  ( -8.485281374238573093, 0.4999999999999978351, 18.00000000000000355 ) ) ;
#72 = DIRECTION ( 'NONE',  ( 1.000000000000000000, 0.0000000000000000000, 0.0000000000000000000 ) ) ;
#73 = ORIENTED_EDGE ( 'NONE', *, *, #2216, .F. ) ;
#74 = FACE_OUTER_BOUND ( 'NONE', #3038, .T. ) ;
#75 = VECTOR ( 'NONE', #303, 1000.000000000000000 ) ;
#76 = UNCERTAINTY_MEASURE_WITH_UNIT (LENGTH_MEASURE( 1.000000000000000082E-05 ), #3711, 'distance_accuracy_value', 'NONE');
#77 = CYLINDRICAL_SURFACE ( 'NONE', #2713, 3.250000000000000888 ) ;
#78 = VERTEX_POINT ( 'NONE', #831 ) ;
#79 = CARTESIAN_POINT ( 'NONE',  ( -8.485281374238573093, -3.361026734705063745E-15, 18.00000000000000355 ) ) ;
#80 = ADVANCED_FACE ( 'PLANAR_6', ( #3198, #2572 ), #2882, .F. ) ;
#81 = DIRECTION ( 'NONE',  ( -0.0000000000000000000, -0.0000000000000000000, -1.000000000000000000 ) ) ;
#82 = LINE ( 'NONE', #482, #3425 ) ;
#83 = EDGE_LOOP ( 'NONE', ( #628, #4071 ) ) ;
#84 = ORIENTED_EDGE ( 'NONE', *, *, #2840, .T. ) ;
#85 = PLANE ( 'NONE',  #2747 ) ;
#86 = EDGE_CURVE ( 'NONE', #2753, #3278, #1148, .T. ) ;
#87 = ORIENTED_EDGE ( 'NONE', *, *, #1861, .T. ) ;
#88 = PRESENTATION_LAYER_ASSIGNMENT (  '', '', ( #3451 ) ) ;
#89 = DIRECTION ( 'NONE',  ( -0.0000000000000000000, 0.0000000000000000000, 1.000000000000000000 ) ) ;
#90 =( LENGTH_UNIT ( ) NAMED_UNIT ( * ) SI_UNIT ( .MILLI., .METRE. ) );
#91 = DIRECTION ( 'NONE',  ( -0.0000000000000000000, -1.000000000000000000, -0.0000000000000000000 ) ) ;
#92 = ORIENTED_EDGE ( 'NONE', *, *, #1667, .F. ) ;
#93 = CARTESIAN_POINT ( 'NONE',  ( 13.50000000000000888, 4.898587196589412829E-16, 18.00000000000000355 ) ) ;
#94 = CARTESIAN_POINT ( 'NONE',  ( -17.50000000000000000, -8.000000000000007105, 2.143131898507868248E-15 ) ) ;
#95 = FACE_OUTER_BOUND ( 'NONE', #331, .T. ) ;
#96 = CYLINDRICAL_SURFACE ( 'NONE', #4119, 0.4999999999999987232 ) ;
#97 = DIRECTION ( 'NONE',  ( 0.0000000000000000000, -0.0000000000000000000, -1.000000000000000000 ) ) ;
#98 = FILL_AREA_STYLE_COLOUR ( '', #406 ) ;
#99 = DIRECTION ( 'NONE',  ( -1.000000000000000000, 0.0000000000000000000, 2.168404344971008868E-16 ) ) ;
#100 = ORIENTED_EDGE ( 'NONE', *, *, #2253, .T. ) ;
#101 = EDGE_LOOP ( 'NONE', ( #4189, #1490, #4094, #1904 ) ) ;
#102 = PRESENTATION_LAYER_ASSIGNMENT (  '', '', ( #2029 ) ) ;
#103 = VERTEX_POINT ( 'NONE', #3888 ) ;
#104 = COLOUR_RGB ( '',0.7490196078431372584, 0.7490196078431372584, 0.7490196078431372584 ) ;
#105 = DIRECTION ( 'NONE',  ( 0.0000000000000000000, -0.0000000000000000000, -1.000000000000000000 ) ) ;
#106 = ORIENTED_EDGE ( 'NONE', *, *, #3295, .T. ) ;
#107 = AXIS2_PLACEMENT_3D ( 'NONE', #3231, #3964, #864 ) ;
#108 = LINE ( 'NONE', #1467, #589 ) ;
#109 = DIRECTION ( 'NONE',  ( -0.0000000000000000000, -0.0000000000000000000, -1.000000000000000000 ) ) ;
#110 = SURFACE_SIDE_STYLE ('',( #2226 ) ) ;
#111 = LINE ( 'NONE', #2793, #2880 ) ;
#112 = VECTOR ( 'NONE', #81, 1000.000000000000000 ) ;
#113 = VERTEX_POINT ( 'NONE', #3956 ) ;
#114 = CARTESIAN_POINT ( 'NONE',  ( -27.00000000000000000, -8.000000000000001776, -18.00000000000000355 ) ) ;
#115 = PRODUCT_DEFINITION_CONTEXT ( 'detailed design', #2687, 'design' ) ;
#116 = DIRECTION ( 'NONE',  ( -0.0000000000000000000, 0.0000000000000000000, -1.000000000000000000 ) ) ;
#117 = LINE ( 'NONE', #878, #2287 ) ;
#118 = VECTOR ( 'NONE', #667, 1000.000000000000000 ) ;
#119 = EDGE_CURVE ( 'NONE', #2957, #1791, #3524, .T. ) ;
#120 = DIRECTION ( 'NONE',  ( 1.000000000000000000, -9.912705577010325549E-17, -0.0000000000000000000 ) ) ;
#121 = CIRCLE ( 'NONE', #3622, 4.000000000000000000 ) ;
#122 = DIRECTION ( 'NONE',  ( -0.0000000000000000000, 1.000000000000000000, -0.0000000000000000000 ) ) ;
#123 = DIRECTION ( 'NONE',  ( -1.000000000000000000, 0.0000000000000000000, 0.0000000000000000000 ) ) ;
#124 = DIRECTION ( 'NONE',  ( -0.0000000000000000000, 1.000000000000000000, -0.0000000000000000000 ) ) ;
#125 = EDGE_LOOP ( 'NONE', ( #1249, #1109 ) ) ;
#126 = ORIENTED_EDGE ( 'NONE', *, *, #370, .T. ) ;
#127 = PRODUCT_RELATED_PRODUCT_CATEGORY ( 'part', '', ( #702 ) ) ;
#128 = VECTOR ( 'NONE', #3558, 1000.000000000000000 ) ;
#129 = DIRECTION ( 'NONE',  ( -0.0000000000000000000, 0.0000000000000000000, 1.000000000000000000 ) ) ;
#130 = ORIENTED_EDGE ( 'NONE', *, *, #3194, .T. ) ;
#131 = EDGE_CURVE ( 'NONE', #2150, #2251, #4308, .T. ) ;
#132 = LINE ( 'NONE', #3538, #730 ) ;
#133 = VECTOR ( 'NONE', #2983, 1000.000000000000000 ) ;
#134 = CARTESIAN_POINT ( 'NONE',  ( -23.49999999999999645, -3.500000000000006661, 18.00000000000000355 ) ) ;
#135 = DIRECTION ( 'NONE',  ( -0.0000000000000000000, -0.0000000000000000000, -1.000000000000000000 ) ) ;
#136 = LINE ( 'NONE', #2857, #2604 ) ;
#137 = CONICAL_SURFACE ( 'NONE', #1212, 6.250000000000000000, 0.7853981633974480570 ) ;
#138 = EDGE_LOOP ( 'NONE', ( #2470, #2601, #3315, #2333 ) ) ;
#139 = PRESENTATION_STYLE_ASSIGNMENT (( #1894 ) ) ;
#140 = CARTESIAN_POINT ( 'NONE',  ( 0.0000000000000000000, 0.0000000000000000000, 9.000000000000001776 ) ) ;
#141 = DIRECTION ( 'NONE',  ( 1.000000000000000000, 0.0000000000000000000, 0.0000000000000000000 ) ) ;
#142 = DIRECTION ( 'NONE',  ( -0.7071067811865460184, 0.0000000000000000000, -0.7071067811865489050 ) ) ;
#143 = EDGE_CURVE ( 'NONE', #4246, #4272, #161, .T. ) ;
#144 = VECTOR ( 'NONE', #3731, 1000.000000000000000 ) ;
#145 = FACE_BOUND ( 'NONE', #2516, .T. ) ;
#146 = FILL_AREA_STYLE ('',( #98 ) ) ;
#147 = FACE_OUTER_BOUND ( 'NONE', #671, .T. ) ;
#148 = EDGE_LOOP ( 'NONE', ( #2825, #2336 ) ) ;
#149 = ORIENTED_EDGE ( 'NONE', *, *, #4404, .F. ) ;
#150 = EDGE_CURVE ( 'NONE', #1132, #517, #540, .T. ) ;
#151 = ORIENTED_EDGE ( 'NONE', *, *, #2448, .T. ) ;
#152 = EDGE_CURVE ( 'NONE', #4005, #2919, #3588, .T. ) ;
#153 = CARTESIAN_POINT ( 'NONE',  ( -8.485281374238573093, 0.4999999999999978351, 9.000000000000000000 ) ) ;
#154 = DIRECTION ( 'NONE',  ( -0.0000000000000000000, 1.000000000000000000, -0.0000000000000000000 ) ) ;
#155 = CARTESIAN_POINT ( 'NONE',  ( -9.000000000000001776, -8.421052631578948677, 8.998999999999997002 ) ) ;
#156 =( GEOMETRIC_REPRESENTATION_CONTEXT ( 3 ) GLOBAL_UNCERTAINTY_ASSIGNED_CONTEXT ( ( #4329 ) ) GLOBAL_UNIT_ASSIGNED_CONTEXT ( ( #2154, #1533, #2898 ) ) REPRESENTATION_CONTEXT ( 'NONE', 'WORKASPACE' ) );
#157 = EDGE_LOOP ( 'NONE', ( #4294, #2148, #4175, #3 ) ) ;
#158 =( NAMED_UNIT ( * ) PLANE_ANGLE_UNIT ( ) SI_UNIT ( $, .RADIAN. ) );
#159 = UNCERTAINTY_MEASURE_WITH_UNIT (LENGTH_MEASURE( 1.000000000000000082E-05 ), #734, 'distance_accuracy_value', 'NONE');
#160 = CARTESIAN_POINT ( 'NONE',  ( -21.50000000000000000, -3.000000000000001776, -14.99999999999999822 ) ) ;
#161 = LINE ( 'NONE', #477, #3365 ) ;
#162 = CARTESIAN_POINT ( 'NONE',  ( -21.50000000000000000, -3.000000000000001776, 7.000000000000000888 ) ) ;
#163 = PLANE ( 'NONE',  #4148 ) ;
#164 = FACE_OUTER_BOUND ( 'NONE', #3745, .T. ) ;
#165 = ORIENTED_EDGE ( 'NONE', *, *, #2850, .F. ) ;
#166 = CARTESIAN_POINT ( 'NONE',  ( -27.00000000000000000, -3.500000000000007105, 18.00000000000000355 ) ) ;
#167 = EDGE_LOOP ( 'NONE', ( #3961, #1817, #3386, #1325 ) ) ;
#168 = ORIENTED_EDGE ( 'NONE', *, *, #3435, .T. ) ;
#169 = CARTESIAN_POINT ( 'NONE',  ( 17.50000000000000000, 0.0000000000000000000, 18.00000000000000355 ) ) ;
#170 = ADVANCED_FACE ( 'PLANAR_2', ( #4262 ), #3864, .F. ) ;
#171 = DIRECTION ( 'NONE',  ( 1.000000000000000000, 0.0000000000000000000, 0.0000000000000000000 ) ) ;
#172 = ORIENTED_EDGE ( 'NONE', *, *, #3367, .F. ) ;
#173 = FACE_OUTER_BOUND ( 'NONE', #1514, .T. ) ;
#174 = FACE_OUTER_BOUND ( 'NONE', #1583, .T. ) ;
#175 = PLANE ( 'NONE',  #3128 ) ;
#176 = CARTESIAN_POINT ( 'NONE',  ( 9.513852824246059825, 0.4705882352941186397, 18.00000000000000355 ) ) ;
#177 = FILL_AREA_STYLE ('',( #3583 ) ) ;
#178 = AXIS2_PLACEMENT_3D ( 'NONE', #1230, #1552, #2202 ) ;
#179 = ORIENTED_EDGE ( 'NONE', *, *, #2112, .T. ) ;
#180 = CARTESIAN_POINT ( 'NONE',  ( 7.654042494670957606E-16, 1.734723475976807094E-15, -6.250000000000000000 ) ) ;
#181 = CARTESIAN_POINT ( 'NONE',  ( 9.014718625761439341, 2.602085213965210642E-15, 18.00000000000000355 ) ) ;
#182 = DIRECTION ( 'NONE',  ( 0.0000000000000000000, 0.0000000000000000000, -1.000000000000000000 ) ) ;
#183 = ORIENTED_EDGE ( 'NONE', *, *, #856, .F. ) ;
#184 = AXIS2_PLACEMENT_3D ( 'NONE', #3264, #3968, #892 ) ;
#185 = CARTESIAN_POINT ( 'NONE',  ( -8.485281374238573093, -1.734723475976807094E-15, 0.0000000000000000000 ) ) ;
#186 = AXIS2_PLACEMENT_3D ( 'NONE', #3353, #4428, #16 ) ;
#187 = CARTESIAN_POINT ( 'NONE',  ( 4.000000000000000000, 0.0000000000000000000, 18.00000000000000355 ) ) ;
#189 = EDGE_CURVE ( 'NONE', #2612, #2919, #2426, .T. ) ;
#188 = DIRECTION ( 'NONE',  ( -0.0000000000000000000, -0.0000000000000000000, -1.000000000000000000 ) ) ;
#190 = EDGE_LOOP ( 'NONE', ( #29, #106, #4392, #4229 ) ) ;
#191 = CARTESIAN_POINT ( 'NONE',  ( -8.485281374238573093, -1.734723475976807094E-15, -18.00000000000000355 ) ) ;
#192 = CIRCLE ( 'NONE', #3845, 0.5000000000000004441 ) ;
#193 = VERTEX_POINT ( 'NONE', #1541 ) ;
#194 = CARTESIAN_POINT ( 'NONE',  ( -8.485281374238573093, -3.361026734705063745E-15, 18.00000000000000355 ) ) ;
#195 = FACE_OUTER_BOUND ( 'NONE', #1735, .T. ) ;
#196 = ORIENTED_EDGE ( 'NONE', *, *, #2200, .T. ) ;
#197 = ADVANCED_FACE ( 'NONE', ( #2546 ), #3244, .T. ) ;
#198 = AXIS2_PLACEMENT_3D ( 'NONE', #2647, #1041, #4383 ) ;
#199 = CARTESIAN_POINT ( 'NONE',  ( -8.485281374238573093, 0.4999999999999978351, -9.000000000000001776 ) ) ;
#200 = DIRECTION ( 'NONE',  ( 1.000000000000000000, 0.0000000000000000000, 0.0000000000000000000 ) ) ;
#201 = CARTESIAN_POINT ( 'NONE',  ( -7.986147175753949945, 0.4705882352941191393, -9.000000000000001776 ) ) ;
#202 = DIRECTION ( 'NONE',  ( 1.000000000000000000, 0.0000000000000000000, 0.0000000000000000000 ) ) ;
#203 = AXIS2_PLACEMENT_3D ( 'NONE', #3190, #109, #778 ) ;
#205 = ORIENTED_EDGE ( 'NONE', *, *, #2664, .T. ) ;
#204 = VECTOR ( 'NONE', #2263, 1000.000000000000000 ) ;
#206 = CARTESIAN_POINT ( 'NONE',  ( 17.50000000000000711, 0.0000000000000000000, -18.00000000000000355 ) ) ;
#207 = CARTESIAN_POINT ( 'NONE',  ( 21.50000000000000711, 0.0000000000000000000, 0.001000000000000510246 ) ) ;
#208 = AXIS2_PLACEMENT_3D ( 'NONE', #4136, #2460, #2480 ) ;
#209 = CARTESIAN_POINT ( 'NONE',  ( -17.50000000000000000, -2.999999999999999112, 2.143131898507868248E-15 ) ) ;
#210 = VERTEX_POINT ( 'NONE', #3726 ) ;
#211 = CARTESIAN_POINT ( 'NONE',  ( -8.485281374238573093, -1.734723475976807094E-15, 18.00000000000000355 ) ) ;
#212 = CARTESIAN_POINT ( 'NONE',  ( -21.50000000000000000, -3.000000000000001776, 15.00000000000000178 ) ) ;
#213 = FACE_OUTER_BOUND ( 'NONE', #1324, .T. ) ;
#214 = ORIENTED_EDGE ( 'NONE', *, *, #1403, .F. ) ;
#215 =( NAMED_UNIT ( * ) SI_UNIT ( $, .STERADIAN. ) SOLID_ANGLE_UNIT ( ) );
#216 = STYLED_ITEM ( 'NONE', ( #2950 ), #1023 ) ;
#217 = VERTEX_POINT ( 'NONE', #2662 ) ;
#218 = EDGE_CURVE ( 'NONE', #3789, #1342, #2870, .T. ) ;
#219 = DIRECTION ( 'NONE',  ( -0.0000000000000000000, -0.0000000000000000000, 1.000000000000000000 ) ) ;
#220 = EDGE_LOOP ( 'NONE', ( #1154, #3429, #3875, #2075, #997, #3732 ) ) ;
#221 = MECHANICAL_DESIGN_GEOMETRIC_PRESENTATION_REPRESENTATION (  '', ( #934 ), #4018 ) ;
#222 = AXIS2_PLACEMENT_3D ( 'NONE', #1313, #3681, #284 ) ;
#223 = DIRECTION ( 'NONE',  ( -0.0000000000000000000, -0.0000000000000000000, -1.000000000000000000 ) ) ;
#224 = VECTOR ( 'NONE', #2163, 1000.000000000000000 ) ;
#225 = DIRECTION ( 'NONE',  ( 0.0000000000000000000, 0.0000000000000000000, 1.000000000000000000 ) ) ;
#226 = ORIENTED_EDGE ( 'NONE', *, *, #668, .F. ) ;
#227 = DIRECTION ( 'NONE',  ( 1.000000000000000000, 0.0000000000000000000, -2.168404344971008868E-16 ) ) ;
#228 = EDGE_CURVE ( 'NONE', #312, #1605, #588, .T. ) ;
#229 = CARTESIAN_POINT ( 'NONE',  ( 9.014718625761439341, 2.602085213965210642E-15, -9.001000000000001222 ) ) ;
#230 = SURFACE_STYLE_FILL_AREA ( #177 ) ;
#231 = EDGE_LOOP ( 'NONE', ( #1093, #462 ) ) ;
#232 = VERTEX_POINT ( 'NONE', #1992 ) ;
#233 = SURFACE_SIDE_STYLE ('',( #2544 ) ) ;
#234 = PLANE ( 'NONE',  #2119 ) ;
#235 =( LENGTH_UNIT ( ) NAMED_UNIT ( * ) SI_UNIT ( .MILLI., .METRE. ) );
#236 = CARTESIAN_POINT ( 'NONE',  ( 21.50000000000000355, 0.0000000000000000000, -18.00000000000000355 ) ) ;
#237 = EDGE_CURVE ( 'NONE', #3423, #1932, #2256, .T. ) ;
#238 = DIRECTION ( 'NONE',  ( 0.0000000000000000000, -0.0000000000000000000, 1.000000000000000000 ) ) ;
#239 = CARTESIAN_POINT ( 'NONE',  ( -13.50000000000000178, -3.000000000000001776, -15.00000000000000000 ) ) ;
#240 = ORIENTED_EDGE ( 'NONE', *, *, #2984, .F. ) ;
#241 = DIRECTION ( 'NONE',  ( 0.0000000000000000000, 0.0000000000000000000, 1.000000000000000000 ) ) ;
#242 = ORIENTED_EDGE ( 'NONE', *, *, #4170, .F. ) ;
#243 = DIRECTION ( 'NONE',  ( -0.0000000000000000000, -0.0000000000000000000, 1.000000000000000000 ) ) ;
#244 = ORIENTED_EDGE ( 'NONE', *, *, #3127, .F. ) ;
#245 = EDGE_CURVE ( 'NONE', #721, #3837, #1222, .T. ) ;
#246 = PLANE ( 'NONE',  #2896 ) ;
#247 = VECTOR ( 'NONE', #3068, 1000.000000000000000 ) ;
#248 = ORIENTED_EDGE ( 'NONE', *, *, #579, .T. ) ;
#249 = VERTEX_POINT ( 'NONE', #4330 ) ;
#250 =( GEOMETRIC_REPRESENTATION_CONTEXT ( 3 ) GLOBAL_UNCERTAINTY_ASSIGNED_CONTEXT ( ( #784 ) ) GLOBAL_UNIT_ASSIGNED_CONTEXT ( ( #746, #3199, #419 ) ) REPRESENTATION_CONTEXT ( 'NONE', 'WORKASPACE' ) );
#251 =( LENGTH_UNIT ( ) NAMED_UNIT ( * ) SI_UNIT ( .MILLI., .METRE. ) );
#252 = CARTESIAN_POINT ( 'NONE',  ( 17.50000000000000711, 0.0000000000000000000, 18.00000000000000355 ) ) ;
#253 = DIRECTION ( 'NONE',  ( 0.0000000000000000000, 0.0000000000000000000, 1.000000000000000000 ) ) ;
#254 = VECTOR ( 'NONE', #3576, 1000.000000000000000 ) ;
#255 = EDGE_CURVE ( 'NONE', #2411, #1446, #1287, .T. ) ;
#256 = CARTESIAN_POINT ( 'NONE',  ( 9.797174393178831574E-16, -8.000000000000003553, 18.00000000000000355 ) ) ;
#257 = UNCERTAINTY_MEASURE_WITH_UNIT (LENGTH_MEASURE( 1.000000000000000082E-05 ), #2505, 'distance_accuracy_value', 'NONE');
#258 = DIRECTION ( 'NONE',  ( 1.224585427126033517E-16, 2.999369247224782659E-32, 1.000000000000000000 ) ) ;
#259 = ORIENTED_EDGE ( 'NONE', *, *, #720, .F. ) ;
#260 =( NAMED_UNIT ( * ) SI_UNIT ( $, .STERADIAN. ) SOLID_ANGLE_UNIT ( ) );
#261 = CARTESIAN_POINT ( 'NONE',  ( -23.49999999999999645, -3.469446951953614189E-15, 18.00000000000000355 ) ) ;
#262 = ORIENTED_EDGE ( 'NONE', *, *, #2458, .T. ) ;
#263 = CARTESIAN_POINT ( 'NONE',  ( -8.485281374238573093, -3.361026734705063745E-15, 18.00000000000000355 ) ) ;
#264 = CIRCLE ( 'NONE', #3920, 3.250000000000001332 ) ;
#265 = CARTESIAN_POINT ( 'NONE',  ( -27.00000000000000000, -3.500000000000007105, -18.00000000000000355 ) ) ;
#266 = PRODUCT_DEFINITION ( 'UNKNOWN', '', #351, #743 ) ;
#267 = EDGE_CURVE ( 'NONE', #1446, #3954, #1264, .T. ) ;
#268 = ORIENTED_EDGE ( 'NONE', *, *, #1461, .T. ) ;
#269 = MANIFOLD_SOLID_BREP ( 'Rotation1', #2133 ) ;
#270 = EDGE_CURVE ( 'NONE', #2400, #1231, #3131, .T. ) ;
#271 = CARTESIAN_POINT ( 'NONE',  ( -8.485281374238573093, -1.734723475976807094E-15, -9.000000000000001776 ) ) ;
#272 = ORIENTED_EDGE ( 'NONE', *, *, #753, .F. ) ;
#273 = ADVANCED_FACE ( 'NONE', ( #1309 ), #2792, .F. ) ;
#274 = ORIENTED_EDGE ( 'NONE', *, *, #2722, .T. ) ;
#275 = PRESENTATION_STYLE_ASSIGNMENT (( #1327 ) ) ;
#276 = DIRECTION ( 'NONE',  ( -1.000000000000000000, 0.0000000000000000000, 0.0000000000000000000 ) ) ;
#277 = VECTOR ( 'NONE', #3569, 1000.000000000000000 ) ;
#278 = DIRECTION ( 'NONE',  ( 0.0000000000000000000, 0.0000000000000000000, 1.000000000000000000 ) ) ;
#279 = VERTEX_POINT ( 'NONE', #4132 ) ;
#280 = AXIS2_PLACEMENT_3D ( 'NONE', #1435, #4176, #1789 ) ;
#281 = EDGE_CURVE ( 'NONE', #3554, #1810, #356, .T. ) ;
#282 = VECTOR ( 'NONE', #2401, 999.9999999999998863 ) ;
#283 = DIRECTION ( 'NONE',  ( -1.000000000000000000, 0.0000000000000000000, 0.0000000000000000000 ) ) ;
#284 = DIRECTION ( 'NONE',  ( 0.0000000000000000000, -0.0000000000000000000, 1.000000000000000000 ) ) ;
#285 = ORIENTED_EDGE ( 'NONE', *, *, #218, .F. ) ;
#286 = SURFACE_SIDE_STYLE ('',( #3441 ) ) ;
#287 = ADVANCED_FACE ( 'NONE', ( #2035 ), #1427, .F. ) ;
#288 = EDGE_LOOP ( 'NONE', ( #1939, #2286, #2659, #3923, #354 ) ) ;
#289 = VECTOR ( 'NONE', #3568, 1000.000000000000000 ) ;
#290 = SHAPE_REPRESENTATION ( 'WB159_Scharnier^WB159.1_17,5_o', ( #2404 ), #2820 ) ;
#291 = PRESENTATION_LAYER_ASSIGNMENT (  '', '', ( #1770 ) ) ;
#292 = CARTESIAN_POINT ( 'NONE',  ( -17.50000000000000000, 1.734723475976807094E-15, -6.249999999999998224 ) ) ;
#293 = DIRECTION ( 'NONE',  ( -0.0000000000000000000, -0.0000000000000000000, -1.000000000000000000 ) ) ;
#294 = ORIENTED_EDGE ( 'NONE', *, *, #3295, .F. ) ;
#295 = PRESENTATION_LAYER_ASSIGNMENT (  '', '', ( #1776 ) ) ;
#296 = ADVANCED_FACE ( 'NONE', ( #3771 ), #1696, .F. ) ;
#297 = CARTESIAN_POINT ( 'NONE',  ( -21.50000000000000000, -3.000000000000001776, -6.999999999999997335 ) ) ;
#298 = ORIENTED_EDGE ( 'NONE', *, *, #2325, .T. ) ;
#299 = ORIENTED_EDGE ( 'NONE', *, *, #2112, .F. ) ;
#300 = ADVANCED_FACE ( 'CYL_5', ( #4152 ), #2435, .F. ) ;
#301 = CARTESIAN_POINT ( 'NONE',  ( 9.000000000000007105, 2.597578934483564804E-15, 9.001000000000002998 ) ) ;
#302 = CARTESIAN_POINT ( 'NONE',  ( -8.500000000000000000, -8.000000000000001776, 0.0000000000000000000 ) ) ;
#303 = DIRECTION ( 'NONE',  ( -0.0000000000000000000, -0.0000000000000000000, 1.000000000000000000 ) ) ;
#304 = CARTESIAN_POINT ( 'NONE',  ( 17.50000000000000711, 0.0000000000000000000, 18.00000000000000355 ) ) ;
#305 = EDGE_LOOP ( 'NONE', ( #1666, #554, #4126, #2025, #3851 ) ) ;
#306 = CARTESIAN_POINT ( 'NONE',  ( -17.50000000000000000, -1.071565949253933966E-14, -9.001000000000001222 ) ) ;
#307 = CARTESIAN_POINT ( 'NONE',  ( -8.500000000000000000, -3.469446951953614189E-15, -18.00000000000000355 ) ) ;
#308 = ORIENTED_EDGE ( 'NONE', *, *, #1304, .T. ) ;
#309 = APPLICATION_PROTOCOL_DEFINITION ( 'draft international standard', 'automotive_design', 1998, #2134 ) ;
#310 = CARTESIAN_POINT ( 'NONE',  ( 4.000000000000000000, 0.0000000000000000000, -9.000000000000001776 ) ) ;
#311 = CIRCLE ( 'NONE', #2582, 3.250000000000001332 ) ;
#312 = VERTEX_POINT ( 'NONE', #3433 ) ;
#313 = PRODUCT_DEFINITION_SHAPE ( 'NONE', 'NONE',  #266 ) ;
#314 = CARTESIAN_POINT ( 'NONE',  ( -8.500000000000000000, -1.736423990403941348E-15, 18.00000000000000355 ) ) ;
#315 = DIRECTION ( 'NONE',  ( -0.0000000000000000000, 1.000000000000000000, -0.0000000000000000000 ) ) ;
#316 = FACE_OUTER_BOUND ( 'NONE', #4166, .T. ) ;
#317 = ORIENTED_EDGE ( 'NONE', *, *, #3486, .T. ) ;
#318 = ADVANCED_FACE ( 'PLANAR_3', ( #3108, #700 ), #1370, .F. ) ;
#319 = ADVANCED_FACE ( 'PLANAR_7', ( #2707 ), #433, .F. ) ;
#320 = DIRECTION ( 'NONE',  ( -0.0000000000000000000, -0.0000000000000000000, -1.000000000000000000 ) ) ;
#321 = ORIENTED_EDGE ( 'NONE', *, *, #1853, .T. ) ;
#322 = ORIENTED_EDGE ( 'NONE', *, *, #3216, .F. ) ;
#323 = CARTESIAN_POINT ( 'NONE',  ( 4.000000000000000000, 0.0000000000000000000, 18.00000000000000355 ) ) ;
#324 = LINE ( 'NONE', #1756, #2268 ) ;
#325 = CARTESIAN_POINT ( 'NONE',  ( -23.74157699012337375, -0.008347015682732649225, -0.2985813191651295884 ) ) ;
#326 =( GEOMETRIC_REPRESENTATION_CONTEXT ( 3 ) GLOBAL_UNCERTAINTY_ASSIGNED_CONTEXT ( ( #2975 ) ) GLOBAL_UNIT_ASSIGNED_CONTEXT ( ( #2079, #3476, #3172 ) ) REPRESENTATION_CONTEXT ( 'NONE', 'WORKASPACE' ) );
#327 = CARTESIAN_POINT ( 'NONE',  ( -8.500000000000000000, -8.421052631578946901, 0.0000000000000000000 ) ) ;
#328 = EDGE_CURVE ( 'NONE', #1600, #4246, #411, .T. ) ;
#329 = DIRECTION ( 'NONE',  ( 1.000000000000000000, 0.0000000000000000000, -2.168404344971009361E-16 ) ) ;
#330 = DIRECTION ( 'NONE',  ( 3.854941057726238097E-16, -0.0000000000000000000, 1.000000000000000000 ) ) ;
#331 = EDGE_LOOP ( 'NONE', ( #3370, #4370, #3876, #1382 ) ) ;
#332 = SHAPE_REPRESENTATION_RELATIONSHIP ( 'NONE' , 'NONE' ,  #341, #4399 ) ;
#333 = LINE ( 'NONE', #954, #2959 ) ;
#334 = EDGE_CURVE ( 'NONE', #587, #4105, #2054, .T. ) ;
#335 = MECHANICAL_DESIGN_GEOMETRIC_PRESENTATION_REPRESENTATION (  '', ( #1746 ), #1459 ) ;
#336 = DIRECTION ( 'NONE',  ( -1.000000000000000000, 0.0000000000000000000, 0.0000000000000000000 ) ) ;
#337 = VECTOR ( 'NONE', #2587, 1000.000000000000000 ) ;
#338 = DIRECTION ( 'NONE',  ( -3.854941057726238097E-16, 0.0000000000000000000, -1.000000000000000000 ) ) ;
#339 = VERTEX_POINT ( 'NONE', #3088 ) ;
#340 =( GEOMETRIC_REPRESENTATION_CONTEXT ( 3 ) GLOBAL_UNCERTAINTY_ASSIGNED_CONTEXT ( ( #3479 ) ) GLOBAL_UNIT_ASSIGNED_CONTEXT ( ( #3484, #2843, #2510 ) ) REPRESENTATION_CONTEXT ( 'NONE', 'WORKASPACE' ) );
#341 = SHAPE_REPRESENTATION ( 'WB159.1_Scharniermitte^WB159.1_17,5', ( #2404 ), #3551 ) ;
#342 = CARTESIAN_POINT ( 'NONE',  ( 17.50000000000000711, -7.999999999999991118, 18.00000000000000355 ) ) ;
#343 = EDGE_CURVE ( 'NONE', #1283, #2822, #3351, .T. ) ;
#344 = CIRCLE ( 'NONE', #623, 6.250000000000000000 ) ;
#345 = ORIENTED_EDGE ( 'NONE', *, *, #3636, .T. ) ;
#346 = ORIENTED_EDGE ( 'NONE', *, *, #3535, .F. ) ;
#347 = DIRECTION ( 'NONE',  ( 1.000000000000000000, 0.0000000000000000000, 0.0000000000000000000 ) ) ;
#348 = SURFACE_STYLE_USAGE ( .BOTH. , #3409 ) ;
#349 = CARTESIAN_POINT ( 'NONE',  ( -27.00000000000000000, -8.000000000000001776, 18.00000000000000355 ) ) ;
#350 = VERTEX_POINT ( 'NONE', #1535 ) ;
#351 = PRODUCT_DEFINITION_FORMATION_WITH_SPECIFIED_SOURCE ( 'ANY', '', #702, .NOT_KNOWN. ) ;
#352 = CARTESIAN_POINT ( 'NONE',  ( 9.797174393178831574E-16, -8.000000000000003553, 9.001000000000002998 ) ) ;
#353 = CARTESIAN_POINT ( 'NONE',  ( -13.50000000000000355, -3.000000000000001776, 7.000000000000000888 ) ) ;
#354 = ORIENTED_EDGE ( 'NONE', *, *, #1086, .F. ) ;
#355 = SHAPE_DEFINITION_REPRESENTATION ( #1977, #290 ) ;
#356 = CIRCLE ( 'NONE', #1983, 4.000000000000000000 ) ;
#357 = LINE ( 'NONE', #686, #1956 ) ;
#358 = CIRCLE ( 'NONE', #1483, 4.000000000000000000 ) ;
#359 = VECTOR ( 'NONE', #1905, 1000.000000000000000 ) ;
#360 = EDGE_CURVE ( 'NONE', #587, #3789, #3883, .T. ) ;
#361 =( NAMED_UNIT ( * ) PLANE_ANGLE_UNIT ( ) SI_UNIT ( $, .RADIAN. ) );
#362 = DIRECTION ( 'NONE',  ( -0.0000000000000000000, 0.0000000000000000000, 1.000000000000000000 ) ) ;
#363 = CIRCLE ( 'NONE', #1418, 4.000000000000000000 ) ;
#364 = EDGE_LOOP ( 'NONE', ( #1929, #476, #1571, #2794 ) ) ;
#365 = CARTESIAN_POINT ( 'NONE',  ( 13.49999999999999822, 4.898587196589416773E-16, -18.00000000000000355 ) ) ;
#366 = VERTEX_POINT ( 'NONE', #3952 ) ;
#367 = PRESENTATION_LAYER_ASSIGNMENT (  '', '', ( #3439 ) ) ;
#368 = CIRCLE ( 'NONE', #3289, 4.000000000000003553 ) ;
#369 = ORIENTED_EDGE ( 'NONE', *, *, #2028, .F. ) ;
#370 = EDGE_CURVE ( 'NONE', #1164, #4303, #1764, .T. ) ;
#371 = CYLINDRICAL_SURFACE ( 'NONE', #1091, 0.5000000000000004441 ) ;
#372 = CARTESIAN_POINT ( 'NONE',  ( -21.50000000000000000, -3.000000000000001776, -6.999999999999997335 ) ) ;
#373 = DIRECTION ( 'NONE',  ( -1.000000000000000000, 0.0000000000000000000, 3.854941057726238097E-16 ) ) ;
#374 = DIRECTION ( 'NONE',  ( -0.0000000000000000000, -0.0000000000000000000, -1.000000000000000000 ) ) ;
#375 = VERTEX_POINT ( 'NONE', #4275 ) ;
#376 = CARTESIAN_POINT ( 'NONE',  ( -17.50000000000000000, 1.734723475976807094E-15, 6.250000000000001776 ) ) ;
#377 = DIRECTION ( 'NONE',  ( -0.0000000000000000000, -0.0000000000000000000, -1.000000000000000000 ) ) ;
#378 = ORIENTED_EDGE ( 'NONE', *, *, #526, .F. ) ;
#379 = CARTESIAN_POINT ( 'NONE',  ( 0.0000000000000000000, 0.0000000000000000000, 0.0000000000000000000 ) ) ;
#380 = ADVANCED_FACE ( 'PLANAR_2', ( #2477, #2856 ), #3518, .F. ) ;
#381 = CYLINDRICAL_SURFACE ( 'NONE', #2389, 0.4999999999999987232 ) ;
#382 = DIRECTION ( 'NONE',  ( 0.0000000000000000000, -0.0000000000000000000, -1.000000000000000000 ) ) ;
#383 = LINE ( 'NONE', #3808, #3716 ) ;
#384 = ORIENTED_EDGE ( 'NONE', *, *, #2273, .T. ) ;
#385 = ORIENTED_EDGE ( 'NONE', *, *, #2699, .F. ) ;
#386 = ADVANCED_FACE ( 'NONE', ( #3539 ), #512, .T. ) ;
#387 = ADVANCED_FACE ( 'PLANAR_3', ( #1867, #3170 ), #175, .T. ) ;
#388 = CARTESIAN_POINT ( 'NONE',  ( 17.50000000000000711, -7.999999999999992895, 9.001000000000002998 ) ) ;
#389 = CARTESIAN_POINT ( 'NONE',  ( -13.50000000000000355, -3.000000000000001776, 7.000000000000000888 ) ) ;
#390 = ORIENTED_EDGE ( 'NONE', *, *, #3387, .F. ) ;
#391 = ORIENTED_EDGE ( 'NONE', *, *, #692, .T. ) ;
#392 = SURFACE_SIDE_STYLE ('',( #2082 ) ) ;
#393 = DIRECTION ( 'NONE',  ( -0.0000000000000000000, 1.000000000000000000, -0.0000000000000000000 ) ) ;
#394 = ORIENTED_EDGE ( 'NONE', *, *, #3677, .F. ) ;
#395 = SURFACE_STYLE_FILL_AREA ( #4139 ) ;
#396 = EDGE_CURVE ( 'NONE', #4012, #4406, #1279, .T. ) ;
#397 = VECTOR ( 'NONE', #3526, 1000.000000000000000 ) ;
#398 = CARTESIAN_POINT ( 'NONE',  ( -21.50000000000000000, -8.000000000000001776, 7.000000000000000888 ) ) ;
#399 = FACE_BOUND ( 'NONE', #125, .T. ) ;
#400 = AXIS2_PLACEMENT_3D ( 'NONE', #2151, #466, #1862 ) ;
#401 = EDGE_LOOP ( 'NONE', ( #2730, #1333, #4249, #149 ) ) ;
#402 = AXIS2_PLACEMENT_3D ( 'NONE', #1229, #3949, #2581 ) ;
#403 = EDGE_CURVE ( 'NONE', #1898, #1579, #2156, .T. ) ;
#404 = CARTESIAN_POINT ( 'NONE',  ( -3.999999999999994671, -8.000000000000003553, -14.99999999999999645 ) ) ;
#405 = ORIENTED_EDGE ( 'NONE', *, *, #1558, .T. ) ;
#406 = COLOUR_RGB ( '',0.7490196078431372584, 0.7490196078431372584, 0.7490196078431372584 ) ;
#407 = EDGE_CURVE ( 'NONE', #2150, #1465, #471, .T. ) ;
#408 = CARTESIAN_POINT ( 'NONE',  ( -25.49999999999999645, -1.071565949253933966E-14, 18.00000000000000355 ) ) ;
#409 = EDGE_CURVE ( 'NONE', #674, #1791, #1491, .T. ) ;
#410 = CARTESIAN_POINT ( 'NONE',  ( -17.50000000000000000, -8.000000000000007105, 3.250000000000001776 ) ) ;
#411 = LINE ( 'NONE', #1719, #3561 ) ;
#412 = COLOUR_RGB ( '',0.7490196078431372584, 0.7490196078431372584, 0.7490196078431372584 ) ;
#413 = FILL_AREA_STYLE_COLOUR ( '', #4250 ) ;
#414 = ADVANCED_FACE ( 'CYL_5', ( #4253 ), #847, .F. ) ;
#415 = EDGE_LOOP ( 'NONE', ( #3645, #1016, #3768, #2668 ) ) ;
#416 =( LENGTH_UNIT ( ) NAMED_UNIT ( * ) SI_UNIT ( .MILLI., .METRE. ) );
#417 = EDGE_CURVE ( 'NONE', #1474, #2204, #2194, .T. ) ;
#418 = FACE_OUTER_BOUND ( 'NONE', #731, .T. ) ;
#419 =( NAMED_UNIT ( * ) SI_UNIT ( $, .STERADIAN. ) SOLID_ANGLE_UNIT ( ) );
#420 = AXIS2_PLACEMENT_3D ( 'NONE', #565, #4000, #3268 ) ;
#421 = EDGE_CURVE ( 'NONE', #1554, #3083, #2428, .T. ) ;
#422 = FACE_BOUND ( 'NONE', #837, .T. ) ;
#423 = VECTOR ( 'NONE', #3792, 1000.000000000000000 ) ;
#424 = COLOUR_RGB ( '',0.7490196078431372584, 0.7490196078431372584, 0.7490196078431372584 ) ;
#425 = ORIENTED_EDGE ( 'NONE', *, *, #794, .F. ) ;
#426 = CIRCLE ( 'NONE', #3352, 4.000000000000000000 ) ;
#427 = VECTOR ( 'NONE', #1120, 1000.000000000000000 ) ;
#428 = ORIENTED_EDGE ( 'NONE', *, *, #3375, .F. ) ;
#429 = DIRECTION ( 'NONE',  ( -1.000000000000000000, 0.0000000000000000000, 0.0000000000000000000 ) ) ;
#430 = EDGE_LOOP ( 'NONE', ( #593, #852, #2050, #1792, #3984, #2322, #931, #1, #3459, #262, #2369, #84, #2650, #384, #4178, #663 ) ) ;
#431 = DIRECTION ( 'NONE',  ( -0.0000000000000000000, -0.0000000000000000000, 1.000000000000000000 ) ) ;
#432 = FILL_AREA_STYLE_COLOUR ( '', #708 ) ;
#433 = PLANE ( 'NONE',  #4003 ) ;
#434 = EDGE_CURVE ( 'NONE', #2204, #3312, #2926, .T. ) ;
#435 = VERTEX_POINT ( 'NONE', #3322 ) ;
#436 = DIRECTION ( 'NONE',  ( 0.0000000000000000000, 0.0000000000000000000, 1.000000000000000000 ) ) ;
#437 = AXIS2_PLACEMENT_3D ( 'NONE', #988, #657, #276 ) ;
#438 = SURFACE_SIDE_STYLE ('',( #854 ) ) ;
#439 = ORIENTED_EDGE ( 'NONE', *, *, #2169, .T. ) ;
#440 = FILL_AREA_STYLE_COLOUR ( '', #1452 ) ;
#441 = DIRECTION ( 'NONE',  ( -0.0000000000000000000, 0.0000000000000000000, 1.000000000000000000 ) ) ;
#442 = CARTESIAN_POINT ( 'NONE',  ( -13.50000000000000355, -3.000000000000001776, 7.000000000000000888 ) ) ;
#443 = ORIENTED_EDGE ( 'NONE', *, *, #328, .F. ) ;
#444 = ORIENTED_EDGE ( 'NONE', *, *, #2458, .F. ) ;
#445 = FACE_BOUND ( 'NONE', #157, .T. ) ;
#446 = ORIENTED_EDGE ( 'NONE', *, *, #2153, .T. ) ;
#447 = ADVANCED_FACE ( 'CONE_0', ( #4007 ), #3648, .F. ) ;
#448 = FACE_OUTER_BOUND ( 'NONE', #814, .T. ) ;
#449 = DIRECTION ( 'NONE',  ( 0.0000000000000000000, 0.0000000000000000000, -1.000000000000000000 ) ) ;
#450 = DIRECTION ( 'NONE',  ( 3.061616997868382648E-16, -1.000000000000000000, 0.0000000000000000000 ) ) ;
#451 = DIRECTION ( 'NONE',  ( 0.0000000000000000000, 0.0000000000000000000, 1.000000000000000000 ) ) ;
#452 = VERTEX_POINT ( 'NONE', #4070 ) ;
#453 = LINE ( 'NONE', #1411, #427 ) ;
#454 = LINE ( 'NONE', #2162, #575 ) ;
#455 = SURFACE_STYLE_USAGE ( .BOTH. , #2141 ) ;
#456 = CYLINDRICAL_SURFACE ( 'NONE', #1987, 7.999999999999992895 ) ;
#457 = CARTESIAN_POINT ( 'NONE',  ( 21.00000000000000355, 0.0000000000000000000, -18.00000000000000355 ) ) ;
#458 = DIRECTION ( 'NONE',  ( -0.0000000000000000000, 1.000000000000000000, -0.0000000000000000000 ) ) ;
#459 = VECTOR ( 'NONE', #947, 1000.000000000000000 ) ;
#460 = ORIENTED_EDGE ( 'NONE', *, *, #2241, .F. ) ;
#461 = ADVANCED_FACE ( 'CYL_6', ( #615 ), #1592, .F. ) ;
#462 = ORIENTED_EDGE ( 'NONE', *, *, #2279, .F. ) ;
#463 = VECTOR ( 'NONE', #3078, 1000.000000000000000 ) ;
#464 = EDGE_LOOP ( 'NONE', ( #3695, #2656, #4082, #385 ) ) ;
#465 = VECTOR ( 'NONE', #4146, 1000.000000000000000 ) ;
#466 = DIRECTION ( 'NONE',  ( -0.0000000000000000000, -0.0000000000000000000, 1.000000000000000000 ) ) ;
#467 = EDGE_LOOP ( 'NONE', ( #3696, #2008, #1402, #4387 ) ) ;
#468 = VECTOR ( 'NONE', #823, 1000.000000000000000 ) ;
#469 = DIRECTION ( 'NONE',  ( 0.0000000000000000000, -0.0000000000000000000, 1.000000000000000000 ) ) ;
#470 = SURFACE_SIDE_STYLE ('',( #1778 ) ) ;
#471 = LINE ( 'NONE', #2809, #1125 ) ;
#472 = ADVANCED_FACE ( 'NONE', ( #927 ), #3635, .F. ) ;
#473 = LINE ( 'NONE', #3906, #3688 ) ;
#474 = CARTESIAN_POINT ( 'NONE',  ( -23.49999999999999645, -3.469446951953614189E-15, 18.00000000000000355 ) ) ;
#475 =( GEOMETRIC_REPRESENTATION_CONTEXT ( 3 ) GLOBAL_UNCERTAINTY_ASSIGNED_CONTEXT ( ( #4191 ) ) GLOBAL_UNIT_ASSIGNED_CONTEXT ( ( #2551, #2982, #260 ) ) REPRESENTATION_CONTEXT ( 'NONE', 'WORKASPACE' ) );
#476 = ORIENTED_EDGE ( 'NONE', *, *, #2248, .F. ) ;
#477 = CARTESIAN_POINT ( 'NONE',  ( -3.999999999999994671, -3.000000000000003553, -14.99999999999999645 ) ) ;
#478 = MECHANICAL_DESIGN_GEOMETRIC_PRESENTATION_REPRESENTATION (  '', ( #3772 ), #1267 ) ;
#479 = CARTESIAN_POINT ( 'NONE',  ( -4.000000000000000000, 0.0000000000000000000, 17.49999999999999645 ) ) ;
#480 = ADVANCED_FACE ( 'NONE', ( #592 ), #3304, .F. ) ;
#481 = LINE ( 'NONE', #1500, #3348 ) ;
#482 = CARTESIAN_POINT ( 'NONE',  ( -21.50000000000000000, -8.000000000000001776, -14.99999999999999822 ) ) ;
#483 = ORIENTED_EDGE ( 'NONE', *, *, #2965, .T. ) ;
#484 = ORIENTED_EDGE ( 'NONE', *, *, #3401, .F. ) ;
#485 = EDGE_CURVE ( 'NONE', #2264, #2871, #2360, .T. ) ;
#486 = AXIS2_PLACEMENT_3D ( 'NONE', #4089, #2373, #3749 ) ;
#487 = CARTESIAN_POINT ( 'NONE',  ( -26.00000000000000000, -8.421052631578954006, -0.001000000000002734812 ) ) ;
#488 = ORIENTED_EDGE ( 'NONE', *, *, #1799, .T. ) ;
#489 = AXIS2_PLACEMENT_3D ( 'NONE', #3838, #1801, #1101 ) ;
#490 = DIRECTION ( 'NONE',  ( 0.0000000000000000000, -0.0000000000000000000, -1.000000000000000000 ) ) ;
#491 = DIRECTION ( 'NONE',  ( -0.0000000000000000000, -1.000000000000000000, -0.0000000000000000000 ) ) ;
#492 = DIRECTION ( 'NONE',  ( -1.000000000000000000, 0.0000000000000000000, 0.0000000000000000000 ) ) ;
#493 = VECTOR ( 'NONE', #315, 1000.000000000000000 ) ;
#494 = VECTOR ( 'NONE', #2187, 1000.000000000000000 ) ;
#495 = ORIENTED_EDGE ( 'NONE', *, *, #1503, .T. ) ;
#496 = FACE_OUTER_BOUND ( 'NONE', #138, .T. ) ;
#497 = LINE ( 'NONE', #2813, #3944 ) ;
#498 = PLANE ( 'NONE',  #3798 ) ;
#499 = LINE ( 'NONE', #1168, #4254 ) ;
#500 =( GEOMETRIC_REPRESENTATION_CONTEXT ( 3 ) GLOBAL_UNCERTAINTY_ASSIGNED_CONTEXT ( ( #1059 ) ) GLOBAL_UNIT_ASSIGNED_CONTEXT ( ( #235, #2951, #945 ) ) REPRESENTATION_CONTEXT ( 'NONE', 'WORKASPACE' ) );
#501 = VECTOR ( 'NONE', #4190, 1000.000000000000000 ) ;
#502 = AXIS2_PLACEMENT_3D ( 'NONE', #3703, #4356, #2667 ) ;
#503 = EDGE_CURVE ( 'NONE', #3239, #210, #1143, .T. ) ;
#504 = FACE_OUTER_BOUND ( 'NONE', #2171, .T. ) ;
#505 = DIRECTION ( 'NONE',  ( -1.000000000000000000, 0.0000000000000000000, 0.0000000000000000000 ) ) ;
#506 = CYLINDRICAL_SURFACE ( 'NONE', #2059, 7.999999999999992895 ) ;
#507 = ORIENTED_EDGE ( 'NONE', *, *, #1455, .F. ) ;
#508 = VERTEX_POINT ( 'NONE', #1657 ) ;
#509 = DIRECTION ( 'NONE',  ( 1.000000000000000000, 0.0000000000000000000, -1.224585427126033517E-16 ) ) ;
#510 = ORIENTED_EDGE ( 'NONE', *, *, #1930, .F. ) ;
#511 = CARTESIAN_POINT ( 'NONE',  ( -8.499999999999996447, -8.000000000000001776, 9.000000000000000000 ) ) ;
#512 = CYLINDRICAL_SURFACE ( 'NONE', #2265, 4.000000000000000000 ) ;
#513 = FACE_OUTER_BOUND ( 'NONE', #3218, .T. ) ;
#514 = DIRECTION ( 'NONE',  ( 0.0000000000000000000, 0.0000000000000000000, 1.000000000000000000 ) ) ;
#515 = AXIS2_PLACEMENT_3D ( 'NONE', #986, #1941, #4374 ) ;
#516 = ADVANCED_FACE ( 'CYL_3', ( #1928 ), #1246, .T. ) ;
#517 = VERTEX_POINT ( 'NONE', #307 ) ;
#518 = FACE_OUTER_BOUND ( 'NONE', #3017, .T. ) ;
#519 = CARTESIAN_POINT ( 'NONE',  ( -17.50000000000000000, 0.0000000000000000000, -3.249999999999998224 ) ) ;
#520 = CARTESIAN_POINT ( 'NONE',  ( -23.58325350210530047, -3.333286405682485409E-15, -1.464559421353252677 ) ) ;
#521 = LINE ( 'NONE', #3321, #1289 ) ;
#522 = FACE_OUTER_BOUND ( 'NONE', #3742, .T. ) ;
#523 = ORIENTED_EDGE ( 'NONE', *, *, #604, .T. ) ;
#524 = EDGE_LOOP ( 'NONE', ( #895, #3685, #3627, #585 ) ) ;
#525 = FACE_OUTER_BOUND ( 'NONE', #2514, .T. ) ;
#526 = EDGE_CURVE ( 'NONE', #2746, #249, #4401, .T. ) ;
#527 = ORIENTED_EDGE ( 'NONE', *, *, #1959, .T. ) ;
#528 = CARTESIAN_POINT ( 'NONE',  ( 3.980102097228898725E-16, 0.0000000000000000000, -3.250000000000000888 ) ) ;
#529 = VECTOR ( 'NONE', #832, 1000.000000000000000 ) ;
#530 = ORIENTED_EDGE ( 'NONE', *, *, #4317, .F. ) ;
#531 = FILL_AREA_STYLE_COLOUR ( '', #3379 ) ;
#532 = PRESENTATION_STYLE_ASSIGNMENT (( #1797 ) ) ;
#533 = LINE ( 'NONE', #263, #541 ) ;
#534 = SURFACE_STYLE_USAGE ( .BOTH. , #1915 ) ;
#535 = STYLED_ITEM ( 'NONE', ( #2561 ), #3744 ) ;
#536 = ORIENTED_EDGE ( 'NONE', *, *, #255, .F. ) ;
#537 = ADVANCED_FACE ( 'CYL_6', ( #2332 ), #951, .F. ) ;
#538 = FACE_OUTER_BOUND ( 'NONE', #1302, .T. ) ;
#539 = DIRECTION ( 'NONE',  ( -1.000000000000000000, 0.0000000000000000000, 0.0000000000000000000 ) ) ;
#540 = LINE ( 'NONE', #1824, #650 ) ;
#541 = VECTOR ( 'NONE', #1550, 1000.000000000000000 ) ;
#542 = DIRECTION ( 'NONE',  ( 0.0000000000000000000, -0.0000000000000000000, -1.000000000000000000 ) ) ;
#543 = VECTOR ( 'NONE', #2407, 1000.000000000000114 ) ;
#544 = FACE_BOUND ( 'NONE', #1594, .T. ) ;
#545 = CARTESIAN_POINT ( 'NONE',  ( -21.50000000000000000, -3.000000000000001776, 15.00000000000000178 ) ) ;
#546 = VERTEX_POINT ( 'NONE', #1637 ) ;
#547 = ORIENTED_EDGE ( 'NONE', *, *, #2669, .F. ) ;
#548 = FACE_OUTER_BOUND ( 'NONE', #23, .T. ) ;
#549 = COLOUR_RGB ( '',0.7490196078431372584, 0.7490196078431372584, 0.7490196078431372584 ) ;
#550 = ORIENTED_EDGE ( 'NONE', *, *, #2410, .T. ) ;
#551 = ADVANCED_FACE ( 'NONE', ( #213 ), #1269, .F. ) ;
#552 = DIRECTION ( 'NONE',  ( -1.927256389264311319E-16, -5.900520920622059904E-32, -1.000000000000000000 ) ) ;
#553 = DIRECTION ( 'NONE',  ( -0.0000000000000000000, 1.000000000000000000, -0.0000000000000000000 ) ) ;
#554 = ORIENTED_EDGE ( 'NONE', *, *, #2781, .T. ) ;
#555 = LINE ( 'NONE', #3967, #1310 ) ;
#556 =( GEOMETRIC_REPRESENTATION_CONTEXT ( 3 ) GLOBAL_UNCERTAINTY_ASSIGNED_CONTEXT ( ( #2083 ) ) GLOBAL_UNIT_ASSIGNED_CONTEXT ( ( #90, #1469, #4209 ) ) REPRESENTATION_CONTEXT ( 'NONE', 'WORKASPACE' ) );
#557 = CARTESIAN_POINT ( 'NONE',  ( 4.000000000000003553, -8.000000000000003553, 7.000000000000002665 ) ) ;
#558 = DIRECTION ( 'NONE',  ( 1.000000000000000000, 0.0000000000000000000, 0.0000000000000000000 ) ) ;
#559 = VECTOR ( 'NONE', #1866, 1000.000000000000114 ) ;
#560 = ORIENTED_EDGE ( 'NONE', *, *, #4333, .T. ) ;
#562 = ORIENTED_EDGE ( 'NONE', *, *, #3503, .F. ) ;
#561 = AXIS2_PLACEMENT_3D ( 'NONE', #2408, #3783, #3444 ) ;
#563 = EDGE_CURVE ( 'NONE', #4246, #3946, #2620, .T. ) ;
#564 =( NAMED_UNIT ( * ) SI_UNIT ( $, .STERADIAN. ) SOLID_ANGLE_UNIT ( ) );
#565 = CARTESIAN_POINT ( 'NONE',  ( 17.50000000000000000, 0.0000000000000000000, -8.998999999999997002 ) ) ;
#566 = CARTESIAN_POINT ( 'NONE',  ( -23.64271092700266408, -0.002685788031827251923, -1.175826844822418504 ) ) ;
#567 = ORIENTED_EDGE ( 'NONE', *, *, #1071, .T. ) ;
#568 = CARTESIAN_POINT ( 'NONE',  ( -23.49999999999999645, -3.469446951953614189E-15, -1.749999999999997113 ) ) ;
#569 = AXIS2_PLACEMENT_3D ( 'NONE', #256, #881, #2575 ) ;
#570 = ORIENTED_EDGE ( 'NONE', *, *, #1403, .T. ) ;
#571 = CARTESIAN_POINT ( 'NONE',  ( -27.00000000000000000, -3.500000000000007105, 18.00000000000000355 ) ) ;
#572 = UNCERTAINTY_MEASURE_WITH_UNIT (LENGTH_MEASURE( 1.000000000000000082E-05 ), #251, 'distance_accuracy_value', 'NONE');
#573 = DIRECTION ( 'NONE',  ( 0.0000000000000000000, 0.0000000000000000000, -1.000000000000000000 ) ) ;
#574 = VERTEX_POINT ( 'NONE', #2309 ) ;
#575 = VECTOR ( 'NONE', #3176, 1000.000000000000000 ) ;
#576 = DIRECTION ( 'NONE',  ( 3.854941057726238097E-16, 0.0000000000000000000, 1.000000000000000000 ) ) ;
#577 = VERTEX_POINT ( 'NONE', #1293 ) ;
#578 = VECTOR ( 'NONE', #3137, 1000.000000000000000 ) ;
#579 = EDGE_CURVE ( 'NONE', #1317, #3554, #3981, .T. ) ;
#580 = CARTESIAN_POINT ( 'NONE',  ( -3.999999999999994671, -3.000000000000003553, 15.00000000000000355 ) ) ;
#581 = AXIS2_PLACEMENT_3D ( 'NONE', #4216, #1167, #3177 ) ;
#582 = DIRECTION ( 'NONE',  ( 1.000000000000000000, 0.0000000000000000000, 0.0000000000000000000 ) ) ;
#583 = ORIENTED_EDGE ( 'NONE', *, *, #3844, .F. ) ;
#584 = FACE_OUTER_BOUND ( 'NONE', #190, .T. ) ;
#585 = ORIENTED_EDGE ( 'NONE', *, *, #2528, .T. ) ;
#586 = ADVANCED_FACE ( 'NONE', ( #1973 ), #3344, .F. ) ;
#587 = VERTEX_POINT ( 'NONE', #3369 ) ;
#588 = LINE ( 'NONE', #3675, #2004 ) ;
#589 = VECTOR ( 'NONE', #1137, 1000.000000000000000 ) ;
#590 = DIRECTION ( 'NONE',  ( -1.000000000000000000, 0.0000000000000000000, 0.0000000000000000000 ) ) ;
#591 = DIRECTION ( 'NONE',  ( -0.0000000000000000000, -0.0000000000000000000, -1.000000000000000000 ) ) ;
#592 = FACE_OUTER_BOUND ( 'NONE', #2380, .T. ) ;
#593 = ORIENTED_EDGE ( 'NONE', *, *, #3780, .F. ) ;
#594 = PRESENTATION_STYLE_ASSIGNMENT (( #3593 ) ) ;
#595 = ORIENTED_EDGE ( 'NONE', *, *, #3856, .T. ) ;
#596 = CARTESIAN_POINT ( 'NONE',  ( -17.50000000000000000, -2.999999999999999112, 3.250000000000003109 ) ) ;
#597 = VERTEX_POINT ( 'NONE', #1902 ) ;
#598 = ADVANCED_FACE ( 'PLANAR_8', ( #3276, #418 ), #2755, .F. ) ;
#599 = DIRECTION ( 'NONE',  ( -2.449293598294706414E-16, 1.000000000000000000, 0.0000000000000000000 ) ) ;
#600 = ADVANCED_FACE ( 'CYL_5', ( #3800 ), #77, .F. ) ;
#601 = CARTESIAN_POINT ( 'NONE',  ( -17.50000000000000000, -1.071565949253933966E-14, -18.00000000000000355 ) ) ;
#602 = ORIENTED_EDGE ( 'NONE', *, *, #621, .T. ) ;
#603 = FACE_OUTER_BOUND ( 'NONE', #2869, .T. ) ;
#604 = EDGE_CURVE ( 'NONE', #2419, #1795, #4174, .T. ) ;
#605 = VECTOR ( 'NONE', #1329, 1000.000000000000000 ) ;
#606 = VERTEX_POINT ( 'NONE', #4157 ) ;
#607 = EDGE_LOOP ( 'NONE', ( #3064, #3998, #2178, #3255 ) ) ;
#608 =( GEOMETRIC_REPRESENTATION_CONTEXT ( 3 ) GLOBAL_UNCERTAINTY_ASSIGNED_CONTEXT ( ( #3976 ) ) GLOBAL_UNIT_ASSIGNED_CONTEXT ( ( #2121, #808, #765 ) ) REPRESENTATION_CONTEXT ( 'NONE', 'WORKASPACE' ) );
#609 = ADVANCED_FACE ( 'CYL_1', ( #3092 ), #2732, .F. ) ;
#610 = CARTESIAN_POINT ( 'NONE',  ( -7.986147175753948169, 0.4705882352941190283, 18.00000000000000355 ) ) ;
#611 = CARTESIAN_POINT ( 'NONE',  ( -13.50000000000000355, -3.000000000000001776, 7.000000000000000888 ) ) ;
#612 = LINE ( 'NONE', #2328, #1739 ) ;
#613 = AXIS2_PLACEMENT_3D ( 'NONE', #2873, #2177, #3259 ) ;
#614 = PLANE ( 'NONE',  #4285 ) ;
#615 = FACE_OUTER_BOUND ( 'NONE', #1176, .T. ) ;
#616 = ORIENTED_EDGE ( 'NONE', *, *, #403, .F. ) ;
#617 = VECTOR ( 'NONE', #624, 1000.000000000000000 ) ;
#618 = CARTESIAN_POINT ( 'NONE',  ( 0.0000000000000000000, 0.0000000000000000000, 17.49999999999999645 ) ) ;
#619 = VECTOR ( 'NONE', #3054, 999.9999999999998863 ) ;
#620 = ORIENTED_EDGE ( 'NONE', *, *, #2840, .F. ) ;
#621 = EDGE_CURVE ( 'NONE', #44, #1962, #1103, .T. ) ;
#622 = CARTESIAN_POINT ( 'NONE',  ( 14.00000000000001066, 4.286263797015733637E-16, -18.00000000000000355 ) ) ;
#623 = AXIS2_PLACEMENT_3D ( 'NONE', #3996, #1187, #3541 ) ;
#624 = DIRECTION ( 'NONE',  ( 0.0000000000000000000, -1.000000000000000000, 0.0000000000000000000 ) ) ;
#625 = EDGE_CURVE ( 'NONE', #3083, #1554, #368, .T. ) ;
#626 = ORIENTED_EDGE ( 'NONE', *, *, #1425, .T. ) ;
#627 = LINE ( 'NONE', #1986, #3761 ) ;
#628 = ORIENTED_EDGE ( 'NONE', *, *, #2384, .F. ) ;
#629 = ORIENTED_EDGE ( 'NONE', *, *, #4097, .T. ) ;
#630 = FILL_AREA_STYLE_COLOUR ( '', #3074 ) ;
#631 = CARTESIAN_POINT ( 'NONE',  ( 9.797174393178831574E-16, -8.000000000000003553, 8.998999999999997002 ) ) ;
#632 = PRESENTATION_LAYER_ASSIGNMENT (  '', '', ( #1981 ) ) ;
#633 = LINE ( 'NONE', #3773, #2953 ) ;
#634 = STYLED_ITEM ( 'NONE', ( #1098 ), #296 ) ;
#635 = CIRCLE ( 'NONE', #1766, 4.000000000000000000 ) ;
#636 = VECTOR ( 'NONE', #2812, 1000.000000000000000 ) ;
#637 = LINE ( 'NONE', #1038, #1208 ) ;
#638 = CARTESIAN_POINT ( 'NONE',  ( -3.999999999999994671, -3.000000000000003553, -14.99999999999999645 ) ) ;
#639 = VERTEX_POINT ( 'NONE', #3480 ) ;
#640 = DIRECTION ( 'NONE',  ( -1.000000000000000000, 0.0000000000000000000, -0.0000000000000000000 ) ) ;
#641 = ORIENTED_EDGE ( 'NONE', *, *, #1853, .F. ) ;
#642 = CIRCLE ( 'NONE', #850, 3.250000000000001332 ) ;
#643 = EDGE_CURVE ( 'NONE', #1129, #4304, #3461, .T. ) ;
#644 = AXIS2_PLACEMENT_3D ( 'NONE', #3605, #1920, #539 ) ;
#645 = DIRECTION ( 'NONE',  ( 1.000000000000000000, 0.0000000000000000000, 0.0000000000000000000 ) ) ;
#646 = CARTESIAN_POINT ( 'NONE',  ( 7.654042494670957606E-16, 1.734723475976807094E-15, -6.250000000000000000 ) ) ;
#647 = VECTOR ( 'NONE', #1724, 1000.000000000000000 ) ;
#648 = CYLINDRICAL_SURFACE ( 'NONE', #3836, 4.000000000000000000 ) ;
#649 = VERTEX_POINT ( 'NONE', #1374 ) ;
#650 = VECTOR ( 'NONE', #1851, 1000.000000000000000 ) ;
#651 = ORIENTED_EDGE ( 'NONE', *, *, #3030, .T. ) ;
#652 = CYLINDRICAL_SURFACE ( 'NONE', #829, 4.000000000000000000 ) ;
#653 = VERTEX_POINT ( 'NONE', #1394 ) ;
#654 = ORIENTED_EDGE ( 'NONE', *, *, #4034, .T. ) ;
#655 = CARTESIAN_POINT ( 'NONE',  ( -17.50000000000000000, -8.000000000000007105, -3.249999999999997335 ) ) ;
#656 = DIRECTION ( 'NONE',  ( -1.000000000000000000, 0.0000000000000000000, 1.224492004374497928E-16 ) ) ;
#657 = DIRECTION ( 'NONE',  ( -0.0000000000000000000, 0.0000000000000000000, 1.000000000000000000 ) ) ;
#658 = DIRECTION ( 'NONE',  ( 1.927256389264311319E-16, 1.337302761073237973E-31, 1.000000000000000000 ) ) ;
#659 = ORIENTED_EDGE ( 'NONE', *, *, #2709, .F. ) ;
#660 = EDGE_CURVE ( 'NONE', #4412, #2665, #3867, .T. ) ;
#661 = CARTESIAN_POINT ( 'NONE',  ( -3.999999999999994671, -8.000000000000003553, 7.000000000000001776 ) ) ;
#662 = CARTESIAN_POINT ( 'NONE',  ( 0.0000000000000000000, 0.0000000000000000000, 0.0000000000000000000 ) ) ;
#663 = ORIENTED_EDGE ( 'NONE', *, *, #732, .T. ) ;
#664 =( NAMED_UNIT ( * ) SI_UNIT ( $, .STERADIAN. ) SOLID_ANGLE_UNIT ( ) );
#665 = CARTESIAN_POINT ( 'NONE',  ( -21.50000000000000000, -1.022580077288039749E-14, 8.998999999999997002 ) ) ;
#666 = PRODUCT ( 'WB159_Scharnier^WB159.1_17,5_o', 'WB159_Scharnier^WB159.1_17,5_o', '', ( #2714 ) ) ;
#667 = DIRECTION ( 'NONE',  ( 0.0000000000000000000, 0.0000000000000000000, -1.000000000000000000 ) ) ;
#668 = EDGE_CURVE ( 'NONE', #4048, #4053, #1354, .T. ) ;
#669 = CARTESIAN_POINT ( 'NONE',  ( -3.999999999999994671, -8.000000000000003553, 15.00000000000000355 ) ) ;
#670 = DIRECTION ( 'NONE',  ( 0.0000000000000000000, 0.0000000000000000000, 1.000000000000000000 ) ) ;
#671 = EDGE_LOOP ( 'NONE', ( #862, #2031, #4017, #3886 ) ) ;
#672 = DIRECTION ( 'NONE',  ( 0.0000000000000000000, 0.0000000000000000000, 1.000000000000000000 ) ) ;
#673 = ORIENTED_EDGE ( 'NONE', *, *, #1903, .T. ) ;
#674 = VERTEX_POINT ( 'NONE', #353 ) ;
#675 = FILL_AREA_STYLE_COLOUR ( '', #714 ) ;
#676 = DIRECTION ( 'NONE',  ( 1.000000000000000000, -0.0000000000000000000, 0.0000000000000000000 ) ) ;
#677 = CARTESIAN_POINT ( 'NONE',  ( 9.014718625761439341, 0.5000000000000024425, 9.001000000000002998 ) ) ;
#678 = VECTOR ( 'NONE', #374, 1000.000000000000000 ) ;
#679 = LINE ( 'NONE', #349, #247 ) ;
#680 = EDGE_CURVE ( 'NONE', #3766, #1409, #3416, .T. ) ;
#681 = VECTOR ( 'NONE', #120, 1000.000000000000000 ) ;
#682 = ORIENTED_EDGE ( 'NONE', *, *, #3100, .F. ) ;
#683 = PLANE ( 'NONE',  #1555 ) ;
#684 = DIRECTION ( 'NONE',  ( 0.0000000000000000000, -0.0000000000000000000, -1.000000000000000000 ) ) ;
#685 =( LENGTH_UNIT ( ) NAMED_UNIT ( * ) SI_UNIT ( .MILLI., .METRE. ) );
#686 = CARTESIAN_POINT ( 'NONE',  ( -9.000000000000001776, -8.633759933988838989E-15, 18.00000000000000355 ) ) ;
#687 = DIRECTION ( 'NONE',  ( -1.000000000000000000, 0.0000000000000000000, 0.0000000000000000000 ) ) ;
#688 = DIRECTION ( 'NONE',  ( -1.000000000000000000, 0.0000000000000000000, 1.224585427126033517E-16 ) ) ;
#689 = CIRCLE ( 'NONE', #1968, 4.000000000000000000 ) ;
#690 = DIRECTION ( 'NONE',  ( -0.0000000000000000000, -0.0000000000000000000, -1.000000000000000000 ) ) ;
#691 = ORIENTED_EDGE ( 'NONE', *, *, #2645, .F. ) ;
#692 = EDGE_CURVE ( 'NONE', #2939, #232, #2, .T. ) ;
#693 = PRESENTATION_LAYER_ASSIGNMENT (  '', '', ( #3772 ) ) ;
#694 = CARTESIAN_POINT ( 'NONE',  ( 9.513852824246059825, 0.4705882352941186397, 18.00000000000000355 ) ) ;
#695 = ORIENTED_EDGE ( 'NONE', *, *, #3780, .T. ) ;
#696 = EDGE_CURVE ( 'NONE', #4303, #1554, #2711, .T. ) ;
#697 = ORIENTED_EDGE ( 'NONE', *, *, #2965, .F. ) ;
#698 = PLANE ( 'NONE',  #2795 ) ;
#699 = CARTESIAN_POINT ( 'NONE',  ( -21.50000000000000000, -3.000000000000001776, 7.000000000000000888 ) ) ;
#700 = FACE_OUTER_BOUND ( 'NONE', #305, .T. ) ;
#701 = FACE_OUTER_BOUND ( 'NONE', #2804, .T. ) ;
#702 = PRODUCT ( 'WB159.1_Scharniermitte^WB159.1_17,5', 'WB159.1_Scharniermitte^WB159.1_17,5', '', ( #3733 ) ) ;
#703 = VERTEX_POINT ( 'NONE', #3389 ) ;
#704 = DIRECTION ( 'NONE',  ( -1.000000000000000000, 0.0000000000000000000, 0.0000000000000000000 ) ) ;
#705 = LINE ( 'NONE', #1725, #1077 ) ;
#706 = ITEM_DEFINED_TRANSFORMATION ( 'NONE', 'NONE', #1692,  #2404 ) ;
#707 = FILL_AREA_STYLE ('',( #1044 ) ) ;
#708 = COLOUR_RGB ( '',0.7490196078431372584, 0.7490196078431372584, 0.7490196078431372584 ) ;
#709 = CARTESIAN_POINT ( 'NONE',  ( 4.000000000000000000, 0.0000000000000000000, -9.000000000000001776 ) ) ;
#710 = VECTOR ( 'NONE', #3959, 1000.000000000000000 ) ;
#711 = EDGE_CURVE ( 'NONE', #2774, #3462, #1494, .T. ) ;
#712 = ORIENTED_EDGE ( 'NONE', *, *, #1618, .T. ) ;
#713 = VERTEX_POINT ( 'NONE', #12 ) ;
#714 = COLOUR_RGB ( '',0.7490196078431372584, 0.7490196078431372584, 0.7490196078431372584 ) ;
#715 = VECTOR ( 'NONE', #2019, 1000.000000000000114 ) ;
#716 = CARTESIAN_POINT ( 'NONE',  ( -13.50000000000000178, -3.000000000000001776, 15.00000000000000000 ) ) ;
#717 = CARTESIAN_POINT ( 'NONE',  ( -27.00000000000000000, -8.000000000000001776, -9.000000000000001776 ) ) ;
#718 = DIRECTION ( 'NONE',  ( 0.0000000000000000000, 0.0000000000000000000, -1.000000000000000000 ) ) ;
#719 = CARTESIAN_POINT ( 'NONE',  ( -13.50000000000000178, -3.000000000000001776, -6.999999999999997335 ) ) ;
#720 = EDGE_CURVE ( 'NONE', #1050, #1155, #3776, .T. ) ;
#721 = VERTEX_POINT ( 'NONE', #2099 ) ;
#722 = ORIENTED_EDGE ( 'NONE', *, *, #4054, .T. ) ;
#723 = EDGE_LOOP ( 'NONE', ( #3818, #268, #3081, #4336, #3333, #4022 ) ) ;
#724 = CARTESIAN_POINT ( 'NONE',  ( -8.500000000000000000, -8.421052631578946901, -9.000000000000001776 ) ) ;
#725 = LINE ( 'NONE', #1166, #1642 ) ;
#726 = B_SPLINE_CURVE_WITH_KNOTS ( 'NONE', 3,
 ( #857, #3589, #2617, #2215, #4310, #1899, #1243, #3608, #520, #568 ),
 .UNSPECIFIED., .F., .F.,
 ( 4, 2, 2, 2, 4 ),
 ( 8.671984820062676768E-05, 0.0009708150258541871531, 0.001854910203507747525, 0.002739005381161307897, 0.003623100558814868269 ),
 .UNSPECIFIED. ) ;
#727 = DIRECTION ( 'NONE',  ( 1.000000000000000000, 0.0000000000000000000, 0.0000000000000000000 ) ) ;
#728 = CYLINDRICAL_SURFACE ( 'NONE', #1188, 3.250000000000000444 ) ;
#729 = FACE_OUTER_BOUND ( 'NONE', #3971, .T. ) ;
#730 = VECTOR ( 'NONE', #469, 1000.000000000000000 ) ;
#731 = EDGE_LOOP ( 'NONE', ( #2632, #2971, #3270, #2973, #3113 ) ) ;
#732 = EDGE_CURVE ( 'NONE', #1409, #3900, #1762, .T. ) ;
#733 = EDGE_CURVE ( 'NONE', #3861, #4235, #705, .T. ) ;
#734 =( LENGTH_UNIT ( ) NAMED_UNIT ( * ) SI_UNIT ( .MILLI., .METRE. ) );
#735 = VERTEX_POINT ( 'NONE', #2421 ) ;
#736 = DIRECTION ( 'NONE',  ( 1.000000000000000000, 0.0000000000000000000, -1.223962608782467195E-16 ) ) ;
#737 = CARTESIAN_POINT ( 'NONE',  ( -17.50000000000000000, -1.071565949253933966E-14, -0.001000000000001000089 ) ) ;
#738 =( LENGTH_UNIT ( ) NAMED_UNIT ( * ) SI_UNIT ( .MILLI., .METRE. ) );
#739 = CARTESIAN_POINT ( 'NONE',  ( -4.000000000000000000, 4.898587196589412829E-16, -17.50000000000000000 ) ) ;
#740 = EDGE_CURVE ( 'NONE', #1108, #3188, #725, .T. ) ;
#741 = ORIENTED_EDGE ( 'NONE', *, *, #856, .T. ) ;
#742 = PRESENTATION_STYLE_ASSIGNMENT (( #53 ) ) ;
#743 = PRODUCT_DEFINITION_CONTEXT ( 'detailed design', #3817, 'design' ) ;
#744 = DIRECTION ( 'NONE',  ( 1.000000000000000000, 0.0000000000000000000, 0.0000000000000000000 ) ) ;
#745 = LINE ( 'NONE', #1785, #3574 ) ;
#746 =( LENGTH_UNIT ( ) NAMED_UNIT ( * ) SI_UNIT ( .MILLI., .METRE. ) );
#747 = AXIS2_PLACEMENT_3D ( 'NONE', #3957, #1266, #3566 ) ;
#748 = CARTESIAN_POINT ( 'NONE',  ( 17.50000000000000000, 0.0000000000000000000, 18.00000000000000355 ) ) ;
#749 = CARTESIAN_POINT ( 'NONE',  ( 17.50000000000000000, 0.0000000000000000000, -18.00000000000000355 ) ) ;
#750 = ORIENTED_EDGE ( 'NONE', *, *, #2709, .T. ) ;
#751 = ORIENTED_EDGE ( 'NONE', *, *, #1865, .T. ) ;
#752 = CIRCLE ( 'NONE', #107, 6.250000000000000000 ) ;
#753 = EDGE_CURVE ( 'NONE', #3946, #2052, #805, .T. ) ;
#754 = CARTESIAN_POINT ( 'NONE',  ( 9.797174393178831574E-16, -8.000000000000003553, -8.998999999999997002 ) ) ;
#755 = ORIENTED_EDGE ( 'NONE', *, *, #4333, .F. ) ;
#756 = CARTESIAN_POINT ( 'NONE',  ( -23.49999999999999645, -3.500000000000006661, 18.00000000000000355 ) ) ;
#757 = PRESENTATION_STYLE_ASSIGNMENT (( #348 ) ) ;
#758 =( NAMED_UNIT ( * ) SI_UNIT ( $, .STERADIAN. ) SOLID_ANGLE_UNIT ( ) );
#759 = VECTOR ( 'NONE', #3670, 1000.000000000000000 ) ;
#760 = CARTESIAN_POINT ( 'NONE',  ( -21.50000000000000000, -8.000000000000001776, -14.99999999999999822 ) ) ;
#761 = ORIENTED_EDGE ( 'NONE', *, *, #1073, .F. ) ;
#762 = PLANE ( 'NONE',  #1065 ) ;
#763 = DIRECTION ( 'NONE',  ( -1.000000000000000000, -6.938893903907225419E-16, 0.0000000000000000000 ) ) ;
#764 = VERTEX_POINT ( 'NONE', #1872 ) ;
#765 =( NAMED_UNIT ( * ) SI_UNIT ( $, .STERADIAN. ) SOLID_ANGLE_UNIT ( ) );
#766 = DIRECTION ( 'NONE',  ( 1.000000000000000000, 0.0000000000000000000, 0.0000000000000000000 ) ) ;
#767 = CARTESIAN_POINT ( 'NONE',  ( -21.50000000000000000, -8.000000000000001776, 15.00000000000000178 ) ) ;
#768 = CIRCLE ( 'NONE', #203, 0.4999999999999987232 ) ;
#769 = EDGE_CURVE ( 'NONE', #764, #2621, #2482, .T. ) ;
#770 = ORIENTED_EDGE ( 'NONE', *, *, #485, .F. ) ;
#771 = VECTOR ( 'NONE', #2126, 1000.000000000000000 ) ;
#772 = AXIS2_PLACEMENT_3D ( 'NONE', #3005, #4379, #2061 ) ;
#773 = VERTEX_POINT ( 'NONE', #3243 ) ;
#774 = VECTOR ( 'NONE', #1888, 1000.000000000000000 ) ;
#775 = ORIENTED_EDGE ( 'NONE', *, *, #1644, .F. ) ;
#776 = CIRCLE ( 'NONE', #2128, 4.000000000000000000 ) ;
#777 = LINE ( 'NONE', #3769, #1235 ) ;
#778 = DIRECTION ( 'NONE',  ( -1.000000000000000000, 0.0000000000000000000, 0.0000000000000000000 ) ) ;
#779 = LINE ( 'NONE', #1720, #4325 ) ;
#780 = EDGE_LOOP ( 'NONE', ( #1974, #73, #2297, #2966, #2403 ) ) ;
#781 = COLOUR_RGB ( '',0.7490196078431372584, 0.7490196078431372584, 0.7490196078431372584 ) ;
#782 = EDGE_LOOP ( 'NONE', ( #3553, #2879, #1218, #2038 ) ) ;
#783 = DIRECTION ( 'NONE',  ( -0.0000000000000000000, 0.0000000000000000000, 1.000000000000000000 ) ) ;
#784 = UNCERTAINTY_MEASURE_WITH_UNIT (LENGTH_MEASURE( 1.000000000000000082E-05 ), #746, 'distance_accuracy_value', 'NONE');
#785 = LINE ( 'NONE', #1449, #494 ) ;
#786 = DIRECTION ( 'NONE',  ( -0.0000000000000000000, 1.000000000000000000, -0.0000000000000000000 ) ) ;
#787 = EDGE_CURVE ( 'NONE', #2409, #375, #1121, .T. ) ;
#788 = PRESENTATION_STYLE_ASSIGNMENT (( #3159 ) ) ;
#789 = CARTESIAN_POINT ( 'NONE',  ( -17.50000000000000000, -1.071565949253933966E-14, -18.00000000000000355 ) ) ;
#790 = DIRECTION ( 'NONE',  ( 0.0000000000000000000, 0.0000000000000000000, 1.000000000000000000 ) ) ;
#791 = CARTESIAN_POINT ( 'NONE',  ( -13.50000000000000178, -3.000000000000001776, 15.00000000000000000 ) ) ;
#792 = ORIENTED_EDGE ( 'NONE', *, *, #840, .T. ) ;
#793 = ORIENTED_EDGE ( 'NONE', *, *, #143, .F. ) ;
#794 = EDGE_CURVE ( 'NONE', #217, #942, #3839, .T. ) ;
#795 = ORIENTED_EDGE ( 'NONE', *, *, #868, .F. ) ;
#796 = ORIENTED_EDGE ( 'NONE', *, *, #3669, .F. ) ;
#797 = PLANE ( 'NONE',  #4258 ) ;
#798 = ORIENTED_EDGE ( 'NONE', *, *, #2558, .F. ) ;
#799 = LINE ( 'NONE', #869, #774 ) ;
#800 = DIRECTION ( 'NONE',  ( -2.449293598294706414E-16, 1.000000000000000000, -0.0000000000000000000 ) ) ;
#801 = DIRECTION ( 'NONE',  ( 1.000000000000000000, 0.0000000000000000000, 0.0000000000000000000 ) ) ;
#802 = EDGE_CURVE ( 'NONE', #1432, #3413, #3219, .T. ) ;
#803 = ORIENTED_EDGE ( 'NONE', *, *, #189, .F. ) ;
#804 = CARTESIAN_POINT ( 'NONE',  ( -3.999999999999994671, -8.000000000000003553, 15.00000000000000355 ) ) ;
#805 = LINE ( 'NONE', #3501, #3143 ) ;
#806 = CARTESIAN_POINT ( 'NONE',  ( -21.50000000000000000, -8.000000000000001776, 7.000000000000000888 ) ) ;
#807 = ITEM_DEFINED_TRANSFORMATION ( 'NONE', 'NONE', #198,  #2404 ) ;
#808 =( NAMED_UNIT ( * ) PLANE_ANGLE_UNIT ( ) SI_UNIT ( $, .RADIAN. ) );
#809 = EDGE_CURVE ( 'NONE', #4005, #1104, #1000, .T. ) ;
#810 = LINE ( 'NONE', #1453, #1061 ) ;
#811 = DIRECTION ( 'NONE',  ( -0.0000000000000000000, -0.0000000000000000000, -1.000000000000000000 ) ) ;
#812 = LINE ( 'NONE', #791, #4075 ) ;
#813 = MECHANICAL_DESIGN_GEOMETRIC_PRESENTATION_REPRESENTATION (  '', ( #4397 ), #326 ) ;
#814 = EDGE_LOOP ( 'NONE', ( #4147, #1627, #2503, #1621 ) ) ;
#815 = VERTEX_POINT ( 'NONE', #1823 ) ;
#816 = CIRCLE ( 'NONE', #1806, 8.000000000000000000 ) ;
#817 = DIRECTION ( 'NONE',  ( -1.000000000000000000, 0.0000000000000000000, 0.0000000000000000000 ) ) ;
#818 = ADVANCED_FACE ( 'PLANAR_0', ( #518 ), #3196, .F. ) ;
#819 = ORIENTED_EDGE ( 'NONE', *, *, #2341, .F. ) ;
#820 = VECTOR ( 'NONE', #2963, 1000.000000000000000 ) ;
#821 = DIRECTION ( 'NONE',  ( -0.0000000000000000000, 0.0000000000000000000, 1.000000000000000000 ) ) ;
#822 = CARTESIAN_POINT ( 'NONE',  ( -23.49999999999999645, -3.500000000000006661, 18.00000000000000355 ) ) ;
#823 = DIRECTION ( 'NONE',  ( -0.0000000000000000000, -0.0000000000000000000, -1.000000000000000000 ) ) ;
#824 = FACE_OUTER_BOUND ( 'NONE', #2961, .T. ) ;
#825 = PRESENTATION_LAYER_ASSIGNMENT (  '', '', ( #2105 ) ) ;
#826 = EDGE_CURVE ( 'NONE', #4053, #2198, #454, .T. ) ;
#827 = ORIENTED_EDGE ( 'NONE', *, *, #2686, .T. ) ;
#828 = DIRECTION ( 'NONE',  ( -0.0000000000000000000, -0.0000000000000000000, -1.000000000000000000 ) ) ;
#829 = AXIS2_PLACEMENT_3D ( 'NONE', #1364, #2010, #3036 ) ;
#830 = DIRECTION ( 'NONE',  ( -0.0000000000000000000, 0.0000000000000000000, 1.000000000000000000 ) ) ;
#831 = CARTESIAN_POINT ( 'NONE',  ( 17.50000000000000711, -7.999999999999992895, 0.001000000000001000089 ) ) ;
#832 = DIRECTION ( 'NONE',  ( -0.0000000000000000000, -0.0000000000000000000, 1.000000000000000000 ) ) ;
#833 = DIRECTION ( 'NONE',  ( -0.0000000000000000000, 1.000000000000000000, 0.0000000000000000000 ) ) ;
#834 = PLANE ( 'NONE',  #4354 ) ;
#835 =( NAMED_UNIT ( * ) PLANE_ANGLE_UNIT ( ) SI_UNIT ( $, .RADIAN. ) );
#836 = CARTESIAN_POINT ( 'NONE',  ( -13.50000000000000355, -8.000000000000001776, 7.000000000000000888 ) ) ;
#837 = EDGE_LOOP ( 'NONE', ( #691, #883, #2060, #798 ) ) ;
#838 = ORIENTED_EDGE ( 'NONE', *, *, #3878, .F. ) ;
#839 = AXIS2_PLACEMENT_3D ( 'NONE', #789, #3960, #4267 ) ;
#840 = EDGE_CURVE ( 'NONE', #3723, #1132, #785, .T. ) ;
#841 = AXIS2_PLACEMENT_3D ( 'NONE', #1185, #3263, #200 ) ;
#842 =( NAMED_UNIT ( * ) SI_UNIT ( $, .STERADIAN. ) SOLID_ANGLE_UNIT ( ) );
#843 = AXIS2_PLACEMENT_3D ( 'NONE', #2335, #33, #1728 ) ;
#844 = VERTEX_POINT ( 'NONE', #2904 ) ;
#845 = CIRCLE ( 'NONE', #3712, 6.250000000000000000 ) ;
#846 = CARTESIAN_POINT ( 'NONE',  ( 13.50000000000000888, 4.898587196589412829E-16, -8.998999999999997002 ) ) ;
#847 = CYLINDRICAL_SURFACE ( 'NONE', #2767, 3.250000000000000888 ) ;
#848 = CARTESIAN_POINT ( 'NONE',  ( -7.986147175753949945, 0.4705882352941191393, 0.0000000000000000000 ) ) ;
#849 =( NAMED_UNIT ( * ) PLANE_ANGLE_UNIT ( ) SI_UNIT ( $, .RADIAN. ) );
#850 = AXIS2_PLACEMENT_3D ( 'NONE', #3376, #3738, #38 ) ;
#851 = AXIS2_PLACEMENT_3D ( 'NONE', #4261, #1192, #116 ) ;
#852 = ORIENTED_EDGE ( 'NONE', *, *, #1105, .T. ) ;
#853 = LINE ( 'NONE', #4260, #3802 ) ;
#854 = SURFACE_STYLE_FILL_AREA ( #2545 ) ;
#855 = CARTESIAN_POINT ( 'NONE',  ( -8.485281374238573093, -1.734723475976807094E-15, 18.00000000000000355 ) ) ;
#856 = EDGE_CURVE ( 'NONE', #597, #44, #4284, .T. ) ;
#857 = CARTESIAN_POINT ( 'NONE',  ( -23.49999999999999645, 1.734723475976807094E-15, 1.750000000000021538 ) ) ;
#858 = VECTOR ( 'NONE', #1873, 1000.000000000000000 ) ;
#859 = CARTESIAN_POINT ( 'NONE',  ( -25.49999999999999645, -1.071565949253933966E-14, -9.001000000000001222 ) ) ;
#860 = LINE ( 'NONE', #3592, #2918 ) ;
#861 = PLANE ( 'NONE',  #1700 ) ;
#862 = ORIENTED_EDGE ( 'NONE', *, *, #421, .F. ) ;
#863 = ORIENTED_EDGE ( 'NONE', *, *, #3106, .T. ) ;
#864 = DIRECTION ( 'NONE',  ( 0.0000000000000000000, 0.0000000000000000000, 1.000000000000000000 ) ) ;
#865 = DIRECTION ( 'NONE',  ( -2.168404344971008868E-16, 0.0000000000000000000, -1.000000000000000000 ) ) ;
#866 = EDGE_CURVE ( 'NONE', #2762, #1303, #1517, .T. ) ;
#867 = ORIENTED_EDGE ( 'NONE', *, *, #3763, .F. ) ;
#868 = EDGE_CURVE ( 'NONE', #1549, #3573, #4292, .T. ) ;
#869 = CARTESIAN_POINT ( 'NONE',  ( 9.797174393178831574E-16, -8.000000000000003553, 18.00000000000000355 ) ) ;
#870 = CARTESIAN_POINT ( 'NONE',  ( -23.49999999999999645, -3.469446951953614189E-15, 18.00000000000000355 ) ) ;
#871 = CARTESIAN_POINT ( 'NONE',  ( -13.50000000000000178, -8.000000000000001776, 15.00000000000000000 ) ) ;
#872 = AXIS2_PLACEMENT_3D ( 'NONE', #1160, #821, #2517 ) ;
#873 = EDGE_CURVE ( 'NONE', #4390, #4010, #497, .T. ) ;
#874 = ORIENTED_EDGE ( 'NONE', *, *, #417, .T. ) ;
#875 = DIRECTION ( 'NONE',  ( -0.0000000000000000000, -0.0000000000000000000, -1.000000000000000000 ) ) ;
#876 = UNCERTAINTY_MEASURE_WITH_UNIT (LENGTH_MEASURE( 1.000000000000000082E-05 ), #2878, 'distance_accuracy_value', 'NONE');
#877 = DIRECTION ( 'NONE',  ( 0.0000000000000000000, 0.0000000000000000000, 1.000000000000000000 ) ) ;
#878 = CARTESIAN_POINT ( 'NONE',  ( -17.50000000000000000, 0.0000000000000000000, -3.249999999999998224 ) ) ;
#879 = PLANE ( 'NONE',  #3683 ) ;
#880 = ADVANCED_FACE ( 'NONE', ( #3157 ), #2118, .T. ) ;
#881 = DIRECTION ( 'NONE',  ( -6.938893903907225419E-16, 1.000000000000000000, 0.0000000000000000000 ) ) ;
#882 = CARTESIAN_POINT ( 'NONE',  ( -23.49999999999999645, -3.469446951953614189E-15, -1.749999999999997113 ) ) ;
#883 = ORIENTED_EDGE ( 'NONE', *, *, #267, .F. ) ;
#884 = SURFACE_STYLE_FILL_AREA ( #3943 ) ;
#885 = DIRECTION ( 'NONE',  ( -1.000000000000000000, 0.0000000000000000000, 0.0000000000000000000 ) ) ;
#886 = ORIENTED_EDGE ( 'NONE', *, *, #925, .F. ) ;
#887 = PLANE ( 'NONE',  #2323 ) ;
#888 = VECTOR ( 'NONE', #2418, 1000.000000000000000 ) ;
#889 = CARTESIAN_POINT ( 'NONE',  ( 17.50000000000000711, 0.0000000000000000000, 17.50000000000000000 ) ) ;
#890 = EDGE_LOOP ( 'NONE', ( #3034, #3267, #4402, #285, #3572, #2712 ) ) ;
#891 = DIRECTION ( 'NONE',  ( -0.0000000000000000000, 1.000000000000000000, -0.0000000000000000000 ) ) ;
#892 = DIRECTION ( 'NONE',  ( -1.000000000000000000, 0.0000000000000000000, 0.0000000000000000000 ) ) ;
#893 = ORIENTED_EDGE ( 'NONE', *, *, #4128, .T. ) ;
#894 = AXIS2_PLACEMENT_3D ( 'NONE', #2340, #1620, #1276 ) ;
#895 = ORIENTED_EDGE ( 'NONE', *, *, #1751, .F. ) ;
#896 = CARTESIAN_POINT ( 'NONE',  ( 0.0000000000000000000, 0.0000000000000000000, 18.00000000000000355 ) ) ;
#897 = FACE_OUTER_BOUND ( 'NONE', #1822, .T. ) ;
#898 = VECTOR ( 'NONE', #293, 1000.000000000000000 ) ;
#899 = DIRECTION ( 'NONE',  ( 1.000000000000000000, 1.155348641033115835E-16, 0.0000000000000000000 ) ) ;
#900 = EDGE_CURVE ( 'NONE', #2291, #1605, #1917, .T. ) ;
#901 = CARTESIAN_POINT ( 'NONE',  ( 4.000000000000005329, -3.000000000000003553, -14.99999999999999645 ) ) ;
#902 = CARTESIAN_POINT ( 'NONE',  ( -17.50000000000000000, -1.071565949253933966E-14, -0.001000000000001000089 ) ) ;
#903 = EDGE_LOOP ( 'NONE', ( #483, #2852, #2471, #3446, #2090, #1782, #2110, #1654, #3973, #345, #2922, #2318, #863, #495, #2301, #369 ) ) ;
#904 = CARTESIAN_POINT ( 'NONE',  ( 4.000000000000005329, -3.000000000000003553, -6.999999999999995559 ) ) ;
#905 = VECTOR ( 'NONE', #2994, 1000.000000000000000 ) ;
#906 = ORIENTED_EDGE ( 'NONE', *, *, #1179, .F. ) ;
#907 = CARTESIAN_POINT ( 'NONE',  ( -17.50000000000000000, 0.0000000000000000000, 3.250000000000002665 ) ) ;
#908 = EDGE_CURVE ( 'NONE', #4010, #1593, #776, .T. ) ;
#909 = PLANE ( 'NONE',  #1887 ) ;
#910 = ORIENTED_EDGE ( 'NONE', *, *, #1273, .T. ) ;
#911 = FACE_OUTER_BOUND ( 'NONE', #2138, .T. ) ;
#912 = MECHANICAL_DESIGN_GEOMETRIC_PRESENTATION_REPRESENTATION (  '', ( #634 ), #4352 ) ;
#913 = DIRECTION ( 'NONE',  ( 1.000000000000000000, 0.0000000000000000000, 0.0000000000000000000 ) ) ;
#914 = CARTESIAN_POINT ( 'NONE',  ( 0.0000000000000000000, -8.000000000000000000, -9.000000000000001776 ) ) ;
#915 = MECHANICAL_DESIGN_GEOMETRIC_PRESENTATION_REPRESENTATION (  '', ( #1981 ), #2837 ) ;
#916 = VERTEX_POINT ( 'NONE', #302 ) ;
#917 = PRODUCT_DEFINITION ( 'UNKNOWN', '', #3193, #3522 ) ;
#919 = ORIENTED_EDGE ( 'NONE', *, *, #2153, .F. ) ;
#918 = CONICAL_SURFACE ( 'NONE', #3638, 6.250000000000000000, 0.7853981633974480570 ) ;
#920 = DIRECTION ( 'NONE',  ( -1.000000000000000000, 0.0000000000000000000, -1.084202172485504681E-16 ) ) ;
#921 = FACE_OUTER_BOUND ( 'NONE', #524, .T. ) ;
#922 = SURFACE_SIDE_STYLE ('',( #2353 ) ) ;
#923 = DIRECTION ( 'NONE',  ( -1.000000000000000000, -3.061616997868382648E-16, 0.0000000000000000000 ) ) ;
#924 = AXIS2_PLACEMENT_3D ( 'NONE', #4273, #4300, #1818 ) ;
#925 = EDGE_CURVE ( 'NONE', #452, #3062, #2933, .T. ) ;
#926 = CARTESIAN_POINT ( 'NONE',  ( -9.513852824246059825, 0.4705882352941141988, 18.00000000000000355 ) ) ;
#928 = EDGE_CURVE ( 'NONE', #3382, #1795, #4045, .T. ) ;
#927 = FACE_OUTER_BOUND ( 'NONE', #167, .T. ) ;
#929 = EDGE_LOOP ( 'NONE', ( #1290, #1759, #272, #2012 ) ) ;
#930 = SHAPE_REPRESENTATION_RELATIONSHIP ( 'NONE' , 'NONE' ,  #3394, #1033 ) ;
#931 = ORIENTED_EDGE ( 'NONE', *, *, #1210, .T. ) ;
#932 = DIRECTION ( 'NONE',  ( 3.854941057726238097E-16, 0.0000000000000000000, 1.000000000000000000 ) ) ;
#933 = ORIENTED_EDGE ( 'NONE', *, *, #1946, .T. ) ;
#934 = STYLED_ITEM ( 'NONE', ( #2705 ), #1787 ) ;
#935 = AXIS2_PLACEMENT_3D ( 'NONE', #662, #3115, #1703 ) ;
#936 = CYLINDRICAL_SURFACE ( 'NONE', #3912, 8.000000000000000000 ) ;
#937 = DIRECTION ( 'NONE',  ( 1.000000000000000000, 0.0000000000000000000, 0.0000000000000000000 ) ) ;
#938 = ORIENTED_EDGE ( 'NONE', *, *, #343, .F. ) ;
#939 = EDGE_CURVE ( 'NONE', #2409, #2822, #3698, .T. ) ;
#940 = DIRECTION ( 'NONE',  ( -0.0000000000000000000, -1.000000000000000000, -0.0000000000000000000 ) ) ;
#941 = ORIENTED_EDGE ( 'NONE', *, *, #802, .T. ) ;
#942 = VERTEX_POINT ( 'NONE', #4025 ) ;
#943 =( LENGTH_UNIT ( ) NAMED_UNIT ( * ) SI_UNIT ( .MILLI., .METRE. ) );
#944 = DIRECTION ( 'NONE',  ( 0.0000000000000000000, 0.0000000000000000000, 1.000000000000000000 ) ) ;
#945 =( NAMED_UNIT ( * ) SI_UNIT ( $, .STERADIAN. ) SOLID_ANGLE_UNIT ( ) );
#946 = CIRCLE ( 'NONE', #1506, 7.999999999999992895 ) ;
#947 = DIRECTION ( 'NONE',  ( -0.0000000000000000000, -1.000000000000000000, -0.0000000000000000000 ) ) ;
#948 = ADVANCED_FACE ( 'CONE_0', ( #921 ), #2562, .F. ) ;
#949 = PRODUCT_DEFINITION_SHAPE ( 'NONE', 'NONE',  #3993 ) ;
#950 = LINE ( 'NONE', #3680, #3354 ) ;
#951 = CYLINDRICAL_SURFACE ( 'NONE', #1924, 4.000000000000000000 ) ;
#952 = VERTEX_POINT ( 'NONE', #2255 ) ;
#953 = EDGE_CURVE ( 'NONE', #1104, #4005, #2780, .T. ) ;
#954 = CARTESIAN_POINT ( 'NONE',  ( -8.500000000000000000, -3.500000000000006661, -18.00000000000000355 ) ) ;
#955 = ORIENTED_EDGE ( 'NONE', *, *, #3430, .F. ) ;
#956 = CARTESIAN_POINT ( 'NONE',  ( -8.485281374238573093, -1.734723475976807094E-15, 0.0000000000000000000 ) ) ;
#957 = CARTESIAN_POINT ( 'NONE',  ( -9.000000000000007105, -3.469446951953614189E-15, -9.001000000000002998 ) ) ;
#958 = VERTEX_POINT ( 'NONE', #610 ) ;
#959 = ORIENTED_EDGE ( 'NONE', *, *, #1699, .F. ) ;
#960 = DIRECTION ( 'NONE',  ( 1.224585427126033517E-16, 0.0000000000000000000, 1.000000000000000000 ) ) ;
#961 = ORIENTED_EDGE ( 'NONE', *, *, #4056, .T. ) ;
#962 = ORIENTED_EDGE ( 'NONE', *, *, #2593, .T. ) ;
#963 = CIRCLE ( 'NONE', #2674, 4.000000000000000000 ) ;
#964 = CARTESIAN_POINT ( 'NONE',  ( -13.50000000000000178, -3.000000000000001776, -6.999999999999997335 ) ) ;
#965 = DIRECTION ( 'NONE',  ( -1.000000000000000000, -6.938893903907225419E-16, 0.0000000000000000000 ) ) ;
#966 = CARTESIAN_POINT ( 'NONE',  ( 0.0000000000000000000, 0.0000000000000000000, 9.000000000000000000 ) ) ;
#967 = EDGE_CURVE ( 'NONE', #4143, #2590, #3069, .T. ) ;
#968 = ORIENTED_EDGE ( 'NONE', *, *, #3870, .T. ) ;
#969 = CIRCLE ( 'NONE', #1960, 4.000000000000000000 ) ;
#970 = DIRECTION ( 'NONE',  ( -0.0000000000000000000, -0.0000000000000000000, 1.000000000000000000 ) ) ;
#971 = DIRECTION ( 'NONE',  ( -0.0000000000000000000, -0.0000000000000000000, 1.000000000000000000 ) ) ;
#972 = ORIENTED_EDGE ( 'NONE', *, *, #2216, .T. ) ;
#973 = VECTOR ( 'NONE', #3257, 1000.000000000000000 ) ;
#974 = CARTESIAN_POINT ( 'NONE',  ( 0.0000000000000000000, -2.999999999999999112, 3.250000000000001332 ) ) ;
#975 = AXIS2_PLACEMENT_3D ( 'NONE', #4243, #3807, #2783 ) ;
#976 = ORIENTED_EDGE ( 'NONE', *, *, #2782, .F. ) ;
#977 = FILL_AREA_STYLE ('',( #37 ) ) ;
#978 = STYLED_ITEM ( 'NONE', ( #4324 ), #3374 ) ;
#979 = DIRECTION ( 'NONE',  ( -0.0000000000000000000, -0.0000000000000000000, -1.000000000000000000 ) ) ;
#980 = ORIENTED_EDGE ( 'NONE', *, *, #2399, .T. ) ;
#981 = ORIENTED_EDGE ( 'NONE', *, *, #526, .T. ) ;
#982 = EDGE_CURVE ( 'NONE', #1322, #3305, #1635, .T. ) ;
#983 = FACE_OUTER_BOUND ( 'NONE', #3226, .T. ) ;
#984 = EDGE_LOOP ( 'NONE', ( #1401, #2238, #595, #2846 ) ) ;
#985 = EDGE_LOOP ( 'NONE', ( #2914, #428 ) ) ;
#986 = CARTESIAN_POINT ( 'NONE',  ( 0.0000000000000000000, 0.0000000000000000000, 18.00000000000000355 ) ) ;
#987 = CARTESIAN_POINT ( 'NONE',  ( 17.50000000000000711, 0.0000000000000000000, -18.00000000000000355 ) ) ;
#988 = CARTESIAN_POINT ( 'NONE',  ( -9.014718625761439341, 0.4999999999999968914, 8.998999999999997002 ) ) ;
#989 = AXIS2_PLACEMENT_3D ( 'NONE', #1405, #2706, #656 ) ;
#990 = PLANE ( 'NONE',  #1253 ) ;
#991 = PRESENTATION_LAYER_ASSIGNMENT (  '', '', ( #4202 ) ) ;
#992 = CIRCLE ( 'NONE', #1553, 3.249999999999999556 ) ;
#993 = EDGE_CURVE ( 'NONE', #279, #2534, #1896, .T. ) ;
#994 = CIRCLE ( 'NONE', #208, 3.250000000000000444 ) ;
#995 = CARTESIAN_POINT ( 'NONE',  ( 0.0000000000000000000, 0.0000000000000000000, 0.0000000000000000000 ) ) ;
#996 = DIRECTION ( 'NONE',  ( 1.000000000000000000, 0.0000000000000000000, 0.0000000000000000000 ) ) ;
#997 = ORIENTED_EDGE ( 'NONE', *, *, #2763, .F. ) ;
#998 = LINE ( 'NONE', #2021, #2097 ) ;
#999 = ORIENTED_EDGE ( 'NONE', *, *, #621, .F. ) ;
#1000 = CIRCLE ( 'NONE', #3570, 3.249999999999999556 ) ;
#1001 = LINE ( 'NONE', #3031, #543 ) ;
#1002 = LINE ( 'NONE', #4323, #493 ) ;
#1003 = STYLED_ITEM ( 'NONE', ( #742 ), #1655 ) ;
#1004 = FACE_OUTER_BOUND ( 'NONE', #3212, .T. ) ;
#1005 = AXIS2_PLACEMENT_3D ( 'NONE', #4380, #4050, #1949 ) ;
#1006 = VERTEX_POINT ( 'NONE', #207 ) ;
#1007 = AXIS2_PLACEMENT_3D ( 'NONE', #252, #4375, #3699 ) ;
#1008 = APPLICATION_CONTEXT ( 'automotive_design' ) ;
#1009 = ADVANCED_FACE ( 'CONE_0', ( #2591 ), #4361, .F. ) ;
#1010 = FACE_OUTER_BOUND ( 'NONE', #2556, .T. ) ;
#1011 = ORIENTED_EDGE ( 'NONE', *, *, #4076, .T. ) ;
#1012 = ORIENTED_EDGE ( 'NONE', *, *, #4421, .F. ) ;
#1013 = FILL_AREA_STYLE_COLOUR ( '', #4142 ) ;
#1014 = CARTESIAN_POINT ( 'NONE',  ( -21.50000000000000000, -3.000000000000001776, 7.000000000000000888 ) ) ;
#1015 = LINE ( 'NONE', #2017, #1668 ) ;
#1016 = ORIENTED_EDGE ( 'NONE', *, *, #3120, .F. ) ;
#1017 = DIRECTION ( 'NONE',  ( -0.0000000000000000000, -0.0000000000000000000, -1.000000000000000000 ) ) ;
#1018 = UNCERTAINTY_MEASURE_WITH_UNIT (LENGTH_MEASURE( 1.000000000000000082E-05 ), #2638, 'distance_accuracy_value', 'NONE');
#1019 = DIRECTION ( 'NONE',  ( -1.000000000000000000, 0.0000000000000000000, 0.0000000000000000000 ) ) ;
#1020 = ORIENTED_EDGE ( 'NONE', *, *, #1634, .F. ) ;
#1021 = APPLICATION_PROTOCOL_DEFINITION ( 'draft international standard', 'automotive_design', 1998, #3442 ) ;
#1022 = FACE_BOUND ( 'NONE', #4155, .T. ) ;
#1023 = ADVANCED_FACE ( 'NONE', ( #897 ), #234, .F. ) ;
#1024 = DIRECTION ( 'NONE',  ( -0.0000000000000000000, -0.0000000000000000000, -1.000000000000000000 ) ) ;
#1025 = CARTESIAN_POINT ( 'NONE',  ( 26.00000000000000355, -8.421052631578946901, 0.001000000000002734812 ) ) ;
#1026 = CARTESIAN_POINT ( 'NONE',  ( 0.0000000000000000000, -8.000000000000001776, 18.00000000000000355 ) ) ;
#1027 = ADVANCED_FACE ( 'CYL_0', ( #1079 ), #1348, .T. ) ;
#1028 = ORIENTED_EDGE ( 'NONE', *, *, #2627, .T. ) ;
#1029 = FILL_AREA_STYLE ('',( #3850 ) ) ;
#1030 = ADVANCED_FACE ( 'NONE', ( #4067 ), #1034, .F. ) ;
#1031 = ORIENTED_EDGE ( 'NONE', *, *, #152, .T. ) ;
#1032 = ORIENTED_EDGE ( 'NONE', *, *, #4020, .T. ) ;
#1033 = ADVANCED_BREP_SHAPE_REPRESENTATION ( '', ( #269, #2404 ), #340 ) ;
#1034 = PLANE ( 'NONE',  #3633 ) ;
#1035 = AXIS2_PLACEMENT_3D ( 'NONE', #4331, #590, #253 ) ;
#1036 = CARTESIAN_POINT ( 'NONE',  ( -17.50000000000000000, -8.000000000000003553, 8.998999999999997002 ) ) ;
#1037 = ORIENTED_EDGE ( 'NONE', *, *, #1346, .F. ) ;
#1038 = CARTESIAN_POINT ( 'NONE',  ( -8.485281374238573093, -1.734723475976807094E-15, 9.000000000000000000 ) ) ;
#1039 = DIRECTION ( 'NONE',  ( -1.000000000000000000, -3.061616997868382648E-16, 1.224585427126033517E-16 ) ) ;
#1040 = ORIENTED_EDGE ( 'NONE', *, *, #1515, .F. ) ;
#1041 = DIRECTION ( 'NONE',  ( 0.0000000000000000000, 0.9999999999999998890, 0.0000000000000000000 ) ) ;
#1042 = EDGE_CURVE ( 'NONE', #2671, #4390, #1128, .T. ) ;
#1043 = CIRCLE ( 'NONE', #3833, 6.250000000000000000 ) ;
#1044 = FILL_AREA_STYLE_COLOUR ( '', #1391 ) ;
#1045 = DIRECTION ( 'NONE',  ( -0.0000000000000000000, -0.0000000000000000000, -1.000000000000000000 ) ) ;
#1046 = PRESENTATION_LAYER_ASSIGNMENT (  '', '', ( #2044 ) ) ;
#1047 = ORIENTED_EDGE ( 'NONE', *, *, #1073, .T. ) ;
#1048 = EDGE_CURVE ( 'NONE', #674, #508, #1053, .T. ) ;
#1049 = PRESENTATION_STYLE_ASSIGNMENT (( #2390 ) ) ;
#1050 = VERTEX_POINT ( 'NONE', #2056 ) ;
#1051 = EDGE_LOOP ( 'NONE', ( #1935, #1261, #1201, #2129, #3552, #4124 ) ) ;
#1052 = FACE_OUTER_BOUND ( 'NONE', #3746, .T. ) ;
#1053 = LINE ( 'NONE', #389, #2629 ) ;
#1054 = DIRECTION ( 'NONE',  ( 3.854941057726238097E-16, 0.0000000000000000000, 1.000000000000000000 ) ) ;
#1055 = PRODUCT_DEFINITION_FORMATION_WITH_SPECIFIED_SOURCE ( 'ANY', '', #2463, .NOT_KNOWN. ) ;
#1056 = DIRECTION ( 'NONE',  ( -0.0000000000000000000, 1.000000000000000000, -0.0000000000000000000 ) ) ;
#1057 = ORIENTED_EDGE ( 'NONE', *, *, #255, .T. ) ;
#1058 = FILL_AREA_STYLE_COLOUR ( '', #1219 ) ;
#1059 = UNCERTAINTY_MEASURE_WITH_UNIT (LENGTH_MEASURE( 1.000000000000000082E-05 ), #235, 'distance_accuracy_value', 'NONE');
#1060 = CARTESIAN_POINT ( 'NONE',  ( 9.014718625761437565, 2.602085213965209853E-15, -0.001000000000004469536 ) ) ;
#1061 = VECTOR ( 'NONE', #2193, 999.9999999999998863 ) ;
#1062 = SURFACE_STYLE_USAGE ( .BOTH. , #1726 ) ;
#1063 = FACE_OUTER_BOUND ( 'NONE', #3210, .T. ) ;
#1064 = ADVANCED_FACE ( 'NONE', ( #3453 ), #3067, .F. ) ;
#1065 = AXIS2_PLACEMENT_3D ( 'NONE', #3156, #3175, #2796 ) ;
#1066 = EDGE_CURVE ( 'NONE', #2419, #764, #2416, .T. ) ;
#1067 = SURFACE_STYLE_FILL_AREA ( #977 ) ;
#1068 = CARTESIAN_POINT ( 'NONE',  ( 0.0000000000000000000, 1.734723475976807094E-15, 2.527244646314049353E-17 ) ) ;
#1069 = EDGE_LOOP ( 'NONE', ( #3513, #527, #2439, #741, #602, #1236, #4227, #3287, #4226, #1542 ) ) ;
#1070 = VECTOR ( 'NONE', #2140, 1000.000000000000000 ) ;
#1071 = EDGE_CURVE ( 'NONE', #210, #3239, #358, .T. ) ;
#1072 = CARTESIAN_POINT ( 'NONE',  ( 9.000000000000003553, -8.421052631578946901, -8.998999999999997002 ) ) ;
#1073 = EDGE_CURVE ( 'NONE', #1050, #1006, #3491, .T. ) ;
#1074 = ORIENTED_EDGE ( 'NONE', *, *, #4042, .T. ) ;
#1075 = AXIS2_PLACEMENT_3D ( 'NONE', #1241, #2214, #2233 ) ;
#1076 = CIRCLE ( 'NONE', #3002, 3.500000000000003109 ) ;
#1077 = VECTOR ( 'NONE', #3049, 1000.000000000000000 ) ;
#1078 = CARTESIAN_POINT ( 'NONE',  ( -21.50000000000000000, -3.000000000000001776, -14.99999999999999822 ) ) ;
#1079 = FACE_OUTER_BOUND ( 'NONE', #782, .T. ) ;
#1080 = CARTESIAN_POINT ( 'NONE',  ( -21.50000000000000000, -3.000000000000001776, 7.000000000000000888 ) ) ;
#1081 = ORIENTED_EDGE ( 'NONE', *, *, #2569, .F. ) ;
#1082 = ORIENTED_EDGE ( 'NONE', *, *, #3619, .F. ) ;
#1083 = FACE_OUTER_BOUND ( 'NONE', #1711, .T. ) ;
#1084 = CARTESIAN_POINT ( 'NONE',  ( -17.50000000000000000, -1.071565949253933966E-14, 8.998999999999997002 ) ) ;
#1085 = ORIENTED_EDGE ( 'NONE', *, *, #1385, .F. ) ;
#1086 = EDGE_CURVE ( 'NONE', #113, #2032, #2015, .T. ) ;
#1087 = CARTESIAN_POINT ( 'NONE',  ( 9.014718625761439341, 2.602085213965210642E-15, -18.00000000000000355 ) ) ;
#1088 = EDGE_CURVE ( 'NONE', #3532, #3382, #4088, .T. ) ;
#1089 = CARTESIAN_POINT ( 'NONE',  ( -17.50000000000000000, 0.0000000000000000000, 2.143131898507868248E-15 ) ) ;
#1090 = CARTESIAN_POINT ( 'NONE',  ( -13.50000000000000178, -3.000000000000001776, -6.999999999999997335 ) ) ;
#1091 = AXIS2_PLACEMENT_3D ( 'NONE', #71, #3152, #3813 ) ;
#1092 = ORIENTED_EDGE ( 'NONE', *, *, #4020, .F. ) ;
#1093 = ORIENTED_EDGE ( 'NONE', *, *, #3584, .F. ) ;
#1094 = DIRECTION ( 'NONE',  ( 0.0000000000000000000, -0.0000000000000000000, 1.000000000000000000 ) ) ;
#1095 = ORIENTED_EDGE ( 'NONE', *, *, #403, .T. ) ;
#1096 = CARTESIAN_POINT ( 'NONE',  ( -13.50000000000000178, -1.071565949253933966E-14, -9.001000000000002998 ) ) ;
#1097 = FACE_OUTER_BOUND ( 'NONE', #2931, .T. ) ;
#1098 = PRESENTATION_STYLE_ASSIGNMENT (( #4169 ) ) ;
#1099 = LINE ( 'NONE', #2502, #888 ) ;
#1100 = VERTEX_POINT ( 'NONE', #1369 ) ;
#1101 = DIRECTION ( 'NONE',  ( 1.000000000000000000, 0.0000000000000000000, 0.0000000000000000000 ) ) ;
#1102 = CIRCLE ( 'NONE', #3602, 3.500000000000003109 ) ;
#1103 = LINE ( 'NONE', #2084, #2283 ) ;
#1104 = VERTEX_POINT ( 'NONE', #410 ) ;
#1105 = EDGE_CURVE ( 'NONE', #3837, #2834, #26, .T. ) ;
#1106 = FACE_OUTER_BOUND ( 'NONE', #3360, .T. ) ;
#1107 = CIRCLE ( 'NONE', #894, 3.499999999999998224 ) ;
#1108 = VERTEX_POINT ( 'NONE', #4108 ) ;
#1109 = ORIENTED_EDGE ( 'NONE', *, *, #809, .T. ) ;
#1110 = VECTOR ( 'NONE', #3760, 1000.000000000000000 ) ;
#1111 = DIRECTION ( 'NONE',  ( -0.0000000000000000000, -0.0000000000000000000, 1.000000000000000000 ) ) ;
#1112 = VERTEX_POINT ( 'NONE', #3107 ) ;
#1113 = CIRCLE ( 'NONE', #4194, 8.000000000000000000 ) ;
#1114 = EDGE_CURVE ( 'NONE', #435, #2957, #3432, .T. ) ;
#1115 = CYLINDRICAL_SURFACE ( 'NONE', #1652, 3.500000000000003109 ) ;
#1116 = CYLINDRICAL_SURFACE ( 'NONE', #3424, 7.999999999999992895 ) ;
#1117 = DIRECTION ( 'NONE',  ( 1.000000000000000000, 0.0000000000000000000, 0.0000000000000000000 ) ) ;
#1118 = LINE ( 'NONE', #3859, #3393 ) ;
#1119 = ORIENTED_EDGE ( 'NONE', *, *, #1946, .F. ) ;
#1120 = DIRECTION ( 'NONE',  ( 1.000000000000000000, 0.0000000000000000000, 0.0000000000000000000 ) ) ;
#1121 = LINE ( 'NONE', #181, #3722 ) ;
#1122 = ORIENTED_EDGE ( 'NONE', *, *, #3065, .F. ) ;
#1123 = EDGE_CURVE ( 'NONE', #1962, #4235, #324, .T. ) ;
#1124 = FACE_OUTER_BOUND ( 'NONE', #1564, .T. ) ;
#1125 = VECTOR ( 'NONE', #1162, 1000.000000000000000 ) ;
#1126 = CARTESIAN_POINT ( 'NONE',  ( -21.50000000000000000, -8.000000000000001776, -14.99999999999999822 ) ) ;
#1127 = DIRECTION ( 'NONE',  ( 0.0000000000000000000, -0.0000000000000000000, -1.000000000000000000 ) ) ;
#1128 = CIRCLE ( 'NONE', #3274, 3.499999999999996003 ) ;
#1129 = VERTEX_POINT ( 'NONE', #4151 ) ;
#1130 = EDGE_LOOP ( 'NONE', ( #1526, #1617, #3809, #2081 ) ) ;
#1131 = AXIS2_PLACEMENT_3D ( 'NONE', #3639, #4293, #241 ) ;
#1132 = VERTEX_POINT ( 'NONE', #1328 ) ;
#1133 = CIRCLE ( 'NONE', #2201, 0.5000000000000004441 ) ;
#1134 = FACE_OUTER_BOUND ( 'NONE', #220, .T. ) ;
#1135 = ORIENTED_EDGE ( 'NONE', *, *, #1461, .F. ) ;
#1136 = VECTOR ( 'NONE', #3629, 1000.000000000000000 ) ;
#1137 = DIRECTION ( 'NONE',  ( -0.0000000000000000000, -1.000000000000000000, -0.0000000000000000000 ) ) ;
#1138 = ADVANCED_FACE ( 'NONE', ( #2682 ), #3126, .T. ) ;
#1139 = DIRECTION ( 'NONE',  ( 1.000000000000000000, 0.0000000000000000000, 0.0000000000000000000 ) ) ;
#1140 = CARTESIAN_POINT ( 'NONE',  ( 17.50000000000000711, 0.0000000000000000000, 9.001000000000002998 ) ) ;
#1141 = DIRECTION ( 'NONE',  ( -0.0000000000000000000, -0.0000000000000000000, 1.000000000000000000 ) ) ;
#1142 = VECTOR ( 'NONE', #2932, 999.9999999999998863 ) ;
#1143 = CIRCLE ( 'NONE', #2924, 4.000000000000000000 ) ;
#1144 = ORIENTED_EDGE ( 'NONE', *, *, #3999, .T. ) ;
#1145 = CARTESIAN_POINT ( 'NONE',  ( 13.50000000000000888, 4.898587196589412829E-16, -17.50000000000000000 ) ) ;
#1146 = PRESENTATION_LAYER_ASSIGNMENT (  '', '', ( #2930 ) ) ;
#1147 = DIRECTION ( 'NONE',  ( -1.000000000000000000, -0.0000000000000000000, -1.084202172485504434E-16 ) ) ;
#1148 = LINE ( 'NONE', #2506, #1843 ) ;
#1149 = DIRECTION ( 'NONE',  ( -0.0000000000000000000, -0.0000000000000000000, 1.000000000000000000 ) ) ;
#1150 = LINE ( 'NONE', #2576, #277 ) ;
#1151 = FACE_OUTER_BOUND ( 'NONE', #2613, .T. ) ;
#1152 = EDGE_CURVE ( 'NONE', #2756, #2775, #1551, .T. ) ;
#1153 = DIRECTION ( 'NONE',  ( 0.0000000000000000000, 0.0000000000000000000, 1.000000000000000000 ) ) ;
#1154 = ORIENTED_EDGE ( 'NONE', *, *, #3228, .F. ) ;
#1155 = VERTEX_POINT ( 'NONE', #4185 ) ;
#1156 = CIRCLE ( 'NONE', #2222, 0.4999999999999987232 ) ;
#1157 = ADVANCED_FACE ( 'NONE', ( #1097 ), #1116, .T. ) ;
#1158 = FILL_AREA_STYLE_COLOUR ( '', #2100 ) ;
#1159 = ORIENTED_EDGE ( 'NONE', *, *, #86, .F. ) ;
#1160 = CARTESIAN_POINT ( 'NONE',  ( 0.0000000000000000000, 0.0000000000000000000, -9.000000000000001776 ) ) ;
#1161 = PLANE ( 'NONE',  #4278 ) ;
#1162 = DIRECTION ( 'NONE',  ( -0.0000000000000000000, -1.000000000000000000, -0.0000000000000000000 ) ) ;
#1163 = CARTESIAN_POINT ( 'NONE',  ( -9.014718625761439341, -1.843143693225357538E-15, -0.001000000000004469536 ) ) ;
#1164 = VERTEX_POINT ( 'NONE', #2476 ) ;
#1165 = LINE ( 'NONE', #1238, #3208 ) ;
#1166 = CARTESIAN_POINT ( 'NONE',  ( -7.986147175753948169, 0.4705882352941190283, 18.00000000000000355 ) ) ;
#1167 = DIRECTION ( 'NONE',  ( -0.0000000000000000000, 1.000000000000000000, -0.0000000000000000000 ) ) ;
#1168 = CARTESIAN_POINT ( 'NONE',  ( -9.000000000000003553, -2.913331661679527512E-15, 18.00000000000000711 ) ) ;
#1169 = PLANE ( 'NONE',  #569 ) ;
#1171 = ADVANCED_FACE ( 'CYL_2', ( #1839 ), #2155, .T. ) ;
#1170 = CARTESIAN_POINT ( 'NONE',  ( 4.000000000000000000, 0.0000000000000000000, 9.000000000000000000 ) ) ;
#1172 = CARTESIAN_POINT ( 'NONE',  ( -13.50000000000000178, -1.071565949253933966E-14, 8.998999999999997002 ) ) ;
#1173 = CARTESIAN_POINT ( 'NONE',  ( -17.50000000000000000, -8.000000000000007105, 2.143131898507868248E-15 ) ) ;
#1174 = VECTOR ( 'NONE', #2397, 999.9999999999998863 ) ;
#1175 = EDGE_LOOP ( 'NONE', ( #2009, #2299, #3230, #1950 ) ) ;
#1176 = EDGE_LOOP ( 'NONE', ( #3116, #248, #2387, #4269 ) ) ;
#1177 = ORIENTED_EDGE ( 'NONE', *, *, #3256, .T. ) ;
#1178 = AXIS2_PLACEMENT_3D ( 'NONE', #487, #2496, #509 ) ;
#1179 = EDGE_CURVE ( 'NONE', #3536, #2409, #768, .T. ) ;
#1180 = ORIENTED_EDGE ( 'NONE', *, *, #2172, .T. ) ;
#1181 = ADVANCED_FACE ( 'NONE', ( #1443 ), #4348, .T. ) ;
#1182 = EDGE_CURVE ( 'NONE', #4390, #2671, #59, .T. ) ;
#1183 = AXIS2_PLACEMENT_3D ( 'NONE', #2893, #4271, #599 ) ;
#1184 = CYLINDRICAL_SURFACE ( 'NONE', #3222, 4.000000000000000000 ) ;
#1185 = CARTESIAN_POINT ( 'NONE',  ( 0.0000000000000000000, 0.0000000000000000000, -18.00000000000000355 ) ) ;
#1186 = DIRECTION ( 'NONE',  ( 1.000000000000000000, 0.0000000000000000000, 0.0000000000000000000 ) ) ;
#1187 = DIRECTION ( 'NONE',  ( -0.0000000000000000000, 1.000000000000000000, -0.0000000000000000000 ) ) ;
#1188 = AXIS2_PLACEMENT_3D ( 'NONE', #1089, #3144, #1434 ) ;
#1189 = ORIENTED_EDGE ( 'NONE', *, *, #2183, .F. ) ;
#1190 = CARTESIAN_POINT ( 'NONE',  ( -4.000000000000000000, 4.898587196589412829E-16, 9.000000000000000000 ) ) ;
#1191 =( GEOMETRIC_REPRESENTATION_CONTEXT ( 3 ) GLOBAL_UNCERTAINTY_ASSIGNED_CONTEXT ( ( #1849 ) ) GLOBAL_UNIT_ASSIGNED_CONTEXT ( ( #4277, #1869, #3625 ) ) REPRESENTATION_CONTEXT ( 'NONE', 'WORKASPACE' ) );
#1192 = DIRECTION ( 'NONE',  ( 1.000000000000000000, 0.0000000000000000000, -0.0000000000000000000 ) ) ;
#1193 = DIRECTION ( 'NONE',  ( 1.000000000000000000, 1.155348641033115835E-16, 0.0000000000000000000 ) ) ;
#1194 = CARTESIAN_POINT ( 'NONE',  ( -9.000000000000000000, -8.000000000000010658, 18.00000000000000355 ) ) ;
#1195 = CARTESIAN_POINT ( 'NONE',  ( -25.49999999999999645, -1.071565949253933966E-14, -0.001000000000000020404 ) ) ;
#1196 = DIRECTION ( 'NONE',  ( -3.854941057726238097E-16, -1.180235306811537244E-31, -1.000000000000000000 ) ) ;
#1197 = ADVANCED_FACE ( 'NONE', ( #4231 ), #1161, .F. ) ;
#1198 = DIRECTION ( 'NONE',  ( -1.000000000000000000, 0.0000000000000000000, 0.0000000000000000000 ) ) ;
#1199 = ORIENTED_EDGE ( 'NONE', *, *, #1599, .T. ) ;
#1200 = EDGE_CURVE ( 'NONE', #3229, #1982, #3581, .T. ) ;
#1201 = ORIENTED_EDGE ( 'NONE', *, *, #2649, .T. ) ;
#1202 = DIRECTION ( 'NONE',  ( -1.000000000000000000, 0.0000000000000000000, 0.0000000000000000000 ) ) ;
#1203 = ADVANCED_FACE ( 'PLANAR_5', ( #174 ), #1534, .F. ) ;
#1204 = PRESENTATION_LAYER_ASSIGNMENT (  '', '', ( #3197 ) ) ;
#1205 = AXIS2_PLACEMENT_3D ( 'NONE', #677, #2136, #1117 ) ;
#1206 = AXIS2_PLACEMENT_3D ( 'NONE', #1548, #1879, #932 ) ;
#1207 = ORIENTED_EDGE ( 'NONE', *, *, #1123, .F. ) ;
#1208 = VECTOR ( 'NONE', #4049, 1000.000000000000000 ) ;
#1209 = CARTESIAN_POINT ( 'NONE',  ( 17.50000000000000711, 0.0000000000000000000, 18.00000000000000355 ) ) ;
#1210 = EDGE_CURVE ( 'NONE', #1772, #4304, #3549, .T. ) ;
#1211 = LINE ( 'NONE', #155, #1260 ) ;
#1212 = AXIS2_PLACEMENT_3D ( 'NONE', #1068, #2275, #4079 ) ;
#1213 = VECTOR ( 'NONE', #3298, 1000.000000000000000 ) ;
#1214 = ORIENTED_EDGE ( 'NONE', *, *, #1699, .T. ) ;
#1215 = FILL_AREA_STYLE ('',( #3297 ) ) ;
#1216 = DIRECTION ( 'NONE',  ( 1.000000000000000000, 0.0000000000000000000, 0.0000000000000000000 ) ) ;
#1217 = FACE_OUTER_BOUND ( 'NONE', #929, .T. ) ;
#1218 = ORIENTED_EDGE ( 'NONE', *, *, #3763, .T. ) ;
#1219 = COLOUR_RGB ( '',0.7490196078431372584, 0.7490196078431372584, 0.7490196078431372584 ) ;
#1220 = VECTOR ( 'NONE', #3587, 1000.000000000000000 ) ;
#1221 = CARTESIAN_POINT ( 'NONE',  ( -4.000000000000000000, 4.898587196589412829E-16, 0.0000000000000000000 ) ) ;
#1222 = CIRCLE ( 'NONE', #437, 0.4999999999999987232 ) ;
#1223 = CARTESIAN_POINT ( 'NONE',  ( 21.50000000000000711, 0.0000000000000000000, 9.001000000000002998 ) ) ;
#1224 = FACE_OUTER_BOUND ( 'NONE', #4321, .T. ) ;
#1225 = EDGE_LOOP ( 'NONE', ( #244, #2277, #65, #240, #3155, #2646 ) ) ;
#1226 = DIRECTION ( 'NONE',  ( -1.000000000000000000, 0.0000000000000000000, 1.224492004374498914E-16 ) ) ;
#1227 = ORIENTED_EDGE ( 'NONE', *, *, #434, .T. ) ;
#1228 = ADVANCED_FACE ( 'PLANAR_4', ( #1124 ), #834, .F. ) ;
#1229 = CARTESIAN_POINT ( 'NONE',  ( -23.49999999999999645, -3.500000000000006661, -18.00000000000000355 ) ) ;
#1230 = CARTESIAN_POINT ( 'NONE',  ( 0.0000000000000000000, 0.0000000000000000000, 18.00000000000000355 ) ) ;
#1231 = VERTEX_POINT ( 'NONE', #4195 ) ;
#1232 = CARTESIAN_POINT ( 'NONE',  ( 0.0000000000000000000, -8.000000000000000000, -9.000000000000001776 ) ) ;
#1233 = DIRECTION ( 'NONE',  ( -1.000000000000000000, 0.0000000000000000000, 0.0000000000000000000 ) ) ;
#1234 = LINE ( 'NONE', #176, #468 ) ;
#1235 = VECTOR ( 'NONE', #3516, 1000.000000000000000 ) ;
#1236 = ORIENTED_EDGE ( 'NONE', *, *, #1123, .T. ) ;
#1237 = ORIENTED_EDGE ( 'NONE', *, *, #2528, .F. ) ;
#1238 = CARTESIAN_POINT ( 'NONE',  ( -9.014718625761439341, -2.917837941161175322E-15, 18.00000000000000355 ) ) ;
#1239 = UNCERTAINTY_MEASURE_WITH_UNIT (LENGTH_MEASURE( 1.000000000000000082E-05 ), #685, 'distance_accuracy_value', 'NONE');
#1240 = CARTESIAN_POINT ( 'NONE',  ( -17.50000000000000000, -8.000000000000007105, 2.143131898507868248E-15 ) ) ;
#1241 = CARTESIAN_POINT ( 'NONE',  ( 0.0000000000000000000, 0.0000000000000000000, 0.0000000000000000000 ) ) ;
#1242 = ORIENTED_EDGE ( 'NONE', *, *, #3656, .F. ) ;
#1243 = CARTESIAN_POINT ( 'NONE',  ( -23.72192802857662741, -0.006817918279579057890, -0.5928453013990974130 ) ) ;
#1244 = EDGE_CURVE ( 'NONE', #2704, #2871, #810, .T. ) ;
#1245 = DIRECTION ( 'NONE',  ( -0.0000000000000000000, -0.0000000000000000000, 1.000000000000000000 ) ) ;
#1246 = CYLINDRICAL_SURFACE ( 'NONE', #1846, 8.000000000000000000 ) ;
#1247 = VERTEX_POINT ( 'NONE', #1170 ) ;
#1248 =( NAMED_UNIT ( * ) SI_UNIT ( $, .STERADIAN. ) SOLID_ANGLE_UNIT ( ) );
#1249 = ORIENTED_EDGE ( 'NONE', *, *, #953, .T. ) ;
#1250 = FACE_OUTER_BOUND ( 'NONE', #1964, .T. ) ;
#1251 = ORIENTED_EDGE ( 'NONE', *, *, #2179, .F. ) ;
#1252 = CARTESIAN_POINT ( 'NONE',  ( -27.00000000000000000, -8.000000000000001776, -18.00000000000000355 ) ) ;
#1253 = AXIS2_PLACEMENT_3D ( 'NONE', #2708, #4026, #278 ) ;
#1254 = EDGE_LOOP ( 'NONE', ( #2391, #4201, #3988, #1159 ) ) ;
#1255 = PLANE ( 'NONE',  #3063 ) ;
#1256 = AXIS2_PLACEMENT_3D ( 'NONE', #2024, #3311, #338 ) ;
#1257 = FACE_BOUND ( 'NONE', #4087, .T. ) ;
#1258 = VERTEX_POINT ( 'NONE', #2817 ) ;
#1259 = EDGE_CURVE ( 'NONE', #4359, #1932, #1826, .T. ) ;
#1260 = VECTOR ( 'NONE', #800, 1000.000000000000000 ) ;
#1261 = ORIENTED_EDGE ( 'NONE', *, *, #2984, .T. ) ;
#1262 = DIRECTION ( 'NONE',  ( 1.084202172485504681E-16, 0.0000000000000000000, -1.000000000000000000 ) ) ;
#1263 = CARTESIAN_POINT ( 'NONE',  ( 17.50000000000000711, 0.0000000000000000000, 18.00000000000000355 ) ) ;
#1264 = LINE ( 'NONE', #2016, #4090 ) ;
#1265 = VECTOR ( 'NONE', #2022, 1000.000000000000000 ) ;
#1266 = DIRECTION ( 'NONE',  ( -0.0000000000000000000, -0.0000000000000000000, -1.000000000000000000 ) ) ;
#1267 =( GEOMETRIC_REPRESENTATION_CONTEXT ( 3 ) GLOBAL_UNCERTAINTY_ASSIGNED_CONTEXT ( ( #1239 ) ) GLOBAL_UNIT_ASSIGNED_CONTEXT ( ( #685, #1356, #664 ) ) REPRESENTATION_CONTEXT ( 'NONE', 'WORKASPACE' ) );
#1268 = DIRECTION ( 'NONE',  ( 0.0000000000000000000, 1.000000000000000000, 0.0000000000000000000 ) ) ;
#1269 = CYLINDRICAL_SURFACE ( 'NONE', #502, 4.000000000000000000 ) ;
#1270 = ORIENTED_EDGE ( 'NONE', *, *, #3902, .T. ) ;
#1271 = VERTEX_POINT ( 'NONE', #2237 ) ;
#1272 = CARTESIAN_POINT ( 'NONE',  ( 17.50000000000000000, 0.0000000000000000000, 0.001000000000001000089 ) ) ;
#1273 = EDGE_CURVE ( 'NONE', #1303, #1258, #1150, .T. ) ;
#1274 = ORIENTED_EDGE ( 'NONE', *, *, #2521, .T. ) ;
#1275 = CARTESIAN_POINT ( 'NONE',  ( 0.0000000000000000000, 0.0000000000000000000, 18.00000000000000355 ) ) ;
#1276 = DIRECTION ( 'NONE',  ( 1.000000000000000000, 0.0000000000000000000, 0.0000000000000000000 ) ) ;
#1277 = ORIENTED_EDGE ( 'NONE', *, *, #39, .T. ) ;
#1278 = EDGE_CURVE ( 'NONE', #916, #103, #3610, .T. ) ;
#1279 = CIRCLE ( 'NONE', #3057, 8.000000000000000000 ) ;
#1280 = PLANE ( 'NONE',  #4414 ) ;
#1281 = AXIS2_PLACEMENT_3D ( 'NONE', #3235, #2899, #1827 ) ;
#1282 = ORIENTED_EDGE ( 'NONE', *, *, #4265, .F. ) ;
#1283 = VERTEX_POINT ( 'NONE', #3528 ) ;
#1284 = ADVANCED_FACE ( 'PLANAR_4', ( #145, #164 ), #2144, .T. ) ;
#1285 = FACE_OUTER_BOUND ( 'NONE', #3122, .T. ) ;
#1286 = UNCERTAINTY_MEASURE_WITH_UNIT (LENGTH_MEASURE( 1.000000000000000082E-05 ), #3661, 'distance_accuracy_value', 'NONE');
#1287 = LINE ( 'NONE', #611, #3509 ) ;
#1288 = CARTESIAN_POINT ( 'NONE',  ( -21.50000000000000000, -3.000000000000001776, 15.00000000000000178 ) ) ;
#1289 = VECTOR ( 'NONE', #2217, 1000.000000000000000 ) ;
#1290 = ORIENTED_EDGE ( 'NONE', *, *, #3100, .T. ) ;
#1291 = DIRECTION ( 'NONE',  ( -0.0000000000000000000, 1.000000000000000000, -0.0000000000000000000 ) ) ;
#1292 = UNCERTAINTY_MEASURE_WITH_UNIT (LENGTH_MEASURE( 1.000000000000000082E-05 ), #1586, 'distance_accuracy_value', 'NONE');
#1293 = CARTESIAN_POINT ( 'NONE',  ( -17.50000000000000000, 1.734723475976807094E-15, 6.250000000000001776 ) ) ;
#1294 = ORIENTED_EDGE ( 'NONE', *, *, #228, .T. ) ;
#1295 = DIRECTION ( 'NONE',  ( -0.0000000000000000000, -0.0000000000000000000, -1.000000000000000000 ) ) ;
#1296 = VERTEX_POINT ( 'NONE', #1807 ) ;
#1297 = VECTOR ( 'NONE', #2326, 1000.000000000000000 ) ;
#1298 = AXIS2_PLACEMENT_3D ( 'NONE', #2379, #377, #1019 ) ;
#1299 = CARTESIAN_POINT ( 'NONE',  ( 21.50000000000000711, 0.0000000000000000000, 18.00000000000000355 ) ) ;
#1300 =( REPRESENTATION_RELATIONSHIP ('NONE','NONE', #3853, #3394 ) REPRESENTATION_RELATIONSHIP_WITH_TRANSFORMATION ( #706 )SHAPE_REPRESENTATION_RELATIONSHIP( ) );
#1301 = DIRECTION ( 'NONE',  ( -0.0000000000000000000, -0.0000000000000000000, 1.000000000000000000 ) ) ;
#1302 = EDGE_LOOP ( 'NONE', ( #2073, #3148, #775, #3665 ) ) ;
#1303 = VERTEX_POINT ( 'NONE', #1788 ) ;
#1304 = EDGE_CURVE ( 'NONE', #1795, #193, #481, .T. ) ;
#1305 = DIRECTION ( 'NONE',  ( -0.0000000000000000000, 0.0000000000000000000, -1.000000000000000000 ) ) ;
#1306 = ORIENTED_EDGE ( 'NONE', *, *, #2722, .F. ) ;
#1307 = ORIENTED_EDGE ( 'NONE', *, *, #809, .F. ) ;
#1308 = FACE_OUTER_BOUND ( 'NONE', #1560, .T. ) ;
#1309 = FACE_OUTER_BOUND ( 'NONE', #4313, .T. ) ;
#1310 = VECTOR ( 'NONE', #891, 1000.000000000000000 ) ;
#1311 = PLANE ( 'NONE',  #3028 ) ;
#1312 = FACE_OUTER_BOUND ( 'NONE', #3511, .T. ) ;
#1313 = CARTESIAN_POINT ( 'NONE',  ( 0.0000000000000000000, -3.000000000000003553, 0.0000000000000000000 ) ) ;
#1314 = ORIENTED_EDGE ( 'NONE', *, *, #2399, .F. ) ;
#1315 =( NAMED_UNIT ( * ) SI_UNIT ( $, .STERADIAN. ) SOLID_ANGLE_UNIT ( ) );
#1316 = PRESENTATION_STYLE_ASSIGNMENT (( #4384 ) ) ;
#1317 = VERTEX_POINT ( 'NONE', #3916 ) ;
#1318 = ADVANCED_FACE ( 'NONE', ( #522 ), #456, .T. ) ;
#1319 = CARTESIAN_POINT ( 'NONE',  ( 0.0000000000000000000, 0.0000000000000000000, -9.000000000000001776 ) ) ;
#1320 = CARTESIAN_POINT ( 'NONE',  ( 0.0000000000000000000, 0.0000000000000000000, -18.00000000000000355 ) ) ;
#1321 = ORIENTED_EDGE ( 'NONE', *, *, #2515, .T. ) ;
#1322 = VERTEX_POINT ( 'NONE', #1481 ) ;
#1323 = CARTESIAN_POINT ( 'NONE',  ( -8.485281374238573093, 0.4999999999999978351, 18.00000000000000355 ) ) ;
#1324 = EDGE_LOOP ( 'NONE', ( #2537, #2765, #1976, #1669 ) ) ;
#1325 = ORIENTED_EDGE ( 'NONE', *, *, #1088, .T. ) ;
#1326 = PRESENTATION_LAYER_ASSIGNMENT (  '', '', ( #3830 ) ) ;
#1327 = SURFACE_STYLE_USAGE ( .BOTH. , #3339 ) ;
#1328 = CARTESIAN_POINT ( 'NONE',  ( -8.500000000000000000, -1.734723475976807094E-15, -9.000000000000001776 ) ) ;
#1329 = DIRECTION ( 'NONE',  ( -1.000000000000000000, -0.0000000000000000000, -1.084202172485504434E-16 ) ) ;
#1330 =( GEOMETRIC_REPRESENTATION_CONTEXT ( 3 ) GLOBAL_UNCERTAINTY_ASSIGNED_CONTEXT ( ( #1942 ) ) GLOBAL_UNIT_ASSIGNED_CONTEXT ( ( #3556, #1507, #842 ) ) REPRESENTATION_CONTEXT ( 'NONE', 'WORKASPACE' ) );
#1331 = CARTESIAN_POINT ( 'NONE',  ( 3.499999999999997335, 0.0000000000000000000, -18.00000000000000355 ) ) ;
#1332 = DIRECTION ( 'NONE',  ( 1.000000000000000000, 0.0000000000000000000, -1.224492004374497928E-16 ) ) ;
#1333 = ORIENTED_EDGE ( 'NONE', *, *, #3948, .T. ) ;
#1334 = AXIS2_PLACEMENT_3D ( 'NONE', #1320, #3667, #3713 ) ;
#1335 = DIRECTION ( 'NONE',  ( 1.000000000000000000, 0.0000000000000000000, -4.440892098500626162E-16 ) ) ;
#1336 = CARTESIAN_POINT ( 'NONE',  ( -23.49999999999999645, -3.469446951953614189E-15, 18.00000000000000355 ) ) ;
#1337 = ORIENTED_EDGE ( 'NONE', *, *, #1480, .T. ) ;
#1338 = EDGE_CURVE ( 'NONE', #2786, #3607, #3932, .T. ) ;
#1339 = DIRECTION ( 'NONE',  ( -0.0000000000000000000, -1.000000000000000000, -0.0000000000000000000 ) ) ;
#1340 = VECTOR ( 'NONE', #4040, 1000.000000000000000 ) ;
#1341 = CARTESIAN_POINT ( 'NONE',  ( 17.50000000000000711, -7.999999999999992895, -8.998999999999997002 ) ) ;
#1342 = VERTEX_POINT ( 'NONE', #882 ) ;
#1343 = CARTESIAN_POINT ( 'NONE',  ( -21.50000000000000000, -3.000000000000001776, 7.000000000000000888 ) ) ;
#1344 = EDGE_LOOP ( 'NONE', ( #4342, #3785, #4164, #4112 ) ) ;
#1345 = ORIENTED_EDGE ( 'NONE', *, *, #407, .T. ) ;
#1346 = EDGE_CURVE ( 'NONE', #2492, #649, #3250, .T. ) ;
#1347 = DIRECTION ( 'NONE',  ( 1.000000000000000000, 0.0000000000000000000, 0.0000000000000000000 ) ) ;
#1348 = CYLINDRICAL_SURFACE ( 'NONE', #4205, 8.000000000000000000 ) ;
#1349 = CARTESIAN_POINT ( 'NONE',  ( 0.0000000000000000000, -3.000000000000001776, 0.0000000000000000000 ) ) ;
#1350 = LINE ( 'NONE', #2306, #605 ) ;
#1351 = AXIS2_PLACEMENT_3D ( 'NONE', #2292, #3594, #2600 ) ;
#1352 = AXIS2_PLACEMENT_3D ( 'NONE', #3224, #122, #3160 ) ;
#1353 = DIRECTION ( 'NONE',  ( -0.0000000000000000000, 0.0000000000000000000, -1.000000000000000000 ) ) ;
#1354 = LINE ( 'NONE', #1744, #144 ) ;
#1355 = EDGE_LOOP ( 'NONE', ( #4377, #322, #3323, #933 ) ) ;
#1356 =( NAMED_UNIT ( * ) PLANE_ANGLE_UNIT ( ) SI_UNIT ( $, .RADIAN. ) );
#1357 = VECTOR ( 'NONE', #1045, 1000.000000000000000 ) ;
#1358 = CARTESIAN_POINT ( 'NONE',  ( 4.000000000000000000, 0.0000000000000000000, 18.00000000000000355 ) ) ;
#1359 = CARTESIAN_POINT ( 'NONE',  ( -21.50000000000000000, -3.000000000000001776, -14.99999999999999822 ) ) ;
#1360 = AXIS2_PLACEMENT_3D ( 'NONE', #896, #4283, #3628 ) ;
#1361 = LINE ( 'NONE', #1026, #2103 ) ;
#1362 = VECTOR ( 'NONE', #393, 1000.000000000000000 ) ;
#1363 = ORIENTED_EDGE ( 'NONE', *, *, #2664, .F. ) ;
#1364 = CARTESIAN_POINT ( 'NONE',  ( -17.50000000000000000, -1.071565949253933966E-14, -18.00000000000000355 ) ) ;
#1365 = ORIENTED_EDGE ( 'NONE', *, *, #343, .T. ) ;
#1366 = EDGE_LOOP ( 'NONE', ( #3488, #3502, #654, #3245 ) ) ;
#1367 = EDGE_CURVE ( 'NONE', #3062, #2285, #3497, .T. ) ;
#1368 = CARTESIAN_POINT ( 'NONE',  ( -8.499999999999996447, -8.421052631578946901, 9.000000000000000000 ) ) ;
#1369 = CARTESIAN_POINT ( 'NONE',  ( -9.014718625761439341, -1.843143693225357538E-15, -9.001000000000001222 ) ) ;
#1370 = PLANE ( 'NONE',  #3709 ) ;
#1371 = LINE ( 'NONE', #1608, #1174 ) ;
#1372 = EDGE_LOOP ( 'NONE', ( #750, #4039, #1441, #4200, #1207 ) ) ;
#1373 = CARTESIAN_POINT ( 'NONE',  ( 9.014718625761439341, 0.5000000000000024425, -8.998999999999997002 ) ) ;
#1374 = CARTESIAN_POINT ( 'NONE',  ( -8.500000000000000000, -1.734723475976807094E-15, 0.0000000000000000000 ) ) ;
#1375 = FILL_AREA_STYLE ('',( #3777 ) ) ;
#1376 = CARTESIAN_POINT ( 'NONE',  ( -8.485281374238573093, -1.734723475976807094E-15, 9.000000000000000000 ) ) ;
#1377 = EDGE_CURVE ( 'NONE', #2149, #3305, #2550, .T. ) ;
#1378 = SURFACE_STYLE_USAGE ( .BOTH. , #2046 ) ;
#1379 = CARTESIAN_POINT ( 'NONE',  ( -3.999999999999994671, -8.000000000000003553, -14.99999999999999645 ) ) ;
#1380 = ORIENTED_EDGE ( 'NONE', *, *, #2172, .F. ) ;
#1381 = STYLED_ITEM ( 'NONE', ( #4419 ), #269 ) ;
#1382 = ORIENTED_EDGE ( 'NONE', *, *, #66, .F. ) ;
#1383 = ORIENTED_EDGE ( 'NONE', *, *, #3918, .F. ) ;
#1384 = LINE ( 'NONE', #408, #2440 ) ;
#1385 = EDGE_CURVE ( 'NONE', #3062, #1421, #860, .T. ) ;
#1386 = DIRECTION ( 'NONE',  ( -1.000000000000000000, 0.0000000000000000000, 0.0000000000000000000 ) ) ;
#1387 = DIRECTION ( 'NONE',  ( 0.0000000000000000000, 0.0000000000000000000, 1.000000000000000000 ) ) ;
#1388 = CIRCLE ( 'NONE', #3320, 4.000000000000000000 ) ;
#1389 = CARTESIAN_POINT ( 'NONE',  ( -8.485281374238573093, -1.734723475976807094E-15, 18.00000000000000355 ) ) ;
#1390 = ADVANCED_FACE ( 'PLANAR_0', ( #1224 ), #1546, .F. ) ;
#1391 = COLOUR_RGB ( '',0.7490196078431372584, 0.7490196078431372584, 0.7490196078431372584 ) ;
#1392 = EDGE_LOOP ( 'NONE', ( #1504, #4135, #1383, #583, #3720 ) ) ;
#1393 = FACE_OUTER_BOUND ( 'NONE', #1701, .T. ) ;
#1394 = CARTESIAN_POINT ( 'NONE',  ( -21.50000000000000000, -1.022580077288039749E-14, -18.00000000000000355 ) ) ;
#1395 = ORIENTED_EDGE ( 'NONE', *, *, #4076, .F. ) ;
#1396 = CIRCLE ( 'NONE', #1601, 0.5000000000000004441 ) ;
#1397 = DIRECTION ( 'NONE',  ( 2.449293598294706414E-16, -1.000000000000000000, 0.0000000000000000000 ) ) ;
#1398 = EDGE_CURVE ( 'NONE', #4406, #916, #1636, .T. ) ;
#1399 = FACE_OUTER_BOUND ( 'NONE', #723, .T. ) ;
#1400 = CONICAL_SURFACE ( 'NONE', #186, 6.250000000000000000, 0.7853981633974480570 ) ;
#1401 = ORIENTED_EDGE ( 'NONE', *, *, #4056, .F. ) ;
#1402 = ORIENTED_EDGE ( 'NONE', *, *, #4265, .T. ) ;
#1403 = EDGE_CURVE ( 'NONE', #942, #2149, #2554, .T. ) ;
#1404 = DIRECTION ( 'NONE',  ( -1.000000000000000000, 0.0000000000000000000, 0.0000000000000000000 ) ) ;
#1405 = CARTESIAN_POINT ( 'NONE',  ( 17.50000000000000711, 0.0000000000000000000, 0.001000000000001000089 ) ) ;
#1406 = DIRECTION ( 'NONE',  ( -0.0000000000000000000, 1.000000000000000000, 0.0000000000000000000 ) ) ;
#1407 = LINE ( 'NONE', #2832, #1448 ) ;
#1408 = ADVANCED_FACE ( 'NONE', ( #1656 ), #4113, .T. ) ;
#1409 = VERTEX_POINT ( 'NONE', #4422 ) ;
#1410 = EDGE_LOOP ( 'NONE', ( #3562, #2262 ) ) ;
#1411 = CARTESIAN_POINT ( 'NONE',  ( -21.50000000000000000, -3.000000000000001776, 7.000000000000000888 ) ) ;
#1412 = CARTESIAN_POINT ( 'NONE',  ( -13.50000000000000178, -3.000000000000001776, -6.999999999999997335 ) ) ;
#1413 = ORIENTED_EDGE ( 'NONE', *, *, #3565, .F. ) ;
#1414 = VECTOR ( 'NONE', #1757, 1000.000000000000000 ) ;
#1415 = AXIS2_PLACEMENT_3D ( 'NONE', #1373, #2978, #4355 ) ;
#1416 = LINE ( 'NONE', #4222, #3044 ) ;
#1417 = DIRECTION ( 'NONE',  ( 1.000000000000000000, 0.0000000000000000000, 0.0000000000000000000 ) ) ;
#1418 = AXIS2_PLACEMENT_3D ( 'NONE', #2695, #2007, #1664 ) ;
#1419 = VERTEX_POINT ( 'NONE', #2731 ) ;
#1420 = AXIS2_PLACEMENT_3D ( 'NONE', #3674, #3977, #944 ) ;
#1421 = VERTEX_POINT ( 'NONE', #2710 ) ;
#1422 = LINE ( 'NONE', #365, #2167 ) ;
#1423 = ORIENTED_EDGE ( 'NONE', *, *, #1338, .T. ) ;
#1424 = MECHANICAL_DESIGN_GEOMETRIC_PRESENTATION_REPRESENTATION (  '', ( #1776 ), #500 ) ;
#1425 = EDGE_CURVE ( 'NONE', #2775, #2492, #637, .T. ) ;
#1426 = CARTESIAN_POINT ( 'NONE',  ( 17.50000000000000000, 0.0000000000000000000, 9.001000000000002998 ) ) ;
#1427 = PLANE ( 'NONE',  #4280 ) ;
#1428 = DIRECTION ( 'NONE',  ( 1.000000000000000000, 0.0000000000000000000, 0.0000000000000000000 ) ) ;
#1429 = ORIENTED_EDGE ( 'NONE', *, *, #1733, .F. ) ;
#1430 = CARTESIAN_POINT ( 'NONE',  ( -21.50000000000000000, -3.000000000000001776, -14.99999999999999822 ) ) ;
#1431 = DIRECTION ( 'NONE',  ( -1.000000000000000000, 0.0000000000000000000, 0.0000000000000000000 ) ) ;
#1432 = VERTEX_POINT ( 'NONE', #3048 ) ;
#1433 = CARTESIAN_POINT ( 'NONE',  ( -9.014718625761439341, 0.4999999999999968914, 18.00000000000000355 ) ) ;
#1434 = DIRECTION ( 'NONE',  ( 0.0000000000000000000, 0.0000000000000000000, 1.000000000000000000 ) ) ;
#1435 = CARTESIAN_POINT ( 'NONE',  ( -27.00000000000000000, -8.000000000000001776, 18.00000000000000355 ) ) ;
#1436 = MECHANICAL_DESIGN_GEOMETRIC_PRESENTATION_REPRESENTATION (  '', ( #3451 ), #156 ) ;
#1437 = EDGE_CURVE ( 'NONE', #4043, #577, #1678, .T. ) ;
#1438 = EDGE_LOOP ( 'NONE', ( #259, #1047, #560, #3058 ) ) ;
#1439 = VERTEX_POINT ( 'NONE', #3775 ) ;
#1440 = DIRECTION ( 'NONE',  ( 1.000000000000000000, 0.0000000000000000000, 0.0000000000000000000 ) ) ;
#1441 = ORIENTED_EDGE ( 'NONE', *, *, #2515, .F. ) ;
#1442 = LINE ( 'NONE', #4130, #3013 ) ;
#1443 = FACE_OUTER_BOUND ( 'NONE', #3404, .T. ) ;
#1444 = ADVANCED_FACE ( 'PLANAR_9', ( #3023, #1312 ), #614, .F. ) ;
#1445 = SURFACE_STYLE_USAGE ( .BOTH. , #3133 ) ;
#1446 = VERTEX_POINT ( 'NONE', #2331 ) ;
#1447 = LINE ( 'NONE', #3862, #501 ) ;
#1448 = VECTOR ( 'NONE', #1141, 1000.000000000000000 ) ;
#1449 = CARTESIAN_POINT ( 'NONE',  ( -8.485281374238573093, -1.734723475976807094E-15, -9.000000000000001776 ) ) ;
#1450 = SURFACE_STYLE_FILL_AREA ( #1375 ) ;
#1451 = DIRECTION ( 'NONE',  ( -1.000000000000000000, 0.0000000000000000000, 0.0000000000000000000 ) ) ;
#1452 = COLOUR_RGB ( '',0.7490196078431372584, 0.7490196078431372584, 0.7490196078431372584 ) ;
#1453 = CARTESIAN_POINT ( 'NONE',  ( 0.0000000000000000000, 1.734723475976807094E-15, 6.250000000000000000 ) ) ;
#1454 = VECTOR ( 'NONE', #3149, 1000.000000000000000 ) ;
#1455 = EDGE_CURVE ( 'NONE', #3544, #4259, #845, .T. ) ;
#1456 = LINE ( 'NONE', #398, #112 ) ;
#1457 = CARTESIAN_POINT ( 'NONE',  ( -13.50000000000000355, -3.000000000000001776, 7.000000000000000888 ) ) ;
#1458 = ORIENTED_EDGE ( 'NONE', *, *, #740, .T. ) ;
#1459 =( GEOMETRIC_REPRESENTATION_CONTEXT ( 3 ) GLOBAL_UNCERTAINTY_ASSIGNED_CONTEXT ( ( #159 ) ) GLOBAL_UNIT_ASSIGNED_CONTEXT ( ( #734, #3765, #2473 ) ) REPRESENTATION_CONTEXT ( 'NONE', 'WORKASPACE' ) );
#1460 = ORIENTED_EDGE ( 'NONE', *, *, #2941, .F. ) ;
#1461 = EDGE_CURVE ( 'NONE', #3300, #279, #4400, .T. ) ;
#1462 = ORIENTED_EDGE ( 'NONE', *, *, #1544, .T. ) ;
#1463 = VECTOR ( 'NONE', #2314, 1000.000000000000000 ) ;
#1464 = DIRECTION ( 'NONE',  ( -0.0000000000000000000, -0.0000000000000000000, -1.000000000000000000 ) ) ;
#1465 = VERTEX_POINT ( 'NONE', #4027 ) ;
#1466 = VECTOR ( 'NONE', #1339, 1000.000000000000000 ) ;
#1467 = CARTESIAN_POINT ( 'NONE',  ( -3.999999999999994671, -3.000000000000003553, 15.00000000000000355 ) ) ;
#1468 = DIRECTION ( 'NONE',  ( -1.000000000000000000, 0.0000000000000000000, 0.0000000000000000000 ) ) ;
#1469 =( NAMED_UNIT ( * ) PLANE_ANGLE_UNIT ( ) SI_UNIT ( $, .RADIAN. ) );
#1470 = CARTESIAN_POINT ( 'NONE',  ( 4.000000000000000000, 0.0000000000000000000, -18.00000000000000355 ) ) ;
#1471 = STYLED_ITEM ( 'NONE', ( #4234 ), #3332 ) ;
#1472 = CARTESIAN_POINT ( 'NONE',  ( -21.50000000000000000, -1.022580077288039749E-14, -0.001000000000000510246 ) ) ;
#1473 = EDGE_CURVE ( 'NONE', #3573, #2513, #2308, .T. ) ;
#1474 = VERTEX_POINT ( 'NONE', #1331 ) ;
#1475 = CARTESIAN_POINT ( 'NONE',  ( -21.50000000000000000, -3.000000000000001776, -14.99999999999999822 ) ) ;
#1476 = DIRECTION ( 'NONE',  ( 0.0000000000000000000, 0.0000000000000000000, 1.000000000000000000 ) ) ;
#1477 = CARTESIAN_POINT ( 'NONE',  ( -8.500000000000000000, -8.000000000000001776, 0.0000000000000000000 ) ) ;
#1478 = CARTESIAN_POINT ( 'NONE',  ( -7.986147175753948169, 0.4705882352941190283, 18.00000000000000355 ) ) ;
#1479 = EDGE_CURVE ( 'NONE', #1231, #2957, #1456, .T. ) ;
#1480 = EDGE_CURVE ( 'NONE', #574, #3861, #2689, .T. ) ;
#1481 = CARTESIAN_POINT ( 'NONE',  ( -9.513852824246059825, 0.4705882352941141988, -18.00000000000000355 ) ) ;
#1482 = CARTESIAN_POINT ( 'NONE',  ( 0.0000000000000000000, 0.0000000000000000000, -9.000000000000001776 ) ) ;
#1483 = AXIS2_PLACEMENT_3D ( 'NONE', #737, #2095, #3042 ) ;
#1484 = ORIENTED_EDGE ( 'NONE', *, *, #2916, .T. ) ;
#1485 = ORIENTED_EDGE ( 'NONE', *, *, #3225, .T. ) ;
#1486 = CIRCLE ( 'NONE', #3130, 4.000000000000000000 ) ;
#1487 = EDGE_CURVE ( 'NONE', #232, #2939, #2772, .T. ) ;
#1488 = VECTOR ( 'NONE', #4334, 1000.000000000000000 ) ;
#1489 = DIRECTION ( 'NONE',  ( -3.854941057726238097E-16, -4.453800912306771149E-32, -1.000000000000000000 ) ) ;
#1490 = ORIENTED_EDGE ( 'NONE', *, *, #866, .F. ) ;
#1491 = LINE ( 'NONE', #4186, #60 ) ;
#1492 = DIRECTION ( 'NONE',  ( -1.000000000000000000, 0.0000000000000000000, 0.0000000000000000000 ) ) ;
#1493 = CARTESIAN_POINT ( 'NONE',  ( 0.0000000000000000000, 0.0000000000000000000, -18.00000000000000355 ) ) ;
#1494 = CIRCLE ( 'NONE', #4019, 4.000000000000000000 ) ;
#1495 = EDGE_CURVE ( 'NONE', #2324, #3691, #11, .T. ) ;
#1496 = ADVANCED_FACE ( 'NONE', ( #2018 ), #683, .F. ) ;
#1497 = ORIENTED_EDGE ( 'NONE', *, *, #3134, .F. ) ;
#1498 =( NAMED_UNIT ( * ) PLANE_ANGLE_UNIT ( ) SI_UNIT ( $, .RADIAN. ) );
#1499 = DIRECTION ( 'NONE',  ( 1.000000000000000000, 0.0000000000000000000, 0.0000000000000000000 ) ) ;
#1500 = CARTESIAN_POINT ( 'NONE',  ( -21.50000000000000000, -8.000000000000001776, -6.999999999999997335 ) ) ;
#1501 = SURFACE_SIDE_STYLE ('',( #4196 ) ) ;
#1502 = DIRECTION ( 'NONE',  ( 1.000000000000000000, 0.0000000000000000000, 0.0000000000000000000 ) ) ;
#1503 = EDGE_CURVE ( 'NONE', #4411, #1886, #3415, .T. ) ;
#1504 = ORIENTED_EDGE ( 'NONE', *, *, #2584, .F. ) ;
#1505 = ORIENTED_EDGE ( 'NONE', *, *, #2521, .F. ) ;
#1506 = AXIS2_PLACEMENT_3D ( 'NONE', #2790, #3834, #2807 ) ;
#1507 =( NAMED_UNIT ( * ) PLANE_ANGLE_UNIT ( ) SI_UNIT ( $, .RADIAN. ) );
#1508 = ORIENTED_EDGE ( 'NONE', *, *, #3448, .F. ) ;
#1509 = PLANE ( 'NONE',  #924 ) ;
#1510 = DIRECTION ( 'NONE',  ( -0.0000000000000000000, -0.0000000000000000000, -1.000000000000000000 ) ) ;
#1511 = DIRECTION ( 'NONE',  ( 0.0000000000000000000, 0.0000000000000000000, 1.000000000000000000 ) ) ;
#1512 = DIRECTION ( 'NONE',  ( -0.0000000000000000000, -1.000000000000000000, -0.0000000000000000000 ) ) ;
#1513 = DIRECTION ( 'NONE',  ( 0.0000000000000000000, 0.0000000000000000000, 1.000000000000000000 ) ) ;
#1514 = EDGE_LOOP ( 'NONE', ( #2789, #2462, #893, #3324 ) ) ;
#1515 = EDGE_CURVE ( 'NONE', #1605, #366, #4078, .T. ) ;
#1516 = CARTESIAN_POINT ( 'NONE',  ( -17.50000000000000000, -8.000000000000007105, 3.250000000000001776 ) ) ;
#1517 = LINE ( 'NONE', #2461, #3141 ) ;
#1518 = DIRECTION ( 'NONE',  ( 1.000000000000000000, 0.0000000000000000000, 0.0000000000000000000 ) ) ;
#1519 = EDGE_CURVE ( 'NONE', #210, #4412, #950, .T. ) ;
#1520 = CYLINDRICAL_SURFACE ( 'NONE', #747, 0.4999999999999987232 ) ;
#1521 = ADVANCED_FACE ( 'NONE', ( #74 ), #762, .F. ) ;
#1522 = FACE_OUTER_BOUND ( 'NONE', #903, .T. ) ;
#1523 = DIRECTION ( 'NONE',  ( -3.854941057726238097E-16, -4.453800912306771149E-32, -1.000000000000000000 ) ) ;
#1524 = CARTESIAN_POINT ( 'NONE',  ( -17.50000000000000000, -1.071565949253933966E-14, 8.998999999999997002 ) ) ;
#1525 = ORIENTED_EDGE ( 'NONE', *, *, #1985, .T. ) ;
#1526 = ORIENTED_EDGE ( 'NONE', *, *, #1479, .T. ) ;
#1527 = EDGE_CURVE ( 'NONE', #2621, #3532, #2776, .T. ) ;
#1528 = DIRECTION ( 'NONE',  ( -0.0000000000000000000, -0.0000000000000000000, -1.000000000000000000 ) ) ;
#1529 = AXIS2_PLACEMENT_3D ( 'NONE', #2583, #129, #171 ) ;
#1530 = SURFACE_STYLE_FILL_AREA ( #2223 ) ;
#1531 = ORIENTED_EDGE ( 'NONE', *, *, #2941, .T. ) ;
#1532 = AXIS2_PLACEMENT_3D ( 'NONE', #169, #3596, #3666 ) ;
#1533 =( NAMED_UNIT ( * ) PLANE_ANGLE_UNIT ( ) SI_UNIT ( $, .RADIAN. ) );
#1534 = PLANE ( 'NONE',  #1281 ) ;
#1535 = CARTESIAN_POINT ( 'NONE',  ( -3.999999999999994671, -3.000000000000003553, 7.000000000000001776 ) ) ;
#1536 = DIRECTION ( 'NONE',  ( -1.000000000000000000, 0.0000000000000000000, 0.0000000000000000000 ) ) ;
#1537 = EDGE_CURVE ( 'NONE', #1593, #1958, #1760, .T. ) ;
#1538 = ORIENTED_EDGE ( 'NONE', *, *, #4014, .F. ) ;
#1539 = DIRECTION ( 'NONE',  ( 0.0000000000000000000, 0.0000000000000000000, 1.000000000000000000 ) ) ;
#1540 = DIRECTION ( 'NONE',  ( -0.0000000000000000000, 1.000000000000000000, -0.0000000000000000000 ) ) ;
#1541 = CARTESIAN_POINT ( 'NONE',  ( -21.50000000000000000, -8.000000000000001776, -6.999999999999997335 ) ) ;
#1542 = ORIENTED_EDGE ( 'NONE', *, *, #4103, .T. ) ;
#1543 = DIRECTION ( 'NONE',  ( -0.0000000000000000000, -1.000000000000000000, -0.0000000000000000000 ) ) ;
#1544 = EDGE_CURVE ( 'NONE', #2874, #2310, #2835, .T. ) ;
#1545 = CARTESIAN_POINT ( 'NONE',  ( 9.000000000000001776, -1.071565949253933966E-14, -18.00000000000000355 ) ) ;
#1546 = PLANE ( 'NONE',  #3858 ) ;
#1547 = EDGE_LOOP ( 'NONE', ( #567, #2868 ) ) ;
#1548 = CARTESIAN_POINT ( 'NONE',  ( -8.500000000000000000, -8.421052631578946901, 0.0000000000000000000 ) ) ;
#1549 = VERTEX_POINT ( 'NONE', #4173 ) ;
#1550 = DIRECTION ( 'NONE',  ( -0.0000000000000000000, -0.0000000000000000000, -1.000000000000000000 ) ) ;
#1551 = CIRCLE ( 'NONE', #3059, 0.5000000000000004441 ) ;
#1552 = DIRECTION ( 'NONE',  ( 0.0000000000000000000, 0.0000000000000000000, 1.000000000000000000 ) ) ;
#1553 = AXIS2_PLACEMENT_3D ( 'NONE', #1173, #458, #3919 ) ;
#1554 = VERTEX_POINT ( 'NONE', #1783 ) ;
#1555 = AXIS2_PLACEMENT_3D ( 'NONE', #3388, #329, #1972 ) ;
#1556 = CARTESIAN_POINT ( 'NONE',  ( 17.50000000000000711, 0.0000000000000000000, 17.49999999999999645 ) ) ;
#1557 = CARTESIAN_POINT ( 'NONE',  ( 0.0000000000000000000, -8.000000000000001776, 18.00000000000000355 ) ) ;
#1558 = EDGE_CURVE ( 'NONE', #435, #674, #453, .T. ) ;
#1559 = AXIS2_PLACEMENT_3D ( 'NONE', #1263, #2327, #3020 ) ;
#1560 = EDGE_LOOP ( 'NONE', ( #3533, #1836, #439, #2903 ) ) ;
#1561 = CARTESIAN_POINT ( 'NONE',  ( -13.50000000000000178, -3.000000000000001776, -15.00000000000000000 ) ) ;
#1562 = CARTESIAN_POINT ( 'NONE',  ( -8.485281374238573093, 0.4999999999999978351, 0.0000000000000000000 ) ) ;
#1563 = CARTESIAN_POINT ( 'NONE',  ( -3.999999999999994671, -3.000000000000003553, 15.00000000000000355 ) ) ;
#1564 = EDGE_LOOP ( 'NONE', ( #1646, #3400, #1641, #616, #3934 ) ) ;
#1565 = VECTOR ( 'NONE', #3604, 1000.000000000000000 ) ;
#1566 = DIRECTION ( 'NONE',  ( 1.155348641033115835E-16, -1.000000000000000000, 0.0000000000000000000 ) ) ;
#1567 =( GEOMETRIC_REPRESENTATION_CONTEXT ( 3 ) GLOBAL_UNCERTAINTY_ASSIGNED_CONTEXT ( ( #3980 ) ) GLOBAL_UNIT_ASSIGNED_CONTEXT ( ( #3801, #2041, #13 ) ) REPRESENTATION_CONTEXT ( 'NONE', 'WORKASPACE' ) );
#1568 = ORIENTED_EDGE ( 'NONE', *, *, #1658, .T. ) ;
#1569 = LINE ( 'NONE', #187, #3940 ) ;
#1570 = CARTESIAN_POINT ( 'NONE',  ( 0.0000000000000000000, 0.0000000000000000000, -18.00000000000000355 ) ) ;
#1571 = ORIENTED_EDGE ( 'NONE', *, *, #769, .F. ) ;
#1572 = ORIENTED_EDGE ( 'NONE', *, *, #3194, .F. ) ;
#1573 = CARTESIAN_POINT ( 'NONE',  ( -17.50000000000000000, -1.071565949253933966E-14, 18.00000000000000355 ) ) ;
#1574 = EDGE_LOOP ( 'NONE', ( #3294, #3125, #4199, #3009 ) ) ;
#1575 = LINE ( 'NONE', #194, #3477 ) ;
#1576 = EDGE_CURVE ( 'NONE', #3607, #2786, #994, .T. ) ;
#1577 = ADVANCED_FACE ( 'PLANAR_9', ( #2420, #2754 ), #4215, .F. ) ;
#1578 = CYLINDRICAL_SURFACE ( 'NONE', #613, 7.999999999999992895 ) ;
#1579 = VERTEX_POINT ( 'NONE', #114 ) ;
#1580 = CARTESIAN_POINT ( 'NONE',  ( -27.00000000000000000, -8.000000000000001776, -9.000000000000001776 ) ) ;
#1581 = CARTESIAN_POINT ( 'NONE',  ( 17.50000000000000711, 0.0000000000000000000, -8.998999999999997002 ) ) ;
#1582 = DIRECTION ( 'NONE',  ( 1.000000000000000000, 0.0000000000000000000, 0.0000000000000000000 ) ) ;
#1583 = EDGE_LOOP ( 'NONE', ( #446, #2053, #1082, #3481 ) ) ;
#1584 = ORIENTED_EDGE ( 'NONE', *, *, #1837, .F. ) ;
#1585 = EDGE_CURVE ( 'NONE', #3390, #3300, #1076, .T. ) ;
#1586 =( LENGTH_UNIT ( ) NAMED_UNIT ( * ) SI_UNIT ( .MILLI., .METRE. ) );
#1587 = UNCERTAINTY_MEASURE_WITH_UNIT (LENGTH_MEASURE( 1.000000000000000082E-05 ), #3917, 'distance_accuracy_value', 'NONE');
#1588 = SURFACE_SIDE_STYLE ('',( #1943 ) ) ;
#1589 = CARTESIAN_POINT ( 'NONE',  ( -23.74171876046054308, -0.008356827238762000454, 0.2953956034661318619 ) ) ;
#1590 = FACE_OUTER_BOUND ( 'NONE', #1832, .T. ) ;
#1591 = DIRECTION ( 'NONE',  ( 1.000000000000000000, 0.0000000000000000000, -2.168404344971008868E-16 ) ) ;
#1592 = CYLINDRICAL_SURFACE ( 'NONE', #4220, 4.000000000000000000 ) ;
#1593 = VERTEX_POINT ( 'NONE', #1145 ) ;
#1594 = EDGE_LOOP ( 'NONE', ( #1423, #2479 ) ) ;
#1595 = CARTESIAN_POINT ( 'NONE',  ( 4.000000000000000000, 0.0000000000000000000, -17.50000000000000000 ) ) ;
#1596 = ORIENTED_EDGE ( 'NONE', *, *, #4179, .T. ) ;
#1597 = CARTESIAN_POINT ( 'NONE',  ( 9.000000000000007105, 2.597578934483564804E-15, 18.00000000000000355 ) ) ;
#1598 = VECTOR ( 'NONE', #2436, 1000.000000000000000 ) ;
#1599 = EDGE_CURVE ( 'NONE', #3532, #2419, #1447, .T. ) ;
#1600 = VERTEX_POINT ( 'NONE', #2160 ) ;
#1601 = AXIS2_PLACEMENT_3D ( 'NONE', #1323, #2677, #4061 ) ;
#1602 = CARTESIAN_POINT ( 'NONE',  ( 3.499999999999997335, 0.0000000000000000000, -18.00000000000000355 ) ) ;
#1603 = ORIENTED_EDGE ( 'NONE', *, *, #2968, .F. ) ;
#1604 = VECTOR ( 'NONE', #4296, 1000.000000000000000 ) ;
#1605 = VERTEX_POINT ( 'NONE', #3114 ) ;
#1606 = DIRECTION ( 'NONE',  ( 0.0000000000000000000, 0.0000000000000000000, 1.000000000000000000 ) ) ;
#1607 = MECHANICAL_DESIGN_GEOMETRIC_PRESENTATION_REPRESENTATION (  '', ( #3410 ), #2469 ) ;
#1608 = CARTESIAN_POINT ( 'NONE',  ( -17.50000000000000000, 1.734723475976807094E-15, -6.249999999999998224 ) ) ;
#1609 = ADVANCED_FACE ( 'PLANAR_6', ( #3545, #1083 ), #3136, .F. ) ;
#1610 = EDGE_LOOP ( 'NONE', ( #2319, #1119, #3762, #1345 ) ) ;
#1611 = PRESENTATION_LAYER_ASSIGNMENT (  '', '', ( #978 ) ) ;
#1612 = LINE ( 'NONE', #1927, #3200 ) ;
#1613 = CARTESIAN_POINT ( 'NONE',  ( 0.0000000000000000000, 0.0000000000000000000, 18.00000000000000355 ) ) ;
#1614 = ORIENTED_EDGE ( 'NONE', *, *, #3788, .T. ) ;
#1615 =( LENGTH_UNIT ( ) NAMED_UNIT ( * ) SI_UNIT ( .MILLI., .METRE. ) );
#1616 = LINE ( 'NONE', #191, #2839 ) ;
#1617 = ORIENTED_EDGE ( 'NONE', *, *, #1114, .F. ) ;
#1618 = EDGE_CURVE ( 'NONE', #4043, #815, #3721, .T. ) ;
#1619 = FACE_OUTER_BOUND ( 'NONE', #1812, .T. ) ;
#1620 = DIRECTION ( 'NONE',  ( -0.0000000000000000000, -0.0000000000000000000, 1.000000000000000000 ) ) ;
#1621 = ORIENTED_EDGE ( 'NONE', *, *, #1993, .F. ) ;
#1622 = AXIS2_PLACEMENT_3D ( 'NONE', #2487, #2911, #2530 ) ;
#1623 = ORIENTED_EDGE ( 'NONE', *, *, #485, .T. ) ;
#1624 = VECTOR ( 'NONE', #1295, 1000.000000000000000 ) ;
#1625 = LINE ( 'NONE', #4393, #905 ) ;
#1626 = VECTOR ( 'NONE', #3942, 1000.000000000000000 ) ;
#1627 = ORIENTED_EDGE ( 'NONE', *, *, #150, .F. ) ;
#1628 = ORIENTED_EDGE ( 'NONE', *, *, #826, .T. ) ;
#1629 = PRODUCT_DEFINITION_CONTEXT ( 'detailed design', #2910, 'design' ) ;
#1630 =( NAMED_UNIT ( * ) SI_UNIT ( $, .STERADIAN. ) SOLID_ANGLE_UNIT ( ) );
#1631 = CARTESIAN_POINT ( 'NONE',  ( -23.72207802168104251, -0.006827029675490899410, 0.5914520586445622952 ) ) ;
#1632 = CARTESIAN_POINT ( 'NONE',  ( 17.50000000000000711, -7.999999999999991118, 18.00000000000000355 ) ) ;
#1633 = VECTOR ( 'NONE', #3097, 1000.000000000000000 ) ;
#1634 = EDGE_CURVE ( 'NONE', #1465, #2324, #3521, .T. ) ;
#1635 = CIRCLE ( 'NONE', #644, 7.999999999999992895 ) ;
#1636 = LINE ( 'NONE', #1702, #2988 ) ;
#1637 = CARTESIAN_POINT ( 'NONE',  ( 9.000000000000003553, 1.734723475976807094E-15, -8.998999999999997002 ) ) ;
#1638 = ORIENTED_EDGE ( 'NONE', *, *, #1799, .F. ) ;
#1639 = CARTESIAN_POINT ( 'NONE',  ( 0.0000000000000000000, 0.0000000000000000000, -17.50000000000000000 ) ) ;
#1640 = AXIS2_PLACEMENT_3D ( 'NONE', #2063, #3093, #1518 ) ;
#1641 = ORIENTED_EDGE ( 'NONE', *, *, #4103, .F. ) ;
#1642 = VECTOR ( 'NONE', #4192, 1000.000000000000000 ) ;
#1643 = DIRECTION ( 'NONE',  ( 0.0000000000000000000, 0.0000000000000000000, 1.000000000000000000 ) ) ;
#1644 = EDGE_CURVE ( 'NONE', #350, #1271, #3091, .T. ) ;
#1645 = CARTESIAN_POINT ( 'NONE',  ( 0.0000000000000000000, -8.000000000000001776, 18.00000000000000355 ) ) ;
#1646 = ORIENTED_EDGE ( 'NONE', *, *, #3225, .F. ) ;
#1647 = LINE ( 'NONE', #3359, #49 ) ;
#1648 = EDGE_LOOP ( 'NONE', ( #874, #1227, #3029, #1508 ) ) ;
#1649 = ORIENTED_EDGE ( 'NONE', *, *, #1048, .F. ) ;
#1650 = CARTESIAN_POINT ( 'NONE',  ( -13.50000000000000355, -8.000000000000001776, 7.000000000000000888 ) ) ;
#1651 = CARTESIAN_POINT ( 'NONE',  ( 0.0000000000000000000, 1.734723475976807094E-15, 2.527244646314049353E-17 ) ) ;
#1652 = AXIS2_PLACEMENT_3D ( 'NONE', #756, #2111, #3493 ) ;
#1653 = PLANE ( 'NONE',  #4118 ) ;
#1654 = ORIENTED_EDGE ( 'NONE', *, *, #2887, .T. ) ;
#1655 = ADVANCED_FACE ( 'NONE', ( #1393 ), #1743, .F. ) ;
#1656 = FACE_OUTER_BOUND ( 'NONE', #3924, .T. ) ;
#1658 = EDGE_CURVE ( 'NONE', #78, #2291, #3586, .T. ) ;
#1657 = CARTESIAN_POINT ( 'NONE',  ( -13.50000000000000178, -3.000000000000001776, 15.00000000000000000 ) ) ;
#1659 = ORIENTED_EDGE ( 'NONE', *, *, #1278, .F. ) ;
#1660 = APPLICATION_PROTOCOL_DEFINITION ( 'draft international standard', 'automotive_design', 1998, #2289 ) ;
#1661 = LINE ( 'NONE', #3052, #3469 ) ;
#1662 = ORIENTED_EDGE ( 'NONE', *, *, #967, .T. ) ;
#1663 = FACE_OUTER_BOUND ( 'NONE', #467, .T. ) ;
#1664 = DIRECTION ( 'NONE',  ( 1.000000000000000000, 0.0000000000000000000, 0.0000000000000000000 ) ) ;
#1665 = FILL_AREA_STYLE_COLOUR ( '', #3254 ) ;
#1666 = ORIENTED_EDGE ( 'NONE', *, *, #787, .T. ) ;
#1667 = EDGE_CURVE ( 'NONE', #3861, #1108, #2071, .T. ) ;
#1668 = VECTOR ( 'NONE', #2640, 1000.000000000000000 ) ;
#1669 = ORIENTED_EDGE ( 'NONE', *, *, #1259, .F. ) ;
#1670 = CARTESIAN_POINT ( 'NONE',  ( -13.50000000000000178, -1.071565949253933966E-14, -18.00000000000000355 ) ) ;
#1671 = EDGE_LOOP ( 'NONE', ( #3308, #793, #443, #1742 ) ) ;
#1672 = EDGE_LOOP ( 'NONE', ( #1525, #1814 ) ) ;
#1673 = DIRECTION ( 'NONE',  ( 0.0000000000000000000, -0.0000000000000000000, 1.000000000000000000 ) ) ;
#1674 = FILL_AREA_STYLE_COLOUR ( '', #2737 ) ;
#1675 = LINE ( 'NONE', #4349, #459 ) ;
#1676 = ORIENTED_EDGE ( 'NONE', *, *, #4179, .F. ) ;
#1677 = CONICAL_SURFACE ( 'NONE', #4183, 4.000000000000000000, 0.7853981633974482790 ) ;
#1678 = LINE ( 'NONE', #376, #282 ) ;
#1679 = CARTESIAN_POINT ( 'NONE',  ( 13.50000000000000888, 4.898587196589412829E-16, 18.00000000000000355 ) ) ;
#1680 = VERTEX_POINT ( 'NONE', #1516 ) ;
#1681 = AXIS2_PLACEMENT_3D ( 'NONE', #3309, #243, #1907 ) ;
#1682 =( NAMED_UNIT ( * ) PLANE_ANGLE_UNIT ( ) SI_UNIT ( $, .RADIAN. ) );
#1683 = ADVANCED_FACE ( 'NONE', ( #538 ), #3909, .F. ) ;
#1684 = CARTESIAN_POINT ( 'NONE',  ( -13.50000000000000178, -3.000000000000001776, 15.00000000000000000 ) ) ;
#1685 = LINE ( 'NONE', #314, #118 ) ;
#1686 = MECHANICAL_DESIGN_GEOMETRIC_PRESENTATION_REPRESENTATION (  '', ( #978 ), #1191 ) ;
#1687 = FACE_BOUND ( 'NONE', #2568, .T. ) ;
#1688 = CARTESIAN_POINT ( 'NONE',  ( -1.224413870966264288E-15, -8.000000000000003553, 0.001000000000004469536 ) ) ;
#1689 = EDGE_LOOP ( 'NONE', ( #3342, #2447, #651, #2224 ) ) ;
#1690 = ORIENTED_EDGE ( 'NONE', *, *, #1544, .F. ) ;
#1691 = DIRECTION ( 'NONE',  ( 1.000000000000000000, 0.0000000000000000000, 0.0000000000000000000 ) ) ;
#1692 = AXIS2_PLACEMENT_3D ( 'NONE', #2692, #3346, #3440 ) ;
#1693 = ORIENTED_EDGE ( 'NONE', *, *, #1338, .F. ) ;
#1694 = ORIENTED_EDGE ( 'NONE', *, *, #4373, .T. ) ;
#1695 = AXIS2_PLACEMENT_3D ( 'NONE', #2519, #450, #3191 ) ;
#1696 = PLANE ( 'NONE',  #3632 ) ;
#1697 = VECTOR ( 'NONE', #1718, 1000.000000000000000 ) ;
#1698 = CARTESIAN_POINT ( 'NONE',  ( -7.986147175753949945, 0.4705882352941191393, 9.000000000000000000 ) ) ;
#1699 = EDGE_CURVE ( 'NONE', #3327, #2874, #853, .T. ) ;
#1700 = AXIS2_PLACEMENT_3D ( 'NONE', #3253, #3945, #2219 ) ;
#1701 = EDGE_LOOP ( 'NONE', ( #1614, #3012 ) ) ;
#1702 = CARTESIAN_POINT ( 'NONE',  ( -27.00000000000000000, -8.000000000000001776, 0.0000000000000000000 ) ) ;
#1703 = DIRECTION ( 'NONE',  ( -1.000000000000000000, 0.0000000000000000000, 0.0000000000000000000 ) ) ;
#1704 = ORIENTED_EDGE ( 'NONE', *, *, #4111, .F. ) ;
#1705 = CARTESIAN_POINT ( 'NONE',  ( 0.0000000000000000000, 0.0000000000000000000, 0.0000000000000000000 ) ) ;
#1706 = AXIS2_PLACEMENT_3D ( 'NONE', #2619, #833, #238 ) ;
#1707 = DIRECTION ( 'NONE',  ( 0.0000000000000000000, 0.0000000000000000000, 1.000000000000000000 ) ) ;
#1708 = CARTESIAN_POINT ( 'NONE',  ( 9.000000000000005329, 1.734723475976807094E-15, 0.001000000000004816697 ) ) ;
#1709 = DIRECTION ( 'NONE',  ( -2.449293598294706414E-16, 1.000000000000000000, -0.0000000000000000000 ) ) ;
#1710 = AXIS2_PLACEMENT_3D ( 'NONE', #54, #3072, #2062 ) ;
#1711 = EDGE_LOOP ( 'NONE', ( #4182, #1918, #3273, #51, #2278 ) ) ;
#1712 = CLOSED_SHELL ( 'NONE', ( #4162, #3350, #300, #4236, #1027, #4378, #1171, #818, #3590, #4225, #3527, #170, #2316, #4081, #3162, #3053, #2542, #598, #1771, #447, #3316, #3823, #9, #480, #3692, #3037, #3986, #1521, #1496, #273, #1030, #2086, #287 ) ) ;
#1713 = EDGE_CURVE ( 'NONE', #2733, #1419, #3975, .T. ) ;
#1714 = SURFACE_STYLE_FILL_AREA ( #1029 ) ;
#1715 = VERTEX_POINT ( 'NONE', #1190 ) ;
#1716 = ORIENTED_EDGE ( 'NONE', *, *, #3512, .F. ) ;
#1717 = CARTESIAN_POINT ( 'NONE',  ( -13.50000000000000355, -3.000000000000001776, 7.000000000000000888 ) ) ;
#1718 = DIRECTION ( 'NONE',  ( 1.000000000000000000, -0.0000000000000000000, 0.0000000000000000000 ) ) ;
#1719 = CARTESIAN_POINT ( 'NONE',  ( -3.999999999999994671, -3.000000000000003553, -14.99999999999999645 ) ) ;
#1720 = CARTESIAN_POINT ( 'NONE',  ( 4.000000000000003553, -3.000000000000003553, 7.000000000000002665 ) ) ;
#1721 = EDGE_CURVE ( 'NONE', #1100, #3174, #1165, .T. ) ;
#1722 = ORIENTED_EDGE ( 'NONE', *, *, #2991, .F. ) ;
#1723 =( GEOMETRIC_REPRESENTATION_CONTEXT ( 3 ) GLOBAL_UNCERTAINTY_ASSIGNED_CONTEXT ( ( #3242 ) ) GLOBAL_UNIT_ASSIGNED_CONTEXT ( ( #4346, #2681, #4066 ) ) REPRESENTATION_CONTEXT ( 'NONE', 'WORKASPACE' ) );
#1724 = DIRECTION ( 'NONE',  ( -1.000000000000000000, -0.0000000000000000000, 2.168404344971009361E-16 ) ) ;
#1725 = CARTESIAN_POINT ( 'NONE',  ( 0.0000000000000000000, -8.000000000000001776, 18.00000000000000355 ) ) ;
#1726 = SURFACE_SIDE_STYLE ('',( #1450 ) ) ;
#1727 = SURFACE_STYLE_USAGE ( .BOTH. , #2064 ) ;
#1728 = DIRECTION ( 'NONE',  ( 0.0000000000000000000, 0.0000000000000000000, 1.000000000000000000 ) ) ;
#1729 = CARTESIAN_POINT ( 'NONE',  ( -3.999999999999994671, -8.000000000000003553, -14.99999999999999645 ) ) ;
#1730 = DIRECTION ( 'NONE',  ( 0.0000000000000000000, -0.0000000000000000000, -1.000000000000000000 ) ) ;
#1731 = ADVANCED_FACE ( 'NONE', ( #496 ), #2923, .T. ) ;
#1732 = VERTEX_POINT ( 'NONE', #2860 ) ;
#1733 = EDGE_CURVE ( 'NONE', #2762, #3327, #1871, .T. ) ;
#1734 = LINE ( 'NONE', #1072, #2320 ) ;
#1735 = EDGE_LOOP ( 'NONE', ( #168, #2543, #3626, #1863 ) ) ;
#1736 = CARTESIAN_POINT ( 'NONE',  ( -9.014718625761439341, 0.4999999999999968914, -0.001000000000004469536 ) ) ;
#1737 = DIRECTION ( 'NONE',  ( 1.000000000000000000, 3.061616997868382648E-16, 0.0000000000000000000 ) ) ;
#1738 = CARTESIAN_POINT ( 'NONE',  ( 0.0000000000000000000, 0.0000000000000000000, 18.00000000000000355 ) ) ;
#1739 = VECTOR ( 'NONE', #4047, 1000.000000000000000 ) ;
#1740 = VERTEX_POINT ( 'NONE', #1848 ) ;
#1741 = VECTOR ( 'NONE', #1543, 1000.000000000000000 ) ;
#1742 = ORIENTED_EDGE ( 'NONE', *, *, #1930, .T. ) ;
#1743 = PLANE ( 'NONE',  #1360 ) ;
#1744 = CARTESIAN_POINT ( 'NONE',  ( -8.485281374238573093, -3.361026734705063745E-15, 18.00000000000000355 ) ) ;
#1745 = EDGE_LOOP ( 'NONE', ( #308, #1538, #3925, #523 ) ) ;
#1746 = STYLED_ITEM ( 'NONE', ( #1049 ), #3598 ) ;
#1747 = CARTESIAN_POINT ( 'NONE',  ( 9.014718625761439341, 2.602085213965210642E-15, 9.001000000000002998 ) ) ;
#1748 = PRESENTATION_LAYER_ASSIGNMENT (  '', '', ( #2173 ) ) ;
#1749 = DIRECTION ( 'NONE',  ( 0.0000000000000000000, 0.7071067811865477948, 0.7071067811865473507 ) ) ;
#1750 = CARTESIAN_POINT ( 'NONE',  ( -23.49999999999999645, -3.469446951953614189E-15, -18.00000000000000355 ) ) ;
#1751 = EDGE_CURVE ( 'NONE', #2585, #2264, #4237, .T. ) ;
#1752 = ORIENTED_EDGE ( 'NONE', *, *, #3512, .T. ) ;
#1753 = DIRECTION ( 'NONE',  ( -0.0000000000000000000, 1.000000000000000000, -0.0000000000000000000 ) ) ;
#1754 = ORIENTED_EDGE ( 'NONE', *, *, #19, .T. ) ;
#1755 = DIRECTION ( 'NONE',  ( 0.0000000000000000000, 0.0000000000000000000, 1.000000000000000000 ) ) ;
#1756 = CARTESIAN_POINT ( 'NONE',  ( -27.00000000000000000, -8.000000000000001776, 9.000000000000000000 ) ) ;
#1757 = DIRECTION ( 'NONE',  ( -1.000000000000000000, -0.0000000000000000000, 2.168404344971008868E-16 ) ) ;
#1758 = DIRECTION ( 'NONE',  ( 1.000000000000000000, 0.0000000000000000000, -1.224492004374498914E-16 ) ) ;
#1759 = ORIENTED_EDGE ( 'NONE', *, *, #2642, .F. ) ;
#1760 = LINE ( 'NONE', #93, #636 ) ;
#1761 = UNCERTAINTY_MEASURE_WITH_UNIT (LENGTH_MEASURE( 1.000000000000000082E-05 ), #1615, 'distance_accuracy_value', 'NONE');
#1762 = LINE ( 'NONE', #1060, #4368 ) ;
#1763 = EDGE_CURVE ( 'NONE', #574, #1579, #4417, .T. ) ;
#1764 = CIRCLE ( 'NONE', #2626, 3.499999999999999556 ) ;
#1765 = DIRECTION ( 'NONE',  ( 0.0000000000000000000, -1.000000000000000000, 0.0000000000000000000 ) ) ;
#1766 = AXIS2_PLACEMENT_3D ( 'NONE', #3204, #2867, #2533 ) ;
#1767 = AXIS2_PLACEMENT_3D ( 'NONE', #995, #3437, #704 ) ;
#1768 = FACE_OUTER_BOUND ( 'NONE', #1069, .T. ) ;
#1769 = ORIENTED_EDGE ( 'NONE', *, *, #2854, .T. ) ;
#1770 = STYLED_ITEM ( 'NONE', ( #1784 ), #880 ) ;
#1771 = ADVANCED_FACE ( 'PLANAR_9', ( #3019, #3673 ), #2014, .F. ) ;
#1772 = VERTEX_POINT ( 'NONE', #301 ) ;
#1773 = VECTOR ( 'NONE', #3406, 1000.000000000000114 ) ;
#1774 = DIRECTION ( 'NONE',  ( -1.000000000000000000, 0.0000000000000000000, 0.0000000000000000000 ) ) ;
#1775 = ORIENTED_EDGE ( 'NONE', *, *, #4320, .F. ) ;
#1776 = STYLED_ITEM ( 'NONE', ( #3000 ), #197 ) ;
#1777 = FACE_OUTER_BOUND ( 'NONE', #364, .T. ) ;
#1778 = SURFACE_STYLE_FILL_AREA ( #4252 ) ;
#1779 = DIRECTION ( 'NONE',  ( -0.0000000000000000000, -0.0000000000000000000, -1.000000000000000000 ) ) ;
#1780 = LINE ( 'NONE', #1389, #1598 ) ;
#1781 = ORIENTED_EDGE ( 'NONE', *, *, #86, .T. ) ;
#1782 = ORIENTED_EDGE ( 'NONE', *, *, #794, .T. ) ;
#1783 = CARTESIAN_POINT ( 'NONE',  ( 13.50000000000000533, 4.898587196589410857E-16, 17.49999999999999645 ) ) ;
#1784 = PRESENTATION_STYLE_ASSIGNMENT (( #3546 ) ) ;
#1785 = CARTESIAN_POINT ( 'NONE',  ( -27.00000000000000000, -8.000000000000001776, 9.000000000000000000 ) ) ;
#1786 = DIRECTION ( 'NONE',  ( -0.0000000000000000000, 0.0000000000000000000, 1.000000000000000000 ) ) ;
#1787 = ADVANCED_FACE ( 'NONE', ( #1308 ), #3697, .T. ) ;
#1788 = CARTESIAN_POINT ( 'NONE',  ( -13.50000000000000178, -8.000000000000001776, -15.00000000000000000 ) ) ;
#1789 = DIRECTION ( 'NONE',  ( 0.0000000000000000000, -0.0000000000000000000, 1.000000000000000000 ) ) ;
#1790 = CIRCLE ( 'NONE', #3812, 4.000000000000000000 ) ;
#1791 = VERTEX_POINT ( 'NONE', #1650 ) ;
#1792 = ORIENTED_EDGE ( 'NONE', *, *, #787, .F. ) ;
#1793 = DIRECTION ( 'NONE',  ( -0.0000000000000000000, -0.0000000000000000000, 1.000000000000000000 ) ) ;
#1794 = ADVANCED_FACE ( 'NONE', ( #1285 ), #2974, .T. ) ;
#1795 = VERTEX_POINT ( 'NONE', #2660 ) ;
#1796 = FACE_OUTER_BOUND ( 'NONE', #4365, .T. ) ;
#1797 = SURFACE_STYLE_USAGE ( .BOTH. , #110 ) ;
#1798 = PRESENTATION_STYLE_ASSIGNMENT (( #1445 ) ) ;
#1799 = EDGE_CURVE ( 'NONE', #3327, #1258, #4044, .T. ) ;
#1800 = VERTEX_POINT ( 'NONE', #655 ) ;
#1801 = DIRECTION ( 'NONE',  ( -0.0000000000000000000, 0.0000000000000000000, 1.000000000000000000 ) ) ;
#1802 = AXIS2_PLACEMENT_3D ( 'NONE', #3816, #3456, #1428 ) ;
#1803 = CARTESIAN_POINT ( 'NONE',  ( -3.999999999999994671, -8.000000000000003553, -6.999999999999996447 ) ) ;
#1804 = DIRECTION ( 'NONE',  ( -0.0000000000000000000, -1.000000000000000000, -0.0000000000000000000 ) ) ;
#1805 = DIRECTION ( 'NONE',  ( -0.0000000000000000000, -0.0000000000000000000, -1.000000000000000000 ) ) ;
#1806 = AXIS2_PLACEMENT_3D ( 'NONE', #2547, #2592, #2863 ) ;
#1807 = CARTESIAN_POINT ( 'NONE',  ( -3.499999999999998224, 0.0000000000000000000, 18.00000000000000355 ) ) ;
#1808 = CARTESIAN_POINT ( 'NONE',  ( 0.0000000000000000000, -8.000000000000000000, 0.0000000000000000000 ) ) ;
#1809 = DIRECTION ( 'NONE',  ( 0.0000000000000000000, 0.0000000000000000000, 1.000000000000000000 ) ) ;
#1810 = VERTEX_POINT ( 'NONE', #323 ) ;
#1811 =( GEOMETRIC_REPRESENTATION_CONTEXT ( 3 ) GLOBAL_UNCERTAINTY_ASSIGNED_CONTEXT ( ( #2213 ) ) GLOBAL_UNIT_ASSIGNED_CONTEXT ( ( #2673, #3991, #3643 ) ) REPRESENTATION_CONTEXT ( 'NONE', 'WORKASPACE' ) );
#1812 = EDGE_LOOP ( 'NONE', ( #3184, #3408, #3499, #68 ) ) ;
#1813 = CIRCLE ( 'NONE', #2176, 4.000000000000003553 ) ;
#1814 = ORIENTED_EDGE ( 'NONE', *, *, #3718, .T. ) ;
#1815 = EDGE_CURVE ( 'NONE', #653, #4359, #3041, .T. ) ;
#1816 = FACE_OUTER_BOUND ( 'NONE', #3715, .T. ) ;
#1817 = ORIENTED_EDGE ( 'NONE', *, *, #604, .F. ) ;
#1818 = DIRECTION ( 'NONE',  ( -1.000000000000000000, 0.0000000000000000000, -0.0000000000000000000 ) ) ;
#1819 =( NAMED_UNIT ( * ) SI_UNIT ( $, .STERADIAN. ) SOLID_ANGLE_UNIT ( ) );
#1820 = PLANE ( 'NONE',  #2042 ) ;
#1821 = CYLINDRICAL_SURFACE ( 'NONE', #2760, 4.000000000000000000 ) ;
#1822 = EDGE_LOOP ( 'NONE', ( #2563, #1081 ) ) ;
#1823 = CARTESIAN_POINT ( 'NONE',  ( -17.50000000000000000, -2.999999999999999112, -3.249999999999999556 ) ) ;
#1824 = CARTESIAN_POINT ( 'NONE',  ( -8.500000000000000000, -1.736423990403941348E-15, 18.00000000000000355 ) ) ;
#1825 = ADVANCED_FACE ( 'NONE', ( #1052 ), #2394, .F. ) ;
#1826 = CIRCLE ( 'NONE', #1622, 4.000000000000000000 ) ;
#1827 = DIRECTION ( 'NONE',  ( 1.927256389264311319E-16, 0.0000000000000000000, 1.000000000000000000 ) ) ;
#1828 =( GEOMETRIC_REPRESENTATION_CONTEXT ( 3 ) GLOBAL_UNCERTAINTY_ASSIGNED_CONTEXT ( ( #1018 ) ) GLOBAL_UNIT_ASSIGNED_CONTEXT ( ( #2638, #1921, #1967 ) ) REPRESENTATION_CONTEXT ( 'NONE', 'WORKASPACE' ) );
#1829 = DIRECTION ( 'NONE',  ( 1.000000000000000000, 0.0000000000000000000, 0.0000000000000000000 ) ) ;
#1830 = VECTOR ( 'NONE', #1196, 1000.000000000000000 ) ;
#1831 = VERTEX_POINT ( 'NONE', #2475 ) ;
#1832 = EDGE_LOOP ( 'NONE', ( #695, #673, #2020, #2697 ) ) ;
#1833 = CIRCLE ( 'NONE', #3790, 4.000000000000000000 ) ;
#1834 = FACE_OUTER_BOUND ( 'NONE', #101, .T. ) ;
#1835 = EDGE_CURVE ( 'NONE', #4048, #587, #777, .T. ) ;
#1836 = ORIENTED_EDGE ( 'NONE', *, *, #2699, .T. ) ;
#1837 = EDGE_CURVE ( 'NONE', #653, #3423, #1790, .T. ) ;
#1838 = PRESENTATION_STYLE_ASSIGNMENT (( #2499 ) ) ;
#1839 = FACE_OUTER_BOUND ( 'NONE', #1051, .T. ) ;
#1840 = CARTESIAN_POINT ( 'NONE',  ( 0.0000000000000000000, 0.0000000000000000000, 2.527244646314049353E-17 ) ) ;
#1841 = CARTESIAN_POINT ( 'NONE',  ( -8.485281374238573093, -3.361026734705063745E-15, 18.00000000000000355 ) ) ;
#1842 = ADVANCED_FACE ( 'NONE', ( #1777 ), #698, .F. ) ;
#1843 = VECTOR ( 'NONE', #2838, 1000.000000000000000 ) ;
#1844 = EDGE_CURVE ( 'NONE', #3098, #1231, #1442, .T. ) ;
#1845 = AXIS2_PLACEMENT_3D ( 'NONE', #1919, #1539, #3241 ) ;
#1846 = AXIS2_PLACEMENT_3D ( 'NONE', #1613, #2937, #4028 ) ;
#1847 = ORIENTED_EDGE ( 'NONE', *, *, #2558, .T. ) ;
#1848 = CARTESIAN_POINT ( 'NONE',  ( 9.000000000000003553, -7.999999999999996447, -8.998999999999997002 ) ) ;
#1849 = UNCERTAINTY_MEASURE_WITH_UNIT (LENGTH_MEASURE( 1.000000000000000082E-05 ), #4277, 'distance_accuracy_value', 'NONE');
#1850 =( NAMED_UNIT ( * ) SI_UNIT ( $, .STERADIAN. ) SOLID_ANGLE_UNIT ( ) );
#1851 = DIRECTION ( 'NONE',  ( 0.0000000000000000000, 0.0000000000000000000, -1.000000000000000000 ) ) ;
#1852 = DIRECTION ( 'NONE',  ( -1.000000000000000000, 0.0000000000000000000, 0.0000000000000000000 ) ) ;
#1853 = EDGE_CURVE ( 'NONE', #508, #2400, #3473, .T. ) ;
#1854 = LINE ( 'NONE', #926, #289 ) ;
#1855 = CARTESIAN_POINT ( 'NONE',  ( -23.49999999999999645, -3.500000000000006661, -18.00000000000000355 ) ) ;
#1856 = CARTESIAN_POINT ( 'NONE',  ( 21.50000000000000711, 0.0000000000000000000, -8.998999999999997002 ) ) ;
#1857 = ORIENTED_EDGE ( 'NONE', *, *, #1487, .T. ) ;
#1858 = ORIENTED_EDGE ( 'NONE', *, *, #1367, .F. ) ;
#1859 = LINE ( 'NONE', #1252, #3039 ) ;
#1860 = AXIS2_PLACEMENT_3D ( 'NONE', #2094, #1404, #1755 ) ;
#1861 = EDGE_CURVE ( 'NONE', #2285, #2174, #1384, .T. ) ;
#1862 = DIRECTION ( 'NONE',  ( 1.000000000000000000, 0.0000000000000000000, 0.0000000000000000000 ) ) ;
#1863 = ORIENTED_EDGE ( 'NONE', *, *, #4239, .F. ) ;
#1864 = FILL_AREA_STYLE ('',( #531 ) ) ;
#1865 = EDGE_CURVE ( 'NONE', #2174, #1421, #946, .T. ) ;
#1866 = DIRECTION ( 'NONE',  ( 0.7071067811865460184, 8.659560562354913137E-17, -0.7071067811865489050 ) ) ;
#1867 = FACE_BOUND ( 'NONE', #3982, .T. ) ;
#1868 = DIRECTION ( 'NONE',  ( -0.0000000000000000000, -0.0000000000000000000, -1.000000000000000000 ) ) ;
#1869 =( NAMED_UNIT ( * ) PLANE_ANGLE_UNIT ( ) SI_UNIT ( $, .RADIAN. ) );
#1870 = ORIENTED_EDGE ( 'NONE', *, *, #3077, .T. ) ;
#1871 = LINE ( 'NONE', #1561, #1565 ) ;
#1872 = CARTESIAN_POINT ( 'NONE',  ( -21.50000000000000000, -3.000000000000001776, -6.999999999999997335 ) ) ;
#1873 = DIRECTION ( 'NONE',  ( 1.000000000000000000, 0.0000000000000000000, 0.0000000000000000000 ) ) ;
#1874 = CARTESIAN_POINT ( 'NONE',  ( -17.50000000000000000, -1.071565949253933966E-14, 8.998999999999997002 ) ) ;
#1875 = DIRECTION ( 'NONE',  ( 1.224585427126033517E-16, 0.0000000000000000000, 1.000000000000000000 ) ) ;
#1876 = CARTESIAN_POINT ( 'NONE',  ( -17.50000000000000000, -1.071565949253933966E-14, 8.998999999999997002 ) ) ;
#1877 = EDGE_LOOP ( 'NONE', ( #1584, #3520, #1413, #3657 ) ) ;
#1878 =( NAMED_UNIT ( * ) PLANE_ANGLE_UNIT ( ) SI_UNIT ( $, .RADIAN. ) );
#1879 = DIRECTION ( 'NONE',  ( -1.000000000000000000, 0.0000000000000000000, 3.854941057726238097E-16 ) ) ;
#1880 = ORIENTED_EDGE ( 'NONE', *, *, #4305, .F. ) ;
#1881 = AXIS2_PLACEMENT_3D ( 'NONE', #1639, #4425, #3094 ) ;
#1882 = CARTESIAN_POINT ( 'NONE',  ( 0.0000000000000000000, 0.0000000000000000000, 17.49999999999999645 ) ) ;
#1883 = ADVANCED_FACE ( 'CYL_4', ( #3129 ), #371, .F. ) ;
#1884 = MECHANICAL_DESIGN_GEOMETRIC_PRESENTATION_REPRESENTATION (  '', ( #535 ), #1330 ) ;
#1885 = DIRECTION ( 'NONE',  ( 0.0000000000000000000, 0.0000000000000000000, -1.000000000000000000 ) ) ;
#1886 = VERTEX_POINT ( 'NONE', #388 ) ;
#1887 = AXIS2_PLACEMENT_3D ( 'NONE', #4341, #2631, #937 ) ;
#1888 = DIRECTION ( 'NONE',  ( 1.000000000000000000, -9.912705577010325549E-17, -0.0000000000000000000 ) ) ;
#1889 = DIRECTION ( 'NONE',  ( -0.0000000000000000000, -0.0000000000000000000, -1.000000000000000000 ) ) ;
#1890 = DIRECTION ( 'NONE',  ( -0.0000000000000000000, -0.0000000000000000000, 1.000000000000000000 ) ) ;
#1891 = COLOUR_RGB ( '',0.7490196078431372584, 0.7490196078431372584, 0.7490196078431372584 ) ;
#1892 = ORIENTED_EDGE ( 'NONE', *, *, #696, .F. ) ;
#1893 = EDGE_CURVE ( 'NONE', #2919, #2612, #311, .T. ) ;
#1894 = SURFACE_STYLE_USAGE ( .BOTH. , #233 ) ;
#1895 = VECTOR ( 'NONE', #940, 1000.000000000000000 ) ;
#1896 = LINE ( 'NONE', #2281, #1213 ) ;
#1897 = FILL_AREA_STYLE ('',( #2905 ) ) ;
#1898 = VERTEX_POINT ( 'NONE', #2827 ) ;
#1899 = CARTESIAN_POINT ( 'NONE',  ( -23.74157699012337375, -0.008347015682732649225, -0.2985813191651295884 ) ) ;
#1900 = PRODUCT_DEFINITION_SHAPE ( 'NONE', 'NONE',  #4434 ) ;
#1901 = DIRECTION ( 'NONE',  ( 1.000000000000000000, 0.0000000000000000000, 0.0000000000000000000 ) ) ;
#1903 = EDGE_CURVE ( 'NONE', #3900, #1732, #1156, .T. ) ;
#1902 = CARTESIAN_POINT ( 'NONE',  ( 0.0000000000000000000, -8.000000000000000000, 0.0000000000000000000 ) ) ;
#1904 = ORIENTED_EDGE ( 'NONE', *, *, #3893, .T. ) ;
#1905 = DIRECTION ( 'NONE',  ( -0.0000000000000000000, -0.0000000000000000000, -1.000000000000000000 ) ) ;
#1906 = VERTEX_POINT ( 'NONE', #25 ) ;
#1907 = DIRECTION ( 'NONE',  ( 1.000000000000000000, 0.0000000000000000000, 0.0000000000000000000 ) ) ;
#1908 = ADVANCED_FACE ( 'PLANAR_5', ( #448 ), #46, .F. ) ;
#1909 = LINE ( 'NONE', #2894, #3104 ) ;
#1910 = ORIENTED_EDGE ( 'NONE', *, *, #1105, .F. ) ;
#1911 = EDGE_CURVE ( 'NONE', #1886, #1283, #1936, .T. ) ;
#1912 = CIRCLE ( 'NONE', #2633, 3.499999999999998224 ) ;
#1913 = FACE_OUTER_BOUND ( 'NONE', #1922, .T. ) ;
#1914 = CARTESIAN_POINT ( 'NONE',  ( -27.00000000000000000, -8.000000000000001776, -18.00000000000000355 ) ) ;
#1915 = SURFACE_SIDE_STYLE ('',( #230 ) ) ;
#1916 = ORIENTED_EDGE ( 'NONE', *, *, #625, .T. ) ;
#1917 = CIRCLE ( 'NONE', #420, 7.999999999999992895 ) ;
#1918 = ORIENTED_EDGE ( 'NONE', *, *, #840, .F. ) ;
#1919 = CARTESIAN_POINT ( 'NONE',  ( 0.0000000000000000000, 0.0000000000000000000, 18.00000000000000355 ) ) ;
#1920 = DIRECTION ( 'NONE',  ( 0.0000000000000000000, 0.0000000000000000000, 1.000000000000000000 ) ) ;
#1921 =( NAMED_UNIT ( * ) PLANE_ANGLE_UNIT ( ) SI_UNIT ( $, .RADIAN. ) );
#1922 = EDGE_LOOP ( 'NONE', ( #4064, #1460, #378, #1274 ) ) ;
#1923 = AXIS2_PLACEMENT_3D ( 'NONE', #206, #2231, #2212 ) ;
#1924 = AXIS2_PLACEMENT_3D ( 'NONE', #2596, #2980, #4335 ) ;
#1925 = LINE ( 'NONE', #236, #529 ) ;
#1926 = AXIS2_PLACEMENT_3D ( 'NONE', #209, #786, #3606 ) ;
#1927 = CARTESIAN_POINT ( 'NONE',  ( 4.000000000000000000, 0.0000000000000000000, 18.00000000000000355 ) ) ;
#1928 = FACE_OUTER_BOUND ( 'NONE', #2573, .T. ) ;
#1929 = ORIENTED_EDGE ( 'NONE', *, *, #4391, .T. ) ;
#1930 = EDGE_CURVE ( 'NONE', #1600, #3413, #4150, .T. ) ;
#1931 = CARTESIAN_POINT ( 'NONE',  ( -21.50000000000000000, -8.000000000000001776, 15.00000000000000178 ) ) ;
#1932 = VERTEX_POINT ( 'NONE', #1096 ) ;
#1933 = PLANE ( 'NONE',  #1183 ) ;
#1934 = CARTESIAN_POINT ( 'NONE',  ( -23.49999999999999645, 1.734723475976807094E-15, 1.750000000000021538 ) ) ;
#1935 = ORIENTED_EDGE ( 'NONE', *, *, #2782, .T. ) ;
#1936 = CIRCLE ( 'NONE', #3664, 7.999999999999992895 ) ;
#1937 = ADVANCED_FACE ( 'CYL_2', ( #1796 ), #1115, .T. ) ;
#1938 = CARTESIAN_POINT ( 'NONE',  ( -4.000000000000000000, 4.898587196589412829E-16, -9.000000000000001776 ) ) ;
#1939 = ORIENTED_EDGE ( 'NONE', *, *, #3401, .T. ) ;
#1940 = ORIENTED_EDGE ( 'NONE', *, *, #993, .F. ) ;
#1941 = DIRECTION ( 'NONE',  ( -0.0000000000000000000, -0.0000000000000000000, 1.000000000000000000 ) ) ;
#1942 = UNCERTAINTY_MEASURE_WITH_UNIT (LENGTH_MEASURE( 1.000000000000000082E-05 ), #3556, 'distance_accuracy_value', 'NONE');
#1943 = SURFACE_STYLE_FILL_AREA ( #1966 ) ;
#1944 = DIRECTION ( 'NONE',  ( -0.0000000000000000000, -0.0000000000000000000, -1.000000000000000000 ) ) ;
#1945 = FACE_BOUND ( 'NONE', #1672, .T. ) ;
#1946 = EDGE_CURVE ( 'NONE', #2251, #2324, #108, .T. ) ;
#1947 = VERTEX_POINT ( 'NONE', #3926 ) ;
#1948 = FACE_BOUND ( 'NONE', #2740, .T. ) ;
#1949 = DIRECTION ( 'NONE',  ( 0.0000000000000000000, 0.0000000000000000000, 1.000000000000000000 ) ) ;
#1950 = ORIENTED_EDGE ( 'NONE', *, *, #563, .T. ) ;
#1951 = LINE ( 'NONE', #3571, #2346 ) ;
#1952 = ORIENTED_EDGE ( 'NONE', *, *, #2279, .T. ) ;
#1953 = LINE ( 'NONE', #907, #1463 ) ;
#1954 = AXIS2_PLACEMENT_3D ( 'NONE', #966, #4398, #3676 ) ;
#1955 = FACE_OUTER_BOUND ( 'NONE', #1410, .T. ) ;
#1956 = VECTOR ( 'NONE', #1397, 1000.000000000000000 ) ;
#1957 = EDGE_LOOP ( 'NONE', ( #3046, #2350, #1177, #405 ) ) ;
#1958 = VERTEX_POINT ( 'NONE', #846 ) ;
#1959 = EDGE_CURVE ( 'NONE', #639, #3345, #3580, .T. ) ;
#1960 = AXIS2_PLACEMENT_3D ( 'NONE', #3449, #105, #1774 ) ;
#1961 = DIRECTION ( 'NONE',  ( -1.000000000000000000, 0.0000000000000000000, 0.0000000000000000000 ) ) ;
#1962 = VERTEX_POINT ( 'NONE', #511 ) ;
#1963 = CIRCLE ( 'NONE', #2967, 7.999999999999992895 ) ;
#1964 = EDGE_LOOP ( 'NONE', ( #3251, #796, #659, #999 ) ) ;
#1965 = FILL_AREA_STYLE ('',( #675 ) ) ;
#1966 = FILL_AREA_STYLE ('',( #3653 ) ) ;
#1967 =( NAMED_UNIT ( * ) SI_UNIT ( $, .STERADIAN. ) SOLID_ANGLE_UNIT ( ) );
#1968 = AXIS2_PLACEMENT_3D ( 'NONE', #2717, #382, #3010 ) ;
#1969 = CARTESIAN_POINT ( 'NONE',  ( 9.000000000000007105, -7.999999999999996447, 18.00000000000000355 ) ) ;
#1970 = AXIS2_PLACEMENT_3D ( 'NONE', #2610, #1513, #3931 ) ;
#1971 = ADVANCED_FACE ( 'NONE', ( #2586 ), #3623, .F. ) ;
#1972 = DIRECTION ( 'NONE',  ( -2.168404344971009361E-16, 0.0000000000000000000, -1.000000000000000000 ) ) ;
#1973 = FACE_OUTER_BOUND ( 'NONE', #3040, .T. ) ;
#1974 = ORIENTED_EDGE ( 'NONE', *, *, #2606, .F. ) ;
#1975 = CARTESIAN_POINT ( 'NONE',  ( -8.500000000000000000, -8.000000000000001776, -18.00000000000000355 ) ) ;
#1976 = ORIENTED_EDGE ( 'NONE', *, *, #237, .T. ) ;
#1977 = PRODUCT_DEFINITION_SHAPE ( 'NONE', 'NONE',  #2907 ) ;
#1978 = LINE ( 'NONE', #292, #619 ) ;
#1979 = LINE ( 'NONE', #3355, #898 ) ;
#1980 = ORIENTED_EDGE ( 'NONE', *, *, #3240, .T. ) ;
#1981 = STYLED_ITEM ( 'NONE', ( #757 ), #1138 ) ;
#1982 = VERTEX_POINT ( 'NONE', #2180 ) ;
#1983 = AXIS2_PLACEMENT_3D ( 'NONE', #1738, #1387, #72 ) ;
#1984 = VECTOR ( 'NONE', #4197, 1000.000000000000000 ) ;
#1985 = EDGE_CURVE ( 'NONE', #2303, #2733, #2298, .T. ) ;
#1986 = CARTESIAN_POINT ( 'NONE',  ( -3.999999999999994671, -8.000000000000003553, 7.000000000000001776 ) ) ;
#1987 = AXIS2_PLACEMENT_3D ( 'NONE', #2865, #3181, #505 ) ;
#1988 = ORIENTED_EDGE ( 'NONE', *, *, #2003, .T. ) ;
#1989 = ADVANCED_FACE ( 'NONE', ( #173 ), #1184, .T. ) ;
#1990 = ORIENTED_EDGE ( 'NONE', *, *, #1893, .T. ) ;
#1991 = DIRECTION ( 'NONE',  ( -0.0000000000000000000, -0.0000000000000000000, -1.000000000000000000 ) ) ;
#1992 = CARTESIAN_POINT ( 'NONE',  ( 4.000000000000000000, 0.0000000000000000000, 0.0000000000000000000 ) ) ;
#1993 = EDGE_CURVE ( 'NONE', #3138, #639, #132, .T. ) ;
#1994 = DIRECTION ( 'NONE',  ( 1.000000000000000000, 3.061616997868382648E-16, -1.224585427126033517E-16 ) ) ;
#1995 = VECTOR ( 'NONE', #4241, 1000.000000000000000 ) ;
#1996 = AXIS2_PLACEMENT_3D ( 'NONE', #1651, #2999, #2571 ) ;
#1997 = CARTESIAN_POINT ( 'NONE',  ( -17.50000000000000000, 1.734723475976807094E-15, 2.143131898507868248E-15 ) ) ;
#1998 = UNCERTAINTY_MEASURE_WITH_UNIT (LENGTH_MEASURE( 1.000000000000000082E-05 ), #943, 'distance_accuracy_value', 'NONE');
#1999 = DIRECTION ( 'NONE',  ( 0.0000000000000000000, 0.0000000000000000000, 1.000000000000000000 ) ) ;
#2000 = ORIENTED_EDGE ( 'NONE', *, *, #2450, .F. ) ;
#2001 = PRODUCT_CONTEXT ( 'NONE', #3442, 'mechanical' ) ;
#2002 = CARTESIAN_POINT ( 'NONE',  ( -13.50000000000000178, -3.000000000000001776, -15.00000000000000000 ) ) ;
#2003 = EDGE_CURVE ( 'NONE', #2786, #2704, #555, .T. ) ;
#2004 = VECTOR ( 'NONE', #1944, 1000.000000000000000 ) ;
#2005 = ORIENTED_EDGE ( 'NONE', *, *, #563, .F. ) ;
#2006 = CARTESIAN_POINT ( 'NONE',  ( -23.49999999999999645, -3.469446951953614189E-15, -1.749999999999997113 ) ) ;
#2007 = DIRECTION ( 'NONE',  ( 0.0000000000000000000, 0.0000000000000000000, 1.000000000000000000 ) ) ;
#2008 = ORIENTED_EDGE ( 'NONE', *, *, #2175, .T. ) ;
#2009 = ORIENTED_EDGE ( 'NONE', *, *, #753, .T. ) ;
#2010 = DIRECTION ( 'NONE',  ( -0.0000000000000000000, -0.0000000000000000000, 1.000000000000000000 ) ) ;
#2011 = ORIENTED_EDGE ( 'NONE', *, *, #3844, .T. ) ;
#2012 = ORIENTED_EDGE ( 'NONE', *, *, #2145, .T. ) ;
#2013 = ADVANCED_FACE ( 'NONE', ( #3234 ), #1509, .F. ) ;
#2014 = PLANE ( 'NONE',  #2130 ) ;
#2015 = LINE ( 'NONE', #717, #1697 ) ;
#2016 = CARTESIAN_POINT ( 'NONE',  ( -13.50000000000000355, -8.000000000000001776, 7.000000000000000888 ) ) ;
#2017 = CARTESIAN_POINT ( 'NONE',  ( 4.000000000000005329, -8.000000000000003553, -14.99999999999999645 ) ) ;
#2018 = FACE_OUTER_BOUND ( 'NONE', #3966, .T. ) ;
#2019 = DIRECTION ( 'NONE',  ( -0.7071067811865474617, 0.0000000000000000000, -0.7071067811865474617 ) ) ;
#2020 = ORIENTED_EDGE ( 'NONE', *, *, #2200, .F. ) ;
#2021 = CARTESIAN_POINT ( 'NONE',  ( -8.499999999999996447, -8.421052631578946901, 9.000000000000000000 ) ) ;
#2022 = DIRECTION ( 'NONE',  ( -0.7071067811865487940, 8.659560562354948882E-17, 0.7071067811865463515 ) ) ;
#2023 = DIRECTION ( 'NONE',  ( -0.0000000000000000000, -0.0000000000000000000, -1.000000000000000000 ) ) ;
#2024 = CARTESIAN_POINT ( 'NONE',  ( -9.000000000000003553, -8.421052631578948677, -0.001000000000004816697 ) ) ;
#2025 = ORIENTED_EDGE ( 'NONE', *, *, #4239, .T. ) ;
#2026 = AXIS2_PLACEMENT_3D ( 'NONE', #304, #4376, #3385 ) ;
#2027 = ORIENTED_EDGE ( 'NONE', *, *, #939, .F. ) ;
#2028 = EDGE_CURVE ( 'NONE', #606, #3103, #799, .T. ) ;
#2029 = STYLED_ITEM ( 'NONE', ( #788 ), #2815 ) ;
#2030 = DIRECTION ( 'NONE',  ( 0.0000000000000000000, 0.0000000000000000000, 1.000000000000000000 ) ) ;
#2031 = ORIENTED_EDGE ( 'NONE', *, *, #3577, .T. ) ;
#2032 = VERTEX_POINT ( 'NONE', #1232 ) ;
#2033 = VECTOR ( 'NONE', #979, 1000.000000000000000 ) ;
#2034 = SURFACE_STYLE_FILL_AREA ( #3748 ) ;
#2035 = FACE_OUTER_BOUND ( 'NONE', #1957, .T. ) ;
#2036 = CARTESIAN_POINT ( 'NONE',  ( 4.000000000000000000, 0.0000000000000000000, -18.00000000000000355 ) ) ;
#2037 = AXIS2_PLACEMENT_3D ( 'NONE', #2157, #4255, #492 ) ;
#2038 = ORIENTED_EDGE ( 'NONE', *, *, #4339, .T. ) ;
#2039 = DIRECTION ( 'NONE',  ( 0.0000000000000000000, -1.000000000000000000, 0.0000000000000000000 ) ) ;
#2040 = DIRECTION ( 'NONE',  ( -0.0000000000000000000, -1.000000000000000000, -0.0000000000000000000 ) ) ;
#2041 =( NAMED_UNIT ( * ) PLANE_ANGLE_UNIT ( ) SI_UNIT ( $, .RADIAN. ) );
#2042 = AXIS2_PLACEMENT_3D ( 'NONE', #2901, #4276, #2184 ) ;
#2043 = CARTESIAN_POINT ( 'NONE',  ( -9.000000000000007105, -8.421052631578948677, -9.001000000000002998 ) ) ;
#2044 = STYLED_ITEM ( 'NONE', ( #2488 ), #1033 ) ;
#2045 = ADVANCED_FACE ( 'NONE', ( #1913 ), #2875, .F. ) ;
#2046 = SURFACE_SIDE_STYLE ('',( #1067 ) ) ;
#2047 = MECHANICAL_DESIGN_GEOMETRIC_PRESENTATION_REPRESENTATION (  '', ( #1471 ), #2330 ) ;
#2048 = CARTESIAN_POINT ( 'NONE',  ( -3.999999999999994671, -3.000000000000003553, 15.00000000000000355 ) ) ;
#2049 = CARTESIAN_POINT ( 'NONE',  ( -21.50000000000000000, -3.000000000000001776, -14.99999999999999822 ) ) ;
#2050 = ORIENTED_EDGE ( 'NONE', *, *, #2954, .T. ) ;
#2051 = EDGE_CURVE ( 'NONE', #2577, #217, #2538, .T. ) ;
#2052 = VERTEX_POINT ( 'NONE', #3262 ) ;
#2053 = ORIENTED_EDGE ( 'NONE', *, *, #4188, .F. ) ;
#2054 = CIRCLE ( 'NONE', #486, 3.500000000000003109 ) ;
#2055 = CARTESIAN_POINT ( 'NONE',  ( -17.50000000000000000, -2.999999999999999112, 2.143131898507868248E-15 ) ) ;
#2056 = CARTESIAN_POINT ( 'NONE',  ( 13.50000000000000888, 4.898587196589412829E-16, 0.001000000000001489931 ) ) ;
#2057 = FILL_AREA_STYLE_COLOUR ( '', #2345 ) ;
#2058 = DIRECTION ( 'NONE',  ( 0.0000000000000000000, 0.0000000000000000000, 1.000000000000000000 ) ) ;
#2059 = AXIS2_PLACEMENT_3D ( 'NONE', #1573, #4315, #885 ) ;
#2060 = ORIENTED_EDGE ( 'NONE', *, *, #3246, .F. ) ;
#2061 = DIRECTION ( 'NONE',  ( -1.000000000000000000, 0.0000000000000000000, 0.0000000000000000000 ) ) ;
#2062 = DIRECTION ( 'NONE',  ( -1.000000000000000000, 0.0000000000000000000, 0.0000000000000000000 ) ) ;
#2063 = CARTESIAN_POINT ( 'NONE',  ( 0.0000000000000000000, 0.0000000000000000000, -18.00000000000000355 ) ) ;
#2064 = SURFACE_SIDE_STYLE ('',( #2381 ) ) ;
#2065 = EDGE_CURVE ( 'NONE', #3997, #3471, #1133, .T. ) ;
#2066 = AXIS2_PLACEMENT_3D ( 'NONE', #3591, #1875, #3249 ) ;
#2067 = LINE ( 'NONE', #3734, #2165 ) ;
#2068 = ADVANCED_FACE ( 'NONE', ( #911 ), #1255, .F. ) ;
#2069 = CARTESIAN_POINT ( 'NONE',  ( -3.999999999999994671, -3.000000000000003553, -14.99999999999999645 ) ) ;
#2070 = PLANE ( 'NONE',  #69 ) ;
#2071 = CIRCLE ( 'NONE', #1845, 8.000000000000000000 ) ;
#2072 = AXIS2_PLACEMENT_3D ( 'NONE', #2357, #3659, #2956 ) ;
#2073 = ORIENTED_EDGE ( 'NONE', *, *, #3510, .T. ) ;
#2074 = CARTESIAN_POINT ( 'NONE',  ( -17.50000000000000000, -1.071565949253933966E-14, -18.00000000000000355 ) ) ;
#2075 = ORIENTED_EDGE ( 'NONE', *, *, #2325, .F. ) ;
#2076 = DIRECTION ( 'NONE',  ( -0.0000000000000000000, 1.000000000000000000, -0.0000000000000000000 ) ) ;
#2077 = CARTESIAN_POINT ( 'NONE',  ( -13.50000000000000178, -3.000000000000001776, -15.00000000000000000 ) ) ;
#2078 = SURFACE_STYLE_FILL_AREA ( #3454 ) ;
#2079 =( LENGTH_UNIT ( ) NAMED_UNIT ( * ) SI_UNIT ( .MILLI., .METRE. ) );
#2080 = ORIENTED_EDGE ( 'NONE', *, *, #3999, .F. ) ;
#2081 = ORIENTED_EDGE ( 'NONE', *, *, #1844, .T. ) ;
#2082 = SURFACE_STYLE_FILL_AREA ( #3797 ) ;
#2083 = UNCERTAINTY_MEASURE_WITH_UNIT (LENGTH_MEASURE( 1.000000000000000082E-05 ), #90, 'distance_accuracy_value', 'NONE');
#2084 = CARTESIAN_POINT ( 'NONE',  ( -8.499999999999992895, -8.000000000000001776, 17.99999999999999645 ) ) ;
#2085 = ORIENTED_EDGE ( 'NONE', *, *, #2593, .F. ) ;
#2086 = ADVANCED_FACE ( 'NONE', ( #504 ), #163, .F. ) ;
#2087 = CARTESIAN_POINT ( 'NONE',  ( -9.000000000000003553, -3.469446951953614189E-15, 8.998999999999997002 ) ) ;
#2088 = DIRECTION ( 'NONE',  ( 1.000000000000000000, 0.0000000000000000000, 0.0000000000000000000 ) ) ;
#2089 = LINE ( 'NONE', #4408, #1633 ) ;
#2090 = ORIENTED_EDGE ( 'NONE', *, *, #2051, .T. ) ;
#2091 = DIRECTION ( 'NONE',  ( -1.000000000000000000, 0.0000000000000000000, 0.0000000000000000000 ) ) ;
#2092 = EDGE_LOOP ( 'NONE', ( #179, #3829, #4085, #2949, #214, #425 ) ) ;
#2093 = ADVANCED_FACE ( 'NONE', ( #1948, #3979, #544, #1522 ), #1169, .F. ) ;
#2094 = CARTESIAN_POINT ( 'NONE',  ( -8.500000000000000000, -8.421052631578946901, -18.00100000000000477 ) ) ;
#2095 = DIRECTION ( 'NONE',  ( 1.224585427126033517E-16, 2.999369247224782659E-32, 1.000000000000000000 ) ) ;
#2096 = DIRECTION ( 'NONE',  ( -0.0000000000000000000, 1.000000000000000000, -0.0000000000000000000 ) ) ;
#2097 = VECTOR ( 'NONE', #2382, 1000.000000000000000 ) ;
#2098 = ORIENTED_EDGE ( 'NONE', *, *, #1558, .F. ) ;
#2099 = CARTESIAN_POINT ( 'NONE',  ( -9.513852824246059825, 0.4705882352941141988, 8.998999999999997002 ) ) ;
#2100 = COLOUR_RGB ( '',0.7490196078431372584, 0.7490196078431372584, 0.7490196078431372584 ) ;
#2101 = CARTESIAN_POINT ( 'NONE',  ( -8.500000000000000000, -3.500000000000006661, -18.00000000000000355 ) ) ;
#2102 = EDGE_CURVE ( 'NONE', #2597, #3312, #1833, .T. ) ;
#2103 = VECTOR ( 'NONE', #690, 1000.000000000000000 ) ;
#2104 = CYLINDRICAL_SURFACE ( 'NONE', #2915, 4.000000000000003553 ) ;
#2105 = STYLED_ITEM ( 'NONE', ( #594 ), #3871 ) ;
#2106 = ORIENTED_EDGE ( 'NONE', *, *, #3445, .T. ) ;
#2107 = AXIS2_PLACEMENT_3D ( 'NONE', #4104, #2030, #1691 ) ;
#2108 = ORIENTED_EDGE ( 'NONE', *, *, #1618, .F. ) ;
#2109 = FACE_OUTER_BOUND ( 'NONE', #464, .T. ) ;
#2110 = ORIENTED_EDGE ( 'NONE', *, *, #3555, .T. ) ;
#2111 = DIRECTION ( 'NONE',  ( -0.0000000000000000000, -0.0000000000000000000, -1.000000000000000000 ) ) ;
#2112 = EDGE_CURVE ( 'NONE', #217, #3766, #3658, .T. ) ;
#2113 = DIRECTION ( 'NONE',  ( 0.0000000000000000000, 0.0000000000000000000, -1.000000000000000000 ) ) ;
#2114 = DIRECTION ( 'NONE',  ( -0.0000000000000000000, 0.0000000000000000000, -1.000000000000000000 ) ) ;
#2115 = CARTESIAN_POINT ( 'NONE',  ( 3.499999999999998224, 4.592425496802572986E-16, 18.00000000000000355 ) ) ;
#2116 = ORIENTED_EDGE ( 'NONE', *, *, #3939, .T. ) ;
#2117 = DIRECTION ( 'NONE',  ( 1.000000000000000000, 0.0000000000000000000, -2.168404344971008868E-16 ) ) ;
#2118 = CYLINDRICAL_SURFACE ( 'NONE', #1559, 4.000000000000000000 ) ;
#2119 = AXIS2_PLACEMENT_3D ( 'NONE', #3725, #1673, #4418 ) ;
#2120 = ORIENTED_EDGE ( 'NONE', *, *, #3106, .F. ) ;
#2121 =( LENGTH_UNIT ( ) NAMED_UNIT ( * ) SI_UNIT ( .MILLI., .METRE. ) );
#2122 = CIRCLE ( 'NONE', #63, 6.250000000000000000 ) ;
#2123 = VECTOR ( 'NONE', #970, 1000.000000000000000 ) ;
#2124 = CARTESIAN_POINT ( 'NONE',  ( 9.000000000000007105, -7.999999999999992895, 9.001000000000002998 ) ) ;
#2125 = EDGE_CURVE ( 'NONE', #1831, #366, #2529, .T. ) ;
#2126 = DIRECTION ( 'NONE',  ( -1.000000000000000000, -3.061616997868382648E-16, 0.0000000000000000000 ) ) ;
#2127 = ORIENTED_EDGE ( 'NONE', *, *, #1527, .F. ) ;
#2128 = AXIS2_PLACEMENT_3D ( 'NONE', #3363, #2661, #1216 ) ;
#2129 = ORIENTED_EDGE ( 'NONE', *, *, #3217, .T. ) ;
#2130 = AXIS2_PLACEMENT_3D ( 'NONE', #1368, #3383, #1347 ) ;
#2131 = CARTESIAN_POINT ( 'NONE',  ( -17.50000000000000000, -8.000000000000003553, 18.00000000000000355 ) ) ;
#2132 = ORIENTED_EDGE ( 'NONE', *, *, #1042, .T. ) ;
#2133 = CLOSED_SHELL ( 'NONE', ( #21, #4257, #1794, #1181, #4386, #1009, #461, #537, #3407, #609, #1937, #1390, #2507, #516, #1883, #3014, #387, #1228, #1908, #1609, #2618, #3468, #1577, #2602, #3804, #472, #2512, #1842, #1971, #1197, #1825, #2013, #3447, #2045, #2191, #1655, #2788, #2815, #1787, #3598, #1023 ) ) ;
#2134 = APPLICATION_CONTEXT ( 'automotive_design' ) ;
#2135 = DIRECTION ( 'NONE',  ( 1.000000000000000000, 0.0000000000000000000, 0.0000000000000000000 ) ) ;
#2136 = DIRECTION ( 'NONE',  ( 0.0000000000000000000, -0.0000000000000000000, -1.000000000000000000 ) ) ;
#2137 = SURFACE_STYLE_FILL_AREA ( #3154 ) ;
#2138 = EDGE_LOOP ( 'NONE', ( #941, #510, #1497, #2230 ) ) ;
#2139 = DIRECTION ( 'NONE',  ( -0.0000000000000000000, 1.000000000000000000, -0.0000000000000000000 ) ) ;
#2140 = DIRECTION ( 'NONE',  ( -1.000000000000000000, 0.0000000000000000000, 0.0000000000000000000 ) ) ;
#2141 = SURFACE_SIDE_STYLE ('',( #3269 ) ) ;
#2142 = CONTEXT_DEPENDENT_SHAPE_REPRESENTATION ( #1300, #2580 ) ;
#2143 = CARTESIAN_POINT ( 'NONE',  ( 9.797174393178831574E-16, -8.000000000000003553, -18.00000000000000355 ) ) ;
#2145 = EDGE_CURVE ( 'NONE', #3946, #339, #3941, .T. ) ;
#2144 = PLANE ( 'NONE',  #839 ) ;
#2146 = DIRECTION ( 'NONE',  ( 0.0000000000000000000, 0.0000000000000000000, 1.000000000000000000 ) ) ;
#2147 = DIRECTION ( 'NONE',  ( -0.0000000000000000000, -1.000000000000000000, -0.0000000000000000000 ) ) ;
#2148 = ORIENTED_EDGE ( 'NONE', *, *, #2448, .F. ) ;
#2149 = VERTEX_POINT ( 'NONE', #859 ) ;
#2150 = VERTEX_POINT ( 'NONE', #2288 ) ;
#2151 = CARTESIAN_POINT ( 'NONE',  ( 17.50000000000000000, 0.0000000000000000000, -18.00000000000000355 ) ) ;
#2152 = ORIENTED_EDGE ( 'NONE', *, *, #360, .T. ) ;
#2153 = EDGE_CURVE ( 'NONE', #2522, #1906, #4266, .T. ) ;
#2154 =( LENGTH_UNIT ( ) NAMED_UNIT ( * ) SI_UNIT ( .MILLI., .METRE. ) );
#2155 = CYLINDRICAL_SURFACE ( 'NONE', #2985, 3.500000000000003109 ) ;
#2156 = LINE ( 'NONE', #3928, #2414 ) ;
#2157 = CARTESIAN_POINT ( 'NONE',  ( 0.0000000000000000000, 0.0000000000000000000, 17.49999999999999645 ) ) ;
#2158 = LINE ( 'NONE', #2478, #2235 ) ;
#2159 = VERTEX_POINT ( 'NONE', #1223 ) ;
#2160 = CARTESIAN_POINT ( 'NONE',  ( -3.999999999999994671, -3.000000000000003553, -6.999999999999996447 ) ) ;
#2161 = CIRCLE ( 'NONE', #2524, 3.250000000000001332 ) ;
#2162 = CARTESIAN_POINT ( 'NONE',  ( -8.485281374238573093, -1.734723475976807094E-15, 9.000000000000000000 ) ) ;
#2163 = DIRECTION ( 'NONE',  ( -1.000000000000000000, -0.0000000000000000000, 2.168404344971009361E-16 ) ) ;
#2164 = CARTESIAN_POINT ( 'NONE',  ( -21.50000000000000000, -3.000000000000001776, -6.999999999999997335 ) ) ;
#2165 = VECTOR ( 'NONE', #2670, 1000.000000000000000 ) ;
#2166 = CARTESIAN_POINT ( 'NONE',  ( -8.499999999999992895, -8.000000000000001776, 17.99999999999999645 ) ) ;
#2167 = VECTOR ( 'NONE', #1793, 1000.000000000000000 ) ;
#2168 = DIRECTION ( 'NONE',  ( -0.0000000000000000000, -0.0000000000000000000, -1.000000000000000000 ) ) ;
#2169 = EDGE_CURVE ( 'NONE', #2597, #2774, #1612, .T. ) ;
#2170 = CARTESIAN_POINT ( 'NONE',  ( 0.0000000000000000000, 1.734723475976807094E-15, 2.527244646314049353E-17 ) ) ;
#2171 = EDGE_LOOP ( 'NONE', ( #3314, #2724, #1251, #321 ) ) ;
#2172 = EDGE_CURVE ( 'NONE', #4105, #1898, #2885, .T. ) ;
#2173 = STYLED_ITEM ( 'NONE', ( #3033 ), #3832 ) ;
#2174 = VERTEX_POINT ( 'NONE', #1195 ) ;
#2175 = EDGE_CURVE ( 'NONE', #3312, #3462, #2236, .T. ) ;
#2176 = AXIS2_PLACEMENT_3D ( 'NONE', #748, #790, #2088 ) ;
#2177 = DIRECTION ( 'NONE',  ( -0.0000000000000000000, -0.0000000000000000000, -1.000000000000000000 ) ) ;
#2178 = ORIENTED_EDGE ( 'NONE', *, *, #3870, .F. ) ;
#2179 = EDGE_CURVE ( 'NONE', #508, #3098, #521, .T. ) ;
#2180 = CARTESIAN_POINT ( 'NONE',  ( 4.000000000000000000, 0.0000000000000000000, 17.49999999999999645 ) ) ;
#2181 = CARTESIAN_POINT ( 'NONE',  ( 0.0000000000000000000, -3.000000000000001776, 0.0000000000000000000 ) ) ;
#2182 = DIRECTION ( 'NONE',  ( -0.0000000000000000000, -0.0000000000000000000, 1.000000000000000000 ) ) ;
#2183 = EDGE_CURVE ( 'NONE', #1593, #4010, #2422, .T. ) ;
#2184 = DIRECTION ( 'NONE',  ( 1.000000000000000000, 0.0000000000000000000, -0.0000000000000000000 ) ) ;
#2185 = FILL_AREA_STYLE ('',( #2858 ) ) ;
#2186 = EDGE_LOOP ( 'NONE', ( #2579, #972, #1294, #4344 ) ) ;
#2187 = DIRECTION ( 'NONE',  ( -1.000000000000000000, -1.155348641033115835E-16, 0.0000000000000000000 ) ) ;
#2188 = DIRECTION ( 'NONE',  ( -0.0000000000000000000, 0.0000000000000000000, 1.000000000000000000 ) ) ;
#2189 = DIRECTION ( 'NONE',  ( -1.000000000000000000, 0.0000000000000000000, -0.0000000000000000000 ) ) ;
#2190 = MECHANICAL_DESIGN_GEOMETRIC_PRESENTATION_REPRESENTATION (  '', ( #3197 ), #3852 ) ;
#2191 = ADVANCED_FACE ( 'NONE', ( #3275 ), #3915, .F. ) ;
#2192 = CARTESIAN_POINT ( 'NONE',  ( -8.499999999999996447, -1.736423990403940559E-15, 9.000000000000000000 ) ) ;
#2193 = DIRECTION ( 'NONE',  ( 0.0000000000000000000, 0.7071067811865477948, 0.7071067811865473507 ) ) ;
#2194 = CIRCLE ( 'NONE', #841, 3.499999999999997335 ) ;
#2195 = AXIS2_PLACEMENT_3D ( 'NONE', #1524, #2889, #1198 ) ;
#2196 = DIRECTION ( 'NONE',  ( -0.0000000000000000000, 1.000000000000000000, -0.0000000000000000000 ) ) ;
#2197 = VECTOR ( 'NONE', #1523, 1000.000000000000000 ) ;
#2198 = VERTEX_POINT ( 'NONE', #2192 ) ;
#2199 = ORIENTED_EDGE ( 'NONE', *, *, #3328, .T. ) ;
#2200 = EDGE_CURVE ( 'NONE', #721, #1732, #1854, .T. ) ;
#2201 = AXIS2_PLACEMENT_3D ( 'NONE', #199, #2274, #4322 ) ;
#2202 = DIRECTION ( 'NONE',  ( 1.000000000000000000, 0.0000000000000000000, 0.0000000000000000000 ) ) ;
#2203 =( GEOMETRIC_REPRESENTATION_CONTEXT ( 3 ) GLOBAL_UNCERTAINTY_ASSIGNED_CONTEXT ( ( #257 ) ) GLOBAL_UNIT_ASSIGNED_CONTEXT ( ( #2505, #1498, #1850 ) ) REPRESENTATION_CONTEXT ( 'NONE', 'WORKASPACE' ) );
#2204 = VERTEX_POINT ( 'NONE', #3223 ) ;
#2205 = DIRECTION ( 'NONE',  ( 1.000000000000000000, -0.0000000000000000000, 0.0000000000000000000 ) ) ;
#2206 = DIRECTION ( 'NONE',  ( 0.0000000000000000000, -0.0000000000000000000, 1.000000000000000000 ) ) ;
#2207 = DIRECTION ( 'NONE',  ( 0.0000000000000000000, 0.0000000000000000000, 1.000000000000000000 ) ) ;
#2208 = LINE ( 'NONE', #3953, #3548 ) ;
#2209 = LINE ( 'NONE', #3238, #4133 ) ;
#2210 = CLOSED_SHELL ( 'NONE', ( #1731, #197, #880, #3744, #3412, #3828, #2266, #600, #1318, #1157, #2412, #3735, #2897, #1408, #4134, #2720, #2093, #3646, #3922, #380, #2872, #2630, #318, #1284, #1203, #80, #319, #2365, #1444, #4149, #2927, #3806, #3662, #2758, #414, #948, #551, #3455, #62, #56, #1064, #2068, #2560, #3701, #1683, #3171, #4121, #586, #296, #1138, #386, #1989, #3332, #3832 ) ) ;
#2211 = ORIENTED_EDGE ( 'NONE', *, *, #868, .T. ) ;
#2212 = DIRECTION ( 'NONE',  ( 1.000000000000000000, 0.0000000000000000000, 0.0000000000000000000 ) ) ;
#2213 = UNCERTAINTY_MEASURE_WITH_UNIT (LENGTH_MEASURE( 1.000000000000000082E-05 ), #2673, 'distance_accuracy_value', 'NONE');
#2214 = DIRECTION ( 'NONE',  ( -0.0000000000000000000, -0.0000000000000000000, -1.000000000000000000 ) ) ;
#2215 = CARTESIAN_POINT ( 'NONE',  ( -23.72207802168104251, -0.006827029675490899410, 0.5914520586445622952 ) ) ;
#2216 = EDGE_CURVE ( 'NONE', #1831, #312, #4212, .T. ) ;
#2217 = DIRECTION ( 'NONE',  ( -1.000000000000000000, -0.0000000000000000000, 2.168404344971008868E-16 ) ) ;
#2218 = CARTESIAN_POINT ( 'NONE',  ( -25.49999999999999645, -1.071565949253933966E-14, 18.00000000000000355 ) ) ;
#2219 = DIRECTION ( 'NONE',  ( 0.0000000000000000000, -0.0000000000000000000, 1.000000000000000000 ) ) ;
#2220 = ORIENTED_EDGE ( 'NONE', *, *, #3619, .T. ) ;
#2221 = DIRECTION ( 'NONE',  ( 1.000000000000000000, 0.0000000000000000000, 0.0000000000000000000 ) ) ;
#2222 = AXIS2_PLACEMENT_3D ( 'NONE', #1736, #3086, #736 ) ;
#2223 = FILL_AREA_STYLE ('',( #1158 ) ) ;
#2224 = ORIENTED_EDGE ( 'NONE', *, *, #4381, .T. ) ;
#2225 = DIRECTION ( 'NONE',  ( -0.0000000000000000000, -0.0000000000000000000, 1.000000000000000000 ) ) ;
#2226 = SURFACE_STYLE_FILL_AREA ( #4232 ) ;
#2227 = CARTESIAN_POINT ( 'NONE',  ( -21.50000000000000000, -3.000000000000001776, -6.999999999999997335 ) ) ;
#2228 = FACE_OUTER_BOUND ( 'NONE', #1366, .T. ) ;
#2229 = EDGE_CURVE ( 'NONE', #232, #1247, #1569, .T. ) ;
#2230 = ORIENTED_EDGE ( 'NONE', *, *, #2642, .T. ) ;
#2231 = DIRECTION ( 'NONE',  ( -0.0000000000000000000, -0.0000000000000000000, 1.000000000000000000 ) ) ;
#2232 = CARTESIAN_POINT ( 'NONE',  ( -13.50000000000000178, -8.000000000000001776, -15.00000000000000000 ) ) ;
#2233 = DIRECTION ( 'NONE',  ( -1.000000000000000000, 0.0000000000000000000, 0.0000000000000000000 ) ) ;
#2234 = LINE ( 'NONE', #4002, #1741 ) ;
#2235 = VECTOR ( 'NONE', #2810, 1000.000000000000000 ) ;
#2236 = LINE ( 'NONE', #3609, #3641 ) ;
#2237 = CARTESIAN_POINT ( 'NONE',  ( 4.000000000000003553, -3.000000000000003553, 7.000000000000002665 ) ) ;
#2238 = ORIENTED_EDGE ( 'NONE', *, *, #3458, .T. ) ;
#2239 = SHAPE_REPRESENTATION_RELATIONSHIP ( 'NONE' , 'NONE' ,  #290, #3871 ) ;
#2240 = LINE ( 'NONE', #904, #204 ) ;
#2241 = EDGE_CURVE ( 'NONE', #1680, #4043, #1002, .T. ) ;
#2242 = VERTEX_POINT ( 'NONE', #3055 ) ;
#2243 = DIRECTION ( 'NONE',  ( -0.0000000000000000000, -0.0000000000000000000, 1.000000000000000000 ) ) ;
#2244 = CARTESIAN_POINT ( 'NONE',  ( -27.00000000000000000, -8.000000000000001776, -18.00000000000000355 ) ) ;
#2245 = ORIENTED_EDGE ( 'NONE', *, *, #4351, .T. ) ;
#2246 = VECTOR ( 'NONE', #4430, 1000.000000000000000 ) ;
#2247 = CARTESIAN_POINT ( 'NONE',  ( -21.50000000000000000, -3.000000000000001776, -6.999999999999997335 ) ) ;
#2248 = EDGE_CURVE ( 'NONE', #2621, #2252, #2089, .T. ) ;
#2249 = FACE_OUTER_BOUND ( 'NONE', #4314, .T. ) ;
#2250 = DIRECTION ( 'NONE',  ( -0.0000000000000000000, -0.0000000000000000000, 1.000000000000000000 ) ) ;
#2251 = VERTEX_POINT ( 'NONE', #2048 ) ;
#2252 = VERTEX_POINT ( 'NONE', #3032 ) ;
#2253 = EDGE_CURVE ( 'NONE', #4270, #1100, #2992, .T. ) ;
#2254 = DIRECTION ( 'NONE',  ( -1.000000000000000000, -0.0000000000000000000, -0.0000000000000000000 ) ) ;
#2255 = CARTESIAN_POINT ( 'NONE',  ( -23.49999999999999645, -3.469446951953614189E-15, -18.00000000000000355 ) ) ;
#2256 = LINE ( 'NONE', #3364, #75 ) ;
#2257 = PLANE ( 'NONE',  #3167 ) ;
#2258 = ORIENTED_EDGE ( 'NONE', *, *, #1527, .T. ) ;
#2259 = DIRECTION ( 'NONE',  ( -0.0000000000000000000, -0.0000000000000000000, 1.000000000000000000 ) ) ;
#2260 = UNCERTAINTY_MEASURE_WITH_UNIT (LENGTH_MEASURE( 1.000000000000000082E-05 ), #416, 'distance_accuracy_value', 'NONE');
#2261 = DIRECTION ( 'NONE',  ( 1.000000000000000000, 0.0000000000000000000, 0.0000000000000000000 ) ) ;
#2262 = ORIENTED_EDGE ( 'NONE', *, *, #1042, .F. ) ;
#2263 = DIRECTION ( 'NONE',  ( -0.0000000000000000000, -1.000000000000000000, -0.0000000000000000000 ) ) ;
#2264 = VERTEX_POINT ( 'NONE', #646 ) ;
#2265 = AXIS2_PLACEMENT_3D ( 'NONE', #3904, #3236, #3857 ) ;
#2266 = ADVANCED_FACE ( 'CONE_0', ( #729 ), #137, .F. ) ;
#2267 = CARTESIAN_POINT ( 'NONE',  ( -27.00000000000000000, -3.500000000000007105, 18.00000000000000355 ) ) ;
#2268 = VECTOR ( 'NONE', #676, 1000.000000000000000 ) ;
#2269 = CARTESIAN_POINT ( 'NONE',  ( -17.50000000000000000, 0.0000000000000000000, 2.143131898507868248E-15 ) ) ;
#2270 = AXIS2_PLACEMENT_3D ( 'NONE', #2819, #1127, #3872 ) ;
#2271 = ORIENTED_EDGE ( 'NONE', *, *, #4128, .F. ) ;
#2272 = VECTOR ( 'NONE', #4122, 1000.000000000000000 ) ;
#2273 = EDGE_CURVE ( 'NONE', #1100, #3766, #2946, .T. ) ;
#2274 = DIRECTION ( 'NONE',  ( 0.0000000000000000000, -0.0000000000000000000, -1.000000000000000000 ) ) ;
#2275 = DIRECTION ( 'NONE',  ( -0.0000000000000000000, 1.000000000000000000, -0.0000000000000000000 ) ) ;
#2276 = CYLINDRICAL_SURFACE ( 'NONE', #2688, 4.000000000000000000 ) ;
#2277 = ORIENTED_EDGE ( 'NONE', *, *, #3101, .T. ) ;
#2278 = ORIENTED_EDGE ( 'NONE', *, *, #1959, .F. ) ;
#2279 = EDGE_CURVE ( 'NONE', #1958, #2658, #3357, .T. ) ;
#2280 = CARTESIAN_POINT ( 'NONE',  ( -4.000000000000000000, 4.898587196589412829E-16, -18.00000000000000355 ) ) ;
#2281 = CARTESIAN_POINT ( 'NONE',  ( -27.00000000000000000, -8.000000000000001776, 18.00000000000000355 ) ) ;
#2282 = VECTOR ( 'NONE', #828, 1000.000000000000000 ) ;
#2283 = VECTOR ( 'NONE', #330, 1000.000000000000000 ) ;
#2284 = FACE_BOUND ( 'NONE', #3774, .T. ) ;
#2285 = VERTEX_POINT ( 'NONE', #4429 ) ;
#2286 = ORIENTED_EDGE ( 'NONE', *, *, #2736, .F. ) ;
#2287 = VECTOR ( 'NONE', #3547, 1000.000000000000000 ) ;
#2288 = CARTESIAN_POINT ( 'NONE',  ( 4.000000000000003553, -3.000000000000003553, 15.00000000000000178 ) ) ;
#2289 = APPLICATION_CONTEXT ( 'automotive_design' ) ;
#2290 = DIRECTION ( 'NONE',  ( -1.000000000000000000, -0.0000000000000000000, 2.168404344971008868E-16 ) ) ;
#2291 = VERTEX_POINT ( 'NONE', #1341 ) ;
#2292 = CARTESIAN_POINT ( 'NONE',  ( 0.0000000000000000000, 0.0000000000000000000, -18.00000000000000355 ) ) ;
#2293 = ORIENTED_EDGE ( 'NONE', *, *, #267, .T. ) ;
#2294 = EDGE_CURVE ( 'NONE', #2585, #2704, #642, .T. ) ;
#2295 = DIRECTION ( 'NONE',  ( 1.000000000000000000, 0.0000000000000000000, -2.168404344971009361E-16 ) ) ;
#2296 = DIRECTION ( 'NONE',  ( -0.0000000000000000000, 1.000000000000000000, -0.0000000000000000000 ) ) ;
#2297 = ORIENTED_EDGE ( 'NONE', *, *, #3110, .F. ) ;
#2298 = CIRCLE ( 'NONE', #872, 4.000000000000000000 ) ;
#2299 = ORIENTED_EDGE ( 'NONE', *, *, #3134, .T. ) ;
#2300 = CARTESIAN_POINT ( 'NONE',  ( 8.500000000000000000, -8.421052631578946901, 0.0000000000000000000 ) ) ;
#2301 = ORIENTED_EDGE ( 'NONE', *, *, #3435, .F. ) ;
#2302 = EDGE_CURVE ( 'NONE', #2513, #2675, #363, .T. ) ;
#2303 = VERTEX_POINT ( 'NONE', #709 ) ;
#2304 = SURFACE_STYLE_USAGE ( .BOTH. , #1588 ) ;
#2305 = CARTESIAN_POINT ( 'NONE',  ( -23.58324862570155034, -3.346984516626362364E-15, 1.464576140451815611 ) ) ;
#2306 = CARTESIAN_POINT ( 'NONE',  ( -3.999999999999994671, -3.000000000000003553, -6.999999999999996447 ) ) ;
#2307 = ORIENTED_EDGE ( 'NONE', *, *, #1114, .T. ) ;
#2308 = LINE ( 'NONE', #3730, #2123 ) ;
#2309 = CARTESIAN_POINT ( 'NONE',  ( -27.00000000000000000, -8.000000000000001776, 18.00000000000000355 ) ) ;
#2310 = VERTEX_POINT ( 'NONE', #1359 ) ;
#2311 = FACE_OUTER_BOUND ( 'NONE', #2186, .T. ) ;
#2312 = ORIENTED_EDGE ( 'NONE', *, *, #769, .T. ) ;
#2313 = EDGE_CURVE ( 'NONE', #3229, #1296, #1912, .T. ) ;
#2314 = DIRECTION ( 'NONE',  ( -0.0000000000000000000, 1.000000000000000000, -0.0000000000000000000 ) ) ;
#2315 = PRESENTATION_LAYER_ASSIGNMENT (  '', '', ( #4397 ) ) ;
#2316 = ADVANCED_FACE ( 'PLANAR_3', ( #1257, #1399 ), #2070, .T. ) ;
#2317 = VECTOR ( 'NONE', #2906, 1000.000000000000000 ) ;
#2318 = ORIENTED_EDGE ( 'NONE', *, *, #3892, .T. ) ;
#2319 = ORIENTED_EDGE ( 'NONE', *, *, #1634, .T. ) ;
#2320 = VECTOR ( 'NONE', #1753, 1000.000000000000000 ) ;
#2321 = DIRECTION ( 'NONE',  ( -1.000000000000000000, 0.0000000000000000000, 1.224492004374497928E-16 ) ) ;
#2322 = ORIENTED_EDGE ( 'NONE', *, *, #2972, .T. ) ;
#2323 = AXIS2_PLACEMENT_3D ( 'NONE', #580, #2920, #2295 ) ;
#2324 = VERTEX_POINT ( 'NONE', #669 ) ;
#2325 = EDGE_CURVE ( 'NONE', #2577, #1409, #3397, .T. ) ;
#2326 = DIRECTION ( 'NONE',  ( -0.0000000000000000000, -0.0000000000000000000, -1.000000000000000000 ) ) ;
#2327 = DIRECTION ( 'NONE',  ( -0.0000000000000000000, -0.0000000000000000000, 1.000000000000000000 ) ) ;
#2328 = CARTESIAN_POINT ( 'NONE',  ( 9.000000000000010658, -7.999999999999996447, 18.00000000000000000 ) ) ;
#2329 = ORIENTED_EDGE ( 'NONE', *, *, #1751, .T. ) ;
#2330 =( GEOMETRIC_REPRESENTATION_CONTEXT ( 3 ) GLOBAL_UNCERTAINTY_ASSIGNED_CONTEXT ( ( #876 ) ) GLOBAL_UNIT_ASSIGNED_CONTEXT ( ( #2878, #849, #3215 ) ) REPRESENTATION_CONTEXT ( 'NONE', 'WORKASPACE' ) );
#2331 = CARTESIAN_POINT ( 'NONE',  ( -13.50000000000000355, -8.000000000000001776, 7.000000000000000888 ) ) ;
#2332 = FACE_OUTER_BOUND ( 'NONE', #24, .T. ) ;
#2333 = ORIENTED_EDGE ( 'NONE', *, *, #873, .F. ) ;
#2334 = PRODUCT_CONTEXT ( 'NONE', #2741, 'mechanical' ) ;
#2335 = CARTESIAN_POINT ( 'NONE',  ( -17.50000000000000000, 1.734723475976807094E-15, 2.143131898507868248E-15 ) ) ;
#2336 = ORIENTED_EDGE ( 'NONE', *, *, #692, .F. ) ;
#2337 = EDGE_CURVE ( 'NONE', #958, #2756, #383, .T. ) ;
#2338 = PRODUCT_DEFINITION_SHAPE ( 'NONE', 'NONE',  #4435 ) ;
#2339 =( GEOMETRIC_REPRESENTATION_CONTEXT ( 3 ) GLOBAL_UNCERTAINTY_ASSIGNED_CONTEXT ( ( #2481 ) ) GLOBAL_UNIT_ASSIGNED_CONTEXT ( ( #3371, #1682, #1315 ) ) REPRESENTATION_CONTEXT ( 'NONE', 'WORKASPACE' ) );
#2340 = CARTESIAN_POINT ( 'NONE',  ( 0.0000000000000000000, 0.0000000000000000000, 18.00000000000000355 ) ) ;
#2341 = EDGE_CURVE ( 'NONE', #3174, #1322, #4013, .T. ) ;
#2342 = ORIENTED_EDGE ( 'NONE', *, *, #953, .F. ) ;
#2343 = AXIS2_PLACEMENT_3D ( 'NONE', #3384, #2113, #2791 ) ;
#2344 = ORIENTED_EDGE ( 'NONE', *, *, #3466, .F. ) ;
#2345 = COLOUR_RGB ( '',0.7490196078431372584, 0.7490196078431372584, 0.7490196078431372584 ) ;
#2346 = VECTOR ( 'NONE', #219, 1000.000000000000000 ) ;
#2347 = CYLINDRICAL_SURFACE ( 'NONE', #40, 0.5000000000000004441 ) ;
#2348 = VECTOR ( 'NONE', #3071, 1000.000000000000000 ) ;
#2349 = ORIENTED_EDGE ( 'NONE', *, *, #1911, .F. ) ;
#2350 = ORIENTED_EDGE ( 'NONE', *, *, #2179, .T. ) ;
#2351 = DIRECTION ( 'NONE',  ( -0.0000000000000000000, -1.000000000000000000, -0.0000000000000000000 ) ) ;
#2352 = CARTESIAN_POINT ( 'NONE',  ( 9.014718625761439341, 2.602085213965210642E-15, 8.998999999999997002 ) ) ;
#2353 = SURFACE_STYLE_FILL_AREA ( #2616 ) ;
#2354 = CARTESIAN_POINT ( 'NONE',  ( -9.014718625761439341, -2.917837941161175322E-15, -18.00000000000000355 ) ) ;
#2355 = VECTOR ( 'NONE', #1991, 1000.000000000000000 ) ;
#2356 = DIRECTION ( 'NONE',  ( 0.0000000000000000000, 0.0000000000000000000, 1.000000000000000000 ) ) ;
#2357 = CARTESIAN_POINT ( 'NONE',  ( -13.50000000000000178, -3.000000000000001776, -15.00000000000000000 ) ) ;
#2358 = ORIENTED_EDGE ( 'NONE', *, *, #2145, .F. ) ;
#2359 = MECHANICAL_DESIGN_GEOMETRIC_PRESENTATION_REPRESENTATION (  '', ( #3439 ), #2848 ) ;
#2360 = CIRCLE ( 'NONE', #1005, 6.250000000000000000 ) ;
#2361 = DIRECTION ( 'NONE',  ( 0.0000000000000000000, 0.0000000000000000000, 1.000000000000000000 ) ) ;
#2362 = LINE ( 'NONE', #2759, #463 ) ;
#2363 = AXIS2_PLACEMENT_3D ( 'NONE', #3564, #4286, #3220 ) ;
#2364 = ORIENTED_EDGE ( 'NONE', *, *, #4035, .T. ) ;
#2365 = ADVANCED_FACE ( 'PLANAR_8', ( #1687, #3649 ), #4099, .F. ) ;
#2366 = CARTESIAN_POINT ( 'NONE',  ( 0.0000000000000000000, 0.0000000000000000000, 18.00000000000000355 ) ) ;
#2367 = DIRECTION ( 'NONE',  ( 1.000000000000000000, 0.0000000000000000000, 0.0000000000000000000 ) ) ;
#2368 = CARTESIAN_POINT ( 'NONE',  ( 0.0000000000000000000, -8.000000000000001776, 18.00000000000000355 ) ) ;
#2369 = ORIENTED_EDGE ( 'NONE', *, *, #4188, .T. ) ;
#2370 = DIRECTION ( 'NONE',  ( 1.000000000000000000, 0.0000000000000000000, -2.168404344971008868E-16 ) ) ;
#2371 = ORIENTED_EDGE ( 'NONE', *, *, #143, .T. ) ;
#2372 = ORIENTED_EDGE ( 'NONE', *, *, #1721, .T. ) ;
#2373 = DIRECTION ( 'NONE',  ( 0.0000000000000000000, 0.0000000000000000000, 1.000000000000000000 ) ) ;
#2374 = MECHANICAL_DESIGN_GEOMETRIC_PRESENTATION_REPRESENTATION (  '', ( #2655 ), #1723 ) ;
#2375 = DIRECTION ( 'NONE',  ( 0.0000000000000000000, 0.0000000000000000000, 1.000000000000000000 ) ) ;
#2376 = EDGE_CURVE ( 'NONE', #3413, #4272, #3420, .T. ) ;
#2377 = ORIENTED_EDGE ( 'NONE', *, *, #2972, .F. ) ;
#2378 = DIRECTION ( 'NONE',  ( 1.000000000000000000, 0.0000000000000000000, 0.0000000000000000000 ) ) ;
#2379 = CARTESIAN_POINT ( 'NONE',  ( -8.485281374238573093, 0.4999999999999978351, 18.00000000000000355 ) ) ;
#2380 = EDGE_LOOP ( 'NONE', ( #910, #1638, #1429, #2859 ) ) ;
#2381 = SURFACE_STYLE_FILL_AREA ( #4009 ) ;
#2382 = DIRECTION ( 'NONE',  ( -0.0000000000000000000, 1.000000000000000000, -0.0000000000000000000 ) ) ;
#2383 = CARTESIAN_POINT ( 'NONE',  ( 21.50000000000000711, 0.0000000000000000000, 18.00000000000000355 ) ) ;
#2384 = EDGE_CURVE ( 'NONE', #2159, #1155, #4431, .T. ) ;
#2385 = DIRECTION ( 'NONE',  ( -1.224585427126033517E-16, 0.0000000000000000000, -1.000000000000000000 ) ) ;
#2386 = LINE ( 'NONE', #2049, #2246 ) ;
#2387 = ORIENTED_EDGE ( 'NONE', *, *, #281, .T. ) ;
#2388 = VECTOR ( 'NONE', #3247, 1000.000000000000000 ) ;
#2389 = AXIS2_PLACEMENT_3D ( 'NONE', #3027, #4096, #3755 ) ;
#2390 = SURFACE_STYLE_USAGE ( .BOTH. , #3514 ) ;
#2391 = ORIENTED_EDGE ( 'NONE', *, *, #4213, .F. ) ;
#2392 = EDGE_LOOP ( 'NONE', ( #4180, #2116, #3621, #2635 ) ) ;
#2393 = CIRCLE ( 'NONE', #4332, 4.000000000000000000 ) ;
#2394 = PLANE ( 'NONE',  #4385 ) ;
#2395 = DIRECTION ( 'NONE',  ( 2.168404344971009361E-16, 0.0000000000000000000, 1.000000000000000000 ) ) ;
#2396 = DIRECTION ( 'NONE',  ( 0.0000000000000000000, -0.0000000000000000000, 1.000000000000000000 ) ) ;
#2397 = DIRECTION ( 'NONE',  ( 8.659560562354931626E-17, 0.7071067811865477948, -0.7071067811865473507 ) ) ;
#2398 = AXIS2_PLACEMENT_3D ( 'NONE', #2520, #1868, #1536 ) ;
#2399 = EDGE_CURVE ( 'NONE', #1810, #3554, #426, .T. ) ;
#2400 = VERTEX_POINT ( 'NONE', #2784 ) ;
#2401 = DIRECTION ( 'NONE',  ( 0.0000000000000000000, 0.7071067811865477948, 0.7071067811865473507 ) ) ;
#2402 = DIRECTION ( 'NONE',  ( -0.0000000000000000000, -0.0000000000000000000, 1.000000000000000000 ) ) ;
#2403 = ORIENTED_EDGE ( 'NONE', *, *, #3892, .F. ) ;
#2404 = AXIS2_PLACEMENT_3D ( 'NONE', #3894, #3203, #2801 ) ;
#2405 = DIRECTION ( 'NONE',  ( 1.000000000000000000, 0.0000000000000000000, 0.0000000000000000000 ) ) ;
#2406 = LINE ( 'NONE', #3347, #2769 ) ;
#2407 = DIRECTION ( 'NONE',  ( 0.7071067811865474617, 8.659560562354932858E-17, -0.7071067811865474617 ) ) ;
#2408 = CARTESIAN_POINT ( 'NONE',  ( 17.50000000000000711, 0.0000000000000000000, 9.001000000000002998 ) ) ;
#2409 = VERTEX_POINT ( 'NONE', #3550 ) ;
#2410 = EDGE_CURVE ( 'NONE', #2678, #1419, #635, .T. ) ;
#2411 = VERTEX_POINT ( 'NONE', #1457 ) ;
#2412 = ADVANCED_FACE ( 'CYL_6', ( #147 ), #2104, .F. ) ;
#2413 = ORIENTED_EDGE ( 'NONE', *, *, #150, .T. ) ;
#2414 = VECTOR ( 'NONE', #2500, 1000.000000000000000 ) ;
#2415 = CARTESIAN_POINT ( 'NONE',  ( -3.999999999999994671, -3.000000000000003553, -6.999999999999996447 ) ) ;
#2416 = LINE ( 'NONE', #372, #423 ) ;
#2417 = AXIS2_PLACEMENT_3D ( 'NONE', #306, #3702, #3752 ) ;
#2418 = DIRECTION ( 'NONE',  ( -0.0000000000000000000, 1.000000000000000000, -0.0000000000000000000 ) ) ;
#2419 = VERTEX_POINT ( 'NONE', #1090 ) ;
#2420 = FACE_BOUND ( 'NONE', #2996, .T. ) ;
#2421 = CARTESIAN_POINT ( 'NONE',  ( 13.49999999999999822, 4.898587196589415787E-16, 18.00000000000000355 ) ) ;
#2422 = CIRCLE ( 'NONE', #3139, 4.000000000000000000 ) ;
#2423 = PRESENTATION_LAYER_ASSIGNMENT (  '', '', ( #216 ) ) ;
#2424 = CARTESIAN_POINT ( 'NONE',  ( 4.000000000000003553, -3.000000000000003553, 7.000000000000002665 ) ) ;
#2425 = CARTESIAN_POINT ( 'NONE',  ( 0.0000000000000000000, 0.0000000000000000000, 18.00000000000000355 ) ) ;
#2426 = CIRCLE ( 'NONE', #1926, 3.250000000000001332 ) ;
#2427 = AXIS2_PLACEMENT_3D ( 'NONE', #3747, #3362, #347 ) ;
#2428 = CIRCLE ( 'NONE', #3075, 4.000000000000003553 ) ;
#2429 = EDGE_CURVE ( 'NONE', #3278, #1303, #82, .T. ) ;
#2430 = ORIENTED_EDGE ( 'NONE', *, *, #2997, .F. ) ;
#2431 = FACE_BOUND ( 'NONE', #3637, .T. ) ;
#2432 = ORIENTED_EDGE ( 'NONE', *, *, #4065, .T. ) ;
#2433 = DIRECTION ( 'NONE',  ( 0.0000000000000000000, 0.0000000000000000000, 1.000000000000000000 ) ) ;
#2434 = DIRECTION ( 'NONE',  ( -0.0000000000000000000, -0.0000000000000000000, -1.000000000000000000 ) ) ;
#2435 = CYLINDRICAL_SURFACE ( 'NONE', #2913, 3.250000000000000444 ) ;
#2436 = DIRECTION ( 'NONE',  ( -1.000000000000000000, -1.155348641033115835E-16, 0.0000000000000000000 ) ) ;
#2437 = EDGE_CURVE ( 'NONE', #1680, #1800, #992, .T. ) ;
#2438 = ORIENTED_EDGE ( 'NONE', *, *, #1244, .F. ) ;
#2439 = ORIENTED_EDGE ( 'NONE', *, *, #4034, .F. ) ;
#2440 = VECTOR ( 'NONE', #3168, 1000.000000000000000 ) ;
#2441 = DIRECTION ( 'NONE',  ( 0.0000000000000000000, 0.0000000000000000000, 1.000000000000000000 ) ) ;
#2442 = CARTESIAN_POINT ( 'NONE',  ( 13.50000000000000888, 0.0000000000000000000, 17.50000000000000000 ) ) ;
#2443 = FACE_OUTER_BOUND ( 'NONE', #1648, .T. ) ;
#2444 = LINE ( 'NONE', #2101, #36 ) ;
#2445 = DIRECTION ( 'NONE',  ( -0.0000000000000000000, -0.0000000000000000000, -1.000000000000000000 ) ) ;
#2446 = DIRECTION ( 'NONE',  ( 1.000000000000000000, 0.0000000000000000000, 0.0000000000000000000 ) ) ;
#2447 = ORIENTED_EDGE ( 'NONE', *, *, #625, .F. ) ;
#2448 = EDGE_CURVE ( 'NONE', #1791, #2400, #4161, .T. ) ;
#2449 = VERTEX_POINT ( 'NONE', #1750 ) ;
#2450 = EDGE_CURVE ( 'NONE', #2411, #2746, #3485, .T. ) ;
#2451 = FACE_BOUND ( 'NONE', #1254, .T. ) ;
#2452 = ORIENTED_EDGE ( 'NONE', *, *, #2584, .T. ) ;
#2453 = VECTOR ( 'NONE', #3913, 1000.000000000000000 ) ;
#2454 = DIRECTION ( 'NONE',  ( -2.168404344971009361E-16, 0.0000000000000000000, -1.000000000000000000 ) ) ;
#2455 =( NAMED_UNIT ( * ) SI_UNIT ( $, .STERADIAN. ) SOLID_ANGLE_UNIT ( ) );
#2456 =( NAMED_UNIT ( * ) PLANE_ANGLE_UNIT ( ) SI_UNIT ( $, .RADIAN. ) );
#2457 = DIRECTION ( 'NONE',  ( 1.000000000000000000, 0.0000000000000000000, 0.0000000000000000000 ) ) ;
#2458 = EDGE_CURVE ( 'NONE', #366, #546, #4223, .T. ) ;
#2459 = EDGE_LOOP ( 'NONE', ( #2938, #682, #346, #3908 ) ) ;
#2460 = DIRECTION ( 'NONE',  ( -0.0000000000000000000, 1.000000000000000000, -0.0000000000000000000 ) ) ;
#2461 = CARTESIAN_POINT ( 'NONE',  ( -13.50000000000000178, -3.000000000000001776, -15.00000000000000000 ) ) ;
#2462 = ORIENTED_EDGE ( 'NONE', *, *, #2183, .T. ) ;
#2463 = PRODUCT ( '159.1-89-35-LG', '159.1-89-35-LG', '', ( #2334 ) ) ;
#2464 = AXIS2_PLACEMENT_3D ( 'NONE', #4181, #1111, #3426 ) ;
#2465 = LINE ( 'NONE', #479, #3757 ) ;
#2466 = CIRCLE ( 'NONE', #2398, 0.5000000000000004441 ) ;
#2467 = CARTESIAN_POINT ( 'NONE',  ( -17.50000000000000000, 1.734723475976807094E-15, 6.250000000000001776 ) ) ;
#2468 = CARTESIAN_POINT ( 'NONE',  ( -21.50000000000000000, -3.000000000000001776, -14.99999999999999822 ) ) ;
#2469 =( GEOMETRIC_REPRESENTATION_CONTEXT ( 3 ) GLOBAL_UNCERTAINTY_ASSIGNED_CONTEXT ( ( #76 ) ) GLOBAL_UNIT_ASSIGNED_CONTEXT ( ( #3711, #361, #3781 ) ) REPRESENTATION_CONTEXT ( 'NONE', 'WORKASPACE' ) );
#2470 = ORIENTED_EDGE ( 'NONE', *, *, #1182, .T. ) ;
#2471 = ORIENTED_EDGE ( 'NONE', *, *, #1385, .T. ) ;
#2472 = EDGE_CURVE ( 'NONE', #3423, #653, #1486, .T. ) ;
#2473 =( NAMED_UNIT ( * ) SI_UNIT ( $, .STERADIAN. ) SOLID_ANGLE_UNIT ( ) );
#2474 = ORIENTED_EDGE ( 'NONE', *, *, #1398, .T. ) ;
#2475 = CARTESIAN_POINT ( 'NONE',  ( 9.014718625761439341, 2.602085213965210247E-15, 0.001000000000004469536 ) ) ;
#2476 = CARTESIAN_POINT ( 'NONE',  ( 21.00000000000000711, 4.592425496802573972E-16, 18.00000000000000355 ) ) ;
#2477 = FACE_BOUND ( 'NONE', #3616, .T. ) ;
#2478 = CARTESIAN_POINT ( 'NONE',  ( -8.485281374238573093, -1.734723475976807094E-15, -18.00000000000000355 ) ) ;
#2479 = ORIENTED_EDGE ( 'NONE', *, *, #1576, .T. ) ;
#2480 = DIRECTION ( 'NONE',  ( 0.0000000000000000000, 0.0000000000000000000, 1.000000000000000000 ) ) ;
#2481 = UNCERTAINTY_MEASURE_WITH_UNIT (LENGTH_MEASURE( 1.000000000000000082E-05 ), #3371, 'distance_accuracy_value', 'NONE');
#2482 = LINE ( 'NONE', #160, #1220 ) ;
#2483 = ORIENTED_EDGE ( 'NONE', *, *, #1437, .T. ) ;
#2484 = FACE_OUTER_BOUND ( 'NONE', #3880, .T. ) ;
#2485 = VECTOR ( 'NONE', #3895, 1000.000000000000000 ) ;
#2486 = VECTOR ( 'NONE', #1268, 1000.000000000000000 ) ;
#2487 = CARTESIAN_POINT ( 'NONE',  ( -17.50000000000000000, -1.071565949253933966E-14, -9.001000000000002998 ) ) ;
#2488 = PRESENTATION_STYLE_ASSIGNMENT (( #2866 ) ) ;
#2489 = CARTESIAN_POINT ( 'NONE',  ( -17.50000000000000000, -1.071565949253933966E-14, -18.00000000000000355 ) ) ;
#2490 = EDGE_CURVE ( 'NONE', #3345, #1112, #3060, .T. ) ;
#2491 = VERTEX_POINT ( 'NONE', #767 ) ;
#2492 = VERTEX_POINT ( 'NONE', #3183 ) ;
#2493 = AXIS2_PLACEMENT_3D ( 'NONE', #1240, #3955, #877 ) ;
#2494 = ORIENTED_EDGE ( 'NONE', *, *, #3246, .T. ) ;
#2495 = VECTOR ( 'NONE', #996, 1000.000000000000000 ) ;
#2496 = DIRECTION ( 'NONE',  ( 1.224585427126033517E-16, 2.999369247224782659E-32, 1.000000000000000000 ) ) ;
#2497 = ORIENTED_EDGE ( 'NONE', *, *, #1519, .T. ) ;
#2498 = CIRCLE ( 'NONE', #1075, 4.000000000000000000 ) ;
#2499 = SURFACE_STYLE_USAGE ( .BOTH. , #4251 ) ;
#2500 = DIRECTION ( 'NONE',  ( 0.0000000000000000000, -1.000000000000000000, 0.0000000000000000000 ) ) ;
#2501 = DIRECTION ( 'NONE',  ( 1.000000000000000000, 0.0000000000000000000, 0.0000000000000000000 ) ) ;
#2502 = CARTESIAN_POINT ( 'NONE',  ( -8.499999999999996447, -8.421052631578946901, 9.000000000000000000 ) ) ;
#2503 = ORIENTED_EDGE ( 'NONE', *, *, #3085, .F. ) ;
#2504 = DIRECTION ( 'NONE',  ( 1.000000000000000000, 0.0000000000000000000, 0.0000000000000000000 ) ) ;
#2505 =( LENGTH_UNIT ( ) NAMED_UNIT ( * ) SI_UNIT ( .MILLI., .METRE. ) );
#2506 = CARTESIAN_POINT ( 'NONE',  ( -21.50000000000000000, -8.000000000000001776, -14.99999999999999822 ) ) ;
#2507 = ADVANCED_FACE ( 'PLANAR_1', ( #422, #3465, #399, #1768 ), #3121, .F. ) ;
#2508 = VECTOR ( 'NONE', #2205, 1000.000000000000000 ) ;
#2509 = DIRECTION ( 'NONE',  ( 1.000000000000000000, 0.0000000000000000000, -0.0000000000000000000 ) ) ;
#2510 =( NAMED_UNIT ( * ) SI_UNIT ( $, .STERADIAN. ) SOLID_ANGLE_UNIT ( ) );
#2511 = CARTESIAN_POINT ( 'NONE',  ( 0.0000000000000000000, -8.000000000000001776, 18.00000000000000355 ) ) ;
#2512 = ADVANCED_FACE ( 'NONE', ( #1106 ), #2844, .F. ) ;
#2513 = VERTEX_POINT ( 'NONE', #3161 ) ;
#2514 = EDGE_LOOP ( 'NONE', ( #530, #803, #3349, #962 ) ) ;
#2515 = EDGE_CURVE ( 'NONE', #3188, #4053, #4427, .T. ) ;
#2516 = EDGE_LOOP ( 'NONE', ( #3515, #2598 ) ) ;
#2517 = DIRECTION ( 'NONE',  ( 1.000000000000000000, 0.0000000000000000000, 0.0000000000000000000 ) ) ;
#2518 =( LENGTH_UNIT ( ) NAMED_UNIT ( * ) SI_UNIT ( .MILLI., .METRE. ) );
#2519 = CARTESIAN_POINT ( 'NONE',  ( 9.014718625761439341, 2.602085213965210642E-15, 18.00000000000000355 ) ) ;
#2520 = CARTESIAN_POINT ( 'NONE',  ( -8.485281374238573093, 0.4999999999999978351, 18.00000000000000355 ) ) ;
#2521 = EDGE_CURVE ( 'NONE', #2746, #3954, #812, .T. ) ;
#2522 = VERTEX_POINT ( 'NONE', #3530 ) ;
#2523 = CARTESIAN_POINT ( 'NONE',  ( 17.50000000000000711, -7.999999999999991118, 18.00000000000000355 ) ) ;
#2524 = AXIS2_PLACEMENT_3D ( 'NONE', #3045, #3366, #2375 ) ;
#2525 = DIRECTION ( 'NONE',  ( 1.000000000000000000, 0.0000000000000000000, 0.0000000000000000000 ) ) ;
#2526 = CARTESIAN_POINT ( 'NONE',  ( 4.000000000000005329, -3.000000000000003553, -14.99999999999999645 ) ) ;
#2527 = LINE ( 'NONE', #3301, #2388 ) ;
#2528 = EDGE_CURVE ( 'NONE', #2871, #2264, #2122, .T. ) ;
#2529 = LINE ( 'NONE', #3634, #1488 ) ;
#2530 = DIRECTION ( 'NONE',  ( -1.000000000000000000, 0.0000000000000000000, 0.0000000000000000000 ) ) ;
#2531 = VECTOR ( 'NONE', #3102, 1000.000000000000000 ) ;
#2532 = SURFACE_SIDE_STYLE ('',( #884 ) ) ;
#2533 = DIRECTION ( 'NONE',  ( -1.000000000000000000, 0.0000000000000000000, 0.0000000000000000000 ) ) ;
#2534 = VERTEX_POINT ( 'NONE', #2511 ) ;
#2535 = ORIENTED_EDGE ( 'NONE', *, *, #3367, .T. ) ;
#2536 = FACE_BOUND ( 'NONE', #1547, .T. ) ;
#2537 = ORIENTED_EDGE ( 'NONE', *, *, #1815, .F. ) ;
#2538 = LINE ( 'NONE', #2564, #3428 ) ;
#2539 = DIRECTION ( 'NONE',  ( 1.000000000000000000, 0.0000000000000000000, 0.0000000000000000000 ) ) ;
#2540 = DIRECTION ( 'NONE',  ( -1.000000000000000000, 0.0000000000000000000, 0.0000000000000000000 ) ) ;
#2541 = CARTESIAN_POINT ( 'NONE',  ( -8.485281374238573093, -1.734723475976807094E-15, 9.000000000000000000 ) ) ;
#2542 = ADVANCED_FACE ( 'PLANAR_7', ( #548 ), #4268, .F. ) ;
#2543 = ORIENTED_EDGE ( 'NONE', *, *, #1911, .T. ) ;
#2544 = SURFACE_STYLE_FILL_AREA ( #1215 ) ;
#2545 = FILL_AREA_STYLE ('',( #3910 ) ) ;
#2546 = FACE_OUTER_BOUND ( 'NONE', #4029, .T. ) ;
#2547 = CARTESIAN_POINT ( 'NONE',  ( 0.0000000000000000000, 0.0000000000000000000, 9.000000000000000000 ) ) ;
#2548 = VECTOR ( 'NONE', #3474, 1000.000000000000000 ) ;
#2549 = CARTESIAN_POINT ( 'NONE',  ( 0.0000000000000000000, 0.0000000000000000000, -17.50000000000000000 ) ) ;
#2550 = LINE ( 'NONE', #2218, #1626 ) ;
#2551 =( LENGTH_UNIT ( ) NAMED_UNIT ( * ) SI_UNIT ( .MILLI., .METRE. ) );
#2552 = AXIS2_PLACEMENT_3D ( 'NONE', #1272, #3614, #1226 ) ;
#2553 = LINE ( 'NONE', #2648, #359 ) ;
#2554 = CIRCLE ( 'NONE', #2417, 7.999999999999992895 ) ;
#2555 = ORIENTED_EDGE ( 'NONE', *, *, #3077, .F. ) ;
#2556 = EDGE_LOOP ( 'NONE', ( #294, #2912, #2497, #1722 ) ) ;
#2557 = LINE ( 'NONE', #528, #1604 ) ;
#2558 = EDGE_CURVE ( 'NONE', #2491, #4338, #2553, .T. ) ;
#2559 = AXIS2_PLACEMENT_3D ( 'NONE', #3995, #4141, #913 ) ;
#2560 = ADVANCED_FACE ( 'NONE', ( #2578 ), #861, .F. ) ;
#2561 = PRESENTATION_STYLE_ASSIGNMENT (( #4248 ) ) ;
#2562 = CONICAL_SURFACE ( 'NONE', #1996, 6.250000000000000000, 0.7853981633974480570 ) ;
#2563 = ORIENTED_EDGE ( 'NONE', *, *, #417, .F. ) ;
#2564 = CARTESIAN_POINT ( 'NONE',  ( -8.999999999999996447, -8.000000000000010658, 18.00000000000000711 ) ) ;
#2565 = CARTESIAN_POINT ( 'NONE',  ( 0.0000000000000000000, 0.0000000000000000000, 0.0000000000000000000 ) ) ;
#2566 = DIRECTION ( 'NONE',  ( 0.0000000000000000000, -0.0000000000000000000, -1.000000000000000000 ) ) ;
#2567 = CARTESIAN_POINT ( 'NONE',  ( 17.50000000000000711, 0.0000000000000000000, -18.00000000000000355 ) ) ;
#2568 = EDGE_LOOP ( 'NONE', ( #562, #761 ) ) ;
#2569 = EDGE_CURVE ( 'NONE', #2204, #1474, #4281, .T. ) ;
#2570 =( NAMED_UNIT ( * ) PLANE_ANGLE_UNIT ( ) SI_UNIT ( $, .RADIAN. ) );
#2571 = DIRECTION ( 'NONE',  ( 0.0000000000000000000, 0.0000000000000000000, 1.000000000000000000 ) ) ;
#2572 = FACE_OUTER_BOUND ( 'NONE', #2981, .T. ) ;
#2573 = EDGE_LOOP ( 'NONE', ( #3963, #1484, #3381, #92 ) ) ;
#2574 = CARTESIAN_POINT ( 'NONE',  ( 9.014718625761439341, 2.602085213965210642E-15, 9.001000000000002998 ) ) ;
#2575 = DIRECTION ( 'NONE',  ( -1.000000000000000000, -6.938893903907225419E-16, 0.0000000000000000000 ) ) ;
#2576 = CARTESIAN_POINT ( 'NONE',  ( -13.50000000000000178, -8.000000000000001776, -15.00000000000000000 ) ) ;
#2577 = VERTEX_POINT ( 'NONE', #3280 ) ;
#2578 = FACE_OUTER_BOUND ( 'NONE', #1175, .T. ) ;
#2579 = ORIENTED_EDGE ( 'NONE', *, *, #2125, .F. ) ;
#2580 = PRODUCT_DEFINITION_SHAPE ( 'NONE', 'NONE',  #4433 ) ;
#2581 = DIRECTION ( 'NONE',  ( 1.000000000000000000, 0.0000000000000000000, -0.0000000000000000000 ) ) ;
#2582 = AXIS2_PLACEMENT_3D ( 'NONE', #2055, #2076, #3105 ) ;
#2583 = CARTESIAN_POINT ( 'NONE',  ( 0.0000000000000000000, 0.0000000000000000000, -9.000000000000001776 ) ) ;
#2584 = EDGE_CURVE ( 'NONE', #844, #952, #1616, .T. ) ;
#2585 = VERTEX_POINT ( 'NONE', #2917 ) ;
#2586 = FACE_OUTER_BOUND ( 'NONE', #1745, .T. ) ;
#2587 = DIRECTION ( 'NONE',  ( -0.0000000000000000000, -0.0000000000000000000, 1.000000000000000000 ) ) ;
#2588 = DIRECTION ( 'NONE',  ( -0.0000000000000000000, 1.000000000000000000, -0.0000000000000000000 ) ) ;
#2589 = ORIENTED_EDGE ( 'NONE', *, *, #660, .T. ) ;
#2590 = VERTEX_POINT ( 'NONE', #4031 ) ;
#2591 = FACE_OUTER_BOUND ( 'NONE', #890, .T. ) ;
#2592 = DIRECTION ( 'NONE',  ( -0.0000000000000000000, 0.0000000000000000000, 1.000000000000000000 ) ) ;
#2593 = EDGE_CURVE ( 'NONE', #1947, #773, #3855, .T. ) ;
#2594 = VECTOR ( 'NONE', #3750, 1000.000000000000000 ) ;
#2595 = DIRECTION ( 'NONE',  ( 1.000000000000000000, 0.0000000000000000000, 1.084202172485504434E-16 ) ) ;
#2596 = CARTESIAN_POINT ( 'NONE',  ( 0.0000000000000000000, 0.0000000000000000000, -18.00000000000000355 ) ) ;
#2597 = VERTEX_POINT ( 'NONE', #1595 ) ;
#2598 = ORIENTED_EDGE ( 'NONE', *, *, #1837, .T. ) ;
#2599 = VECTOR ( 'NONE', #1805, 1000.000000000000000 ) ;
#2600 = DIRECTION ( 'NONE',  ( 1.000000000000000000, 0.0000000000000000000, 0.0000000000000000000 ) ) ;
#2601 = ORIENTED_EDGE ( 'NONE', *, *, #4305, .T. ) ;
#2602 = ADVANCED_FACE ( 'CONE_0', ( #525 ), #918, .F. ) ;
#2603 = FACE_OUTER_BOUND ( 'NONE', #1610, .T. ) ;
#2604 = VECTOR ( 'NONE', #2928, 1000.000000000000000 ) ;
#2605 = ORIENTED_EDGE ( 'NONE', *, *, #2294, .F. ) ;
#2606 = EDGE_CURVE ( 'NONE', #312, #78, #4207, .T. ) ;
#2607 = VECTOR ( 'NONE', #3182, 1000.000000000000000 ) ;
#2608 = CARTESIAN_POINT ( 'NONE',  ( -3.999999999999994671, -3.000000000000003553, -6.999999999999996447 ) ) ;
#2609 = CARTESIAN_POINT ( 'NONE',  ( -23.49999999999999645, -3.500000000000006661, 18.00000000000000355 ) ) ;
#2610 = CARTESIAN_POINT ( 'NONE',  ( 17.50000000000000000, 0.0000000000000000000, 18.00000000000000355 ) ) ;
#2611 = AXIS2_PLACEMENT_3D ( 'NONE', #2366, #3737, #3096 ) ;
#2612 = VERTEX_POINT ( 'NONE', #596 ) ;
#2613 = EDGE_LOOP ( 'NONE', ( #1307, #1031, #1990, #1395 ) ) ;
#2614 =( NAMED_UNIT ( * ) SI_UNIT ( $, .STERADIAN. ) SOLID_ANGLE_UNIT ( ) );
#2615 = DIRECTION ( 'NONE',  ( -1.000000000000000000, 0.0000000000000000000, 0.0000000000000000000 ) ) ;
#2616 = FILL_AREA_STYLE ('',( #1674 ) ) ;
#2617 = CARTESIAN_POINT ( 'NONE',  ( -23.64278700312859272, -0.002688472546793684893, 1.175555555222677073 ) ) ;
#2618 = ADVANCED_FACE ( 'PLANAR_7', ( #1250 ), #2624, .F. ) ;
#2619 = CARTESIAN_POINT ( 'NONE',  ( 0.0000000000000000000, -3.000000000000001776, 0.0000000000000000000 ) ) ;
#2620 = LINE ( 'NONE', #638, #2495 ) ;
#2621 = VERTEX_POINT ( 'NONE', #3962 ) ;
#2622 = FILL_AREA_STYLE_COLOUR ( '', #2970 ) ;
#2623 = EDGE_LOOP ( 'NONE', ( #2721, #126 ) ) ;
#2624 = PLANE ( 'NONE',  #3933 ) ;
#2625 = ORIENTED_EDGE ( 'NONE', *, *, #4279, .F. ) ;
#2626 = AXIS2_PLACEMENT_3D ( 'NONE', #1209, #2182, #2829 ) ;
#2627 = EDGE_CURVE ( 'NONE', #2939, #1715, #1951, .T. ) ;
#2628 = CYLINDRICAL_SURFACE ( 'NONE', #1681, 4.000000000000000000 ) ;
#2629 = VECTOR ( 'NONE', #2395, 1000.000000000000000 ) ;
#2630 = ADVANCED_FACE ( 'NONE', ( #2940 ), #506, .T. ) ;
#2631 = DIRECTION ( 'NONE',  ( 0.0000000000000000000, -0.0000000000000000000, 1.000000000000000000 ) ) ;
#2632 = ORIENTED_EDGE ( 'NONE', *, *, #396, .F. ) ;
#2633 = AXIS2_PLACEMENT_3D ( 'NONE', #2425, #2738, #2367 ) ;
#2634 = DIRECTION ( 'NONE',  ( -0.0000000000000000000, -0.0000000000000000000, 1.000000000000000000 ) ) ;
#2635 = ORIENTED_EDGE ( 'NONE', *, *, #982, .T. ) ;
#2636 = ORIENTED_EDGE ( 'NONE', *, *, #1088, .F. ) ;
#2637 =( NAMED_UNIT ( * ) PLANE_ANGLE_UNIT ( ) SI_UNIT ( $, .RADIAN. ) );
#2638 =( LENGTH_UNIT ( ) NAMED_UNIT ( * ) SI_UNIT ( .MILLI., .METRE. ) );
#2639 = VECTOR ( 'NONE', #2040, 1000.000000000000000 ) ;
#2640 = DIRECTION ( 'NONE',  ( 0.0000000000000000000, 0.0000000000000000000, 1.000000000000000000 ) ) ;
#2641 = ORIENTED_EDGE ( 'NONE', *, *, #4351, .F. ) ;
#2642 = EDGE_CURVE ( 'NONE', #2052, #1432, #2240, .T. ) ;
#2643 = CARTESIAN_POINT ( 'NONE',  ( 9.000000000000007105, -8.421052631578946901, 9.001000000000002998 ) ) ;
#2645 = EDGE_CURVE ( 'NONE', #3954, #2491, #4337, .T. ) ;
#2644 = DIRECTION ( 'NONE',  ( -0.0000000000000000000, -0.0000000000000000000, 1.000000000000000000 ) ) ;
#2646 = ORIENTED_EDGE ( 'NONE', *, *, #1437, .F. ) ;
#2647 = CARTESIAN_POINT ( 'NONE',  ( 35.00000000000000000, 1.734723475976810250E-15, -3.235595747850571300E-15 ) ) ;
#2648 = CARTESIAN_POINT ( 'NONE',  ( -21.50000000000000000, -8.000000000000001776, 7.000000000000000888 ) ) ;
#2649 = EDGE_CURVE ( 'NONE', #4259, #952, #3326, .T. ) ;
#2650 = ORIENTED_EDGE ( 'NONE', *, *, #1721, .F. ) ;
#2651 = CYLINDRICAL_SURFACE ( 'NONE', #1532, 7.999999999999992895 ) ;
#2652 = FILL_AREA_STYLE ('',( #1665 ) ) ;
#2653 = ORIENTED_EDGE ( 'NONE', *, *, #1278, .T. ) ;
#2654 = EDGE_CURVE ( 'NONE', #3300, #4106, #4358, .T. ) ;
#2655 = STYLED_ITEM ( 'NONE', ( #275 ), #1794 ) ;
#2656 = ORIENTED_EDGE ( 'NONE', *, *, #2569, .T. ) ;
#2657 = CARTESIAN_POINT ( 'NONE',  ( 17.50000000000000711, 0.0000000000000000000, 0.001000000000001000089 ) ) ;
#2658 = VERTEX_POINT ( 'NONE', #1856 ) ;
#2659 = ORIENTED_EDGE ( 'NONE', *, *, #2065, .F. ) ;
#2660 = CARTESIAN_POINT ( 'NONE',  ( -13.50000000000000178, -8.000000000000001776, -6.999999999999999112 ) ) ;
#2661 = DIRECTION ( 'NONE',  ( -0.0000000000000000000, -0.0000000000000000000, 1.000000000000000000 ) ) ;
#2662 = CARTESIAN_POINT ( 'NONE',  ( -9.000000000000007105, -8.000000000000014211, -9.001000000000002998 ) ) ;
#2663 = DIRECTION ( 'NONE',  ( 1.000000000000000000, 0.0000000000000000000, 0.0000000000000000000 ) ) ;
#2664 = EDGE_CURVE ( 'NONE', #2285, #721, #4144, .T. ) ;
#2665 = VERTEX_POINT ( 'NONE', #665 ) ;
#2666 = DIRECTION ( 'NONE',  ( -0.0000000000000000000, 0.0000000000000000000, 1.000000000000000000 ) ) ;
#2667 = DIRECTION ( 'NONE',  ( 1.000000000000000000, 0.0000000000000000000, 0.0000000000000000000 ) ) ;
#2668 = ORIENTED_EDGE ( 'NONE', *, *, #421, .T. ) ;
#2669 = EDGE_CURVE ( 'NONE', #4008, #1465, #2406, .T. ) ;
#2670 = DIRECTION ( 'NONE',  ( -1.000000000000000000, -1.155348641033115835E-16, 0.0000000000000000000 ) ) ;
#2671 = VERTEX_POINT ( 'NONE', #4072 ) ;
#2672 = CARTESIAN_POINT ( 'NONE',  ( 14.00000000000000888, 0.0000000000000000000, 18.00000000000000355 ) ) ;
#2673 =( LENGTH_UNIT ( ) NAMED_UNIT ( * ) SI_UNIT ( .MILLI., .METRE. ) );
#2674 = AXIS2_PLACEMENT_3D ( 'NONE', #3890, #1786, #3843 ) ;
#2675 = VERTEX_POINT ( 'NONE', #1358 ) ;
#2676 = PRESENTATION_LAYER_ASSIGNMENT (  '', '', ( #535 ) ) ;
#2677 = DIRECTION ( 'NONE',  ( -0.0000000000000000000, -0.0000000000000000000, -1.000000000000000000 ) ) ;
#2678 = VERTEX_POINT ( 'NONE', #2715 ) ;
#2679 = AXIS2_PLACEMENT_3D ( 'NONE', #1882, #2243, #1202 ) ;
#2680 = ORIENTED_EDGE ( 'NONE', *, *, #1367, .T. ) ;
#2681 =( NAMED_UNIT ( * ) PLANE_ANGLE_UNIT ( ) SI_UNIT ( $, .RADIAN. ) );
#2682 = FACE_OUTER_BOUND ( 'NONE', #415, .T. ) ;
#2683 = CARTESIAN_POINT ( 'NONE',  ( -23.49999999999999645, -3.469446951953614189E-15, -1.749999999999997113 ) ) ;
#2684 = MECHANICAL_DESIGN_GEOMETRIC_PRESENTATION_REPRESENTATION (  '', ( #2044 ), #475 ) ;
#2685 = LINE ( 'NONE', #1969, #3679 ) ;
#2686 = EDGE_CURVE ( 'NONE', #577, #3544, #2700, .T. ) ;
#2687 = APPLICATION_CONTEXT ( 'automotive_design' ) ;
#2688 = AXIS2_PLACEMENT_3D ( 'NONE', #3061, #2634, #2969 ) ;
#2689 = LINE ( 'NONE', #4069, #4145 ) ;
#2690 = DIRECTION ( 'NONE',  ( -0.0000000000000000000, 1.000000000000000000, -0.0000000000000000000 ) ) ;
#2691 = ORIENTED_EDGE ( 'NONE', *, *, #1200, .T. ) ;
#2692 = CARTESIAN_POINT ( 'NONE',  ( 0.0000000000000000000, 0.0000000000000000000, 0.0000000000000000000 ) ) ;
#2693 = ORIENTED_EDGE ( 'NONE', *, *, #2450, .T. ) ;
#2694 = LINE ( 'NONE', #622, #1265 ) ;
#2695 = CARTESIAN_POINT ( 'NONE',  ( 0.0000000000000000000, 0.0000000000000000000, 18.00000000000000355 ) ) ;
#2696 = CYLINDRICAL_SURFACE ( 'NONE', #3399, 3.250000000000000444 ) ;
#2697 = ORIENTED_EDGE ( 'NONE', *, *, #245, .T. ) ;
#2698 = ORIENTED_EDGE ( 'NONE', *, *, #3535, .T. ) ;
#2699 = EDGE_CURVE ( 'NONE', #3312, #2597, #3325, .T. ) ;
#2700 = CIRCLE ( 'NONE', #843, 6.250000000000000000 ) ;
#2701 = DIRECTION ( 'NONE',  ( -1.000000000000000000, 0.0000000000000000000, 0.0000000000000000000 ) ) ;
#2702 = VECTOR ( 'NONE', #1017, 1000.000000000000000 ) ;
#2703 = ORIENTED_EDGE ( 'NONE', *, *, #409, .F. ) ;
#2704 = VERTEX_POINT ( 'NONE', #974 ) ;
#2705 = PRESENTATION_STYLE_ASSIGNMENT (( #3724 ) ) ;
#2706 = DIRECTION ( 'NONE',  ( 1.224585427126033517E-16, 0.0000000000000000000, 1.000000000000000000 ) ) ;
#2707 = FACE_OUTER_BOUND ( 'NONE', #3682, .T. ) ;
#2708 = CARTESIAN_POINT ( 'NONE',  ( -3.999999999999994671, -3.000000000000003553, 7.000000000000001776 ) ) ;
#2709 = EDGE_CURVE ( 'NONE', #1962, #2198, #998, .T. ) ;
#2710 = CARTESIAN_POINT ( 'NONE',  ( -17.50000000000000000, -8.000000000000003553, -0.001000000000001000089 ) ) ;
#2711 = LINE ( 'NONE', #2442, #715 ) ;
#2712 = ORIENTED_EDGE ( 'NONE', *, *, #4363, .F. ) ;
#2713 = AXIS2_PLACEMENT_3D ( 'NONE', #4093, #4423, #3438 ) ;
#2714 = PRODUCT_CONTEXT ( 'NONE', #2134, 'mechanical' ) ;
#2715 = CARTESIAN_POINT ( 'NONE',  ( 4.000000000000000000, 0.0000000000000000000, 0.0000000000000000000 ) ) ;
#2716 = AXIS2_PLACEMENT_3D ( 'NONE', #4138, #4158, #4115 ) ;
#2717 = CARTESIAN_POINT ( 'NONE',  ( 0.0000000000000000000, 0.0000000000000000000, -9.000000000000001776 ) ) ;
#2718 = CARTESIAN_POINT ( 'NONE',  ( -9.000000000000003553, -8.421052631578948677, -0.001000000000004816697 ) ) ;
#2719 = LINE ( 'NONE', #3421, #4409 ) ;
#2720 = ADVANCED_FACE ( 'CYL_1', ( #2311 ), #381, .F. ) ;
#2721 = ORIENTED_EDGE ( 'NONE', *, *, #3120, .T. ) ;
#2722 = EDGE_CURVE ( 'NONE', #3050, #2411, #2362, .T. ) ;
#2723 = CARTESIAN_POINT ( 'NONE',  ( -3.999999999999994671, -8.000000000000003553, -6.999999999999996447 ) ) ;
#2724 = ORIENTED_EDGE ( 'NONE', *, *, #1844, .F. ) ;
#2725 = EDGE_LOOP ( 'NONE', ( #1847, #2555, #2641, #1531 ) ) ;
#2726 =( NAMED_UNIT ( * ) SI_UNIT ( $, .STERADIAN. ) SOLID_ANGLE_UNIT ( ) );
#2727 = DIRECTION ( 'NONE',  ( 1.000000000000000000, 0.0000000000000000000, 0.0000000000000000000 ) ) ;
#2728 = CARTESIAN_POINT ( 'NONE',  ( 9.000000000000005329, -8.421052631578946901, 0.001000000000004816697 ) ) ;
#2729 = CARTESIAN_POINT ( 'NONE',  ( -8.500000000000000000, -8.421052631578946901, -9.000000000000001776 ) ) ;
#2730 = ORIENTED_EDGE ( 'NONE', *, *, #3878, .T. ) ;
#2731 = CARTESIAN_POINT ( 'NONE',  ( -4.000000000000000000, 4.898587196589412829E-16, 0.0000000000000000000 ) ) ;
#2732 = CYLINDRICAL_SURFACE ( 'NONE', #1298, 0.5000000000000004441 ) ;
#2733 = VERTEX_POINT ( 'NONE', #3392 ) ;
#2734 = DIRECTION ( 'NONE',  ( 0.0000000000000000000, 0.0000000000000000000, 1.000000000000000000 ) ) ;
#2735 = PLANE ( 'NONE',  #2742 ) ;
#2736 = EDGE_CURVE ( 'NONE', #3471, #3796, #2067, .T. ) ;
#2737 = COLOUR_RGB ( '',0.7490196078431372584, 0.7490196078431372584, 0.7490196078431372584 ) ;
#2738 = DIRECTION ( 'NONE',  ( -0.0000000000000000000, -0.0000000000000000000, 1.000000000000000000 ) ) ;
#2739 = EDGE_CURVE ( 'NONE', #517, #3138, #333, .T. ) ;
#2740 = EDGE_LOOP ( 'NONE', ( #1020, #547, #3070, #4245 ) ) ;
#2741 = APPLICATION_CONTEXT ( 'automotive_design' ) ;
#2742 = AXIS2_PLACEMENT_3D ( 'NONE', #2043, #3684, #640 ) ;
#2743 = LINE ( 'NONE', #3082, #1454 ) ;
#2744 = MECHANICAL_DESIGN_GEOMETRIC_PRESENTATION_REPRESENTATION (  '', ( #1381 ), #1828 ) ;
#2745 = ORIENTED_EDGE ( 'NONE', *, *, #334, .T. ) ;
#2746 = VERTEX_POINT ( 'NONE', #1684 ) ;
#2747 = AXIS2_PLACEMENT_3D ( 'NONE', #22, #43, #1094 ) ;
#2748 = DIRECTION ( 'NONE',  ( 1.000000000000000000, 0.0000000000000000000, -2.168404344971009361E-16 ) ) ;
#2749 = DIRECTION ( 'NONE',  ( -1.000000000000000000, 0.0000000000000000000, 0.0000000000000000000 ) ) ;
#2750 = DIRECTION ( 'NONE',  ( -1.000000000000000000, 0.0000000000000000000, -0.0000000000000000000 ) ) ;
#2751 = CYLINDRICAL_SURFACE ( 'NONE', #3336, 3.250000000000000444 ) ;
#2752 = VECTOR ( 'NONE', #552, 1000.000000000000000 ) ;
#2753 = VERTEX_POINT ( 'NONE', #4052 ) ;
#2754 = FACE_OUTER_BOUND ( 'NONE', #1372, .T. ) ;
#2755 = PLANE ( 'NONE',  #1710 ) ;
#2756 = VERTEX_POINT ( 'NONE', #3779 ) ;
#2757 = AXIS2_PLACEMENT_3D ( 'NONE', #1319, #441, #57 ) ;
#2758 = ADVANCED_FACE ( 'NONE', ( #1022, #3706 ), #2735, .F. ) ;
#2759 = CARTESIAN_POINT ( 'NONE',  ( -21.50000000000000000, -3.000000000000001776, 7.000000000000000888 ) ) ;
#2760 = AXIS2_PLACEMENT_3D ( 'NONE', #1493, #2250, #1582 ) ;
#2761 = DIRECTION ( 'NONE',  ( 0.0000000000000000000, 0.0000000000000000000, 1.000000000000000000 ) ) ;
#2762 = VERTEX_POINT ( 'NONE', #2002 ) ;
#2763 = EDGE_CURVE ( 'NONE', #1421, #2577, #1661, .T. ) ;
#2764 = CARTESIAN_POINT ( 'NONE',  ( -17.50000000000000000, 1.734723475976807094E-15, -6.249999999999998224 ) ) ;
#2765 = ORIENTED_EDGE ( 'NONE', *, *, #2472, .F. ) ;
#2766 = VECTOR ( 'NONE', #3868, 1000.000000000000000 ) ;
#2767 = AXIS2_PLACEMENT_3D ( 'NONE', #1840, #154, #1511 ) ;
#2768 = DIRECTION ( 'NONE',  ( 1.000000000000000000, 0.0000000000000000000, 0.0000000000000000000 ) ) ;
#2769 = VECTOR ( 'NONE', #1707, 1000.000000000000000 ) ;
#2770 = CARTESIAN_POINT ( 'NONE',  ( -21.50000000000000000, -3.000000000000001776, 7.000000000000000888 ) ) ;
#2771 = DIRECTION ( 'NONE',  ( -1.000000000000000000, 0.0000000000000000000, 0.0000000000000000000 ) ) ;
#2772 = CIRCLE ( 'NONE', #1767, 4.000000000000000000 ) ;
#2773 = CARTESIAN_POINT ( 'NONE',  ( -17.50000000000000000, 0.0000000000000000000, 2.143131898507868248E-15 ) ) ;
#2774 = VERTEX_POINT ( 'NONE', #310 ) ;
#2775 = VERTEX_POINT ( 'NONE', #1376 ) ;
#2776 = LINE ( 'NONE', #1475, #3936 ) ;
#2777 = CARTESIAN_POINT ( 'NONE',  ( -9.000000000000000000, -2.913331661679526723E-15, 18.00000000000001066 ) ) ;
#2778 = EDGE_LOOP ( 'NONE', ( #3150, #1282 ) ) ;
#2779 = VECTOR ( 'NONE', #591, 1000.000000000000000 ) ;
#2780 = CIRCLE ( 'NONE', #2493, 3.249999999999999556 ) ;
#2781 = EDGE_CURVE ( 'NONE', #375, #606, #357, .T. ) ;
#2782 = EDGE_CURVE ( 'NONE', #3390, #713, #4405, .T. ) ;
#2783 = DIRECTION ( 'NONE',  ( -1.000000000000000000, 0.0000000000000000000, 0.0000000000000000000 ) ) ;
#2784 = CARTESIAN_POINT ( 'NONE',  ( -13.50000000000000178, -8.000000000000001776, 15.00000000000000000 ) ) ;
#2785 = VERTEX_POINT ( 'NONE', #1975 ) ;
#2786 = VERTEX_POINT ( 'NONE', #3418 ) ;
#2787 = CARTESIAN_POINT ( 'NONE',  ( -4.000000000000000000, 4.898587196589412829E-16, 9.000000000000001776 ) ) ;
#2788 = ADVANCED_FACE ( 'NONE', ( #4117 ), #3974, .T. ) ;
#2789 = ORIENTED_EDGE ( 'NONE', *, *, #1537, .F. ) ;
#2790 = CARTESIAN_POINT ( 'NONE',  ( -17.50000000000000000, -1.071565949253933966E-14, -0.001000000000001000089 ) ) ;
#2791 = DIRECTION ( 'NONE',  ( -1.000000000000000000, 0.0000000000000000000, 0.0000000000000000000 ) ) ;
#2792 = PLANE ( 'NONE',  #2833 ) ;
#2793 = CARTESIAN_POINT ( 'NONE',  ( -3.999999999999994671, -3.000000000000003553, 7.000000000000001776 ) ) ;
#2794 = ORIENTED_EDGE ( 'NONE', *, *, #4014, .T. ) ;
#2795 = AXIS2_PLACEMENT_3D ( 'NONE', #1078, #3854, #2433 ) ;
#2796 = DIRECTION ( 'NONE',  ( 0.0000000000000000000, -0.0000000000000000000, 1.000000000000000000 ) ) ;
#2797 = CARTESIAN_POINT ( 'NONE',  ( 9.000000000000005329, -8.421052631578946901, 0.001000000000004816697 ) ) ;
#2798 = CYLINDRICAL_SURFACE ( 'NONE', #2716, 4.000000000000000000 ) ;
#2799 = DIRECTION ( 'NONE',  ( -0.0000000000000000000, -0.0000000000000000000, -1.000000000000000000 ) ) ;
#2800 = EDGE_CURVE ( 'NONE', #1296, #1317, #2465, .T. ) ;
#2801 = DIRECTION ( 'NONE',  ( 1.000000000000000000, 0.0000000000000000000, 0.0000000000000000000 ) ) ;
#2802 = CARTESIAN_POINT ( 'NONE',  ( 9.014718625761439341, 2.602085213965210642E-15, -8.998999999999997002 ) ) ;
#2803 = VERTEX_POINT ( 'NONE', #79 ) ;
#2804 = EDGE_LOOP ( 'NONE', ( #165, #2625, #484, #4316 ) ) ;
#2805 = EDGE_LOOP ( 'NONE', ( #1775, #1662, #3205, #3877 ) ) ;
#2806 = CIRCLE ( 'NONE', #3537, 7.999999999999992895 ) ;
#2807 = DIRECTION ( 'NONE',  ( 1.000000000000000000, 0.0000000000000000000, -1.224492004374498914E-16 ) ) ;
#2808 =( NAMED_UNIT ( * ) PLANE_ANGLE_UNIT ( ) SI_UNIT ( $, .RADIAN. ) );
#2809 = CARTESIAN_POINT ( 'NONE',  ( 4.000000000000003553, -3.000000000000003553, 15.00000000000000178 ) ) ;
#2810 = DIRECTION ( 'NONE',  ( -1.000000000000000000, -1.155348641033115835E-16, 0.0000000000000000000 ) ) ;
#2811 = ORIENTED_EDGE ( 'NONE', *, *, #2051, .F. ) ;
#2812 = DIRECTION ( 'NONE',  ( -0.0000000000000000000, -0.0000000000000000000, 1.000000000000000000 ) ) ;
#2813 = CARTESIAN_POINT ( 'NONE',  ( 21.00000000000000355, 0.0000000000000000000, -18.00000000000000355 ) ) ;
#2814 = ORIENTED_EDGE ( 'NONE', *, *, #2800, .F. ) ;
#2815 = ADVANCED_FACE ( 'NONE', ( #1063 ), #4159, .T. ) ;
#2816 = VECTOR ( 'NONE', #223, 1000.000000000000000 ) ;
#2817 = CARTESIAN_POINT ( 'NONE',  ( -13.50000000000000178, -8.000000000000001776, -6.999999999999999112 ) ) ;
#2818 = CARTESIAN_POINT ( 'NONE',  ( 0.0000000000000000000, 0.0000000000000000000, 18.00000000000000355 ) ) ;
#2819 = CARTESIAN_POINT ( 'NONE',  ( -8.485281374238573093, 0.4999999999999978351, 9.000000000000000000 ) ) ;
#2820 =( GEOMETRIC_REPRESENTATION_CONTEXT ( 3 ) GLOBAL_UNCERTAINTY_ASSIGNED_CONTEXT ( ( #1286 ) ) GLOBAL_UNIT_ASSIGNED_CONTEXT ( ( #3661, #1878, #2958 ) ) REPRESENTATION_CONTEXT ( 'NONE', 'WORKASPACE' ) );
#2821 = ORIENTED_EDGE ( 'NONE', *, *, #360, .F. ) ;
#2822 = VERTEX_POINT ( 'NONE', #1747 ) ;
#2823 = ORIENTED_EDGE ( 'NONE', *, *, #2337, .T. ) ;
#2824 = FACE_OUTER_BOUND ( 'NONE', #3252, .T. ) ;
#2825 = ORIENTED_EDGE ( 'NONE', *, *, #1487, .F. ) ;
#2826 = EDGE_CURVE ( 'NONE', #2590, #1112, #3179, .T. ) ;
#2827 = CARTESIAN_POINT ( 'NONE',  ( -27.00000000000000000, -3.500000000000007105, -18.00000000000000355 ) ) ;
#2828 = DIRECTION ( 'NONE',  ( -1.000000000000000000, 0.0000000000000000000, 0.0000000000000000000 ) ) ;
#2829 = DIRECTION ( 'NONE',  ( 1.000000000000000000, 0.0000000000000000000, 0.0000000000000000000 ) ) ;
#2830 = LINE ( 'NONE', #2227, #2891 ) ;
#2831 = PRODUCT_DEFINITION_FORMATION_WITH_SPECIFIED_SOURCE ( 'ANY', '', #666, .NOT_KNOWN. ) ;
#2832 = CARTESIAN_POINT ( 'NONE',  ( -21.50000000000000000, -1.022580077288039749E-14, -18.00000000000000355 ) ) ;
#2833 = AXIS2_PLACEMENT_3D ( 'NONE', #1014, #718, #3815 ) ;
#2834 = VERTEX_POINT ( 'NONE', #2087 ) ;
#2835 = LINE ( 'NONE', #1430, #64 ) ;
#2836 = DIRECTION ( 'NONE',  ( -0.0000000000000000000, -1.000000000000000000, -0.0000000000000000000 ) ) ;
#2837 =( GEOMETRIC_REPRESENTATION_CONTEXT ( 3 ) GLOBAL_UNCERTAINTY_ASSIGNED_CONTEXT ( ( #3303 ) ) GLOBAL_UNIT_ASSIGNED_CONTEXT ( ( #3169, #2808, #2455 ) ) REPRESENTATION_CONTEXT ( 'NONE', 'WORKASPACE' ) );
#2838 = DIRECTION ( 'NONE',  ( -0.0000000000000000000, -0.0000000000000000000, -1.000000000000000000 ) ) ;
#2839 = VECTOR ( 'NONE', #3985, 1000.000000000000000 ) ;
#2840 = EDGE_CURVE ( 'NONE', #1906, #3174, #3463, .T. ) ;
#2841 = VECTOR ( 'NONE', #1709, 1000.000000000000000 ) ;
#2842 = CARTESIAN_POINT ( 'NONE',  ( -8.499999999999992895, -1.736423990403940165E-15, 18.00000000000000355 ) ) ;
#2843 =( NAMED_UNIT ( * ) PLANE_ANGLE_UNIT ( ) SI_UNIT ( $, .RADIAN. ) );
#2844 = PLANE ( 'NONE',  #3494 ) ;
#2845 = ORIENTED_EDGE ( 'NONE', *, *, #3272, .T. ) ;
#2846 = ORIENTED_EDGE ( 'NONE', *, *, #2065, .T. ) ;
#2847 = MECHANICAL_DESIGN_GEOMETRIC_PRESENTATION_REPRESENTATION (  '', ( #216 ), #4083 ) ;
#2848 =( GEOMETRIC_REPRESENTATION_CONTEXT ( 3 ) GLOBAL_UNCERTAINTY_ASSIGNED_CONTEXT ( ( #1292 ) ) GLOBAL_UNIT_ASSIGNED_CONTEXT ( ( #1586, #2570, #564 ) ) REPRESENTATION_CONTEXT ( 'NONE', 'WORKASPACE' ) );
#2849 = VECTOR ( 'NONE', #2290, 1000.000000000000000 ) ;
#2850 = EDGE_CURVE ( 'NONE', #844, #2785, #2444, .T. ) ;
#2851 = CARTESIAN_POINT ( 'NONE',  ( 4.000000000000003553, -3.000000000000003553, 7.000000000000002665 ) ) ;
#2852 = ORIENTED_EDGE ( 'NONE', *, *, #925, .T. ) ;
#2853 = DIRECTION ( 'NONE',  ( 1.000000000000000000, 0.0000000000000000000, -0.0000000000000000000 ) ) ;
#2854 = EDGE_CURVE ( 'NONE', #3573, #1549, #963, .T. ) ;
#2855 = CARTESIAN_POINT ( 'NONE',  ( 17.50000000000000711, 0.0000000000000000000, -18.00000000000000355 ) ) ;
#2856 = FACE_OUTER_BOUND ( 'NONE', #430, .T. ) ;
#2857 = CARTESIAN_POINT ( 'NONE',  ( 9.000000000000007105, -8.421052631578946901, 9.001000000000002998 ) ) ;
#2858 = FILL_AREA_STYLE_COLOUR ( '', #412 ) ;
#2859 = ORIENTED_EDGE ( 'NONE', *, *, #866, .T. ) ;
#2860 = CARTESIAN_POINT ( 'NONE',  ( -9.513852824246059825, 0.4705882352941141988, -0.001000000000001978039 ) ) ;
#2861 = DIRECTION ( 'NONE',  ( 0.7071067811865487940, 0.0000000000000000000, 0.7071067811865463515 ) ) ;
#2862 = DIRECTION ( 'NONE',  ( -0.0000000000000000000, 1.000000000000000000, -0.0000000000000000000 ) ) ;
#2863 = DIRECTION ( 'NONE',  ( 1.000000000000000000, 0.0000000000000000000, 0.0000000000000000000 ) ) ;
#2864 = VECTOR ( 'NONE', #2351, 1000.000000000000000 ) ;
#2865 = CARTESIAN_POINT ( 'NONE',  ( -17.50000000000000000, -1.071565949253933966E-14, 18.00000000000000355 ) ) ;
#2866 = SURFACE_STYLE_USAGE ( .BOTH. , #1501 ) ;
#2867 = DIRECTION ( 'NONE',  ( -0.0000000000000000000, -0.0000000000000000000, -1.000000000000000000 ) ) ;
#2868 = ORIENTED_EDGE ( 'NONE', *, *, #503, .T. ) ;
#2869 = EDGE_LOOP ( 'NONE', ( #1012, #3531, #1603, #3896, #183 ) ) ;
#2870 = B_SPLINE_CURVE_WITH_KNOTS ( 'NONE', 3,
 ( #3299, #2305, #3630, #1631, #1589, #325, #3654, #566, #3021, #2683 ),
 .UNSPECIFIED., .F., .F.,
 ( 4, 2, 2, 2, 4 ),
 ( 8.671984820062676768E-05, 0.0009708150258541871531, 0.001854910203507747525, 0.002739005381161307897, 0.003623100558814868269 ),
 .UNSPECIFIED. ) ;
#2871 = VERTEX_POINT ( 'NONE', #3140 ) ;
#2872 = ADVANCED_FACE ( 'NONE', ( #2484 ), #96, .F. ) ;
#2873 = CARTESIAN_POINT ( 'NONE',  ( 17.50000000000000000, 0.0000000000000000000, 18.00000000000000355 ) ) ;
#2874 = VERTEX_POINT ( 'NONE', #2164 ) ;
#2875 = PLANE ( 'NONE',  #4360 ) ;
#2876 = DIRECTION ( 'NONE',  ( -0.0000000000000000000, -0.0000000000000000000, -1.000000000000000000 ) ) ;
#2877 = CARTESIAN_POINT ( 'NONE',  ( -17.50000000000000000, -2.999999999999999112, 3.250000000000003109 ) ) ;
#2878 =( LENGTH_UNIT ( ) NAMED_UNIT ( * ) SI_UNIT ( .MILLI., .METRE. ) );
#2879 = ORIENTED_EDGE ( 'NONE', *, *, #396, .T. ) ;
#2880 = VECTOR ( 'NONE', #91, 1000.000000000000000 ) ;
#2881 = CARTESIAN_POINT ( 'NONE',  ( 9.797174393178831574E-16, -8.000000000000003553, -9.001000000000001222 ) ) ;
#2882 = PLANE ( 'NONE',  #3146 ) ;
#2883 = CARTESIAN_POINT ( 'NONE',  ( -17.50000000000000000, -2.999999999999999112, -3.249999999999999556 ) ) ;
#2884 = AXIS2_PLACEMENT_3D ( 'NONE', #618, #3482, #3824 ) ;
#2885 = LINE ( 'NONE', #571, #2779 ) ;
#2887 = EDGE_CURVE ( 'NONE', #2242, #2522, #3865, .T. ) ;
#2886 = DIRECTION ( 'NONE',  ( -1.000000000000000000, 0.0000000000000000000, 0.0000000000000000000 ) ) ;
#2888 = CIRCLE ( 'NONE', #3907, 7.999999999999992895 ) ;
#2889 = DIRECTION ( 'NONE',  ( 0.0000000000000000000, -0.0000000000000000000, -1.000000000000000000 ) ) ;
#2890 = ORIENTED_EDGE ( 'NONE', *, *, #982, .F. ) ;
#2891 = VECTOR ( 'NONE', #1512, 1000.000000000000000 ) ;
#2892 = ORIENTED_EDGE ( 'NONE', *, *, #2341, .T. ) ;
#2893 = CARTESIAN_POINT ( 'NONE',  ( -9.000000000000000000, -8.421052631578948677, 18.00000000000000000 ) ) ;
#2894 = CARTESIAN_POINT ( 'NONE',  ( -8.499999999999992895, -1.736423990403940165E-15, 18.00000000000000355 ) ) ;
#2895 = ORIENTED_EDGE ( 'NONE', *, *, #3788, .F. ) ;
#2896 = AXIS2_PLACEMENT_3D ( 'NONE', #1343, #2701, #3693 ) ;
#2897 = ADVANCED_FACE ( 'NONE', ( #1590 ), #1520, .F. ) ;
#2898 =( NAMED_UNIT ( * ) SI_UNIT ( $, .STERADIAN. ) SOLID_ANGLE_UNIT ( ) );
#2899 = DIRECTION ( 'NONE',  ( -1.000000000000000000, 0.0000000000000000000, 1.927256389264311319E-16 ) ) ;
#2900 = DIRECTION ( 'NONE',  ( 1.000000000000000000, 0.0000000000000000000, -0.0000000000000000000 ) ) ;
#2901 = CARTESIAN_POINT ( 'NONE',  ( -21.50000000000000000, -3.000000000000001776, -6.999999999999997335 ) ) ;
#2902 = DIRECTION ( 'NONE',  ( -0.0000000000000000000, 1.000000000000000000, -0.0000000000000000000 ) ) ;
#2903 = ORIENTED_EDGE ( 'NONE', *, *, #711, .T. ) ;
#2904 = CARTESIAN_POINT ( 'NONE',  ( -8.500000000000000000, -3.469446951953614189E-15, -18.00000000000000355 ) ) ;
#2905 = FILL_AREA_STYLE_COLOUR ( '', #7 ) ;
#2906 = DIRECTION ( 'NONE',  ( -1.927256389264311319E-16, -1.337302761073237973E-31, -1.000000000000000000 ) ) ;
#2907 = PRODUCT_DEFINITION ( 'UNKNOWN', '', #2831, #115 ) ;
#2908 = VECTOR ( 'NONE', #1737, 1000.000000000000000 ) ;
#2909 = DIRECTION ( 'NONE',  ( 1.000000000000000000, 0.0000000000000000000, 0.0000000000000000000 ) ) ;
#2910 = APPLICATION_CONTEXT ( 'automotive_design' ) ;
#2911 = DIRECTION ( 'NONE',  ( 0.0000000000000000000, -0.0000000000000000000, -1.000000000000000000 ) ) ;
#2912 = ORIENTED_EDGE ( 'NONE', *, *, #1071, .F. ) ;
#2913 = AXIS2_PLACEMENT_3D ( 'NONE', #3496, #2096, #3475 ) ;
#2914 = ORIENTED_EDGE ( 'NONE', *, *, #4381, .F. ) ;
#2915 = AXIS2_PLACEMENT_3D ( 'NONE', #749, #3145, #1502 ) ;
#2916 = EDGE_CURVE ( 'NONE', #4235, #3188, #816, .T. ) ;
#2917 = CARTESIAN_POINT ( 'NONE',  ( 3.980102097228899711E-16, -2.999999999999999112, -3.250000000000001776 ) ) ;
#2918 = VECTOR ( 'NONE', #188, 1000.000000000000000 ) ;
#2919 = VERTEX_POINT ( 'NONE', #2883 ) ;
#2920 = DIRECTION ( 'NONE',  ( 2.168404344971009361E-16, -0.0000000000000000000, 1.000000000000000000 ) ) ;
#2921 = DIRECTION ( 'NONE',  ( 1.000000000000000000, 0.0000000000000000000, 0.0000000000000000000 ) ) ;
#2922 = ORIENTED_EDGE ( 'NONE', *, *, #1658, .F. ) ;
#2923 = CONICAL_SURFACE ( 'NONE', #1923, 3.499999999999996003, 0.7853981633974500554 ) ;
#2924 = AXIS2_PLACEMENT_3D ( 'NONE', #902, #258, #1332 ) ;
#2925 = CARTESIAN_POINT ( 'NONE',  ( 17.50000000000000711, 0.0000000000000000000, 18.00000000000000355 ) ) ;
#2926 = LINE ( 'NONE', #3795, #1773 ) ;
#2927 = ADVANCED_FACE ( 'NONE', ( #2284, #3631 ), #879, .F. ) ;
#2928 = DIRECTION ( 'NONE',  ( -0.0000000000000000000, 1.000000000000000000, -0.0000000000000000000 ) ) ;
#2929 = SURFACE_STYLE_FILL_AREA ( #2185 ) ;
#2930 = STYLED_ITEM ( 'NONE', ( #4193 ), #21 ) ;
#2931 = EDGE_LOOP ( 'NONE', ( #2680, #87, #751, #1085 ) ) ;
#2932 = DIRECTION ( 'NONE',  ( 8.659560562354931626E-17, 0.7071067811865477948, -0.7071067811865473507 ) ) ;
#2933 = LINE ( 'NONE', #631, #70 ) ;
#2934 = FACE_OUTER_BOUND ( 'NONE', #3025, .T. ) ;
#2935 = CARTESIAN_POINT ( 'NONE',  ( -9.000000000000001776, -8.421052631578948677, 8.998999999999997002 ) ) ;
#2936 = DIRECTION ( 'NONE',  ( -0.0000000000000000000, -0.0000000000000000000, 1.000000000000000000 ) ) ;
#2937 = DIRECTION ( 'NONE',  ( -0.0000000000000000000, -0.0000000000000000000, -1.000000000000000000 ) ) ;
#2938 = ORIENTED_EDGE ( 'NONE', *, *, #802, .F. ) ;
#2939 = VERTEX_POINT ( 'NONE', #1221 ) ;
#2940 = FACE_OUTER_BOUND ( 'NONE', #2392, .T. ) ;
#2941 = EDGE_CURVE ( 'NONE', #249, #2491, #2234, .T. ) ;
#2942 = ORIENTED_EDGE ( 'NONE', *, *, #1473, .F. ) ;
#2943 = FACE_OUTER_BOUND ( 'NONE', #4345, .T. ) ;
#2944 = ORIENTED_EDGE ( 'NONE', *, *, #1644, .T. ) ;
#2945 = SURFACE_STYLE_FILL_AREA ( #1864 ) ;
#2946 = LINE ( 'NONE', #229, #2272 ) ;
#2947 = CARTESIAN_POINT ( 'NONE',  ( 0.0000000000000000000, 0.0000000000000000000, 9.000000000000000000 ) ) ;
#2948 = EDGE_LOOP ( 'NONE', ( #3651, #2342, #1011, #4033 ) ) ;
#2949 = ORIENTED_EDGE ( 'NONE', *, *, #3939, .F. ) ;
#2950 = PRESENTATION_STYLE_ASSIGNMENT (( #2304 ) ) ;
#2951 =( NAMED_UNIT ( * ) PLANE_ANGLE_UNIT ( ) SI_UNIT ( $, .RADIAN. ) );
#2952 = FACE_OUTER_BOUND ( 'NONE', #2990, .T. ) ;
#2953 = VECTOR ( 'NONE', #1994, 1000.000000000000000 ) ;
#2954 = EDGE_CURVE ( 'NONE', #2834, #375, #499, .T. ) ;
#2955 = DIRECTION ( 'NONE',  ( -0.0000000000000000000, -0.0000000000000000000, 1.000000000000000000 ) ) ;
#2956 = DIRECTION ( 'NONE',  ( 0.0000000000000000000, 0.0000000000000000000, -1.000000000000000000 ) ) ;
#2957 = VERTEX_POINT ( 'NONE', #3655 ) ;
#2958 =( NAMED_UNIT ( * ) SI_UNIT ( $, .STERADIAN. ) SOLID_ANGLE_UNIT ( ) );
#2959 = VECTOR ( 'NONE', #15, 1000.000000000000000 ) ;
#2960 = CARTESIAN_POINT ( 'NONE',  ( -8.500000000000000000, -8.421052631578946901, 0.0000000000000000000 ) ) ;
#2961 = EDGE_LOOP ( 'NONE', ( #1880, #2132, #4416, #1189 ) ) ;
#2962 = PRESENTATION_LAYER_ASSIGNMENT (  '', '', ( #1746 ) ) ;
#2963 = DIRECTION ( 'NONE',  ( -1.000000000000000000, -0.0000000000000000000, -0.0000000000000000000 ) ) ;
#2964 = CIRCLE ( 'NONE', #2037, 4.000000000000000000 ) ;
#2965 = EDGE_CURVE ( 'NONE', #606, #452, #3978, .T. ) ;
#2966 = ORIENTED_EDGE ( 'NONE', *, *, #643, .F. ) ;
#2967 = AXIS2_PLACEMENT_3D ( 'NONE', #4120, #1643, #645 ) ;
#2968 = EDGE_CURVE ( 'NONE', #703, #4143, #3938, .T. ) ;
#2969 = DIRECTION ( 'NONE',  ( 1.000000000000000000, 0.0000000000000000000, 0.0000000000000000000 ) ) ;
#2970 = COLOUR_RGB ( '',0.7490196078431372584, 0.7490196078431372584, 0.7490196078431372584 ) ;
#2971 = ORIENTED_EDGE ( 'NONE', *, *, #3458, .F. ) ;
#2972 = EDGE_CURVE ( 'NONE', #2822, #1772, #4287, .T. ) ;
#2973 = ORIENTED_EDGE ( 'NONE', *, *, #3486, .F. ) ;
#2974 = CYLINDRICAL_SURFACE ( 'NONE', #515, 4.000000000000000000 ) ;
#2975 = UNCERTAINTY_MEASURE_WITH_UNIT (LENGTH_MEASURE( 1.000000000000000082E-05 ), #2079, 'distance_accuracy_value', 'NONE');
#2976 = DIRECTION ( 'NONE',  ( -0.0000000000000000000, 1.000000000000000000, -0.0000000000000000000 ) ) ;
#2977 = ORIENTED_EDGE ( 'NONE', *, *, #1152, .T. ) ;
#2978 = DIRECTION ( 'NONE',  ( 0.0000000000000000000, -0.0000000000000000000, -1.000000000000000000 ) ) ;
#2979 = UNCERTAINTY_MEASURE_WITH_UNIT (LENGTH_MEASURE( 1.000000000000000082E-05 ), #2518, 'distance_accuracy_value', 'NONE');
#2980 = DIRECTION ( 'NONE',  ( -0.0000000000000000000, -0.0000000000000000000, 1.000000000000000000 ) ) ;
#2981 = EDGE_LOOP ( 'NONE', ( #2220, #444, #1040, #3018, #3921 ) ) ;
#2982 =( NAMED_UNIT ( * ) PLANE_ANGLE_UNIT ( ) SI_UNIT ( $, .RADIAN. ) );
#2983 = DIRECTION ( 'NONE',  ( -0.0000000000000000000, -0.0000000000000000000, -1.000000000000000000 ) ) ;
#2984 = EDGE_CURVE ( 'NONE', #713, #4259, #726, .T. ) ;
#2985 = AXIS2_PLACEMENT_3D ( 'NONE', #134, #1510, #4208 ) ;
#2986 = ORIENTED_EDGE ( 'NONE', *, *, #131, .T. ) ;
#2987 = LINE ( 'NONE', #1299, #973 ) ;
#2988 = VECTOR ( 'NONE', #283, 1000.000000000000000 ) ;
#2989 = CARTESIAN_POINT ( 'NONE',  ( -9.014718625761439341, -2.917837941161175322E-15, 18.00000000000000355 ) ) ;
#2990 = EDGE_LOOP ( 'NONE', ( #1781, #3597, #1690, #3736 ) ) ;
#2991 = EDGE_CURVE ( 'NONE', #2665, #4412, #1388, .T. ) ;
#2992 = CIRCLE ( 'NONE', #3860, 0.4999999999999987232 ) ;
#2993 = VECTOR ( 'NONE', #763, 1000.000000000000000 ) ;
#2994 = DIRECTION ( 'NONE',  ( -0.0000000000000000000, 1.000000000000000000, -0.0000000000000000000 ) ) ;
#2995 = ORIENTED_EDGE ( 'NONE', *, *, #4065, .F. ) ;
#2996 = EDGE_LOOP ( 'NONE', ( #1122, #172 ) ) ;
#2997 = EDGE_CURVE ( 'NONE', #4105, #574, #2527, .T. ) ;
#2998 = CARTESIAN_POINT ( 'NONE',  ( -27.00000000000000000, -8.000000000000001776, 18.00000000000000355 ) ) ;
#2999 = DIRECTION ( 'NONE',  ( -0.0000000000000000000, 1.000000000000000000, -0.0000000000000000000 ) ) ;
#3000 = PRESENTATION_STYLE_ASSIGNMENT (( #455 ) ) ;
#3001 = MECHANICAL_DESIGN_GEOMETRIC_PRESENTATION_REPRESENTATION (  '', ( #2930 ), #1567 ) ;
#3002 = AXIS2_PLACEMENT_3D ( 'NONE', #3500, #436, #4156 ) ;
#3003 = AXIS2_PLACEMENT_3D ( 'NONE', #1084, #684, #4137 ) ;
#3004 = DIRECTION ( 'NONE',  ( -1.000000000000000000, 0.0000000000000000000, 0.0000000000000000000 ) ) ;
#3005 = CARTESIAN_POINT ( 'NONE',  ( -17.50000000000000000, -1.071565949253933966E-14, 18.00000000000000355 ) ) ;
#3006 = CARTESIAN_POINT ( 'NONE',  ( -17.50000000000000000, 1.734723475976807094E-15, 2.143131898507868248E-15 ) ) ;
#3007 = ORIENTED_EDGE ( 'NONE', *, *, #4247, .T. ) ;
#3008 = DIRECTION ( 'NONE',  ( -0.0000000000000000000, -0.0000000000000000000, -1.000000000000000000 ) ) ;
#3009 = ORIENTED_EDGE ( 'NONE', *, *, #3902, .F. ) ;
#3010 = DIRECTION ( 'NONE',  ( 1.000000000000000000, 0.0000000000000000000, 0.0000000000000000000 ) ) ;
#3011 = CYLINDRICAL_SURFACE ( 'NONE', #1334, 4.000000000000000000 ) ;
#3012 = ORIENTED_EDGE ( 'NONE', *, *, #2313, .T. ) ;
#3013 = VECTOR ( 'NONE', #3431, 1000.000000000000000 ) ;
#3014 = ADVANCED_FACE ( 'PLANAR_2', ( #3271 ), #2257, .F. ) ;
#3015 = PRODUCT ( 'WB159_Scharnier^WB159.1_17,5', 'WB159_Scharnier^WB159.1_17,5', '', ( #2001 ) ) ;
#3016 = DIRECTION ( 'NONE',  ( 1.000000000000000000, 0.0000000000000000000, 1.084202172485504681E-16 ) ) ;
#3017 = EDGE_LOOP ( 'NONE', ( #3164, #2011, #1572, #1135 ) ) ;
#3018 = ORIENTED_EDGE ( 'NONE', *, *, #900, .F. ) ;
#3019 = FACE_BOUND ( 'NONE', #3467, .T. ) ;
#3020 = DIRECTION ( 'NONE',  ( 1.000000000000000000, 0.0000000000000000000, 0.0000000000000000000 ) ) ;
#3021 = CARTESIAN_POINT ( 'NONE',  ( -23.58325350210530047, -3.333286405682485409E-15, -1.464559421353252677 ) ) ;
#3022 = DIRECTION ( 'NONE',  ( -0.0000000000000000000, -0.0000000000000000000, 1.000000000000000000 ) ) ;
#3023 = FACE_BOUND ( 'NONE', #83, .T. ) ;
#3024 = DIRECTION ( 'NONE',  ( 1.000000000000000000, 0.0000000000000000000, 0.0000000000000000000 ) ) ;
#3025 = EDGE_LOOP ( 'NONE', ( #2698, #2358, #2005, #2371 ) ) ;
#3026 = APPLICATION_PROTOCOL_DEFINITION ( 'draft international standard', 'automotive_design', 1998, #3817 ) ;
#3027 = CARTESIAN_POINT ( 'NONE',  ( 9.014718625761439341, 0.5000000000000024425, 18.00000000000000355 ) ) ;
#3028 = AXIS2_PLACEMENT_3D ( 'NONE', #3341, #3004, #2058 ) ;
#3029 = ORIENTED_EDGE ( 'NONE', *, *, #2102, .F. ) ;
#3030 = EDGE_CURVE ( 'NONE', #3083, #3754, #1925, .T. ) ;
#3031 = CARTESIAN_POINT ( 'NONE',  ( 21.50000000000000711, 4.898587196589412829E-16, 17.50000000000000000 ) ) ;
#3032 = CARTESIAN_POINT ( 'NONE',  ( -21.50000000000000000, -8.000000000000001776, -14.99999999999999822 ) ) ;
#3033 = PRESENTATION_STYLE_ASSIGNMENT (( #4319 ) ) ;
#3034 = ORIENTED_EDGE ( 'NONE', *, *, #1893, .F. ) ;
#3035 = ORIENTED_EDGE ( 'NONE', *, *, #1425, .F. ) ;
#3036 = DIRECTION ( 'NONE',  ( 1.000000000000000000, 0.0000000000000000000, 0.0000000000000000000 ) ) ;
#3037 = ADVANCED_FACE ( 'NONE', ( #2952 ), #3221, .F. ) ;
#3038 = EDGE_LOOP ( 'NONE', ( #3578, #1214, #1462, #3678 ) ) ;
#3039 = VECTOR ( 'NONE', #2221, 1000.000000000000000 ) ;
#3040 = EDGE_LOOP ( 'NONE', ( #2845, #2986, #1694, #2944 ) ) ;
#3041 = LINE ( 'NONE', #4184, #4032 ) ;
#3042 = DIRECTION ( 'NONE',  ( 1.000000000000000000, 0.0000000000000000000, -1.224492004374497928E-16 ) ) ;
#3043 = SURFACE_STYLE_USAGE ( .BOTH. , #922 ) ;
#3044 = VECTOR ( 'NONE', #811, 1000.000000000000000 ) ;
#3045 = CARTESIAN_POINT ( 'NONE',  ( -17.50000000000000000, -2.999999999999999112, 2.143131898507868248E-15 ) ) ;
#3046 = ORIENTED_EDGE ( 'NONE', *, *, #1048, .T. ) ;
#3047 = PRESENTATION_LAYER_ASSIGNMENT (  '', '', ( #1471 ) ) ;
#3048 = CARTESIAN_POINT ( 'NONE',  ( 4.000000000000005329, -8.000000000000000000, -6.999999999999994671 ) ) ;
#3049 = DIRECTION ( 'NONE',  ( -0.0000000000000000000, -0.0000000000000000000, -1.000000000000000000 ) ) ;
#3050 = VERTEX_POINT ( 'NONE', #162 ) ;
#3051 = SHAPE_DEFINITION_REPRESENTATION ( #313, #341 ) ;
#3052 = CARTESIAN_POINT ( 'NONE',  ( -1.224658788051690551E-15, -8.000000000000003553, -0.001000000000004469536 ) ) ;
#3053 = ADVANCED_FACE ( 'PLANAR_6', ( #1945, #3318 ), #1653, .F. ) ;
#3054 = DIRECTION ( 'NONE',  ( 8.659560562354931626E-17, 0.7071067811865477948, -0.7071067811865473507 ) ) ;
#3055 = CARTESIAN_POINT ( 'NONE',  ( -17.50000000000000000, -8.000000000000003553, -18.00000000000000355 ) ) ;
#3056 = DIRECTION ( 'NONE',  ( 1.000000000000000000, 0.0000000000000000000, -2.168404344971008868E-16 ) ) ;
#3057 = AXIS2_PLACEMENT_3D ( 'NONE', #2565, #135, #2540 ) ;
#3058 = ORIENTED_EDGE ( 'NONE', *, *, #2384, .T. ) ;
#3059 = AXIS2_PLACEMENT_3D ( 'NONE', #153, #490, #1139 ) ;
#3060 = CIRCLE ( 'NONE', #3710, 8.000000000000000000 ) ;
#3061 = CARTESIAN_POINT ( 'NONE',  ( -17.50000000000000000, -1.071565949253933966E-14, -18.00000000000000355 ) ) ;
#3062 = VERTEX_POINT ( 'NONE', #1036 ) ;
#3063 = AXIS2_PLACEMENT_3D ( 'NONE', #2608, #3994, #2595 ) ;
#3064 = ORIENTED_EDGE ( 'NONE', *, *, #1304, .F. ) ;
#3065 = EDGE_CURVE ( 'NONE', #1247, #1715, #3901, .T. ) ;
#3066 = FILL_AREA_STYLE ('',( #630 ) ) ;
#3067 = PLANE ( 'NONE',  #3707 ) ;
#3068 = DIRECTION ( 'NONE',  ( -0.0000000000000000000, -0.0000000000000000000, -1.000000000000000000 ) ) ;
#3069 = CIRCLE ( 'NONE', #3644, 0.5000000000000004441 ) ;
#3070 = ORIENTED_EDGE ( 'NONE', *, *, #3510, .F. ) ;
#3071 = DIRECTION ( 'NONE',  ( 1.000000000000000000, 6.938893903907225419E-16, 0.0000000000000000000 ) ) ;
#3072 = DIRECTION ( 'NONE',  ( -0.0000000000000000000, 0.0000000000000000000, -1.000000000000000000 ) ) ;
#3073 = ORIENTED_EDGE ( 'NONE', *, *, #1259, .T. ) ;
#3074 = COLOUR_RGB ( '',0.7490196078431372584, 0.7490196078431372584, 0.7490196078431372584 ) ;
#3075 = AXIS2_PLACEMENT_3D ( 'NONE', #1556, #4301, #1233 ) ;
#3076 = SHAPE_DEFINITION_REPRESENTATION ( #949, #3853 ) ;
#3077 = EDGE_CURVE ( 'NONE', #3050, #4338, #1675, .T. ) ;
#3078 = DIRECTION ( 'NONE',  ( 1.000000000000000000, 0.0000000000000000000, 0.0000000000000000000 ) ) ;
#3079 = CARTESIAN_POINT ( 'NONE',  ( -21.50000000000000000, -8.000000000000001776, 7.000000000000000888 ) ) ;
#3080 = DIRECTION ( 'NONE',  ( 1.000000000000000000, 0.0000000000000000000, 0.0000000000000000000 ) ) ;
#3081 = ORIENTED_EDGE ( 'NONE', *, *, #993, .T. ) ;
#3082 = CARTESIAN_POINT ( 'NONE',  ( -8.485281374238573093, -1.734723475976807094E-15, 0.0000000000000000000 ) ) ;
#3083 = VERTEX_POINT ( 'NONE', #4110 ) ;
#3084 = VERTEX_POINT ( 'NONE', #3700 ) ;
#3085 = EDGE_CURVE ( 'NONE', #639, #1132, #4420, .T. ) ;
#3086 = DIRECTION ( 'NONE',  ( -1.224585427126033517E-16, -2.999369247224782659E-32, -1.000000000000000000 ) ) ;
#3087 = DIRECTION ( 'NONE',  ( 0.0000000000000000000, 0.0000000000000000000, 1.000000000000000000 ) ) ;
#3088 = CARTESIAN_POINT ( 'NONE',  ( 4.000000000000005329, -8.000000000000003553, -14.99999999999999645 ) ) ;
#3089 = CARTESIAN_POINT ( 'NONE',  ( -27.00000000000000000, -3.500000000000007105, 18.00000000000000355 ) ) ;
#3090 = ORIENTED_EDGE ( 'NONE', *, *, #1576, .F. ) ;
#3091 = LINE ( 'NONE', #30, #3142 ) ;
#3092 = FACE_OUTER_BOUND ( 'NONE', #2805, .T. ) ;
#3093 = DIRECTION ( 'NONE',  ( -0.0000000000000000000, -0.0000000000000000000, 1.000000000000000000 ) ) ;
#3094 = DIRECTION ( 'NONE',  ( 1.000000000000000000, 0.0000000000000000000, 0.0000000000000000000 ) ) ;
#3095 = EDGE_CURVE ( 'NONE', #1982, #1810, #4091, .T. ) ;
#3096 = DIRECTION ( 'NONE',  ( 1.000000000000000000, 0.0000000000000000000, 0.0000000000000000000 ) ) ;
#3097 = DIRECTION ( 'NONE',  ( -0.0000000000000000000, -1.000000000000000000, -0.0000000000000000000 ) ) ;
#3098 = VERTEX_POINT ( 'NONE', #1288 ) ;
#3099 = CIRCLE ( 'NONE', #1802, 0.5000000000000004441 ) ;
#3100 = EDGE_CURVE ( 'NONE', #339, #1432, #1015, .T. ) ;
#3101 = EDGE_CURVE ( 'NONE', #815, #3544, #1371, .T. ) ;
#3102 = DIRECTION ( 'NONE',  ( 1.000000000000000000, 0.0000000000000000000, 0.0000000000000000000 ) ) ;
#3103 = VERTEX_POINT ( 'NONE', #1632 ) ;
#3104 = VECTOR ( 'NONE', #1489, 1000.000000000000000 ) ;
#3105 = DIRECTION ( 'NONE',  ( 0.0000000000000000000, 0.0000000000000000000, 1.000000000000000000 ) ) ;
#3106 = EDGE_CURVE ( 'NONE', #1129, #4411, #612, .T. ) ;
#3107 = CARTESIAN_POINT ( 'NONE',  ( -7.986147175753949945, 0.4705882352941191393, -9.000000000000001776 ) ) ;
#3108 = FACE_BOUND ( 'NONE', #985, .T. ) ;
#3109 = CARTESIAN_POINT ( 'NONE',  ( -23.49999999999999645, -3.500000000000006661, -18.00000000000000355 ) ) ;
#3110 = EDGE_CURVE ( 'NONE', #4304, #1831, #633, .T. ) ;
#3111 = AXIS2_PLACEMENT_3D ( 'NONE', #3192, #1889, #1492 ) ;
#3112 = ORIENTED_EDGE ( 'NONE', *, *, #2649, .F. ) ;
#3113 = ORIENTED_EDGE ( 'NONE', *, *, #1398, .F. ) ;
#3114 = CARTESIAN_POINT ( 'NONE',  ( 9.513852824246059825, 0.4705882352941186952, -8.998999999999997002 ) ) ;
#3115 = DIRECTION ( 'NONE',  ( 0.0000000000000000000, 0.0000000000000000000, 1.000000000000000000 ) ) ;
#3116 = ORIENTED_EDGE ( 'NONE', *, *, #4042, .F. ) ;
#3117 = ITEM_DEFINED_TRANSFORMATION ( 'NONE', 'NONE', #4001,  #2404 ) ;
#3118 = AXIS2_PLACEMENT_3D ( 'NONE', #2567, #1890, #558 ) ;
#3119 = LINE ( 'NONE', #1126, #4127 ) ;
#3120 = EDGE_CURVE ( 'NONE', #4303, #1164, #35, .T. ) ;
#3121 = PLANE ( 'NONE',  #280 ) ;
#3122 = EDGE_LOOP ( 'NONE', ( #1857, #1028, #2535, #4038 ) ) ;
#3123 = EDGE_LOOP ( 'NONE', ( #3112, #507, #4023, #1704, #976, #3822, #629, #626, #3740, #20, #961, #4353, #3490, #2452 ) ) ;
#3124 = LINE ( 'NONE', #754, #254 ) ;
#3125 = ORIENTED_EDGE ( 'NONE', *, *, #1473, .T. ) ;
#3126 = CONICAL_SURFACE ( 'NONE', #2343, 4.000000000000000000, 0.7853981633974482790 ) ;
#3127 = EDGE_CURVE ( 'NONE', #815, #4043, #2161, .T. ) ;
#3128 = AXIS2_PLACEMENT_3D ( 'NONE', #822, #2207, #2900 ) ;
#3129 = FACE_OUTER_BOUND ( 'NONE', #3714, .T. ) ;
#3130 = AXIS2_PLACEMENT_3D ( 'NONE', #2489, #1809, #1829 ) ;
#3131 = LINE ( 'NONE', #27, #1414 ) ;
#3132 = AXIS2_PLACEMENT_3D ( 'NONE', #1876, #97, #2886 ) ;
#3133 = SURFACE_SIDE_STYLE ('',( #2137 ) ) ;
#3134 = EDGE_CURVE ( 'NONE', #2052, #1600, #1350, .T. ) ;
#3135 = ORIENTED_EDGE ( 'NONE', *, *, #1086, .T. ) ;
#3136 = PLANE ( 'NONE',  #3575 ) ;
#3137 = DIRECTION ( 'NONE',  ( 3.854941057726238097E-16, 1.180235306811537244E-31, 1.000000000000000000 ) ) ;
#3138 = VERTEX_POINT ( 'NONE', #3411 ) ;
#3139 = AXIS2_PLACEMENT_3D ( 'NONE', #3302, #2936, #1901 ) ;
#3140 = CARTESIAN_POINT ( 'NONE',  ( 0.0000000000000000000, 1.734723475976807094E-15, 6.250000000000000000 ) ) ;
#3141 = VECTOR ( 'NONE', #2836, 1000.000000000000000 ) ;
#3142 = VECTOR ( 'NONE', #3820, 1000.000000000000000 ) ;
#3143 = VECTOR ( 'NONE', #1476, 1000.000000000000000 ) ;
#3144 = DIRECTION ( 'NONE',  ( -0.0000000000000000000, 1.000000000000000000, -0.0000000000000000000 ) ) ;
#3145 = DIRECTION ( 'NONE',  ( -0.0000000000000000000, -0.0000000000000000000, 1.000000000000000000 ) ) ;
#3146 = AXIS2_PLACEMENT_3D ( 'NONE', #3937, #2188, #1499 ) ;
#3147 = ORIENTED_EDGE ( 'NONE', *, *, #2248, .T. ) ;
#3148 = ORIENTED_EDGE ( 'NONE', *, *, #4297, .F. ) ;
#3149 = DIRECTION ( 'NONE',  ( 1.000000000000000000, 1.155348641033115835E-16, 0.0000000000000000000 ) ) ;
#3150 = ORIENTED_EDGE ( 'NONE', *, *, #711, .F. ) ;
#3151 = EDGE_CURVE ( 'NONE', #2522, #1740, #2685, .T. ) ;
#3152 = DIRECTION ( 'NONE',  ( -0.0000000000000000000, -0.0000000000000000000, -1.000000000000000000 ) ) ;
#3153 =( NAMED_UNIT ( * ) PLANE_ANGLE_UNIT ( ) SI_UNIT ( $, .RADIAN. ) );
#3154 = FILL_AREA_STYLE ('',( #413 ) ) ;
#3155 = ORIENTED_EDGE ( 'NONE', *, *, #4111, .T. ) ;
#3156 = CARTESIAN_POINT ( 'NONE',  ( 0.0000000000000000000, -3.000000000000001776, 0.0000000000000000000 ) ) ;
#3157 = FACE_OUTER_BOUND ( 'NONE', #4060, .T. ) ;
#3158 = DIRECTION ( 'NONE',  ( 1.000000000000000000, -0.0000000000000000000, 0.0000000000000000000 ) ) ;
#3159 = SURFACE_STYLE_USAGE ( .BOTH. , #4217 ) ;
#3160 = DIRECTION ( 'NONE',  ( 0.0000000000000000000, 0.0000000000000000000, 1.000000000000000000 ) ) ;
#3161 = CARTESIAN_POINT ( 'NONE',  ( -4.000000000000000000, 4.898587196589412829E-16, 18.00000000000000355 ) ) ;
#3162 = ADVANCED_FACE ( 'PLANAR_5', ( #701 ), #1311, .F. ) ;
#3163 = ORIENTED_EDGE ( 'NONE', *, *, #2781, .F. ) ;
#3164 = ORIENTED_EDGE ( 'NONE', *, *, #2654, .T. ) ;
#3165 = DIRECTION ( 'NONE',  ( 0.0000000000000000000, 0.0000000000000000000, 1.000000000000000000 ) ) ;
#3166 = ORIENTED_EDGE ( 'NONE', *, *, #2229, .T. ) ;
#3167 = AXIS2_PLACEMENT_3D ( 'NONE', #211, #1566, #899 ) ;
#3168 = DIRECTION ( 'NONE',  ( -0.0000000000000000000, -0.0000000000000000000, -1.000000000000000000 ) ) ;
#3169 =( LENGTH_UNIT ( ) NAMED_UNIT ( * ) SI_UNIT ( .MILLI., .METRE. ) );
#3170 = FACE_OUTER_BOUND ( 'NONE', #4326, .T. ) ;
#3171 = ADVANCED_FACE ( 'NONE', ( #4068 ), #990, .F. ) ;
#3172 =( NAMED_UNIT ( * ) SI_UNIT ( $, .STERADIAN. ) SOLID_ANGLE_UNIT ( ) );
#3173 = AXIS2_PLACEMENT_3D ( 'NONE', #4298, #865, #3879 ) ;
#3174 = VERTEX_POINT ( 'NONE', #2354 ) ;
#3175 = DIRECTION ( 'NONE',  ( 0.0000000000000000000, 1.000000000000000000, 0.0000000000000000000 ) ) ;
#3176 = DIRECTION ( 'NONE',  ( -1.000000000000000000, -1.155348641033115835E-16, 0.0000000000000000000 ) ) ;
#3177 = DIRECTION ( 'NONE',  ( 0.0000000000000000000, 0.0000000000000000000, 1.000000000000000000 ) ) ;
#3178 = CIRCLE ( 'NONE', #184, 7.999999999999992895 ) ;
#3179 = LINE ( 'NONE', #1478, #2599 ) ;
#3180 = VECTOR ( 'NONE', #1024, 1000.000000000000000 ) ;
#3181 = DIRECTION ( 'NONE',  ( -0.0000000000000000000, -0.0000000000000000000, -1.000000000000000000 ) ) ;
#3182 = DIRECTION ( 'NONE',  ( -0.0000000000000000000, -0.0000000000000000000, -1.000000000000000000 ) ) ;
#3183 = CARTESIAN_POINT ( 'NONE',  ( -8.499999999999996447, -1.736423990403940559E-15, 9.000000000000000000 ) ) ;
#3184 = ORIENTED_EDGE ( 'NONE', *, *, #3718, .F. ) ;
#3185 = ORIENTED_EDGE ( 'NONE', *, *, #3127, .T. ) ;
#3186 = EDGE_CURVE ( 'NONE', #44, #703, #3728, .T. ) ;
#3187 = SURFACE_SIDE_STYLE ('',( #1530 ) ) ;
#3188 = VERTEX_POINT ( 'NONE', #1698 ) ;
#3189 = CARTESIAN_POINT ( 'NONE',  ( -21.50000000000000000, -3.000000000000001776, 15.00000000000000178 ) ) ;
#3190 = CARTESIAN_POINT ( 'NONE',  ( 9.014718625761439341, 0.5000000000000024425, 18.00000000000000355 ) ) ;
#3191 = DIRECTION ( 'NONE',  ( 1.000000000000000000, 3.061616997868382648E-16, 0.0000000000000000000 ) ) ;
#3192 = CARTESIAN_POINT ( 'NONE',  ( 9.014718625761439341, 0.5000000000000024425, 18.00000000000000355 ) ) ;
#3193 = PRODUCT_DEFINITION_FORMATION_WITH_SPECIFIED_SOURCE ( 'ANY', '', #3015, .NOT_KNOWN. ) ;
#3194 = EDGE_CURVE ( 'NONE', #279, #3690, #679, .T. ) ;
#3195 = ORIENTED_EDGE ( 'NONE', *, *, #2294, .T. ) ;
#3196 = PLANE ( 'NONE',  #851 ) ;
#3197 = STYLED_ITEM ( 'NONE', ( #3903 ), #1181 ) ;
#3198 = FACE_BOUND ( 'NONE', #231, .T. ) ;
#3199 =( NAMED_UNIT ( * ) PLANE_ANGLE_UNIT ( ) SI_UNIT ( $, .RADIAN. ) );
#3200 = VECTOR ( 'NONE', #2259, 1000.000000000000000 ) ;
#3201 = EDGE_CURVE ( 'NONE', #1112, #3723, #3099, .T. ) ;
#3202 = DIRECTION ( 'NONE',  ( 0.0000000000000000000, 0.0000000000000000000, 1.000000000000000000 ) ) ;
#3203 = DIRECTION ( 'NONE',  ( 0.0000000000000000000, 0.0000000000000000000, 1.000000000000000000 ) ) ;
#3204 = CARTESIAN_POINT ( 'NONE',  ( 0.0000000000000000000, 0.0000000000000000000, 0.0000000000000000000 ) ) ;
#3205 = ORIENTED_EDGE ( 'NONE', *, *, #2826, .T. ) ;
#3206 = EDGE_LOOP ( 'NONE', ( #1980, #3035, #3897, #4382, #52 ) ) ;
#3207 = MANIFOLD_SOLID_BREP ( 'Rotation1', #2210 ) ;
#3208 = VECTOR ( 'NONE', #875, 1000.000000000000000 ) ;
#3210 = EDGE_LOOP ( 'NONE', ( #3277, #391, #3166, #3672 ) ) ;
#3209 = AXIS2_PLACEMENT_3D ( 'NONE', #239, #2261, #573 ) ;
#3211 = FACE_OUTER_BOUND ( 'NONE', #1344, .T. ) ;
#3212 = EDGE_LOOP ( 'NONE', ( #298, #4372, #299, #2811 ) ) ;
#3213 = DIRECTION ( 'NONE',  ( -0.0000000000000000000, -0.0000000000000000000, 1.000000000000000000 ) ) ;
#3214 = CARTESIAN_POINT ( 'NONE',  ( 21.50000000000000711, 0.0000000000000000000, -17.50000000000000000 ) ) ;
#3215 =( NAMED_UNIT ( * ) SI_UNIT ( $, .STERADIAN. ) SOLID_ANGLE_UNIT ( ) );
#3216 = EDGE_CURVE ( 'NONE', #350, #3691, #111, .T. ) ;
#3217 = EDGE_CURVE ( 'NONE', #952, #4106, #1102, .T. ) ;
#3218 = EDGE_LOOP ( 'NONE', ( #3848, #1365, #2027, #906 ) ) ;
#3219 = LINE ( 'NONE', #1803, #3504 ) ;
#3220 = DIRECTION ( 'NONE',  ( -1.000000000000000000, 0.0000000000000000000, -0.0000000000000000000 ) ) ;
#3221 = PLANE ( 'NONE',  #1035 ) ;
#3222 = AXIS2_PLACEMENT_3D ( 'NONE', #2925, #2225, #3881 ) ;
#3223 = CARTESIAN_POINT ( 'NONE',  ( -3.499999999999997335, 4.592425496802572986E-16, -18.00000000000000355 ) ) ;
#3224 = CARTESIAN_POINT ( 'NONE',  ( 0.0000000000000000000, -8.000000000000007105, 2.527244646314049353E-17 ) ) ;
#3225 = EDGE_CURVE ( 'NONE', #517, #2449, #2158, .T. ) ;
#3226 = EDGE_LOOP ( 'NONE', ( #2823, #2977, #3708, #4214 ) ) ;
#3227 = DIRECTION ( 'NONE',  ( -1.000000000000000000, 0.0000000000000000000, 3.854941057726238097E-16 ) ) ;
#3228 = EDGE_CURVE ( 'NONE', #1732, #2174, #2806, .T. ) ;
#3229 = VERTEX_POINT ( 'NONE', #2115 ) ;
#3230 = ORIENTED_EDGE ( 'NONE', *, *, #328, .T. ) ;
#3231 = CARTESIAN_POINT ( 'NONE',  ( -17.50000000000000000, 1.734723475976807094E-15, 2.143131898507868248E-15 ) ) ;
#3232 = CYLINDRICAL_SURFACE ( 'NONE', #400, 4.000000000000003553 ) ;
#3233 = EDGE_LOOP ( 'NONE', ( #3090, #1596, #3195, #3992 ) ) ;
#3234 = FACE_OUTER_BOUND ( 'NONE', #3478, .T. ) ;
#3235 = CARTESIAN_POINT ( 'NONE',  ( 9.000000000000001776, -8.421052631578946901, -18.00000000000000000 ) ) ;
#3236 = DIRECTION ( 'NONE',  ( -0.0000000000000000000, -0.0000000000000000000, 1.000000000000000000 ) ) ;
#3237 = DIRECTION ( 'NONE',  ( -0.0000000000000000000, -0.0000000000000000000, 1.000000000000000000 ) ) ;
#3238 = CARTESIAN_POINT ( 'NONE',  ( -8.500000000000000000, -8.421052631578946901, -9.000000000000001776 ) ) ;
#3239 = VERTEX_POINT ( 'NONE', #1472 ) ;
#3240 = EDGE_CURVE ( 'NONE', #103, #2492, #1099, .T. ) ;
#3241 = DIRECTION ( 'NONE',  ( 1.000000000000000000, 0.0000000000000000000, 0.0000000000000000000 ) ) ;
#3242 = UNCERTAINTY_MEASURE_WITH_UNIT (LENGTH_MEASURE( 1.000000000000000082E-05 ), #4346, 'distance_accuracy_value', 'NONE');
#3243 = CARTESIAN_POINT ( 'NONE',  ( -17.50000000000000000, 1.734723475976807094E-15, -6.249999999999998224 ) ) ;
#3244 = CYLINDRICAL_SURFACE ( 'NONE', #1007, 4.000000000000000000 ) ;
#3245 = ORIENTED_EDGE ( 'NONE', *, *, #2490, .T. ) ;
#3246 = EDGE_CURVE ( 'NONE', #4338, #1446, #1118, .T. ) ;
#3247 = DIRECTION ( 'NONE',  ( 0.0000000000000000000, -1.000000000000000000, 0.0000000000000000000 ) ) ;
#3248 = VECTOR ( 'NONE', #3008, 1000.000000000000000 ) ;
#3249 = DIRECTION ( 'NONE',  ( -1.000000000000000000, 0.0000000000000000000, 1.223962608782467195E-16 ) ) ;
#3250 = LINE ( 'NONE', #2842, #2197 ) ;
#3251 = ORIENTED_EDGE ( 'NONE', *, *, #3186, .T. ) ;
#3252 = EDGE_LOOP ( 'NONE', ( #722, #3135, #867, #2474, #2653, #1754, #838, #1940, #130, #3671 ) ) ;
#3253 = CARTESIAN_POINT ( 'NONE',  ( 0.0000000000000000000, -3.000000000000003553, 0.0000000000000000000 ) ) ;
#3254 = COLOUR_RGB ( '',0.7490196078431372584, 0.7490196078431372584, 0.7490196078431372584 ) ;
#3255 = ORIENTED_EDGE ( 'NONE', *, *, #4391, .F. ) ;
#3256 = EDGE_CURVE ( 'NONE', #3098, #435, #3835, .T. ) ;
#3257 = DIRECTION ( 'NONE',  ( -0.0000000000000000000, -0.0000000000000000000, 1.000000000000000000 ) ) ;
#3258 = VECTOR ( 'NONE', #3758, 1000.000000000000000 ) ;
#3259 = DIRECTION ( 'NONE',  ( -1.000000000000000000, 0.0000000000000000000, 0.0000000000000000000 ) ) ;
#3260 = EDGE_LOOP ( 'NONE', ( #2693, #981, #2245, #274 ) ) ;
#3261 = VECTOR ( 'NONE', #4084, 1000.000000000000114 ) ;
#3262 = CARTESIAN_POINT ( 'NONE',  ( 4.000000000000005329, -3.000000000000003553, -6.999999999999995559 ) ) ;
#3263 = DIRECTION ( 'NONE',  ( -0.0000000000000000000, -0.0000000000000000000, 1.000000000000000000 ) ) ;
#3264 = CARTESIAN_POINT ( 'NONE',  ( -17.50000000000000000, -1.071565949253933966E-14, -9.001000000000001222 ) ) ;
#3265 = PRODUCT_DEFINITION_SHAPE ( 'NONE', 'NONE',  #917 ) ;
#3266 = DIRECTION ( 'NONE',  ( 0.0000000000000000000, -0.0000000000000000000, -1.000000000000000000 ) ) ;
#3267 = ORIENTED_EDGE ( 'NONE', *, *, #4317, .T. ) ;
#3268 = DIRECTION ( 'NONE',  ( 1.000000000000000000, 0.0000000000000000000, 0.0000000000000000000 ) ) ;
#3269 = SURFACE_STYLE_FILL_AREA ( #1897 ) ;
#3270 = ORIENTED_EDGE ( 'NONE', *, *, #3579, .F. ) ;
#3271 = FACE_OUTER_BOUND ( 'NONE', #3296, .T. ) ;
#3272 = EDGE_CURVE ( 'NONE', #1271, #2150, #779, .T. ) ;
#3273 = ORIENTED_EDGE ( 'NONE', *, *, #3201, .F. ) ;
#3274 = AXIS2_PLACEMENT_3D ( 'NONE', #987, #4131, #2727 ) ;
#3275 = FACE_OUTER_BOUND ( 'NONE', #3260, .T. ) ;
#3276 = FACE_BOUND ( 'NONE', #3819, .T. ) ;
#3277 = ORIENTED_EDGE ( 'NONE', *, *, #2627, .F. ) ;
#3278 = VERTEX_POINT ( 'NONE', #760 ) ;
#3279 = VECTOR ( 'NONE', #3307, 1000.000000000000000 ) ;
#3280 = CARTESIAN_POINT ( 'NONE',  ( -9.000000000000003553, -8.000000000000014211, -0.001000000000004816697 ) ) ;
#3281 = VECTOR ( 'NONE', #2039, 1000.000000000000000 ) ;
#3282 = ORIENTED_EDGE ( 'NONE', *, *, #119, .T. ) ;
#3283 = AXIS2_PLACEMENT_3D ( 'NONE', #1025, #2385, #688 ) ;
#3284 = LINE ( 'NONE', #4318, #820 ) ;
#3285 = CARTESIAN_POINT ( 'NONE',  ( -3.999999999999994671, -8.000000000000003553, 7.000000000000001776 ) ) ;
#3286 = AXIS2_PLACEMENT_3D ( 'NONE', #140, #830, #2525 ) ;
#3287 = ORIENTED_EDGE ( 'NONE', *, *, #1480, .F. ) ;
#3288 = MECHANICAL_DESIGN_GEOMETRIC_PRESENTATION_REPRESENTATION (  '', ( #1003 ), #3647 ) ;
#3289 = AXIS2_PLACEMENT_3D ( 'NONE', #3753, #2402, #1431 ) ;
#3290 = DIRECTION ( 'NONE',  ( 2.168404344971008868E-16, -0.0000000000000000000, 1.000000000000000000 ) ) ;
#3291 = CYLINDRICAL_SURFACE ( 'NONE', #3111, 0.4999999999999987232 ) ;
#3292 = FACE_OUTER_BOUND ( 'NONE', #1574, .T. ) ;
#3293 = COLOUR_RGB ( '',0.7490196078431372584, 0.7490196078431372584, 0.7490196078431372584 ) ;
#3294 = ORIENTED_EDGE ( 'NONE', *, *, #2854, .F. ) ;
#3295 = EDGE_CURVE ( 'NONE', #3239, #2665, #1407, .T. ) ;
#3296 = EDGE_LOOP ( 'NONE', ( #2995, #1242, #2085, #390, #2821, #3827, #55, #1628, #4163, #3660, #4299, #792, #2413, #1485 ) ) ;
#3297 = FILL_AREA_STYLE_COLOUR ( '', #781 ) ;
#3298 = DIRECTION ( 'NONE',  ( 1.000000000000000000, 0.0000000000000000000, 0.0000000000000000000 ) ) ;
#3299 = CARTESIAN_POINT ( 'NONE',  ( -23.49999999999999645, 1.734723475976807094E-15, 1.750000000000021538 ) ) ;
#3300 = VERTEX_POINT ( 'NONE', #3089 ) ;
#3301 = CARTESIAN_POINT ( 'NONE',  ( -27.00000000000000000, -3.500000000000007105, 18.00000000000000355 ) ) ;
#3302 = CARTESIAN_POINT ( 'NONE',  ( 17.50000000000000711, 0.0000000000000000000, -17.50000000000000000 ) ) ;
#3303 = UNCERTAINTY_MEASURE_WITH_UNIT (LENGTH_MEASURE( 1.000000000000000082E-05 ), #3169, 'distance_accuracy_value', 'NONE');
#3304 = PLANE ( 'NONE',  #2072 ) ;
#3305 = VERTEX_POINT ( 'NONE', #4211 ) ;
#3306 = PRODUCT_RELATED_PRODUCT_CATEGORY ( 'part', '', ( #666 ) ) ;
#3307 = DIRECTION ( 'NONE',  ( -1.000000000000000000, -0.0000000000000000000, 2.168404344971008868E-16 ) ) ;
#3308 = ORIENTED_EDGE ( 'NONE', *, *, #2376, .T. ) ;
#3309 = CARTESIAN_POINT ( 'NONE',  ( 0.0000000000000000000, 0.0000000000000000000, -18.00000000000000355 ) ) ;
#3310 = EDGE_CURVE ( 'NONE', #2803, #3390, #1780, .T. ) ;
#3311 = DIRECTION ( 'NONE',  ( 1.000000000000000000, 2.449293598294706414E-16, -3.854941057726238097E-16 ) ) ;
#3312 = VERTEX_POINT ( 'NONE', #739 ) ;
#3313 = LINE ( 'NONE', #297, #1895 ) ;
#3314 = ORIENTED_EDGE ( 'NONE', *, *, #270, .T. ) ;
#3315 = ORIENTED_EDGE ( 'NONE', *, *, #908, .F. ) ;
#3316 = ADVANCED_FACE ( 'CYL_5', ( #3498 ), #2751, .F. ) ;
#3317 = SURFACE_STYLE_FILL_AREA ( #1965 ) ;
#3318 = FACE_OUTER_BOUND ( 'NONE', #288, .T. ) ;
#3319 = ORIENTED_EDGE ( 'NONE', *, *, #2954, .F. ) ;
#3320 = AXIS2_PLACEMENT_3D ( 'NONE', #1874, #542, #1852 ) ;
#3321 = CARTESIAN_POINT ( 'NONE',  ( -21.50000000000000000, -3.000000000000001776, 15.00000000000000178 ) ) ;
#3322 = CARTESIAN_POINT ( 'NONE',  ( -21.50000000000000000, -3.000000000000001776, 7.000000000000000888 ) ) ;
#3323 = ORIENTED_EDGE ( 'NONE', *, *, #4373, .F. ) ;
#3324 = ORIENTED_EDGE ( 'NONE', *, *, #3584, .T. ) ;
#3325 = CIRCLE ( 'NONE', #1881, 4.000000000000000000 ) ;
#3326 = LINE ( 'NONE', #261, #133 ) ;
#3327 = VERTEX_POINT ( 'NONE', #719 ) ;
#3328 = EDGE_CURVE ( 'NONE', #2704, #2585, #264, .T. ) ;
#3329 = VECTOR ( 'NONE', #4016, 1000.000000000000000 ) ;
#3330 = LINE ( 'NONE', #4362, #2816 ) ;
#3331 = LINE ( 'NONE', #265, #617 ) ;
#3332 = ADVANCED_FACE ( 'NONE', ( #824 ), #3414, .T. ) ;
#3333 = ORIENTED_EDGE ( 'NONE', *, *, #3929, .T. ) ;
#3334 = MECHANICAL_DESIGN_GEOMETRIC_PRESENTATION_REPRESENTATION (  '', ( #2105 ), #3841 ) ;
#3335 = LINE ( 'NONE', #4369, #1340 ) ;
#3336 = AXIS2_PLACEMENT_3D ( 'NONE', #2773, #1056, #3794 ) ;
#3337 = ORIENTED_EDGE ( 'NONE', *, *, #2313, .F. ) ;
#3338 = ORIENTED_EDGE ( 'NONE', *, *, #3240, .F. ) ;
#3339 = SURFACE_SIDE_STYLE ('',( #3317 ) ) ;
#3340 = DIRECTION ( 'NONE',  ( 2.168404344971009361E-16, 0.0000000000000000000, 1.000000000000000000 ) ) ;
#3341 = CARTESIAN_POINT ( 'NONE',  ( -8.500000000000000000, -8.421052631578946901, -18.00100000000000477 ) ) ;
#3342 = ORIENTED_EDGE ( 'NONE', *, *, #3577, .F. ) ;
#3343 = DIRECTION ( 'NONE',  ( -0.0000000000000000000, -0.0000000000000000000, 1.000000000000000000 ) ) ;
#3344 = PLANE ( 'NONE',  #222 ) ;
#3345 = VERTEX_POINT ( 'NONE', #914 ) ;
#3346 = DIRECTION ( 'NONE',  ( 0.0000000000000000000, -1.000000000000000000, 0.0000000000000000000 ) ) ;
#3347 = CARTESIAN_POINT ( 'NONE',  ( 4.000000000000003553, -8.000000000000003553, 7.000000000000002665 ) ) ;
#3348 = VECTOR ( 'NONE', #4289, 1000.000000000000000 ) ;
#3349 = ORIENTED_EDGE ( 'NONE', *, *, #4363, .T. ) ;
#3350 = ADVANCED_FACE ( 'CYL_6', ( #3292 ), #1821, .F. ) ;
#3351 = CIRCLE ( 'NONE', #1205, 0.4999999999999987232 ) ;
#3352 = AXIS2_PLACEMENT_3D ( 'NONE', #58, #3826, #1417 ) ;
#3353 = CARTESIAN_POINT ( 'NONE',  ( -17.50000000000000000, 1.734723475976807094E-15, 2.143131898507868248E-15 ) ) ;
#3354 = VECTOR ( 'NONE', #3343, 1000.000000000000000 ) ;
#3355 = CARTESIAN_POINT ( 'NONE',  ( -7.986147175753948169, 0.4705882352941190283, 18.00000000000000355 ) ) ;
#3356 = ORIENTED_EDGE ( 'NONE', *, *, #3095, .T. ) ;
#3357 = CIRCLE ( 'NONE', #3567, 4.000000000000000000 ) ;
#3358 = MECHANICAL_DESIGN_GEOMETRIC_PRESENTATION_REPRESENTATION (  '', ( #1770 ), #2203 ) ;
#3359 = CARTESIAN_POINT ( 'NONE',  ( -21.50000000000000000, -3.000000000000001776, -14.99999999999999822 ) ) ;
#3360 = EDGE_LOOP ( 'NONE', ( #968, #2636, #2127, #3147 ) ) ;
#3361 = ORIENTED_EDGE ( 'NONE', *, *, #720, .T. ) ;
#3362 = DIRECTION ( 'NONE',  ( -0.0000000000000000000, -0.0000000000000000000, 1.000000000000000000 ) ) ;
#3363 = CARTESIAN_POINT ( 'NONE',  ( 17.50000000000000711, 0.0000000000000000000, -17.50000000000000000 ) ) ;
#3364 = CARTESIAN_POINT ( 'NONE',  ( -13.50000000000000178, -1.071565949253933966E-14, -18.00000000000000355 ) ) ;
#3365 = VECTOR ( 'NONE', #1804, 1000.000000000000000 ) ;
#3366 = DIRECTION ( 'NONE',  ( -0.0000000000000000000, 1.000000000000000000, -0.0000000000000000000 ) ) ;
#3367 = EDGE_CURVE ( 'NONE', #1715, #1247, #121, .T. ) ;
#3368 = CARTESIAN_POINT ( 'NONE',  ( -27.00000000000000000, -3.500000000000007105, 18.00000000000000355 ) ) ;
#3369 = CARTESIAN_POINT ( 'NONE',  ( -23.49999999999999645, -3.469446951953614189E-15, 18.00000000000000355 ) ) ;
#3370 = ORIENTED_EDGE ( 'NONE', *, *, #1713, .F. ) ;
#3371 =( LENGTH_UNIT ( ) NAMED_UNIT ( * ) SI_UNIT ( .MILLI., .METRE. ) );
#3372 = DIRECTION ( 'NONE',  ( 1.000000000000000000, 6.938893903907225419E-16, -1.224585427126033517E-16 ) ) ;
#3373 = ORIENTED_EDGE ( 'NONE', *, *, #2887, .F. ) ;
#3374 = MANIFOLD_SOLID_BREP ( 'CYL_7', #1712 ) ;
#3375 = EDGE_CURVE ( 'NONE', #735, #3754, #3483, .T. ) ;
#3376 = CARTESIAN_POINT ( 'NONE',  ( 0.0000000000000000000, -2.999999999999999112, 2.527244646314049353E-17 ) ) ;
#3377 = FACE_OUTER_BOUND ( 'NONE', #1877, .T. ) ;
#3378 = ORIENTED_EDGE ( 'NONE', *, *, #1377, .T. ) ;
#3379 = COLOUR_RGB ( '',0.7490196078431372584, 0.7490196078431372584, 0.7490196078431372584 ) ;
#3380 = CARTESIAN_POINT ( 'NONE',  ( -8.485281374238573093, 0.4999999999999978351, 0.0000000000000000000 ) ) ;
#3381 = ORIENTED_EDGE ( 'NONE', *, *, #740, .F. ) ;
#3382 = VERTEX_POINT ( 'NONE', #4256 ) ;
#3383 = DIRECTION ( 'NONE',  ( -0.0000000000000000000, 0.0000000000000000000, 1.000000000000000000 ) ) ;
#3384 = CARTESIAN_POINT ( 'NONE',  ( 17.50000000000000711, 0.0000000000000000000, 17.50000000000000000 ) ) ;
#3385 = DIRECTION ( 'NONE',  ( 1.000000000000000000, 0.0000000000000000000, 0.0000000000000000000 ) ) ;
#3386 = ORIENTED_EDGE ( 'NONE', *, *, #1599, .F. ) ;
#3387 = EDGE_CURVE ( 'NONE', #3789, #1947, #344, .T. ) ;
#3388 = CARTESIAN_POINT ( 'NONE',  ( -13.50000000000000355, -3.000000000000001776, 7.000000000000000888 ) ) ;
#3389 = CARTESIAN_POINT ( 'NONE',  ( -8.500000000000000000, -1.734723475976807094E-15, 0.0000000000000000000 ) ) ;
#3390 = VERTEX_POINT ( 'NONE', #474 ) ;
#3391 = PRESENTATION_STYLE_ASSIGNMENT (( #1727 ) ) ;
#3392 = CARTESIAN_POINT ( 'NONE',  ( -4.000000000000000000, 4.898587196589412829E-16, -9.000000000000001776 ) ) ;
#3393 = VECTOR ( 'NONE', #2457, 1000.000000000000000 ) ;
#3394 = SHAPE_REPRESENTATION ( 'WB159_Scharnier^WB159.1_17,5', ( #2404 ), #340 ) ;
#3395 = MECHANICAL_DESIGN_GEOMETRIC_PRESENTATION_REPRESENTATION (  '', ( #3830 ), #608 ) ;
#3396 = FACE_OUTER_BOUND ( 'NONE', #1225, .T. ) ;
#3397 = LINE ( 'NONE', #2718, #2841 ) ;
#3398 = PLANE ( 'NONE',  #1256 ) ;
#3399 = AXIS2_PLACEMENT_3D ( 'NONE', #2269, #2296, #670 ) ;
#3400 = ORIENTED_EDGE ( 'NONE', *, *, #2739, .T. ) ;
#3401 = EDGE_CURVE ( 'NONE', #113, #3796, #2209, .T. ) ;
#3402 = EDGE_LOOP ( 'NONE', ( #3163, #3319, #2080, #697 ) ) ;
#3403 = LINE ( 'NONE', #342, #759 ) ;
#3404 = EDGE_LOOP ( 'NONE', ( #3337, #2691, #3950, #2814 ) ) ;
#3405 = CIRCLE ( 'NONE', #3987, 8.000000000000000000 ) ;
#3406 = DIRECTION ( 'NONE',  ( -0.7071067811865490160, 8.659560562354952580E-17, 0.7071067811865460184 ) ) ;
#3407 = ADVANCED_FACE ( 'CYL_0', ( #2228 ), #3601, .T. ) ;
#3408 = ORIENTED_EDGE ( 'NONE', *, *, #1713, .T. ) ;
#3409 = SURFACE_SIDE_STYLE ('',( #2034 ) ) ;
#3410 = STYLED_ITEM ( 'NONE', ( #3419 ), #4257 ) ;
#3411 = CARTESIAN_POINT ( 'NONE',  ( -8.500000000000000000, -8.000000000000001776, -18.00000000000000355 ) ) ;
#3412 = ADVANCED_FACE ( 'NONE', ( #584 ), #652, .F. ) ;
#3413 = VERTEX_POINT ( 'NONE', #2723 ) ;
#3414 = CONICAL_SURFACE ( 'NONE', #3118, 3.499999999999996003, 0.7853981633974500554 ) ;
#3415 = LINE ( 'NONE', #352, #2348 ) ;
#3416 = LINE ( 'NONE', #2777, #578 ) ;
#3417 = APPLICATION_PROTOCOL_DEFINITION ( 'draft international standard', 'automotive_design', 1998, #2687 ) ;
#3418 = CARTESIAN_POINT ( 'NONE',  ( 0.0000000000000000000, -8.000000000000007105, 3.250000000000000444 ) ) ;
#3419 = PRESENTATION_STYLE_ASSIGNMENT (( #1378 ) ) ;
#3420 = LINE ( 'NONE', #1379, #1357 ) ;
#3421 = CARTESIAN_POINT ( 'NONE',  ( -21.50000000000000000, -8.000000000000001776, -14.99999999999999822 ) ) ;
#3422 = EDGE_CURVE ( 'NONE', #2310, #2762, #1647, .T. ) ;
#3423 = VERTEX_POINT ( 'NONE', #1670 ) ;
#3424 = AXIS2_PLACEMENT_3D ( 'NONE', #3495, #2876, #2828 ) ;
#3425 = VECTOR ( 'NONE', #4244, 1000.000000000000000 ) ;
#3426 = DIRECTION ( 'NONE',  ( 1.000000000000000000, 0.0000000000000000000, 0.0000000000000000000 ) ) ;
#3427 = ORIENTED_EDGE ( 'NONE', *, *, #1763, .F. ) ;
#3428 = VECTOR ( 'NONE', #3951, 1000.000000000000000 ) ;
#3429 = ORIENTED_EDGE ( 'NONE', *, *, #1903, .F. ) ;
#3430 = EDGE_CURVE ( 'NONE', #4270, #1322, #3335, .T. ) ;
#3431 = DIRECTION ( 'NONE',  ( -0.0000000000000000000, -1.000000000000000000, -0.0000000000000000000 ) ) ;
#3432 = LINE ( 'NONE', #2770, #2548 ) ;
#3433 = CARTESIAN_POINT ( 'NONE',  ( 9.513852824246059825, 0.4705882352941186952, 0.001000000000004408387 ) ) ;
#3434 = DIRECTION ( 'NONE',  ( -0.0000000000000000000, 0.0000000000000000000, 1.000000000000000000 ) ) ;
#3435 = EDGE_CURVE ( 'NONE', #3103, #1886, #3403, .T. ) ;
#3436 = ORIENTED_EDGE ( 'NONE', *, *, #3565, .T. ) ;
#3437 = DIRECTION ( 'NONE',  ( 0.0000000000000000000, 0.0000000000000000000, 1.000000000000000000 ) ) ;
#3438 = DIRECTION ( 'NONE',  ( 0.0000000000000000000, 0.0000000000000000000, 1.000000000000000000 ) ) ;
#3439 = STYLED_ITEM ( 'NONE', ( #139 ), #1731 ) ;
#3440 = DIRECTION ( 'NONE',  ( 1.000000000000000000, 0.0000000000000000000, 0.0000000000000000000 ) ) ;
#3441 = SURFACE_STYLE_FILL_AREA ( #707 ) ;
#3442 = APPLICATION_CONTEXT ( 'automotive_design' ) ;
#3443 = CYLINDRICAL_SURFACE ( 'NONE', #2611, 4.000000000000000000 ) ;
#3444 = DIRECTION ( 'NONE',  ( 1.000000000000000000, 0.0000000000000000000, 0.0000000000000000000 ) ) ;
#3445 = EDGE_CURVE ( 'NONE', #2449, #1898, #3694, .T. ) ;
#3446 = ORIENTED_EDGE ( 'NONE', *, *, #2763, .T. ) ;
#3447 = ADVANCED_FACE ( 'NONE', ( #4413 ), #246, .F. ) ;
#3448 = EDGE_CURVE ( 'NONE', #1474, #2597, #3743, .T. ) ;
#3449 = CARTESIAN_POINT ( 'NONE',  ( -17.50000000000000000, -1.071565949253933966E-14, -9.001000000000002998 ) ) ;
#3450 = ORIENTED_EDGE ( 'NONE', *, *, #1200, .F. ) ;
#3451 = STYLED_ITEM ( 'NONE', ( #1838 ), #1989 ) ;
#3452 = DIRECTION ( 'NONE',  ( -0.0000000000000000000, -1.000000000000000000, -0.0000000000000000000 ) ) ;
#3453 = FACE_OUTER_BOUND ( 'NONE', #1671, .T. ) ;
#3454 = FILL_AREA_STYLE ('',( #2057 ) ) ;
#3455 = ADVANCED_FACE ( 'NONE', ( #1010 ), #2276, .F. ) ;
#3456 = DIRECTION ( 'NONE',  ( 0.0000000000000000000, -0.0000000000000000000, -1.000000000000000000 ) ) ;
#3457 = EDGE_LOOP ( 'NONE', ( #1199, #4058, #2312, #2258 ) ) ;
#3458 = EDGE_CURVE ( 'NONE', #1439, #4012, #192, .T. ) ;
#3459 = ORIENTED_EDGE ( 'NONE', *, *, #2125, .T. ) ;
#3460 = DIRECTION ( 'NONE',  ( -0.0000000000000000000, -0.0000000000000000000, -1.000000000000000000 ) ) ;
#3461 = LINE ( 'NONE', #2797, #1362 ) ;
#3462 = VERTEX_POINT ( 'NONE', #1938 ) ;
#3463 = LINE ( 'NONE', #1087, #397 ) ;
#3464 = LINE ( 'NONE', #3529, #2607 ) ;
#3465 = FACE_BOUND ( 'NONE', #607, .T. ) ;
#3466 = EDGE_CURVE ( 'NONE', #2874, #2753, #3313, .T. ) ;
#3467 = EDGE_LOOP ( 'NONE', ( #2211, #1769 ) ) ;
#3468 = ADVANCED_FACE ( 'PLANAR_8', ( #4343, #603 ), #1280, .F. ) ;
#3469 = VECTOR ( 'NONE', #3372, 1000.000000000000000 ) ;
#3470 = LINE ( 'NONE', #2131, #465 ) ;
#3471 = VERTEX_POINT ( 'NONE', #271 ) ;
#3472 = CONICAL_SURFACE ( 'NONE', #2464, 3.499999999999997335, 0.7853981633974504994 ) ;
#3473 = LINE ( 'NONE', #716, #3885 ) ;
#3474 = DIRECTION ( 'NONE',  ( -0.0000000000000000000, -1.000000000000000000, -0.0000000000000000000 ) ) ;
#3475 = DIRECTION ( 'NONE',  ( 0.0000000000000000000, 0.0000000000000000000, 1.000000000000000000 ) ) ;
#3476 =( NAMED_UNIT ( * ) PLANE_ANGLE_UNIT ( ) SI_UNIT ( $, .RADIAN. ) );
#3477 = VECTOR ( 'NONE', #1528, 1000.000000000000000 ) ;
#3478 = EDGE_LOOP ( 'NONE', ( #2494, #536, #1306, #1870 ) ) ;
#3479 = UNCERTAINTY_MEASURE_WITH_UNIT (LENGTH_MEASURE( 1.000000000000000082E-05 ), #3484, 'distance_accuracy_value', 'NONE');
#3480 = CARTESIAN_POINT ( 'NONE',  ( -8.500000000000000000, -8.000000000000001776, -9.000000000000001776 ) ) ;
#3481 = ORIENTED_EDGE ( 'NONE', *, *, #3151, .F. ) ;
#3482 = DIRECTION ( 'NONE',  ( 0.0000000000000000000, 0.0000000000000000000, -1.000000000000000000 ) ) ;
#3483 = CIRCLE ( 'NONE', #1970, 4.000000000000003553 ) ;
#3484 =( LENGTH_UNIT ( ) NAMED_UNIT ( * ) SI_UNIT ( .MILLI., .METRE. ) );
#3485 = LINE ( 'NONE', #442, #2485 ) ;
#3486 = EDGE_CURVE ( 'NONE', #916, #649, #1625, .T. ) ;
#3487 = ORIENTED_EDGE ( 'NONE', *, *, #2241, .T. ) ;
#3488 = ORIENTED_EDGE ( 'NONE', *, *, #2826, .F. ) ;
#3489 = LINE ( 'NONE', #404, #2531 ) ;
#3490 = ORIENTED_EDGE ( 'NONE', *, *, #4279, .T. ) ;
#3491 = CIRCLE ( 'NONE', #989, 4.000000000000000000 ) ;
#3492 = MECHANICAL_DESIGN_GEOMETRIC_PRESENTATION_REPRESENTATION (  '', ( #4202 ), #556 ) ;
#3493 = DIRECTION ( 'NONE',  ( -1.000000000000000000, 0.0000000000000000000, 0.0000000000000000000 ) ) ;
#3494 = AXIS2_PLACEMENT_3D ( 'NONE', #2468, #3847, #99 ) ;
#3495 = CARTESIAN_POINT ( 'NONE',  ( -17.50000000000000000, -1.071565949253933966E-14, 18.00000000000000355 ) ) ;
#3496 = CARTESIAN_POINT ( 'NONE',  ( -17.50000000000000000, 0.0000000000000000000, 2.143131898507868248E-15 ) ) ;
#3497 = CIRCLE ( 'NONE', #3132, 7.999999999999992895 ) ;
#3498 = FACE_OUTER_BOUND ( 'NONE', #4129, .T. ) ;
#3499 = ORIENTED_EDGE ( 'NONE', *, *, #2410, .F. ) ;
#3500 = CARTESIAN_POINT ( 'NONE',  ( -23.49999999999999645, -3.500000000000006661, 18.00000000000000355 ) ) ;
#3501 = CARTESIAN_POINT ( 'NONE',  ( 4.000000000000005329, -3.000000000000003553, -14.99999999999999645 ) ) ;
#3502 = ORIENTED_EDGE ( 'NONE', *, *, #4421, .T. ) ;
#3503 = EDGE_CURVE ( 'NONE', #1006, #1050, #2393, .T. ) ;
#3504 = VECTOR ( 'NONE', #1147, 1000.000000000000000 ) ;
#3505 = PRESENTATION_LAYER_ASSIGNMENT (  '', '', ( #1003 ) ) ;
#3506 = VECTOR ( 'NONE', #2644, 1000.000000000000000 ) ;
#3507 = CARTESIAN_POINT ( 'NONE',  ( 0.0000000000000000000, 0.0000000000000000000, 0.0000000000000000000 ) ) ;
#3508 = DIRECTION ( 'NONE',  ( -0.0000000000000000000, 0.0000000000000000000, 1.000000000000000000 ) ) ;
#3509 = VECTOR ( 'NONE', #4046, 1000.000000000000000 ) ;
#3510 = EDGE_CURVE ( 'NONE', #3691, #4008, #627, .T. ) ;
#3511 = EDGE_LOOP ( 'NONE', ( #1032, #2377, #938, #2349, #3849 ) ) ;
#3512 = EDGE_CURVE ( 'NONE', #1108, #4048, #1396, .T. ) ;
#3513 = ORIENTED_EDGE ( 'NONE', *, *, #1993, .T. ) ;
#3514 = SURFACE_SIDE_STYLE ('',( #1714 ) ) ;
#3515 = ORIENTED_EDGE ( 'NONE', *, *, #2472, .T. ) ;
#3516 = DIRECTION ( 'NONE',  ( -1.000000000000000000, -1.155348641033115835E-16, 0.0000000000000000000 ) ) ;
#3517 = CARTESIAN_POINT ( 'NONE',  ( 0.0000000000000000000, 0.0000000000000000000, 17.49999999999999645 ) ) ;
#3518 = PLANE ( 'NONE',  #1695 ) ;
#3519 = PRODUCT_RELATED_PRODUCT_CATEGORY ( 'part', '', ( #2463 ) ) ;
#3520 = ORIENTED_EDGE ( 'NONE', *, *, #1815, .T. ) ;
#3521 = LINE ( 'NONE', #804, #647 ) ;
#3522 = PRODUCT_DEFINITION_CONTEXT ( 'detailed design', #2289, 'design' ) ;
#3523 = DIRECTION ( 'NONE',  ( 0.0000000000000000000, 0.0000000000000000000, 1.000000000000000000 ) ) ;
#3524 = LINE ( 'NONE', #806, #858 ) ;
#3525 =( REPRESENTATION_RELATIONSHIP ('NONE','NONE', #3853, #290 ) REPRESENTATION_RELATIONSHIP_WITH_TRANSFORMATION ( #807 )SHAPE_REPRESENTATION_RELATIONSHIP( ) );
#3526 = DIRECTION ( 'NONE',  ( -1.000000000000000000, -3.061616997868382648E-16, 0.0000000000000000000 ) ) ;
#3527 = ADVANCED_FACE ( 'CYL_4', ( #983 ), #2347, .F. ) ;
#3528 = CARTESIAN_POINT ( 'NONE',  ( 9.513852824246059825, 0.4705882352941186952, 9.001000000000002998 ) ) ;
#3529 = CARTESIAN_POINT ( 'NONE',  ( -21.50000000000000000, -3.000000000000001776, 7.000000000000000888 ) ) ;
#3530 = CARTESIAN_POINT ( 'NONE',  ( 9.000000000000001776, -8.000000000000005329, -18.00000000000000355 ) ) ;
#3531 = ORIENTED_EDGE ( 'NONE', *, *, #967, .F. ) ;
#3532 = VERTEX_POINT ( 'NONE', #67 ) ;
#3533 = ORIENTED_EDGE ( 'NONE', *, *, #2175, .F. ) ;
#3534 = FACE_OUTER_BOUND ( 'NONE', #1689, .T. ) ;
#3535 = EDGE_CURVE ( 'NONE', #4272, #339, #3489, .T. ) ;
#3536 = VERTEX_POINT ( 'NONE', #694 ) ;
#3537 = AXIS2_PLACEMENT_3D ( 'NONE', #28, #4171, #1758 ) ;
#3538 = CARTESIAN_POINT ( 'NONE',  ( -8.500000000000000000, -8.000000000000001776, 18.00000000000000355 ) ) ;
#3539 = FACE_OUTER_BOUND ( 'NONE', #1438, .T. ) ;
#3540 = CARTESIAN_POINT ( 'NONE',  ( 4.000000000000005329, -3.000000000000003553, -14.99999999999999645 ) ) ;
#3541 = DIRECTION ( 'NONE',  ( 0.0000000000000000000, 0.0000000000000000000, 1.000000000000000000 ) ) ;
#3542 = EDGE_CURVE ( 'NONE', #3305, #2242, #2888, .T. ) ;
#3543 = CIRCLE ( 'NONE', #1529, 4.000000000000000000 ) ;
#3544 = VERTEX_POINT ( 'NONE', #2764 ) ;
#3545 = FACE_BOUND ( 'NONE', #2778, .T. ) ;
#3546 = SURFACE_STYLE_USAGE ( .BOTH. , #438 ) ;
#3547 = DIRECTION ( 'NONE',  ( -0.0000000000000000000, 1.000000000000000000, -0.0000000000000000000 ) ) ;
#3548 = VECTOR ( 'NONE', #3600, 1000.000000000000000 ) ;
#3549 = LINE ( 'NONE', #4242, #1830 ) ;
#3550 = CARTESIAN_POINT ( 'NONE',  ( 9.014718625761439341, 3.686287386450715076E-15, 18.00000000000000355 ) ) ;
#3551 =( GEOMETRIC_REPRESENTATION_CONTEXT ( 3 ) GLOBAL_UNCERTAINTY_ASSIGNED_CONTEXT ( ( #1587 ) ) GLOBAL_UNIT_ASSIGNED_CONTEXT ( ( #3917, #4291, #1248 ) ) REPRESENTATION_CONTEXT ( 'NONE', 'WORKASPACE' ) );
#3552 = ORIENTED_EDGE ( 'NONE', *, *, #2654, .F. ) ;
#3553 = ORIENTED_EDGE ( 'NONE', *, *, #3856, .F. ) ;
#3554 = VERTEX_POINT ( 'NONE', #3810 ) ;
#3555 = EDGE_CURVE ( 'NONE', #942, #2242, #3470, .T. ) ;
#3556 =( LENGTH_UNIT ( ) NAMED_UNIT ( * ) SI_UNIT ( .MILLI., .METRE. ) );
#3557 = ORIENTED_EDGE ( 'NONE', *, *, #643, .T. ) ;
#3558 = DIRECTION ( 'NONE',  ( -0.0000000000000000000, -0.0000000000000000000, -1.000000000000000000 ) ) ;
#3559 = DIRECTION ( 'NONE',  ( -0.0000000000000000000, -0.0000000000000000000, -1.000000000000000000 ) ) ;
#3560 = SURFACE_SIDE_STYLE ('',( #2929 ) ) ;
#3561 = VECTOR ( 'NONE', #1779, 1000.000000000000000 ) ;
#3562 = ORIENTED_EDGE ( 'NONE', *, *, #1182, .F. ) ;
#3563 = DIRECTION ( 'NONE',  ( -0.0000000000000000000, -0.0000000000000000000, 1.000000000000000000 ) ) ;
#3564 = CARTESIAN_POINT ( 'NONE',  ( -3.999999999999994671, -3.000000000000003553, -14.99999999999999645 ) ) ;
#3565 = EDGE_CURVE ( 'NONE', #1932, #4359, #969, .T. ) ;
#3566 = DIRECTION ( 'NONE',  ( -1.000000000000000000, 0.0000000000000000000, 0.0000000000000000000 ) ) ;
#3567 = AXIS2_PLACEMENT_3D ( 'NONE', #1581, #1730, #3080 ) ;
#3568 = DIRECTION ( 'NONE',  ( -0.0000000000000000000, -0.0000000000000000000, -1.000000000000000000 ) ) ;
#3569 = DIRECTION ( 'NONE',  ( 0.0000000000000000000, 0.0000000000000000000, 1.000000000000000000 ) ) ;
#3570 = AXIS2_PLACEMENT_3D ( 'NONE', #94, #1540, #3523 ) ;
#3571 = CARTESIAN_POINT ( 'NONE',  ( -4.000000000000000000, 4.898587196589412829E-16, 18.00000000000000355 ) ) ;
#3572 = ORIENTED_EDGE ( 'NONE', *, *, #3387, .T. ) ;
#3573 = VERTEX_POINT ( 'NONE', #2787 ) ;
#3574 = VECTOR ( 'NONE', #3158, 1000.000000000000000 ) ;
#3575 = AXIS2_PLACEMENT_3D ( 'NONE', #724, #783, #2504 ) ;
#3576 = DIRECTION ( 'NONE',  ( 1.000000000000000000, 6.938893903907225419E-16, 0.0000000000000000000 ) ) ;
#3577 = EDGE_CURVE ( 'NONE', #1554, #735, #1422, .T. ) ;
#3578 = ORIENTED_EDGE ( 'NONE', *, *, #1733, .T. ) ;
#3579 = EDGE_CURVE ( 'NONE', #649, #1439, #2743, .T. ) ;
#3580 = LINE ( 'NONE', #1580, #2508 ) ;
#3581 = LINE ( 'NONE', #4274, #559 ) ;
#3582 = CARTESIAN_POINT ( 'NONE',  ( 0.0000000000000000000, 0.0000000000000000000, 9.000000000000000000 ) ) ;
#3583 = FILL_AREA_STYLE_COLOUR ( '', #549 ) ;
#3584 = EDGE_CURVE ( 'NONE', #2658, #1958, #4123, .T. ) ;
#3585 = ORIENTED_EDGE ( 'NONE', *, *, #579, .F. ) ;
#3586 = LINE ( 'NONE', #2523, #2282 ) ;
#3587 = DIRECTION ( 'NONE',  ( -0.0000000000000000000, -0.0000000000000000000, -1.000000000000000000 ) ) ;
#3588 = LINE ( 'NONE', #519, #4366 ) ;
#3589 = CARTESIAN_POINT ( 'NONE',  ( -23.58324862570155034, -3.346984516626362364E-15, 1.464576140451815611 ) ) ;
#3590 = ADVANCED_FACE ( 'PLANAR_1', ( #445, #2451, #2431, #2824 ), #85, .F. ) ;
#3591 = CARTESIAN_POINT ( 'NONE',  ( 9.014718625761439341, 0.5000000000000024425, 0.001000000000004469536 ) ) ;
#3592 = CARTESIAN_POINT ( 'NONE',  ( -17.50000000000000000, -8.000000000000003553, 18.00000000000000355 ) ) ;
#3593 = SURFACE_STYLE_USAGE ( .BOTH. , #2532 ) ;
#3594 = DIRECTION ( 'NONE',  ( -0.0000000000000000000, -0.0000000000000000000, 1.000000000000000000 ) ) ;
#3595 = EDGE_LOOP ( 'NONE', ( #1144, #1910, #4051, #1363, #1858, #886 ) ) ;
#3596 = DIRECTION ( 'NONE',  ( -0.0000000000000000000, -0.0000000000000000000, -1.000000000000000000 ) ) ;
#3597 = ORIENTED_EDGE ( 'NONE', *, *, #3893, .F. ) ;
#3598 = ADVANCED_FACE ( 'NONE', ( #2109 ), #3472, .T. ) ;
#3599 = FILL_AREA_STYLE_COLOUR ( '', #424 ) ;
#3600 = DIRECTION ( 'NONE',  ( 0.0000000000000000000, -0.0000000000000000000, 1.000000000000000000 ) ) ;
#3601 = CYLINDRICAL_SURFACE ( 'NONE', #4062, 8.000000000000000000 ) ;
#3602 = AXIS2_PLACEMENT_3D ( 'NONE', #3109, #50, #801 ) ;
#3603 = ORIENTED_EDGE ( 'NONE', *, *, #281, .F. ) ;
#3604 = DIRECTION ( 'NONE',  ( 0.0000000000000000000, 0.0000000000000000000, 1.000000000000000000 ) ) ;
#3605 = CARTESIAN_POINT ( 'NONE',  ( -17.50000000000000000, -1.071565949253933966E-14, -18.00000000000000355 ) ) ;
#3606 = DIRECTION ( 'NONE',  ( 0.0000000000000000000, 0.0000000000000000000, 1.000000000000000000 ) ) ;
#3607 = VERTEX_POINT ( 'NONE', #3787 ) ;
#3608 = CARTESIAN_POINT ( 'NONE',  ( -23.64271092700266408, -0.002685788031827251923, -1.175826844822418504 ) ) ;
#3609 = CARTESIAN_POINT ( 'NONE',  ( -4.000000000000000000, 4.898587196589412829E-16, 18.00000000000000355 ) ) ;
#3610 = LINE ( 'NONE', #2166, #2766 ) ;
#3611 = ORIENTED_EDGE ( 'NONE', *, *, #2606, .T. ) ;
#3612 = AXIS2_PLACEMENT_3D ( 'NONE', #4165, #4125, #1440 ) ;
#3613 = FILL_AREA_STYLE_COLOUR ( '', #4059 ) ;
#3614 = DIRECTION ( 'NONE',  ( -1.224585427126033517E-16, -0.0000000000000000000, -1.000000000000000000 ) ) ;
#3615 = VECTOR ( 'NONE', #1186, 1000.000000000000000 ) ;
#3616 = EDGE_LOOP ( 'NONE', ( #1237, #770 ) ) ;
#3617 = LINE ( 'NONE', #1597, #2752 ) ;
#3618 = CIRCLE ( 'NONE', #3990, 8.000000000000000000 ) ;
#3619 = EDGE_CURVE ( 'NONE', #1740, #546, #1734, .T. ) ;
#3620 = CARTESIAN_POINT ( 'NONE',  ( -17.50000000000000000, 1.734723475976807094E-15, 2.143131898507868248E-15 ) ) ;
#3621 = ORIENTED_EDGE ( 'NONE', *, *, #3430, .T. ) ;
#3622 = AXIS2_PLACEMENT_3D ( 'NONE', #2947, #3266, #202 ) ;
#3623 = PLANE ( 'NONE',  #4167 ) ;
#3624 = CARTESIAN_POINT ( 'NONE',  ( -17.50000000000000000, -8.000000000000007105, -3.249999999999997335 ) ) ;
#3625 =( NAMED_UNIT ( * ) SI_UNIT ( $, .STERADIAN. ) SOLID_ANGLE_UNIT ( ) );
#3626 = ORIENTED_EDGE ( 'NONE', *, *, #3972, .F. ) ;
#3627 = ORIENTED_EDGE ( 'NONE', *, *, #1244, .T. ) ;
#3628 = DIRECTION ( 'NONE',  ( -1.000000000000000000, 0.0000000000000000000, -0.0000000000000000000 ) ) ;
#3629 = DIRECTION ( 'NONE',  ( 0.0000000000000000000, 0.0000000000000000000, 1.000000000000000000 ) ) ;
#3630 = CARTESIAN_POINT ( 'NONE',  ( -23.64278700312859272, -0.002688472546793684893, 1.175555555222677073 ) ) ;
#3631 = FACE_OUTER_BOUND ( 'NONE', #3595, .T. ) ;
#3632 = AXIS2_PLACEMENT_3D ( 'NONE', #3793, #6, #2750 ) ;
#3633 = AXIS2_PLACEMENT_3D ( 'NONE', #699, #2749, #3087 ) ;
#3634 = CARTESIAN_POINT ( 'NONE',  ( 9.014718625761439341, 3.686287386450715076E-15, 18.00000000000000355 ) ) ;
#3636 = EDGE_CURVE ( 'NONE', #1740, #2291, #3124, .T. ) ;
#3635 = PLANE ( 'NONE',  #3209 ) ;
#3637 = EDGE_LOOP ( 'NONE', ( #61, #4198 ) ) ;
#3638 = AXIS2_PLACEMENT_3D ( 'NONE', #4011, #2196, #3663 ) ;
#3639 = CARTESIAN_POINT ( 'NONE',  ( -17.50000000000000000, 1.734723475976807094E-15, 2.143131898507868248E-15 ) ) ;
#3640 = ORIENTED_EDGE ( 'NONE', *, *, #3677, .T. ) ;
#3641 = VECTOR ( 'NONE', #4311, 1000.000000000000000 ) ;
#3642 = CARTESIAN_POINT ( 'NONE',  ( -27.00000000000000000, -3.500000000000007105, -18.00000000000000355 ) ) ;
#3643 =( NAMED_UNIT ( * ) SI_UNIT ( $, .STERADIAN. ) SOLID_ANGLE_UNIT ( ) );
#3644 = AXIS2_PLACEMENT_3D ( 'NONE', #1562, #1606, #2615 ) ;
#3645 = ORIENTED_EDGE ( 'NONE', *, *, #4247, .F. ) ;
#3646 = ADVANCED_FACE ( 'CYL_3', ( #195 ), #1578, .T. ) ;
#3647 =( GEOMETRIC_REPRESENTATION_CONTEXT ( 3 ) GLOBAL_UNCERTAINTY_ASSIGNED_CONTEXT ( ( #2260 ) ) GLOBAL_UNIT_ASSIGNED_CONTEXT ( ( #416, #158, #2614 ) ) REPRESENTATION_CONTEXT ( 'NONE', 'WORKASPACE' ) );
#3648 = CONICAL_SURFACE ( 'NONE', #4086, 6.250000000000000000, 0.7853981633974480570 ) ;
#3649 = FACE_OUTER_BOUND ( 'NONE', #780, .T. ) ;
#3650 = DIRECTION ( 'NONE',  ( -1.000000000000000000, 0.0000000000000000000, 0.0000000000000000000 ) ) ;
#3651 = ORIENTED_EDGE ( 'NONE', *, *, #152, .F. ) ;
#3652 = ORIENTED_EDGE ( 'NONE', *, *, #34, .F. ) ;
#3653 = FILL_AREA_STYLE_COLOUR ( '', #3717 ) ;
#3654 = CARTESIAN_POINT ( 'NONE',  ( -23.72192802857662741, -0.006817918279579057890, -0.5928453013990974130 ) ) ;
#3655 = CARTESIAN_POINT ( 'NONE',  ( -21.50000000000000000, -8.000000000000001776, 7.000000000000000888 ) ) ;
#3656 = EDGE_CURVE ( 'NONE', #773, #1342, #1043, .T. ) ;
#3657 = ORIENTED_EDGE ( 'NONE', *, *, #237, .F. ) ;
#3658 = LINE ( 'NONE', #4006, #710 ) ;
#3659 = DIRECTION ( 'NONE',  ( 1.000000000000000000, 0.0000000000000000000, 0.0000000000000000000 ) ) ;
#3660 = ORIENTED_EDGE ( 'NONE', *, *, #2968, .T. ) ;
#3661 =( LENGTH_UNIT ( ) NAMED_UNIT ( * ) SI_UNIT ( .MILLI., .METRE. ) );
#3662 = ADVANCED_FACE ( 'NONE', ( #2536, #1134 ), #3899, .F. ) ;
#3663 = DIRECTION ( 'NONE',  ( 0.0000000000000000000, 0.0000000000000000000, 1.000000000000000000 ) ) ;
#3664 = AXIS2_PLACEMENT_3D ( 'NONE', #1426, #89, #2768 ) ;
#3665 = ORIENTED_EDGE ( 'NONE', *, *, #3216, .T. ) ;
#3666 = DIRECTION ( 'NONE',  ( -1.000000000000000000, 0.0000000000000000000, 0.0000000000000000000 ) ) ;
#3667 = DIRECTION ( 'NONE',  ( -0.0000000000000000000, -0.0000000000000000000, 1.000000000000000000 ) ) ;
#3668 = ORIENTED_EDGE ( 'NONE', *, *, #2437, .F. ) ;
#3669 = EDGE_CURVE ( 'NONE', #2198, #703, #1909, .T. ) ;
#3670 = DIRECTION ( 'NONE',  ( -0.0000000000000000000, -0.0000000000000000000, -1.000000000000000000 ) ) ;
#3671 = ORIENTED_EDGE ( 'NONE', *, *, #3918, .T. ) ;
#3672 = ORIENTED_EDGE ( 'NONE', *, *, #3065, .T. ) ;
#3673 = FACE_OUTER_BOUND ( 'NONE', #3206, .T. ) ;
#3674 = CARTESIAN_POINT ( 'NONE',  ( -17.50000000000000000, 1.734723475976807094E-15, 2.143131898507868248E-15 ) ) ;
#3675 = CARTESIAN_POINT ( 'NONE',  ( 9.513852824246059825, 0.4705882352941186397, 18.00000000000000355 ) ) ;
#3676 = DIRECTION ( 'NONE',  ( 1.000000000000000000, 0.0000000000000000000, 0.0000000000000000000 ) ) ;
#3677 = EDGE_CURVE ( 'NONE', #2675, #2513, #3686, .T. ) ;
#3678 = ORIENTED_EDGE ( 'NONE', *, *, #3422, .T. ) ;
#3679 = VECTOR ( 'NONE', #658, 1000.000000000000000 ) ;
#3680 = CARTESIAN_POINT ( 'NONE',  ( -13.50000000000000178, -1.071565949253933966E-14, -18.00000000000000355 ) ) ;
#3681 = DIRECTION ( 'NONE',  ( -0.0000000000000000000, 1.000000000000000000, 0.0000000000000000000 ) ) ;
#3682 = EDGE_LOOP ( 'NONE', ( #3557, #4101, #1092, #2120 ) ) ;
#3683 = AXIS2_PLACEMENT_3D ( 'NONE', #2935, #4240, #2189 ) ;
#3684 = DIRECTION ( 'NONE',  ( 0.0000000000000000000, 0.0000000000000000000, -1.000000000000000000 ) ) ;
#3685 = ORIENTED_EDGE ( 'NONE', *, *, #3328, .F. ) ;
#3686 = CIRCLE ( 'NONE', #178, 4.000000000000000000 ) ;
#3687 = PLANE ( 'NONE',  #402 ) ;
#3688 = VECTOR ( 'NONE', #3237, 1000.000000000000000 ) ;
#3689 = CARTESIAN_POINT ( 'NONE',  ( -9.014718625761439341, -1.843143693225357538E-15, 8.998999999999997002 ) ) ;
#3690 = VERTEX_POINT ( 'NONE', #2244 ) ;
#3691 = VERTEX_POINT ( 'NONE', #3285 ) ;
#3692 = ADVANCED_FACE ( 'NONE', ( #1834 ), #4203, .F. ) ;
#3693 = DIRECTION ( 'NONE',  ( 0.0000000000000000000, 0.0000000000000000000, 1.000000000000000000 ) ) ;
#3694 = CIRCLE ( 'NONE', #2107, 3.500000000000003109 ) ;
#3695 = ORIENTED_EDGE ( 'NONE', *, *, #434, .F. ) ;
#3696 = ORIENTED_EDGE ( 'NONE', *, *, #2102, .T. ) ;
#3697 = CYLINDRICAL_SURFACE ( 'NONE', #2427, 4.000000000000000000 ) ;
#3698 = LINE ( 'NONE', #4307, #2355 ) ;
#3699 = DIRECTION ( 'NONE',  ( 1.000000000000000000, 0.0000000000000000000, 0.0000000000000000000 ) ) ;
#3700 = CARTESIAN_POINT ( 'NONE',  ( 0.0000000000000000000, -8.000000000000000000, 9.000000000000000000 ) ) ;
#3701 = ADVANCED_FACE ( 'NONE', ( #3211 ), #797, .F. ) ;
#3702 = DIRECTION ( 'NONE',  ( 0.0000000000000000000, -0.0000000000000000000, -1.000000000000000000 ) ) ;
#3703 = CARTESIAN_POINT ( 'NONE',  ( -17.50000000000000000, -1.071565949253933966E-14, -18.00000000000000355 ) ) ;
#3704 = ORIENTED_EDGE ( 'NONE', *, *, #3542, .T. ) ;
#3705 = APPLICATION_PROTOCOL_DEFINITION ( 'draft international standard', 'automotive_design', 1998, #2910 ) ;
#3706 = FACE_OUTER_BOUND ( 'NONE', #2092, .T. ) ;
#3707 = AXIS2_PLACEMENT_3D ( 'NONE', #47, #5, #3814 ) ;
#3708 = ORIENTED_EDGE ( 'NONE', *, *, #4097, .F. ) ;
#3709 = AXIS2_PLACEMENT_3D ( 'NONE', #48, #2114, #2771 ) ;
#3710 = AXIS2_PLACEMENT_3D ( 'NONE', #1482, #3508, #2446 ) ;
#3711 =( LENGTH_UNIT ( ) NAMED_UNIT ( * ) SI_UNIT ( .MILLI., .METRE. ) );
#3712 = AXIS2_PLACEMENT_3D ( 'NONE', #1997, #1291, #2356 ) ;
#3713 = DIRECTION ( 'NONE',  ( 1.000000000000000000, 0.0000000000000000000, 0.0000000000000000000 ) ) ;
#3714 = EDGE_LOOP ( 'NONE', ( #1458, #1321, #226, #1716 ) ) ;
#3715 = EDGE_LOOP ( 'NONE', ( #4290, #3007, #1916, #1892 ) ) ;
#3716 = VECTOR ( 'NONE', #2023, 1000.000000000000000 ) ;
#3717 = COLOUR_RGB ( '',0.7490196078431372584, 0.7490196078431372584, 0.7490196078431372584 ) ;
#3718 = EDGE_CURVE ( 'NONE', #2733, #2303, #3543, .T. ) ;
#3719 = CARTESIAN_POINT ( 'NONE',  ( -8.485281374238573093, 0.4999999999999978351, 18.00000000000000355 ) ) ;
#3720 = ORIENTED_EDGE ( 'NONE', *, *, #3217, .F. ) ;
#3721 = CIRCLE ( 'NONE', #3866, 3.250000000000001332 ) ;
#3722 = VECTOR ( 'NONE', #3863, 1000.000000000000000 ) ;
#3723 = VERTEX_POINT ( 'NONE', #3965 ) ;
#3724 = SURFACE_STYLE_USAGE ( .BOTH. , #4107 ) ;
#3725 = CARTESIAN_POINT ( 'NONE',  ( -3.499999999999997335, 0.0000000000000000000, -18.00000000000000355 ) ) ;
#3726 = CARTESIAN_POINT ( 'NONE',  ( -13.50000000000000178, -1.071565949253933966E-14, -0.001000000000001489931 ) ) ;
#3727 = CIRCLE ( 'NONE', #581, 3.249999999999999556 ) ;
#3728 = LINE ( 'NONE', #327, #2594 ) ;
#3729 = ORIENTED_EDGE ( 'NONE', *, *, #2991, .T. ) ;
#3730 = CARTESIAN_POINT ( 'NONE',  ( -4.000000000000000000, 4.898587196589412829E-16, -18.00000000000000355 ) ) ;
#3731 = DIRECTION ( 'NONE',  ( -0.0000000000000000000, -0.0000000000000000000, -1.000000000000000000 ) ) ;
#3732 = ORIENTED_EDGE ( 'NONE', *, *, #1865, .F. ) ;
#3733 = PRODUCT_CONTEXT ( 'NONE', #1008, 'mechanical' ) ;
#3734 = CARTESIAN_POINT ( 'NONE',  ( -8.485281374238573093, -1.734723475976807094E-15, -9.000000000000001776 ) ) ;
#3735 = ADVANCED_FACE ( 'CYL_6', ( #3534 ), #3232, .F. ) ;
#3736 = ORIENTED_EDGE ( 'NONE', *, *, #3466, .T. ) ;
#3737 = DIRECTION ( 'NONE',  ( -0.0000000000000000000, -0.0000000000000000000, 1.000000000000000000 ) ) ;
#3738 = DIRECTION ( 'NONE',  ( -0.0000000000000000000, 1.000000000000000000, -0.0000000000000000000 ) ) ;
#3739 = FACE_OUTER_BOUND ( 'NONE', #2948, .T. ) ;
#3740 = ORIENTED_EDGE ( 'NONE', *, *, #1346, .T. ) ;
#3741 = PRESENTATION_LAYER_ASSIGNMENT (  '', '', ( #2655 ) ) ;
#3742 = EDGE_LOOP ( 'NONE', ( #570, #3378, #3704, #4172 ) ) ;
#3743 = LINE ( 'NONE', #1602, #3261 ) ;
#3744 = ADVANCED_FACE ( 'NONE', ( #1816 ), #1677, .T. ) ;
#3745 = EDGE_LOOP ( 'NONE', ( #919, #3373, #4309, #2890, #819, #620 ) ) ;
#3746 = EDGE_LOOP ( 'NONE', ( #2293, #1505, #2000, #1057 ) ) ;
#3747 = CARTESIAN_POINT ( 'NONE',  ( 0.0000000000000000000, 0.0000000000000000000, 18.00000000000000355 ) ) ;
#3748 = FILL_AREA_STYLE ('',( #1013 ) ) ;
#3749 = DIRECTION ( 'NONE',  ( 1.000000000000000000, 0.0000000000000000000, 0.0000000000000000000 ) ) ;
#3750 = DIRECTION ( 'NONE',  ( -0.0000000000000000000, 1.000000000000000000, -0.0000000000000000000 ) ) ;
#3751 = ORIENTED_EDGE ( 'NONE', *, *, #1667, .T. ) ;
#3752 = DIRECTION ( 'NONE',  ( -1.000000000000000000, 0.0000000000000000000, 0.0000000000000000000 ) ) ;
#3753 = CARTESIAN_POINT ( 'NONE',  ( 17.50000000000000711, 0.0000000000000000000, 17.49999999999999645 ) ) ;
#3754 = VERTEX_POINT ( 'NONE', #4037 ) ;
#3755 = DIRECTION ( 'NONE',  ( -1.000000000000000000, 0.0000000000000000000, 0.0000000000000000000 ) ) ;
#3756 = VECTOR ( 'NONE', #2976, 1000.000000000000000 ) ;
#3757 = VECTOR ( 'NONE', #142, 1000.000000000000114 ) ;
#3758 = DIRECTION ( 'NONE',  ( -0.0000000000000000000, -0.0000000000000000000, 1.000000000000000000 ) ) ;
#3759 = CARTESIAN_POINT ( 'NONE',  ( -9.014718625761439341, 0.4999999999999968914, -9.001000000000001222 ) ) ;
#3760 = DIRECTION ( 'NONE',  ( -1.000000000000000000, -6.938893903907225419E-16, 1.224585427126033517E-16 ) ) ;
#3761 = VECTOR ( 'NONE', #3016, 1000.000000000000000 ) ;
#3762 = ORIENTED_EDGE ( 'NONE', *, *, #131, .F. ) ;
#3763 = EDGE_CURVE ( 'NONE', #4406, #2032, #4389, .T. ) ;
#3764 = VECTOR ( 'NONE', #3559, 1000.000000000000000 ) ;
#3765 =( NAMED_UNIT ( * ) PLANE_ANGLE_UNIT ( ) SI_UNIT ( $, .RADIAN. ) );
#3766 = VERTEX_POINT ( 'NONE', #957 ) ;
#3767 = VECTOR ( 'NONE', #1749, 999.9999999999998863 ) ;
#3768 = ORIENTED_EDGE ( 'NONE', *, *, #696, .T. ) ;
#3769 = CARTESIAN_POINT ( 'NONE',  ( -8.485281374238573093, -1.734723475976807094E-15, 18.00000000000000355 ) ) ;
#3770 = CARTESIAN_POINT ( 'NONE',  ( 0.0000000000000000000, 0.0000000000000000000, 18.00000000000000355 ) ) ;
#3771 = FACE_OUTER_BOUND ( 'NONE', #2623, .T. ) ;
#3772 = STYLED_ITEM ( 'NONE', ( #3391 ), #4399 ) ;
#3773 = CARTESIAN_POINT ( 'NONE',  ( 9.014718625761437565, 2.602085213965209853E-15, 0.001000000000004469536 ) ) ;
#3774 = EDGE_LOOP ( 'NONE', ( #2589, #3729 ) ) ;
#3775 = CARTESIAN_POINT ( 'NONE',  ( -8.485281374238573093, -1.734723475976807094E-15, 0.0000000000000000000 ) ) ;
#3776 = LINE ( 'NONE', #1679, #3803 ) ;
#3777 = FILL_AREA_STYLE_COLOUR ( '', #3293 ) ;
#3778 = SHAPE_DEFINITION_REPRESENTATION ( #3265, #3394 ) ;
#3779 = CARTESIAN_POINT ( 'NONE',  ( -7.986147175753949945, 0.4705882352941191393, 9.000000000000000000 ) ) ;
#3780 = EDGE_CURVE ( 'NONE', #3837, #3900, #4080, .T. ) ;
#3781 =( NAMED_UNIT ( * ) SI_UNIT ( $, .STERADIAN. ) SOLID_ANGLE_UNIT ( ) );
#3782 = AXIS2_PLACEMENT_3D ( 'NONE', #1705, #2361, #2405 ) ;
#3783 = DIRECTION ( 'NONE',  ( 0.0000000000000000000, -0.0000000000000000000, -1.000000000000000000 ) ) ;
#3784 = PRESENTATION_LAYER_ASSIGNMENT (  '', '', ( #634 ) ) ;
#3785 = ORIENTED_EDGE ( 'NONE', *, *, #407, .F. ) ;
#3786 = AXIS2_PLACEMENT_3D ( 'NONE', #3517, #449, #1468 ) ;
#3787 = CARTESIAN_POINT ( 'NONE',  ( 3.980102097228898725E-16, -8.000000000000007105, -3.250000000000000444 ) ) ;
#3788 = EDGE_CURVE ( 'NONE', #1296, #3229, #1107, .T. ) ;
#3789 = VERTEX_POINT ( 'NONE', #1934 ) ;
#3790 = AXIS2_PLACEMENT_3D ( 'NONE', #2549, #2955, #2909 ) ;
#3791 = CARTESIAN_POINT ( 'NONE',  ( -17.50000000000000000, -1.071565949253933966E-14, -18.00000000000000355 ) ) ;
#3792 = DIRECTION ( 'NONE',  ( -1.000000000000000000, -0.0000000000000000000, -0.0000000000000000000 ) ) ;
#3793 = CARTESIAN_POINT ( 'NONE',  ( 17.50000000000000711, 0.0000000000000000000, 18.00000000000000355 ) ) ;
#3794 = DIRECTION ( 'NONE',  ( 0.0000000000000000000, 0.0000000000000000000, 1.000000000000000000 ) ) ;
#3795 = CARTESIAN_POINT ( 'NONE',  ( -3.499999999999997335, 4.286263797015733144E-16, -18.00000000000000355 ) ) ;
#3796 = VERTEX_POINT ( 'NONE', #4364 ) ;
#3797 = FILL_AREA_STYLE ('',( #1058 ) ) ;
#3798 = AXIS2_PLACEMENT_3D ( 'NONE', #2526, #141, #182 ) ;
#3799 = UNCERTAINTY_MEASURE_WITH_UNIT (LENGTH_MEASURE( 1.000000000000000082E-05 ), #738, 'distance_accuracy_value', 'NONE');
#3800 = FACE_OUTER_BOUND ( 'NONE', #3233, .T. ) ;
#3801 =( LENGTH_UNIT ( ) NAMED_UNIT ( * ) SI_UNIT ( .MILLI., .METRE. ) );
#3802 = VECTOR ( 'NONE', #2254, 1000.000000000000000 ) ;
#3803 = VECTOR ( 'NONE', #4114, 1000.000000000000000 ) ;
#3804 = ADVANCED_FACE ( 'CYL_5', ( #3739 ), #2696, .F. ) ;
#3805 = CARTESIAN_POINT ( 'NONE',  ( 0.0000000000000000000, 0.0000000000000000000, 18.00000000000000355 ) ) ;
#3806 = ADVANCED_FACE ( 'NONE', ( #1004 ), #3398, .F. ) ;
#3807 = DIRECTION ( 'NONE',  ( -0.0000000000000000000, -0.0000000000000000000, -1.000000000000000000 ) ) ;
#3808 = CARTESIAN_POINT ( 'NONE',  ( -7.986147175753948169, 0.4705882352941190283, 18.00000000000000355 ) ) ;
#3809 = ORIENTED_EDGE ( 'NONE', *, *, #3256, .F. ) ;
#3810 = CARTESIAN_POINT ( 'NONE',  ( -4.000000000000000000, 4.898587196589412829E-16, 18.00000000000000355 ) ) ;
#3811 = ORIENTED_EDGE ( 'NONE', *, *, #1861, .F. ) ;
#3812 = AXIS2_PLACEMENT_3D ( 'NONE', #3791, #4206, #2135 ) ;
#3813 = DIRECTION ( 'NONE',  ( -1.000000000000000000, 0.0000000000000000000, 0.0000000000000000000 ) ) ;
#3814 = DIRECTION ( 'NONE',  ( 0.0000000000000000000, 0.0000000000000000000, 1.000000000000000000 ) ) ;
#3815 = DIRECTION ( 'NONE',  ( -1.000000000000000000, 0.0000000000000000000, -0.0000000000000000000 ) ) ;
#3816 = CARTESIAN_POINT ( 'NONE',  ( -8.485281374238573093, 0.4999999999999978351, -9.000000000000001776 ) ) ;
#3817 = APPLICATION_CONTEXT ( 'automotive_design' ) ;
#3818 = ORIENTED_EDGE ( 'NONE', *, *, #1585, .T. ) ;
#3819 = EDGE_LOOP ( 'NONE', ( #550, #3840 ) ) ;
#3820 = DIRECTION ( 'NONE',  ( 1.000000000000000000, 0.0000000000000000000, 1.084202172485504681E-16 ) ) ;
#3821 = DIRECTION ( 'NONE',  ( 0.0000000000000000000, -0.0000000000000000000, -1.000000000000000000 ) ) ;
#3822 = ORIENTED_EDGE ( 'NONE', *, *, #3310, .F. ) ;
#3823 = ADVANCED_FACE ( 'CYL_6', ( #316 ), #3011, .F. ) ;
#3824 = DIRECTION ( 'NONE',  ( -1.000000000000000000, 0.0000000000000000000, 0.0000000000000000000 ) ) ;
#3825 = CYLINDRICAL_SURFACE ( 'NONE', #975, 0.5000000000000004441 ) ;
#3826 = DIRECTION ( 'NONE',  ( 0.0000000000000000000, 0.0000000000000000000, 1.000000000000000000 ) ) ;
#3827 = ORIENTED_EDGE ( 'NONE', *, *, #1835, .F. ) ;
#3828 = ADVANCED_FACE ( 'NONE', ( #3377 ), #648, .F. ) ;
#3829 = ORIENTED_EDGE ( 'NONE', *, *, #2273, .F. ) ;
#3830 = STYLED_ITEM ( 'NONE', ( #1316 ), #2788 ) ;
#3831 = ORIENTED_EDGE ( 'NONE', *, *, #3101, .F. ) ;
#3832 = ADVANCED_FACE ( 'NONE', ( #1955 ), #909, .F. ) ;
#3833 = AXIS2_PLACEMENT_3D ( 'NONE', #3620, #553, #225 ) ;
#3834 = DIRECTION ( 'NONE',  ( 1.224585427126033517E-16, 2.999369247224782659E-32, 1.000000000000000000 ) ) ;
#3835 = LINE ( 'NONE', #1080, #678 ) ;
#3836 = AXIS2_PLACEMENT_3D ( 'NONE', #601, #1301, #582 ) ;
#3837 = VERTEX_POINT ( 'NONE', #3689 ) ;
#3838 = CARTESIAN_POINT ( 'NONE',  ( -8.499999999999996447, -8.421052631578946901, 9.000000000000000000 ) ) ;
#3839 = LINE ( 'NONE', #2881, #2993 ) ;
#3840 = ORIENTED_EDGE ( 'NONE', *, *, #66, .T. ) ;
#3841 =( GEOMETRIC_REPRESENTATION_CONTEXT ( 3 ) GLOBAL_UNCERTAINTY_ASSIGNED_CONTEXT ( ( #1761 ) ) GLOBAL_UNIT_ASSIGNED_CONTEXT ( ( #1615, #835, #215 ) ) REPRESENTATION_CONTEXT ( 'NONE', 'WORKASPACE' ) );
#3842 = CONTEXT_DEPENDENT_SHAPE_REPRESENTATION ( #3525, #1900 ) ;
#3843 = DIRECTION ( 'NONE',  ( 1.000000000000000000, 0.0000000000000000000, 0.0000000000000000000 ) ) ;
#3844 = EDGE_CURVE ( 'NONE', #4106, #3690, #3331, .T. ) ;
#3845 = AXIS2_PLACEMENT_3D ( 'NONE', #3380, #672, #3650 ) ;
#3846 = CARTESIAN_POINT ( 'NONE',  ( -21.50000000000000000, -1.022580077288039749E-14, -9.001000000000002998 ) ) ;
#3847 = DIRECTION ( 'NONE',  ( -2.168404344971008868E-16, 0.0000000000000000000, -1.000000000000000000 ) ) ;
#3848 = ORIENTED_EDGE ( 'NONE', *, *, #3972, .T. ) ;
#3849 = ORIENTED_EDGE ( 'NONE', *, *, #1503, .F. ) ;
#3850 = FILL_AREA_STYLE_COLOUR ( '', #104 ) ;
#3851 = ORIENTED_EDGE ( 'NONE', *, *, #1179, .T. ) ;
#3852 =( GEOMETRIC_REPRESENTATION_CONTEXT ( 3 ) GLOBAL_UNCERTAINTY_ASSIGNED_CONTEXT ( ( #2979 ) ) GLOBAL_UNIT_ASSIGNED_CONTEXT ( ( #2518, #3153, #1819 ) ) REPRESENTATION_CONTEXT ( 'NONE', 'WORKASPACE' ) );
#3853 = SHAPE_REPRESENTATION ( '159.1-89-35-LG', ( #3782, #1692, #198, #4001 ), #2339 ) ;
#3854 = DIRECTION ( 'NONE',  ( -1.000000000000000000, 0.0000000000000000000, 0.0000000000000000000 ) ) ;
#3855 = CIRCLE ( 'NONE', #1131, 6.250000000000000000 ) ;
#3856 = EDGE_CURVE ( 'NONE', #4012, #3997, #1979, .T. ) ;
#3857 = DIRECTION ( 'NONE',  ( 1.000000000000000000, 0.0000000000000000000, 0.0000000000000000000 ) ) ;
#3858 = AXIS2_PLACEMENT_3D ( 'NONE', #4221, #2509, #1353 ) ;
#3859 = CARTESIAN_POINT ( 'NONE',  ( -21.50000000000000000, -8.000000000000001776, 7.000000000000000888 ) ) ;
#3860 = AXIS2_PLACEMENT_3D ( 'NONE', #3759, #362, #336 ) ;
#3861 = VERTEX_POINT ( 'NONE', #1645 ) ;
#3862 = CARTESIAN_POINT ( 'NONE',  ( -13.50000000000000178, -3.000000000000001776, -15.00000000000000000 ) ) ;
#3863 = DIRECTION ( 'NONE',  ( -1.000000000000000000, -3.061616997868382648E-16, 0.0000000000000000000 ) ) ;
#3864 = PLANE ( 'NONE',  #3873 ) ;
#3865 = LINE ( 'NONE', #2143, #681 ) ;
#3866 = AXIS2_PLACEMENT_3D ( 'NONE', #3887, #2139, #2441 ) ;
#3867 = CIRCLE ( 'NONE', #3003, 4.000000000000000000 ) ;
#3868 = DIRECTION ( 'NONE',  ( 3.854941057726238097E-16, -0.0000000000000000000, 1.000000000000000000 ) ) ;
#3869 = LINE ( 'NONE', #2467, #3767 ) ;
#3870 = EDGE_CURVE ( 'NONE', #2252, #3382, #2719, .T. ) ;
#3871 = ADVANCED_BREP_SHAPE_REPRESENTATION ( '', ( #3374, #2404 ), #2820 ) ;
#3872 = DIRECTION ( 'NONE',  ( 1.000000000000000000, 0.0000000000000000000, 0.0000000000000000000 ) ) ;
#3873 = AXIS2_PLACEMENT_3D ( 'NONE', #855, #4238, #1193 ) ;
#3874 = EDGE_LOOP ( 'NONE', ( #3652, #1277, #3185, #460 ) ) ;
#3875 = ORIENTED_EDGE ( 'NONE', *, *, #732, .F. ) ;
#3876 = ORIENTED_EDGE ( 'NONE', *, *, #3958, .T. ) ;
#3877 = ORIENTED_EDGE ( 'NONE', *, *, #3201, .T. ) ;
#3878 = EDGE_CURVE ( 'NONE', #2534, #3084, #1361, .T. ) ;
#3879 = DIRECTION ( 'NONE',  ( -1.000000000000000000, 0.0000000000000000000, 2.168404344971008868E-16 ) ) ;
#3880 = EDGE_LOOP ( 'NONE', ( #955, #100, #2372, #2892 ) ) ;
#3881 = DIRECTION ( 'NONE',  ( 1.000000000000000000, 0.0000000000000000000, 0.0000000000000000000 ) ) ;
#3882 = SURFACE_STYLE_USAGE ( .BOTH. , #470 ) ;
#3883 = LINE ( 'NONE', #870, #128 ) ;
#3884 = DIRECTION ( 'NONE',  ( -0.0000000000000000000, 0.0000000000000000000, 1.000000000000000000 ) ) ;
#3885 = VECTOR ( 'NONE', #3452, 1000.000000000000000 ) ;
#3886 = ORIENTED_EDGE ( 'NONE', *, *, #3030, .F. ) ;
#3887 = CARTESIAN_POINT ( 'NONE',  ( -17.50000000000000000, -2.999999999999999112, 2.143131898507868248E-15 ) ) ;
#3888 = CARTESIAN_POINT ( 'NONE',  ( -8.499999999999996447, -8.000000000000001776, 9.000000000000000000 ) ) ;
#3889 = CONTEXT_DEPENDENT_SHAPE_REPRESENTATION ( #4074, #2338 ) ;
#3890 = CARTESIAN_POINT ( 'NONE',  ( 0.0000000000000000000, 0.0000000000000000000, 9.000000000000001776 ) ) ;
#3892 = EDGE_CURVE ( 'NONE', #78, #1129, #4100, .T. ) ;
#3891 = DIRECTION ( 'NONE',  ( 1.000000000000000000, 0.0000000000000000000, -0.0000000000000000000 ) ) ;
#3893 = EDGE_CURVE ( 'NONE', #2310, #3278, #2386, .T. ) ;
#3894 = CARTESIAN_POINT ( 'NONE',  ( 0.0000000000000000000, 0.0000000000000000000, 0.0000000000000000000 ) ) ;
#3895 = DIRECTION ( 'NONE',  ( 2.168404344971009361E-16, 0.0000000000000000000, 1.000000000000000000 ) ) ;
#3896 = ORIENTED_EDGE ( 'NONE', *, *, #3186, .F. ) ;
#3897 = ORIENTED_EDGE ( 'NONE', *, *, #1152, .F. ) ;
#3898 = PRESENTATION_LAYER_ASSIGNMENT (  '', '', ( #1381 ) ) ;
#3899 = PLANE ( 'NONE',  #1178 ) ;
#3900 = VERTEX_POINT ( 'NONE', #1163 ) ;
#3901 = CIRCLE ( 'NONE', #1954, 4.000000000000000000 ) ;
#3902 = EDGE_CURVE ( 'NONE', #1549, #2675, #4302, .T. ) ;
#3903 = PRESENTATION_STYLE_ASSIGNMENT (( #3882 ) ) ;
#3904 = CARTESIAN_POINT ( 'NONE',  ( 17.50000000000000711, 0.0000000000000000000, 18.00000000000000355 ) ) ;
#3905 = AXIS2_PLACEMENT_3D ( 'NONE', #3805, #1149, #727 ) ;
#3906 = CARTESIAN_POINT ( 'NONE',  ( 4.000000000000000000, 0.0000000000000000000, -18.00000000000000355 ) ) ;
#3907 = AXIS2_PLACEMENT_3D ( 'NONE', #2074, #3165, #429 ) ;
#3908 = ORIENTED_EDGE ( 'NONE', *, *, #2376, .F. ) ;
#3909 = PLANE ( 'NONE',  #4219 ) ;
#3910 = FILL_AREA_STYLE_COLOUR ( '', #4218 ) ;
#3911 = PLANE ( 'NONE',  #2363 ) ;
#3912 = AXIS2_PLACEMENT_3D ( 'NONE', #1275, #4015, #687 ) ;
#3913 = DIRECTION ( 'NONE',  ( 1.000000000000000000, 1.155348641033115835E-16, 0.0000000000000000000 ) ) ;
#3914 = PRESENTATION_LAYER_ASSIGNMENT (  '', '', ( #3410 ) ) ;
#3915 = PLANE ( 'NONE',  #1706 ) ;
#3916 = CARTESIAN_POINT ( 'NONE',  ( -4.000000000000000000, 4.898587196589412829E-16, 17.49999999999999645 ) ) ;
#3917 =( LENGTH_UNIT ( ) NAMED_UNIT ( * ) SI_UNIT ( .MILLI., .METRE. ) );
#3918 = EDGE_CURVE ( 'NONE', #3690, #2785, #3930, .T. ) ;
#3919 = DIRECTION ( 'NONE',  ( 0.0000000000000000000, 0.0000000000000000000, 1.000000000000000000 ) ) ;
#3920 = AXIS2_PLACEMENT_3D ( 'NONE', #4153, #2588, #514 ) ;
#3921 = ORIENTED_EDGE ( 'NONE', *, *, #3636, .F. ) ;
#3922 = ADVANCED_FACE ( 'CYL_4', ( #513 ), #3291, .F. ) ;
#3923 = ORIENTED_EDGE ( 'NONE', *, *, #4339, .F. ) ;
#3924 = EDGE_LOOP ( 'NONE', ( #3811, #205, #196, #4357 ) ) ;
#3925 = ORIENTED_EDGE ( 'NONE', *, *, #1066, .F. ) ;
#3926 = CARTESIAN_POINT ( 'NONE',  ( -17.50000000000000000, 1.734723475976807094E-15, 6.250000000000001776 ) ) ;
#3927 = DIRECTION ( 'NONE',  ( 0.0000000000000000000, 1.000000000000000000, 0.0000000000000000000 ) ) ;
#3928 = CARTESIAN_POINT ( 'NONE',  ( -27.00000000000000000, -3.500000000000007105, -18.00000000000000355 ) ) ;
#3929 = EDGE_CURVE ( 'NONE', #958, #2803, #2466, .T. ) ;
#3930 = LINE ( 'NONE', #1914, #3615 ) ;
#3931 = DIRECTION ( 'NONE',  ( 1.000000000000000000, 0.0000000000000000000, 0.0000000000000000000 ) ) ;
#3932 = CIRCLE ( 'NONE', #1352, 3.250000000000000444 ) ;
#3934 = ORIENTED_EDGE ( 'NONE', *, *, #3445, .F. ) ;
#3933 = AXIS2_PLACEMENT_3D ( 'NONE', #2960, #3227, #576 ) ;
#3935 = CARTESIAN_POINT ( 'NONE',  ( -27.00000000000000000, -8.000000000000001776, 0.0000000000000000000 ) ) ;
#3936 = VECTOR ( 'NONE', #2117, 1000.000000000000000 ) ;
#3937 = CARTESIAN_POINT ( 'NONE',  ( 9.000000000000003553, -8.421052631578946901, -8.998999999999997002 ) ) ;
#3938 = LINE ( 'NONE', #185, #2453 ) ;
#3939 = EDGE_CURVE ( 'NONE', #2149, #4270, #3178, .T. ) ;
#3940 = VECTOR ( 'NONE', #1245, 1000.000000000000000 ) ;
#3941 = LINE ( 'NONE', #901, #1995 ) ;
#3942 = DIRECTION ( 'NONE',  ( -0.0000000000000000000, -0.0000000000000000000, -1.000000000000000000 ) ) ;
#3943 = FILL_AREA_STYLE ('',( #3613 ) ) ;
#3944 = VECTOR ( 'NONE', #2861, 1000.000000000000000 ) ;
#3945 = DIRECTION ( 'NONE',  ( 0.0000000000000000000, 1.000000000000000000, 0.0000000000000000000 ) ) ;
#3946 = VERTEX_POINT ( 'NONE', #3540 ) ;
#3947 = EDGE_LOOP ( 'NONE', ( #3831, #2108, #2483, #827 ) ) ;
#3948 = EDGE_CURVE ( 'NONE', #3084, #2756, #3405, .T. ) ;
#3949 = DIRECTION ( 'NONE',  ( 0.0000000000000000000, 0.0000000000000000000, 1.000000000000000000 ) ) ;
#3950 = ORIENTED_EDGE ( 'NONE', *, *, #4170, .T. ) ;
#3951 = DIRECTION ( 'NONE',  ( -3.854941057726238097E-16, -2.674902700537826309E-31, -1.000000000000000000 ) ) ;
#3952 = CARTESIAN_POINT ( 'NONE',  ( 9.014718625761439341, 2.602085213965210642E-15, -8.998999999999997002 ) ) ;
#3953 = CARTESIAN_POINT ( 'NONE',  ( -8.500000000000000000, -8.000000000000001776, 18.00000000000000355 ) ) ;
#3954 = VERTEX_POINT ( 'NONE', #871 ) ;
#3955 = DIRECTION ( 'NONE',  ( -0.0000000000000000000, 1.000000000000000000, -0.0000000000000000000 ) ) ;
#3956 = CARTESIAN_POINT ( 'NONE',  ( -8.500000000000000000, -8.000000000000001776, -9.000000000000001776 ) ) ;
#3957 = CARTESIAN_POINT ( 'NONE',  ( -9.014718625761439341, 0.4999999999999968914, 18.00000000000000355 ) ) ;
#3958 = EDGE_CURVE ( 'NONE', #2303, #2678, #473, .T. ) ;
#3959 = DIRECTION ( 'NONE',  ( -2.449293598294706414E-16, 1.000000000000000000, -0.0000000000000000000 ) ) ;
#3960 = DIRECTION ( 'NONE',  ( -0.0000000000000000000, 0.0000000000000000000, -1.000000000000000000 ) ) ;
#3961 = ORIENTED_EDGE ( 'NONE', *, *, #928, .T. ) ;
#3962 = CARTESIAN_POINT ( 'NONE',  ( -21.50000000000000000, -3.000000000000001776, -14.99999999999999822 ) ) ;
#3963 = ORIENTED_EDGE ( 'NONE', *, *, #733, .T. ) ;
#3964 = DIRECTION ( 'NONE',  ( -0.0000000000000000000, 1.000000000000000000, -0.0000000000000000000 ) ) ;
#3965 = CARTESIAN_POINT ( 'NONE',  ( -8.485281374238573093, -1.734723475976807094E-15, -9.000000000000001776 ) ) ;
#3966 = EDGE_LOOP ( 'NONE', ( #151, #641, #1649, #4327 ) ) ;
#3967 = CARTESIAN_POINT ( 'NONE',  ( 0.0000000000000000000, 0.0000000000000000000, 3.250000000000000888 ) ) ;
#3968 = DIRECTION ( 'NONE',  ( 0.0000000000000000000, -0.0000000000000000000, -1.000000000000000000 ) ) ;
#3969 = SURFACE_STYLE_USAGE ( .BOTH. , #3560 ) ;
#3970 = VECTOR ( 'NONE', #923, 1000.000000000000000 ) ;
#3971 = EDGE_LOOP ( 'NONE', ( #2605, #2329, #1623, #2438 ) ) ;
#3972 = EDGE_CURVE ( 'NONE', #3536, #1283, #1234, .T. ) ;
#3973 = ORIENTED_EDGE ( 'NONE', *, *, #3151, .T. ) ;
#3974 = CONICAL_SURFACE ( 'NONE', #2884, 4.000000000000000000, 0.7853981633974461696 ) ;
#3975 = LINE ( 'NONE', #2280, #4295 ) ;
#3976 = UNCERTAINTY_MEASURE_WITH_UNIT (LENGTH_MEASURE( 1.000000000000000082E-05 ), #2121, 'distance_accuracy_value', 'NONE');
#3977 = DIRECTION ( 'NONE',  ( -0.0000000000000000000, 1.000000000000000000, -0.0000000000000000000 ) ) ;
#3978 = LINE ( 'NONE', #1194, #2317 ) ;
#3979 = FACE_BOUND ( 'NONE', #2459, .T. ) ;
#3980 = UNCERTAINTY_MEASURE_WITH_UNIT (LENGTH_MEASURE( 1.000000000000000082E-05 ), #3801, 'distance_accuracy_value', 'NONE');
#3981 = LINE ( 'NONE', #4312, #3506 ) ;
#3982 = EDGE_LOOP ( 'NONE', ( #1314, #3603 ) ) ;
#3983 = MECHANICAL_DESIGN_GEOMETRIC_PRESENTATION_REPRESENTATION (  '', ( #2173 ), #1811 ) ;
#3984 = ORIENTED_EDGE ( 'NONE', *, *, #939, .T. ) ;
#3985 = DIRECTION ( 'NONE',  ( -1.000000000000000000, -1.155348641033115835E-16, 0.0000000000000000000 ) ) ;
#3986 = ADVANCED_FACE ( 'NONE', ( #2249 ), #1820, .F. ) ;
#3987 = AXIS2_PLACEMENT_3D ( 'NONE', #3582, #3884, #4210 ) ;
#3988 = ORIENTED_EDGE ( 'NONE', *, *, #2429, .F. ) ;
#3989 = FACE_OUTER_BOUND ( 'NONE', #3402, .T. ) ;
#3990 = AXIS2_PLACEMENT_3D ( 'NONE', #3507, #2445, #123 ) ;
#3991 =( NAMED_UNIT ( * ) PLANE_ANGLE_UNIT ( ) SI_UNIT ( $, .RADIAN. ) );
#3992 = ORIENTED_EDGE ( 'NONE', *, *, #2003, .F. ) ;
#3993 = PRODUCT_DEFINITION ( 'UNKNOWN', '', #1055, #1629 ) ;
#3994 = DIRECTION ( 'NONE',  ( -1.084202172485504434E-16, 0.0000000000000000000, 1.000000000000000000 ) ) ;
#3995 = CARTESIAN_POINT ( 'NONE',  ( -9.014718625761439341, 0.4999999999999968914, -18.00000000000000355 ) ) ;
#3996 = CARTESIAN_POINT ( 'NONE',  ( -17.50000000000000000, 1.734723475976807094E-15, 2.143131898507868248E-15 ) ) ;
#3997 = VERTEX_POINT ( 'NONE', #201 ) ;
#3998 = ORIENTED_EDGE ( 'NONE', *, *, #928, .F. ) ;
#3999 = EDGE_CURVE ( 'NONE', #452, #2834, #1211, .T. ) ;
#4000 = DIRECTION ( 'NONE',  ( -0.0000000000000000000, 0.0000000000000000000, 1.000000000000000000 ) ) ;
#4001 = AXIS2_PLACEMENT_3D ( 'NONE', #4030, #4116, #1335 ) ;
#4002 = CARTESIAN_POINT ( 'NONE',  ( -21.50000000000000000, -3.000000000000001776, 15.00000000000000178 ) ) ;
#4003 = AXIS2_PLACEMENT_3D ( 'NONE', #2728, #373, #1054 ) ;
#4004 = VECTOR ( 'NONE', #4396, 1000.000000000000000 ) ;
#4005 = VERTEX_POINT ( 'NONE', #3624 ) ;
#4006 = CARTESIAN_POINT ( 'NONE',  ( -9.000000000000007105, -8.421052631578948677, -9.001000000000002998 ) ) ;
#4007 = FACE_OUTER_BOUND ( 'NONE', #3947, .T. ) ;
#4008 = VERTEX_POINT ( 'NONE', #557 ) ;
#4009 = FILL_AREA_STYLE ('',( #2622 ) ) ;
#4010 = VERTEX_POINT ( 'NONE', #3214 ) ;
#4011 = CARTESIAN_POINT ( 'NONE',  ( -17.50000000000000000, 1.734723475976807094E-15, 2.143131898507868248E-15 ) ) ;
#4012 = VERTEX_POINT ( 'NONE', #848 ) ;
#4013 = CIRCLE ( 'NONE', #2559, 0.4999999999999987232 ) ;
#4014 = EDGE_CURVE ( 'NONE', #764, #193, #2830, .T. ) ;
#4015 = DIRECTION ( 'NONE',  ( -0.0000000000000000000, -0.0000000000000000000, -1.000000000000000000 ) ) ;
#4016 = DIRECTION ( 'NONE',  ( -0.0000000000000000000, -0.0000000000000000000, -1.000000000000000000 ) ) ;
#4017 = ORIENTED_EDGE ( 'NONE', *, *, #3375, .T. ) ;
#4018 =( GEOMETRIC_REPRESENTATION_CONTEXT ( 3 ) GLOBAL_UNCERTAINTY_ASSIGNED_CONTEXT ( ( #1998 ) ) GLOBAL_UNIT_ASSIGNED_CONTEXT ( ( #943, #4, #2726 ) ) REPRESENTATION_CONTEXT ( 'NONE', 'WORKASPACE' ) );
#4019 = AXIS2_PLACEMENT_3D ( 'NONE', #31, #3821, #744 ) ;
#4020 = EDGE_CURVE ( 'NONE', #4411, #1772, #136, .T. ) ;
#4021 = DIRECTION ( 'NONE',  ( -1.000000000000000000, 0.0000000000000000000, 0.0000000000000000000 ) ) ;
#4022 = ORIENTED_EDGE ( 'NONE', *, *, #3310, .T. ) ;
#4023 = ORIENTED_EDGE ( 'NONE', *, *, #2686, .F. ) ;
#4024 = SURFACE_STYLE_FILL_AREA ( #3066 ) ;
#4025 = CARTESIAN_POINT ( 'NONE',  ( -17.50000000000000000, -8.000000000000003553, -9.001000000000001222 ) ) ;
#4026 = DIRECTION ( 'NONE',  ( -1.000000000000000000, 0.0000000000000000000, 0.0000000000000000000 ) ) ;
#4027 = CARTESIAN_POINT ( 'NONE',  ( 4.000000000000003553, -8.000000000000000000, 15.00000000000000178 ) ) ;
#4028 = DIRECTION ( 'NONE',  ( -1.000000000000000000, 0.0000000000000000000, 0.0000000000000000000 ) ) ;
#4029 = EDGE_LOOP ( 'NONE', ( #4073, #4394, #1952, #2271 ) ) ;
#4030 = CARTESIAN_POINT ( 'NONE',  ( 17.50000000000000000, 0.0000000000000000000, 2.944098320163243486E-15 ) ) ;
#4031 = CARTESIAN_POINT ( 'NONE',  ( -7.986147175753949945, 0.4705882352941191393, 0.0000000000000000000 ) ) ;
#4032 = VECTOR ( 'NONE', #431, 1000.000000000000000 ) ;
#4033 = ORIENTED_EDGE ( 'NONE', *, *, #189, .T. ) ;
#4034 = EDGE_CURVE ( 'NONE', #597, #3345, #4233, .T. ) ;
#4035 = EDGE_CURVE ( 'NONE', #1155, #2159, #42, .T. ) ;
#4036 = FACE_OUTER_BOUND ( 'NONE', #1392, .T. ) ;
#4037 = CARTESIAN_POINT ( 'NONE',  ( 21.50000000000000355, 0.0000000000000000000, 18.00000000000000355 ) ) ;
#4038 = ORIENTED_EDGE ( 'NONE', *, *, #2229, .F. ) ;
#4039 = ORIENTED_EDGE ( 'NONE', *, *, #826, .F. ) ;
#4040 = DIRECTION ( 'NONE',  ( -0.0000000000000000000, -0.0000000000000000000, -1.000000000000000000 ) ) ;
#4041 = ORIENTED_EDGE ( 'NONE', *, *, #228, .F. ) ;
#4042 = EDGE_CURVE ( 'NONE', #1317, #1982, #2964, .T. ) ;
#4043 = VERTEX_POINT ( 'NONE', #2877 ) ;
#4044 = LINE ( 'NONE', #964, #2864 ) ;
#4045 = LINE ( 'NONE', #2232, #1136 ) ;
#4046 = DIRECTION ( 'NONE',  ( -0.0000000000000000000, -1.000000000000000000, -0.0000000000000000000 ) ) ;
#4047 = DIRECTION ( 'NONE',  ( 3.854941057726238097E-16, 2.674902700537826309E-31, 1.000000000000000000 ) ) ;
#4048 = VERTEX_POINT ( 'NONE', #1841 ) ;
#4049 = DIRECTION ( 'NONE',  ( -1.000000000000000000, -1.155348641033115835E-16, 0.0000000000000000000 ) ) ;
#4050 = DIRECTION ( 'NONE',  ( -0.0000000000000000000, 1.000000000000000000, -0.0000000000000000000 ) ) ;
#4051 = ORIENTED_EDGE ( 'NONE', *, *, #245, .F. ) ;
#4052 = CARTESIAN_POINT ( 'NONE',  ( -21.50000000000000000, -8.000000000000001776, -6.999999999999997335 ) ) ;
#4053 = VERTEX_POINT ( 'NONE', #2541 ) ;
#4054 = EDGE_CURVE ( 'NONE', #2785, #113, #2208, .T. ) ;
#4055 = LINE ( 'NONE', #2383, #3258 ) ;
#4056 = EDGE_CURVE ( 'NONE', #1439, #3471, #533, .T. ) ;
#4057 = SURFACE_STYLE_FILL_AREA ( #2652 ) ;
#4058 = ORIENTED_EDGE ( 'NONE', *, *, #1066, .T. ) ;
#4059 = COLOUR_RGB ( '',0.7490196078431372584, 0.7490196078431372584, 0.7490196078431372584 ) ;
#4060 = EDGE_LOOP ( 'NONE', ( #4350, #3361, #2364, #755 ) ) ;
#4061 = DIRECTION ( 'NONE',  ( -1.000000000000000000, 0.0000000000000000000, 0.0000000000000000000 ) ) ;
#4062 = AXIS2_PLACEMENT_3D ( 'NONE', #4432, #320, #1961 ) ;
#4063 = ORIENTED_EDGE ( 'NONE', *, *, #334, .F. ) ;
#4064 = ORIENTED_EDGE ( 'NONE', *, *, #2645, .T. ) ;
#4065 = EDGE_CURVE ( 'NONE', #1342, #2449, #3330, .T. ) ;
#4066 =( NAMED_UNIT ( * ) SI_UNIT ( $, .STERADIAN. ) SOLID_ANGLE_UNIT ( ) );
#4067 = FACE_OUTER_BOUND ( 'NONE', #1130, .T. ) ;
#4068 = FACE_OUTER_BOUND ( 'NONE', #1355, .T. ) ;
#4069 = CARTESIAN_POINT ( 'NONE',  ( -27.00000000000000000, -8.000000000000001776, 18.00000000000000355 ) ) ;
#4070 = CARTESIAN_POINT ( 'NONE',  ( -9.000000000000001776, -8.000000000000010658, 8.998999999999997002 ) ) ;
#4071 = ORIENTED_EDGE ( 'NONE', *, *, #4035, .F. ) ;
#4072 = CARTESIAN_POINT ( 'NONE',  ( 14.00000000000001066, 4.592425496802573972E-16, -18.00000000000000355 ) ) ;
#4073 = ORIENTED_EDGE ( 'NONE', *, *, #908, .T. ) ;
#4074 =( REPRESENTATION_RELATIONSHIP ('NONE','NONE', #3853, #341 ) REPRESENTATION_RELATIONSHIP_WITH_TRANSFORMATION ( #3117 )SHAPE_REPRESENTATION_RELATIONSHIP( ) );
#4075 = VECTOR ( 'NONE', #2147, 1000.000000000000000 ) ;
#4076 = EDGE_CURVE ( 'NONE', #1104, #2612, #1953, .T. ) ;
#4077 = CARTESIAN_POINT ( 'NONE',  ( -9.513852824246059825, 0.4705882352941141988, -9.001000000000001222 ) ) ;
#4078 = CIRCLE ( 'NONE', #1415, 0.4999999999999987232 ) ;
#4079 = DIRECTION ( 'NONE',  ( 0.0000000000000000000, 0.0000000000000000000, 1.000000000000000000 ) ) ;
#4080 = LINE ( 'NONE', #2989, #3329 ) ;
#4081 = ADVANCED_FACE ( 'PLANAR_4', ( #4036 ), #3687, .F. ) ;
#4082 = ORIENTED_EDGE ( 'NONE', *, *, #3448, .T. ) ;
#4083 =( GEOMETRIC_REPRESENTATION_CONTEXT ( 3 ) GLOBAL_UNCERTAINTY_ASSIGNED_CONTEXT ( ( #572 ) ) GLOBAL_UNIT_ASSIGNED_CONTEXT ( ( #251, #2637, #1630 ) ) REPRESENTATION_CONTEXT ( 'NONE', 'WORKASPACE' ) );
#4084 = DIRECTION ( 'NONE',  ( 0.7071067811865490160, 0.0000000000000000000, 0.7071067811865460184 ) ) ;
#4085 = ORIENTED_EDGE ( 'NONE', *, *, #2253, .F. ) ;
#4086 = AXIS2_PLACEMENT_3D ( 'NONE', #3006, #2690, #1999 ) ;
#4087 = EDGE_LOOP ( 'NONE', ( #394, #4282 ) ) ;
#4088 = LINE ( 'NONE', #2077, #4004 ) ;
#4089 = CARTESIAN_POINT ( 'NONE',  ( -23.49999999999999645, -3.500000000000006661, 18.00000000000000355 ) ) ;
#4090 = VECTOR ( 'NONE', #3340, 1000.000000000000000 ) ;
#4091 = LINE ( 'NONE', #2036, #4177 ) ;
#4092 = DIRECTION ( 'NONE',  ( 1.000000000000000000, 0.0000000000000000000, 0.0000000000000000000 ) ) ;
#4093 = CARTESIAN_POINT ( 'NONE',  ( 0.0000000000000000000, 0.0000000000000000000, 2.527244646314049353E-17 ) ) ;
#4094 = ORIENTED_EDGE ( 'NONE', *, *, #3422, .F. ) ;
#4095 = DIRECTION ( 'NONE',  ( 1.000000000000000000, 0.0000000000000000000, 0.0000000000000000000 ) ) ;
#4096 = DIRECTION ( 'NONE',  ( -0.0000000000000000000, -0.0000000000000000000, -1.000000000000000000 ) ) ;
#4097 = EDGE_CURVE ( 'NONE', #2803, #2775, #1575, .T. ) ;
#4098 = LINE ( 'NONE', #4388, #3180 ) ;
#4099 = PLANE ( 'NONE',  #3283 ) ;
#4100 = LINE ( 'NONE', #1688, #1110 ) ;
#4101 = ORIENTED_EDGE ( 'NONE', *, *, #1210, .F. ) ;
#4102 = ORIENTED_EDGE ( 'NONE', *, *, #4213, .T. ) ;
#4103 = EDGE_CURVE ( 'NONE', #1579, #3138, #1859, .T. ) ;
#4104 = CARTESIAN_POINT ( 'NONE',  ( -23.49999999999999645, -3.500000000000006661, -18.00000000000000355 ) ) ;
#4105 = VERTEX_POINT ( 'NONE', #2267 ) ;
#4106 = VERTEX_POINT ( 'NONE', #3642 ) ;
#4107 = SURFACE_SIDE_STYLE ('',( #4024 ) ) ;
#4108 = CARTESIAN_POINT ( 'NONE',  ( -7.986147175753948169, 0.4705882352941190283, 18.00000000000000355 ) ) ;
#4109 = SURFACE_SIDE_STYLE ('',( #2078 ) ) ;
#4110 = CARTESIAN_POINT ( 'NONE',  ( 21.50000000000001066, 0.0000000000000000000, 17.49999999999999645 ) ) ;
#4111 = EDGE_CURVE ( 'NONE', #713, #577, #752, .T. ) ;
#4112 = ORIENTED_EDGE ( 'NONE', *, *, #4297, .T. ) ;
#4113 = CYLINDRICAL_SURFACE ( 'NONE', #772, 7.999999999999992895 ) ;
#4114 = DIRECTION ( 'NONE',  ( -0.0000000000000000000, -0.0000000000000000000, 1.000000000000000000 ) ) ;
#4115 = DIRECTION ( 'NONE',  ( 1.000000000000000000, 0.0000000000000000000, 0.0000000000000000000 ) ) ;
#4116 = DIRECTION ( 'NONE',  ( 0.0000000000000000000, -1.000000000000000000, 0.0000000000000000000 ) ) ;
#4117 = FACE_OUTER_BOUND ( 'NONE', #32, .T. ) ;
#4118 = AXIS2_PLACEMENT_3D ( 'NONE', #2729, #3434, #2663 ) ;
#4119 = AXIS2_PLACEMENT_3D ( 'NONE', #1433, #2799, #1451 ) ;
#4120 = CARTESIAN_POINT ( 'NONE',  ( 17.50000000000000000, 0.0000000000000000000, 18.00000000000000355 ) ) ;
#4121 = ADVANCED_FACE ( 'NONE', ( #2603 ), #887, .F. ) ;
#4122 = DIRECTION ( 'NONE',  ( 1.000000000000000000, 3.061616997868382648E-16, 0.0000000000000000000 ) ) ;
#4123 = CIRCLE ( 'NONE', #3612, 4.000000000000000000 ) ;
#4124 = ORIENTED_EDGE ( 'NONE', *, *, #1585, .F. ) ;
#4125 = DIRECTION ( 'NONE',  ( 0.0000000000000000000, -0.0000000000000000000, -1.000000000000000000 ) ) ;
#4126 = ORIENTED_EDGE ( 'NONE', *, *, #2028, .T. ) ;
#4127 = VECTOR ( 'NONE', #2168, 1000.000000000000000 ) ;
#4128 = EDGE_CURVE ( 'NONE', #4010, #2658, #2987, .T. ) ;
#4129 = EDGE_LOOP ( 'NONE', ( #4415, #3668, #3487, #712 ) ) ;
#4130 = CARTESIAN_POINT ( 'NONE',  ( -21.50000000000000000, -3.000000000000001776, 15.00000000000000178 ) ) ;
#4131 = DIRECTION ( 'NONE',  ( -0.0000000000000000000, -0.0000000000000000000, 1.000000000000000000 ) ) ;
#4132 = CARTESIAN_POINT ( 'NONE',  ( -27.00000000000000000, -8.000000000000001776, 18.00000000000000355 ) ) ;
#4133 = VECTOR ( 'NONE', #2902, 1000.000000000000000 ) ;
#4134 = ADVANCED_FACE ( 'CYL_0', ( #2943 ), #2651, .T. ) ;
#4135 = ORIENTED_EDGE ( 'NONE', *, *, #2850, .T. ) ;
#4136 = CARTESIAN_POINT ( 'NONE',  ( 0.0000000000000000000, -8.000000000000007105, 2.527244646314049353E-17 ) ) ;
#4137 = DIRECTION ( 'NONE',  ( -1.000000000000000000, 0.0000000000000000000, 0.0000000000000000000 ) ) ;
#4138 = CARTESIAN_POINT ( 'NONE',  ( 0.0000000000000000000, 0.0000000000000000000, -18.00000000000000355 ) ) ;
#4139 = FILL_AREA_STYLE ('',( #440 ) ) ;
#4140 = LINE ( 'NONE', #2424, #1466 ) ;
#4141 = DIRECTION ( 'NONE',  ( -0.0000000000000000000, -0.0000000000000000000, -1.000000000000000000 ) ) ;
#4142 = COLOUR_RGB ( '',0.7490196078431372584, 0.7490196078431372584, 0.7490196078431372584 ) ;
#4143 = VERTEX_POINT ( 'NONE', #956 ) ;
#4144 = CIRCLE ( 'NONE', #2195, 7.999999999999992895 ) ;
#4145 = VECTOR ( 'NONE', #4092, 1000.000000000000000 ) ;
#4146 = DIRECTION ( 'NONE',  ( -0.0000000000000000000, -0.0000000000000000000, -1.000000000000000000 ) ) ;
#4147 = ORIENTED_EDGE ( 'NONE', *, *, #2739, .F. ) ;
#4148 = AXIS2_PLACEMENT_3D ( 'NONE', #212, #4288, #1591 ) ;
#4149 = ADVANCED_FACE ( 'NONE', ( #3989 ), #1933, .F. ) ;
#4150 = LINE ( 'NONE', #2415, #18 ) ;
#4151 = CARTESIAN_POINT ( 'NONE',  ( 9.000000000000005329, -7.999999999999992895, 0.001000000000004816697 ) ) ;
#4152 = FACE_OUTER_BOUND ( 'NONE', #3874, .T. ) ;
#4153 = CARTESIAN_POINT ( 'NONE',  ( 0.0000000000000000000, -2.999999999999999112, 2.527244646314049353E-17 ) ) ;
#4154 = ORIENTED_EDGE ( 'NONE', *, *, #218, .T. ) ;
#4155 = EDGE_LOOP ( 'NONE', ( #3436, #3073 ) ) ;
#4156 = DIRECTION ( 'NONE',  ( 1.000000000000000000, 0.0000000000000000000, 0.0000000000000000000 ) ) ;
#4157 = CARTESIAN_POINT ( 'NONE',  ( -9.000000000000001776, -8.000000000000001776, 18.00000000000000355 ) ) ;
#4158 = DIRECTION ( 'NONE',  ( -0.0000000000000000000, -0.0000000000000000000, 1.000000000000000000 ) ) ;
#4159 = CYLINDRICAL_SURFACE ( 'NONE', #3905, 4.000000000000000000 ) ;
#4160 = FACE_OUTER_BOUND ( 'NONE', #984, .T. ) ;
#4161 = LINE ( 'NONE', #836, #1984 ) ;
#4162 = ADVANCED_FACE ( 'CYL_7', ( #1619 ), #2628, .F. ) ;
#4163 = ORIENTED_EDGE ( 'NONE', *, *, #3669, .T. ) ;
#4164 = ORIENTED_EDGE ( 'NONE', *, *, #3272, .F. ) ;
#4165 = CARTESIAN_POINT ( 'NONE',  ( 17.50000000000000711, 0.0000000000000000000, -8.998999999999997002 ) ) ;
#4166 = EDGE_LOOP ( 'NONE', ( #2942, #795, #1270, #3640 ) ) ;
#4167 = AXIS2_PLACEMENT_3D ( 'NONE', #2247, #4230, #2853 ) ;
#4168 = DIRECTION ( 'NONE',  ( -0.0000000000000000000, -1.000000000000000000, -0.0000000000000000000 ) ) ;
#4169 = SURFACE_STYLE_USAGE ( .BOTH. , #4109 ) ;
#4170 = EDGE_CURVE ( 'NONE', #1982, #1317, #4187, .T. ) ;
#4171 = DIRECTION ( 'NONE',  ( 1.224585427126033517E-16, 2.999369247224782659E-32, 1.000000000000000000 ) ) ;
#4172 = ORIENTED_EDGE ( 'NONE', *, *, #3555, .F. ) ;
#4173 = CARTESIAN_POINT ( 'NONE',  ( 4.000000000000000000, 0.0000000000000000000, 9.000000000000001776 ) ) ;
#4174 = LINE ( 'NONE', #1412, #2639 ) ;
#4175 = ORIENTED_EDGE ( 'NONE', *, *, #119, .F. ) ;
#4176 = DIRECTION ( 'NONE',  ( 0.0000000000000000000, 1.000000000000000000, 0.0000000000000000000 ) ) ;
#4177 = VECTOR ( 'NONE', #3022, 1000.000000000000000 ) ;
#4178 = ORIENTED_EDGE ( 'NONE', *, *, #680, .T. ) ;
#4179 = EDGE_CURVE ( 'NONE', #3607, #2585, #2557, .T. ) ;
#4180 = ORIENTED_EDGE ( 'NONE', *, *, #1377, .F. ) ;
#4181 = CARTESIAN_POINT ( 'NONE',  ( 0.0000000000000000000, 0.0000000000000000000, -18.00000000000000355 ) ) ;
#4182 = ORIENTED_EDGE ( 'NONE', *, *, #3085, .T. ) ;
#4183 = AXIS2_PLACEMENT_3D ( 'NONE', #889, #1885, #817 ) ;
#4184 = CARTESIAN_POINT ( 'NONE',  ( -21.50000000000000000, -1.022580077288039749E-14, -18.00000000000000355 ) ) ;
#4185 = CARTESIAN_POINT ( 'NONE',  ( 13.50000000000000888, 4.898587196589412829E-16, 9.001000000000002998 ) ) ;
#4186 = CARTESIAN_POINT ( 'NONE',  ( -13.50000000000000355, -3.000000000000001776, 7.000000000000000888 ) ) ;
#4187 = CIRCLE ( 'NONE', #2679, 4.000000000000000000 ) ;
#4188 = EDGE_CURVE ( 'NONE', #546, #1906, #3617, .T. ) ;
#4189 = ORIENTED_EDGE ( 'NONE', *, *, #2429, .T. ) ;
#4190 = DIRECTION ( 'NONE',  ( 0.0000000000000000000, 0.0000000000000000000, 1.000000000000000000 ) ) ;
#4191 = UNCERTAINTY_MEASURE_WITH_UNIT (LENGTH_MEASURE( 1.000000000000000082E-05 ), #2551, 'distance_accuracy_value', 'NONE');
#4192 = DIRECTION ( 'NONE',  ( -0.0000000000000000000, -0.0000000000000000000, -1.000000000000000000 ) ) ;
#4193 = PRESENTATION_STYLE_ASSIGNMENT (( #1062 ) ) ;
#4194 = AXIS2_PLACEMENT_3D ( 'NONE', #2818, #2146, #766 ) ;
#4195 = CARTESIAN_POINT ( 'NONE',  ( -21.50000000000000000, -8.000000000000001776, 15.00000000000000178 ) ) ;
#4196 = SURFACE_STYLE_FILL_AREA ( #146 ) ;
#4197 = DIRECTION ( 'NONE',  ( 2.168404344971009361E-16, 0.0000000000000000000, 1.000000000000000000 ) ) ;
#4198 = ORIENTED_EDGE ( 'NONE', *, *, #34, .T. ) ;
#4199 = ORIENTED_EDGE ( 'NONE', *, *, #2302, .T. ) ;
#4200 = ORIENTED_EDGE ( 'NONE', *, *, #2916, .F. ) ;
#4201 = ORIENTED_EDGE ( 'NONE', *, *, #1273, .F. ) ;
#4202 = STYLED_ITEM ( 'NONE', ( #532 ), #386 ) ;
#4203 = PLANE ( 'NONE',  #3173 ) ;
#4204 = ORIENTED_EDGE ( 'NONE', *, *, #900, .T. ) ;
#4205 = AXIS2_PLACEMENT_3D ( 'NONE', #3770, #2434, #1386 ) ;
#4206 = DIRECTION ( 'NONE',  ( 0.0000000000000000000, 0.0000000000000000000, 1.000000000000000000 ) ) ;
#4207 = CIRCLE ( 'NONE', #2552, 7.999999999999992895 ) ;
#4208 = DIRECTION ( 'NONE',  ( -1.000000000000000000, 0.0000000000000000000, 0.0000000000000000000 ) ) ;
#4209 =( NAMED_UNIT ( * ) SI_UNIT ( $, .STERADIAN. ) SOLID_ANGLE_UNIT ( ) );
#4210 = DIRECTION ( 'NONE',  ( 1.000000000000000000, 0.0000000000000000000, 0.0000000000000000000 ) ) ;
#4211 = CARTESIAN_POINT ( 'NONE',  ( -25.49999999999999645, -1.071565949253933966E-14, -18.00000000000000355 ) ) ;
#4212 = CIRCLE ( 'NONE', #2066, 0.4999999999999987232 ) ;
#4213 = EDGE_CURVE ( 'NONE', #1258, #2753, #3284, .T. ) ;
#4214 = ORIENTED_EDGE ( 'NONE', *, *, #3929, .F. ) ;
#4215 = PLANE ( 'NONE',  #489 ) ;
#4216 = CARTESIAN_POINT ( 'NONE',  ( -17.50000000000000000, -8.000000000000007105, 2.143131898507868248E-15 ) ) ;
#4217 = SURFACE_SIDE_STYLE ('',( #395 ) ) ;
#4218 = COLOUR_RGB ( '',0.7490196078431372584, 0.7490196078431372584, 0.7490196078431372584 ) ;
#4219 = AXIS2_PLACEMENT_3D ( 'NONE', #4306, #1262, #920 ) ;
#4220 = AXIS2_PLACEMENT_3D ( 'NONE', #1570, #971, #3024 ) ;
#4221 = CARTESIAN_POINT ( 'NONE',  ( -27.00000000000000000, -3.500000000000007105, 18.00000000000000355 ) ) ;
#4222 = CARTESIAN_POINT ( 'NONE',  ( -3.999999999999994671, -3.000000000000003553, 7.000000000000001776 ) ) ;
#4223 = LINE ( 'NONE', #2802, #771 ) ;
#4224 = CONICAL_SURFACE ( 'NONE', #1640, 3.499999999999997335, 0.7853981633974504994 ) ;
#4225 = ADVANCED_FACE ( 'CYL_3', ( #4340 ), #936, .T. ) ;
#4226 = ORIENTED_EDGE ( 'NONE', *, *, #1763, .T. ) ;
#4227 = ORIENTED_EDGE ( 'NONE', *, *, #733, .F. ) ;
#4228 = DIRECTION ( 'NONE',  ( 0.0000000000000000000, 0.0000000000000000000, -1.000000000000000000 ) ) ;
#4229 = ORIENTED_EDGE ( 'NONE', *, *, #1519, .F. ) ;
#4230 = DIRECTION ( 'NONE',  ( 0.0000000000000000000, 0.0000000000000000000, 1.000000000000000000 ) ) ;
#4231 = FACE_OUTER_BOUND ( 'NONE', #3457, .T. ) ;
#4232 = FILL_AREA_STYLE ('',( #3599 ) ) ;
#4233 = LINE ( 'NONE', #1557, #3764 ) ;
#4234 = PRESENTATION_STYLE_ASSIGNMENT (( #534 ) ) ;
#4235 = VERTEX_POINT ( 'NONE', #4407 ) ;
#4236 = ADVANCED_FACE ( 'CONE_0', ( #3396 ), #1400, .F. ) ;
#4237 = LINE ( 'NONE', #180, #1142 ) ;
#4238 = DIRECTION ( 'NONE',  ( 1.155348641033115835E-16, -1.000000000000000000, 0.0000000000000000000 ) ) ;
#4239 = EDGE_CURVE ( 'NONE', #3103, #3536, #1963, .T. ) ;
#4240 = DIRECTION ( 'NONE',  ( 0.0000000000000000000, 0.0000000000000000000, -1.000000000000000000 ) ) ;
#4241 = DIRECTION ( 'NONE',  ( -0.0000000000000000000, -1.000000000000000000, -0.0000000000000000000 ) ) ;
#4242 = CARTESIAN_POINT ( 'NONE',  ( 9.000000000000010658, 2.597578934483565593E-15, 18.00000000000000355 ) ) ;
#4243 = CARTESIAN_POINT ( 'NONE',  ( -8.485281374238573093, 0.4999999999999978351, 18.00000000000000355 ) ) ;
#4244 = DIRECTION ( 'NONE',  ( 1.000000000000000000, 0.0000000000000000000, -2.168404344971008868E-16 ) ) ;
#4245 = ORIENTED_EDGE ( 'NONE', *, *, #1495, .F. ) ;
#4246 = VERTEX_POINT ( 'NONE', #2069 ) ;
#4247 = EDGE_CURVE ( 'NONE', #1164, #3083, #1001, .T. ) ;
#4248 = SURFACE_STYLE_USAGE ( .BOTH. , #3187 ) ;
#4249 = ORIENTED_EDGE ( 'NONE', *, *, #2337, .F. ) ;
#4250 = COLOUR_RGB ( '',0.7490196078431372584, 0.7490196078431372584, 0.7490196078431372584 ) ;
#4251 = SURFACE_SIDE_STYLE ('',( #2945 ) ) ;
#4252 = FILL_AREA_STYLE ('',( #432 ) ) ;
#4253 = FACE_OUTER_BOUND ( 'NONE', #41, .T. ) ;
#4254 = VECTOR ( 'NONE', #4264, 1000.000000000000000 ) ;
#4255 = DIRECTION ( 'NONE',  ( -0.0000000000000000000, -0.0000000000000000000, 1.000000000000000000 ) ) ;
#4256 = CARTESIAN_POINT ( 'NONE',  ( -13.50000000000000178, -8.000000000000001776, -15.00000000000000000 ) ) ;
#4257 = ADVANCED_FACE ( 'NONE', ( #1663 ), #3443, .T. ) ;
#4258 = AXIS2_PLACEMENT_3D ( 'NONE', #2851, #2921, #4228 ) ;
#4259 = VERTEX_POINT ( 'NONE', #2006 ) ;
#4260 = CARTESIAN_POINT ( 'NONE',  ( -21.50000000000000000, -3.000000000000001776, -6.999999999999997335 ) ) ;
#4261 = CARTESIAN_POINT ( 'NONE',  ( -27.00000000000000000, -3.500000000000007105, 18.00000000000000355 ) ) ;
#4262 = FACE_OUTER_BOUND ( 'NONE', #3123, .T. ) ;
#4263 = AXIS2_PLACEMENT_3D ( 'NONE', #1140, #2566, #2501 ) ;
#4264 = DIRECTION ( 'NONE',  ( 1.927256389264311319E-16, 5.900520920622059904E-32, 1.000000000000000000 ) ) ;
#4265 = EDGE_CURVE ( 'NONE', #3462, #2774, #689, .T. ) ;
#4266 = LINE ( 'NONE', #1545, #2486 ) ;
#4267 = DIRECTION ( 'NONE',  ( -1.000000000000000000, 0.0000000000000000000, 0.0000000000000000000 ) ) ;
#4268 = PLANE ( 'NONE',  #1206 ) ;
#4269 = ORIENTED_EDGE ( 'NONE', *, *, #3095, .F. ) ;
#4270 = VERTEX_POINT ( 'NONE', #4077 ) ;
#4271 = DIRECTION ( 'NONE',  ( 1.000000000000000000, 2.449293598294706414E-16, -1.927256389264311319E-16 ) ) ;
#4272 = VERTEX_POINT ( 'NONE', #1729 ) ;
#4273 = CARTESIAN_POINT ( 'NONE',  ( -21.50000000000000000, -3.000000000000001776, 7.000000000000000888 ) ) ;
#4274 = CARTESIAN_POINT ( 'NONE',  ( 4.000000000000000000, 4.898587196589412829E-16, 17.49999999999999645 ) ) ;
#4275 = CARTESIAN_POINT ( 'NONE',  ( -9.000000000000001776, 0.0000000000000000000, 18.00000000000000000 ) ) ;
#4276 = DIRECTION ( 'NONE',  ( 0.0000000000000000000, 0.0000000000000000000, 1.000000000000000000 ) ) ;
#4277 =( LENGTH_UNIT ( ) NAMED_UNIT ( * ) SI_UNIT ( .MILLI., .METRE. ) );
#4278 = AXIS2_PLACEMENT_3D ( 'NONE', #2181, #3927, #2206 ) ;
#4279 = EDGE_CURVE ( 'NONE', #3796, #844, #1685, .T. ) ;
#4280 = AXIS2_PLACEMENT_3D ( 'NONE', #1349, #1406, #2396 ) ;
#4282 = ORIENTED_EDGE ( 'NONE', *, *, #2302, .F. ) ;
#4281 = CIRCLE ( 'NONE', #1351, 3.499999999999997335 ) ;
#4283 = DIRECTION ( 'NONE',  ( 0.0000000000000000000, 0.0000000000000000000, -1.000000000000000000 ) ) ;
#4284 = LINE ( 'NONE', #3935, #1070 ) ;
#4285 = AXIS2_PLACEMENT_3D ( 'NONE', #2643, #2666, #2378 ) ;
#4286 = DIRECTION ( 'NONE',  ( 0.0000000000000000000, 0.0000000000000000000, -1.000000000000000000 ) ) ;
#4287 = LINE ( 'NONE', #2574, #3970 ) ;
#4288 = DIRECTION ( 'NONE',  ( 2.168404344971008868E-16, -0.0000000000000000000, 1.000000000000000000 ) ) ;
#4289 = DIRECTION ( 'NONE',  ( -1.000000000000000000, -0.0000000000000000000, -0.0000000000000000000 ) ) ;
#4290 = ORIENTED_EDGE ( 'NONE', *, *, #370, .F. ) ;
#4291 =( NAMED_UNIT ( * ) PLANE_ANGLE_UNIT ( ) SI_UNIT ( $, .RADIAN. ) );
#4292 = CIRCLE ( 'NONE', #3286, 4.000000000000000000 ) ;
#4293 = DIRECTION ( 'NONE',  ( -0.0000000000000000000, 1.000000000000000000, -0.0000000000000000000 ) ) ;
#4294 = ORIENTED_EDGE ( 'NONE', *, *, #270, .F. ) ;
#4295 = VECTOR ( 'NONE', #3563, 1000.000000000000000 ) ;
#4296 = DIRECTION ( 'NONE',  ( -0.0000000000000000000, 1.000000000000000000, -0.0000000000000000000 ) ) ;
#4297 = EDGE_CURVE ( 'NONE', #1271, #4008, #4140, .T. ) ;
#4298 = CARTESIAN_POINT ( 'NONE',  ( -21.50000000000000000, -3.000000000000001776, -14.99999999999999822 ) ) ;
#4299 = ORIENTED_EDGE ( 'NONE', *, *, #4320, .T. ) ;
#4300 = DIRECTION ( 'NONE',  ( 0.0000000000000000000, 0.0000000000000000000, -1.000000000000000000 ) ) ;
#4301 = DIRECTION ( 'NONE',  ( -0.0000000000000000000, -0.0000000000000000000, 1.000000000000000000 ) ) ;
#4302 = LINE ( 'NONE', #1470, #337 ) ;
#4303 = VERTEX_POINT ( 'NONE', #2672 ) ;
#4304 = VERTEX_POINT ( 'NONE', #1708 ) ;
#4305 = EDGE_CURVE ( 'NONE', #2671, #1593, #2694, .T. ) ;
#4306 = CARTESIAN_POINT ( 'NONE',  ( -3.999999999999994671, -3.000000000000003553, 7.000000000000001776 ) ) ;
#4307 = CARTESIAN_POINT ( 'NONE',  ( 9.014718625761439341, 3.686287386450715076E-15, 18.00000000000000355 ) ) ;
#4308 = LINE ( 'NONE', #1563, #224 ) ;
#4309 = ORIENTED_EDGE ( 'NONE', *, *, #3542, .F. ) ;
#4310 = CARTESIAN_POINT ( 'NONE',  ( -23.74171876046054308, -0.008356827238762000454, 0.2953956034661318619 ) ) ;
#4311 = DIRECTION ( 'NONE',  ( -0.0000000000000000000, -0.0000000000000000000, 1.000000000000000000 ) ) ;
#4312 = CARTESIAN_POINT ( 'NONE',  ( -4.000000000000000000, 4.898587196589412829E-16, -18.00000000000000355 ) ) ;
#4313 = EDGE_LOOP ( 'NONE', ( #3282, #2703, #2098, #2307 ) ) ;
#4314 = EDGE_LOOP ( 'NONE', ( #4102, #2344, #959, #488 ) ) ;
#4315 = DIRECTION ( 'NONE',  ( -0.0000000000000000000, -0.0000000000000000000, -1.000000000000000000 ) ) ;
#4316 = ORIENTED_EDGE ( 'NONE', *, *, #4054, .F. ) ;
#4317 = EDGE_CURVE ( 'NONE', #2919, #773, #1978, .T. ) ;
#4318 = CARTESIAN_POINT ( 'NONE',  ( -21.50000000000000000, -8.000000000000001776, -6.999999999999997335 ) ) ;
#4319 = SURFACE_STYLE_USAGE ( .BOTH. , #4410 ) ;
#4320 = EDGE_CURVE ( 'NONE', #4143, #3723, #4098, .T. ) ;
#4321 = EDGE_LOOP ( 'NONE', ( #1180, #1095, #3427, #2430 ) ) ;
#4322 = DIRECTION ( 'NONE',  ( 1.000000000000000000, 0.0000000000000000000, 0.0000000000000000000 ) ) ;
#4323 = CARTESIAN_POINT ( 'NONE',  ( -17.50000000000000000, 0.0000000000000000000, 3.250000000000002665 ) ) ;
#4324 = PRESENTATION_STYLE_ASSIGNMENT (( #3969 ) ) ;
#4325 = VECTOR ( 'NONE', #451, 1000.000000000000000 ) ;
#4326 = EDGE_LOOP ( 'NONE', ( #2745, #10, #1337, #3751, #1752, #4424 ) ) ;
#4327 = ORIENTED_EDGE ( 'NONE', *, *, #409, .T. ) ;
#4328 = MECHANICAL_DESIGN_GEOMETRIC_PRESENTATION_REPRESENTATION (  '', ( #2029 ), #250 ) ;
#4329 = UNCERTAINTY_MEASURE_WITH_UNIT (LENGTH_MEASURE( 1.000000000000000082E-05 ), #2154, 'distance_accuracy_value', 'NONE');
#4330 = CARTESIAN_POINT ( 'NONE',  ( -21.50000000000000000, -3.000000000000001776, 15.00000000000000178 ) ) ;
#4331 = CARTESIAN_POINT ( 'NONE',  ( -21.50000000000000000, -3.000000000000001776, -14.99999999999999822 ) ) ;
#4332 = AXIS2_PLACEMENT_3D ( 'NONE', #2657, #960, #2321 ) ;
#4333 = EDGE_CURVE ( 'NONE', #1006, #2159, #4055, .T. ) ;
#4334 = DIRECTION ( 'NONE',  ( -0.0000000000000000000, -0.0000000000000000000, -1.000000000000000000 ) ) ;
#4335 = DIRECTION ( 'NONE',  ( 1.000000000000000000, 0.0000000000000000000, 0.0000000000000000000 ) ) ;
#4336 = ORIENTED_EDGE ( 'NONE', *, *, #4404, .T. ) ;
#4337 = LINE ( 'NONE', #1931, #3279 ) ;
#4338 = VERTEX_POINT ( 'NONE', #3079 ) ;
#4339 = EDGE_CURVE ( 'NONE', #2032, #3997, #45, .T. ) ;
#4340 = FACE_OUTER_BOUND ( 'NONE', #401, .T. ) ;
#4341 = CARTESIAN_POINT ( 'NONE',  ( 14.00000000000001066, 0.0000000000000000000, -18.00000000000000355 ) ) ;
#4342 = ORIENTED_EDGE ( 'NONE', *, *, #2669, .T. ) ;
#4343 = FACE_BOUND ( 'NONE', #148, .T. ) ;
#4344 = ORIENTED_EDGE ( 'NONE', *, *, #1515, .T. ) ;
#4345 = EDGE_LOOP ( 'NONE', ( #4041, #3611, #1568, #4204 ) ) ;
#4346 =( LENGTH_UNIT ( ) NAMED_UNIT ( * ) SI_UNIT ( .MILLI., .METRE. ) );
#4347 = AXIS2_PLACEMENT_3D ( 'NONE', #379, #2734, #4095 ) ;
#4348 = CONICAL_SURFACE ( 'NONE', #3786, 4.000000000000000000, 0.7853981633974461696 ) ;
#4349 = CARTESIAN_POINT ( 'NONE',  ( -21.50000000000000000, -3.000000000000001776, 7.000000000000000888 ) ) ;
#4350 = ORIENTED_EDGE ( 'NONE', *, *, #3503, .T. ) ;
#4351 = EDGE_CURVE ( 'NONE', #249, #3050, #3464, .T. ) ;
#4352 =( GEOMETRIC_REPRESENTATION_CONTEXT ( 3 ) GLOBAL_UNCERTAINTY_ASSIGNED_CONTEXT ( ( #3799 ) ) GLOBAL_UNIT_ASSIGNED_CONTEXT ( ( #738, #2456, #758 ) ) REPRESENTATION_CONTEXT ( 'NONE', 'WORKASPACE' ) );
#4353 = ORIENTED_EDGE ( 'NONE', *, *, #2736, .T. ) ;
#4354 = AXIS2_PLACEMENT_3D ( 'NONE', #1855, #3202, #3891 ) ;
#4355 = DIRECTION ( 'NONE',  ( 1.000000000000000000, 0.0000000000000000000, 0.0000000000000000000 ) ) ;
#4356 = DIRECTION ( 'NONE',  ( -0.0000000000000000000, -0.0000000000000000000, 1.000000000000000000 ) ) ;
#4357 = ORIENTED_EDGE ( 'NONE', *, *, #3228, .T. ) ;
#4358 = LINE ( 'NONE', #166, #1624 ) ;
#4359 = VERTEX_POINT ( 'NONE', #3846 ) ;
#4360 = AXIS2_PLACEMENT_3D ( 'NONE', #3189, #3290, #227 ) ;
#4361 = CONICAL_SURFACE ( 'NONE', #1420, 6.250000000000000000, 0.7853981633974480570 ) ;
#4362 = CARTESIAN_POINT ( 'NONE',  ( -23.49999999999999645, -3.469446951953614189E-15, 18.00000000000000355 ) ) ;
#4363 = EDGE_CURVE ( 'NONE', #2612, #1947, #3869, .T. ) ;
#4364 = CARTESIAN_POINT ( 'NONE',  ( -8.500000000000000000, -1.734723475976807094E-15, -9.000000000000001776 ) ) ;
#4365 = EDGE_LOOP ( 'NONE', ( #2152, #4154, #2432, #2106, #1380, #4063 ) ) ;
#4366 = VECTOR ( 'NONE', #2862, 1000.000000000000000 ) ;
#4367 = PRESENTATION_LAYER_ASSIGNMENT (  '', '', ( #934 ) ) ;
#4368 = VECTOR ( 'NONE', #1039, 1000.000000000000000 ) ;
#4369 = CARTESIAN_POINT ( 'NONE',  ( -9.513852824246059825, 0.4705882352941141988, 18.00000000000000355 ) ) ;
#4370 = ORIENTED_EDGE ( 'NONE', *, *, #1985, .F. ) ;
#4371 = PRODUCT_RELATED_PRODUCT_CATEGORY ( 'part', '', ( #3015 ) ) ;
#4372 = ORIENTED_EDGE ( 'NONE', *, *, #680, .F. ) ;
#4373 = EDGE_CURVE ( 'NONE', #2251, #350, #1416, .T. ) ;
#4374 = DIRECTION ( 'NONE',  ( 1.000000000000000000, 0.0000000000000000000, 0.0000000000000000000 ) ) ;
#4375 = DIRECTION ( 'NONE',  ( -0.0000000000000000000, -0.0000000000000000000, 1.000000000000000000 ) ) ;
#4376 = DIRECTION ( 'NONE',  ( -0.0000000000000000000, -0.0000000000000000000, 1.000000000000000000 ) ) ;
#4377 = ORIENTED_EDGE ( 'NONE', *, *, #1495, .T. ) ;
#4378 = ADVANCED_FACE ( 'CYL_1', ( #4160 ), #3825, .F. ) ;
#4379 = DIRECTION ( 'NONE',  ( -0.0000000000000000000, -0.0000000000000000000, -1.000000000000000000 ) ) ;
#4381 = EDGE_CURVE ( 'NONE', #3754, #735, #1813, .T. ) ;
#4380 = CARTESIAN_POINT ( 'NONE',  ( 0.0000000000000000000, 1.734723475976807094E-15, 2.527244646314049353E-17 ) ) ;
#4382 = ORIENTED_EDGE ( 'NONE', *, *, #3948, .F. ) ;
#4383 = DIRECTION ( 'NONE',  ( -1.000000000000000000, 0.0000000000000000000, 0.0000000000000000000 ) ) ;
#4384 = SURFACE_STYLE_USAGE ( .BOTH. , #286 ) ;
#4385 = AXIS2_PLACEMENT_3D ( 'NONE', #1717, #2748, #2454 ) ;
#4386 = ADVANCED_FACE ( 'CYL_5', ( #1151 ), #728, .F. ) ;
#4387 = ORIENTED_EDGE ( 'NONE', *, *, #2169, .F. ) ;
#4388 = CARTESIAN_POINT ( 'NONE',  ( -8.485281374238573093, -3.361026734705063745E-15, 18.00000000000000355 ) ) ;
#4389 = LINE ( 'NONE', #2368, #2033 ) ;
#4390 = VERTEX_POINT ( 'NONE', #457 ) ;
#4391 = EDGE_CURVE ( 'NONE', #193, #2252, #3119, .T. ) ;
#4392 = ORIENTED_EDGE ( 'NONE', *, *, #660, .F. ) ;
#4393 = CARTESIAN_POINT ( 'NONE',  ( -8.500000000000000000, -8.421052631578946901, 0.0000000000000000000 ) ) ;
#4394 = ORIENTED_EDGE ( 'NONE', *, *, #1537, .T. ) ;
#4395 = ORIENTED_EDGE ( 'NONE', *, *, #2800, .T. ) ;
#4396 = DIRECTION ( 'NONE',  ( -0.0000000000000000000, -1.000000000000000000, -0.0000000000000000000 ) ) ;
#4397 = STYLED_ITEM ( 'NONE', ( #1798 ), #3207 ) ;
#4398 = DIRECTION ( 'NONE',  ( 0.0000000000000000000, -0.0000000000000000000, -1.000000000000000000 ) ) ;
#4399 = ADVANCED_BREP_SHAPE_REPRESENTATION ( '', ( #3207, #2404 ), #3551 ) ;
#4400 = LINE ( 'NONE', #3368, #3281 ) ;
#4401 = LINE ( 'NONE', #545, #2849 ) ;
#4402 = ORIENTED_EDGE ( 'NONE', *, *, #3656, .T. ) ;
#4403 = APPLICATION_PROTOCOL_DEFINITION ( 'draft international standard', 'automotive_design', 1998, #1008 ) ;
#4404 = EDGE_CURVE ( 'NONE', #2534, #958, #1113, .T. ) ;
#4405 = LINE ( 'NONE', #1336, #3248 ) ;
#4406 = VERTEX_POINT ( 'NONE', #1808 ) ;
#4407 = CARTESIAN_POINT ( 'NONE',  ( 0.0000000000000000000, -8.000000000000000000, 9.000000000000000000 ) ) ;
#4408 = CARTESIAN_POINT ( 'NONE',  ( -21.50000000000000000, -3.000000000000001776, -14.99999999999999822 ) ) ;
#4409 = VECTOR ( 'NONE', #3056, 1000.000000000000000 ) ;
#4410 = SURFACE_SIDE_STYLE ('',( #4057 ) ) ;
#4411 = VERTEX_POINT ( 'NONE', #2124 ) ;
#4412 = VERTEX_POINT ( 'NONE', #1172 ) ;
#4413 = FACE_OUTER_BOUND ( 'NONE', #2725, .T. ) ;
#4414 = AXIS2_PLACEMENT_3D ( 'NONE', #2300, #1305, #4021 ) ;
#4415 = ORIENTED_EDGE ( 'NONE', *, *, #39, .F. ) ;
#4416 = ORIENTED_EDGE ( 'NONE', *, *, #873, .T. ) ;
#4417 = LINE ( 'NONE', #2998, #1297 ) ;
#4418 = DIRECTION ( 'NONE',  ( 1.000000000000000000, 0.0000000000000000000, 0.0000000000000000000 ) ) ;
#4419 = PRESENTATION_STYLE_ASSIGNMENT (( #3043 ) ) ;
#4420 = LINE ( 'NONE', #8, #3756 ) ;
#4421 = EDGE_CURVE ( 'NONE', #2590, #597, #3618, .T. ) ;
#4422 = CARTESIAN_POINT ( 'NONE',  ( -9.000000000000005329, -3.469446951953614189E-15, -0.001000000000004816697 ) ) ;
#4423 = DIRECTION ( 'NONE',  ( -0.0000000000000000000, 1.000000000000000000, -0.0000000000000000000 ) ) ;
#4424 = ORIENTED_EDGE ( 'NONE', *, *, #1835, .T. ) ;
#4425 = DIRECTION ( 'NONE',  ( -0.0000000000000000000, -0.0000000000000000000, 1.000000000000000000 ) ) ;
#4426 = AXIS2_PLACEMENT_3D ( 'NONE', #2855, #3213, #2539 ) ;
#4427 = CIRCLE ( 'NONE', #2270, 0.5000000000000004441 ) ;
#4428 = DIRECTION ( 'NONE',  ( -0.0000000000000000000, 1.000000000000000000, -0.0000000000000000000 ) ) ;
#4429 = CARTESIAN_POINT ( 'NONE',  ( -25.49999999999999645, -1.071565949253933966E-14, 8.998999999999997002 ) ) ;
#4430 = DIRECTION ( 'NONE',  ( -0.0000000000000000000, -1.000000000000000000, -0.0000000000000000000 ) ) ;
#4431 = CIRCLE ( 'NONE', #561, 4.000000000000000000 ) ;
#4432 = CARTESIAN_POINT ( 'NONE',  ( 0.0000000000000000000, 0.0000000000000000000, 18.00000000000000355 ) ) ;
#4433 = NEXT_ASSEMBLY_USAGE_OCCURRENCE ( 'NAUO1', ' ', ' ', #3993, #917, $ ) ;
#4434 = NEXT_ASSEMBLY_USAGE_OCCURRENCE ( 'NAUO2', ' ', ' ', #3993, #2907, $ ) ;
#4435 = NEXT_ASSEMBLY_USAGE_OCCURRENCE ( 'NAUO3', ' ', ' ', #3993, #266, $ ) ;
ENDSEC;
END-ISO-10303-21;
