ISO-10303-21;
HEADER;
/* Generated by software containing ST-Developer
 * from STEP Tools, Inc. (www.steptools.com) 
 */

FILE_DESCRIPTION(
/* description */ (''),
/* implementation_level */ '2;1');

FILE_NAME(
/* name */ 
'C:\\Users\\Jo\X\E3o Tinoco\\Desktop\\Wolweiss - STEP\\A. Profiles\\1.
 AST\\Perfis 30\\AST03003004.step',
/* time_stamp */ '2024-04-29T15:56:03+01:00',
/* author */ ('project'),
/* organization */ (''),
/* preprocessor_version */ 'ST-DEVELOPER v19',
/* originating_system */ 'Autodesk Inventor 2023',
/* authorisation */ '');

FILE_SCHEMA (('AUTOMOTIVE_DESIGN { 1 0 10303 214 3 1 1 }'));
ENDSEC;

DATA;
#10=MECHANICAL_DESIGN_GEOMETRIC_PRESENTATION_REPRESENTATION('',(#13),#3460);
#11=SHAPE_REPRESENTATION_RELATIONSHIP('SRR','None',#3467,#12);
#12=ADVANCED_BREP_SHAPE_REPRESENTATION('',(#14),#3459);
#13=STYLED_ITEM('',(#3477),#14);
#14=MANIFOLD_SOLID_BREP('S\X\F3lido1',#2063);
#15=FACE_BOUND('',#283,.T.);
#16=FACE_BOUND('',#284,.T.);
#17=FACE_BOUND('',#285,.T.);
#18=FACE_BOUND('',#286,.T.);
#19=FACE_BOUND('',#287,.T.);
#20=FACE_BOUND('',#289,.T.);
#21=FACE_BOUND('',#290,.T.);
#22=FACE_BOUND('',#291,.T.);
#23=FACE_BOUND('',#292,.T.);
#24=FACE_BOUND('',#293,.T.);
#25=PLANE('',#2101);
#26=PLANE('',#2102);
#27=PLANE('',#2106);
#28=PLANE('',#2110);
#29=PLANE('',#2114);
#30=PLANE('',#2118);
#31=PLANE('',#2122);
#32=PLANE('',#2126);
#33=PLANE('',#2127);
#34=PLANE('',#2128);
#35=PLANE('',#2129);
#36=PLANE('',#2130);
#37=PLANE('',#2134);
#38=PLANE('',#2135);
#39=PLANE('',#2136);
#40=PLANE('',#2137);
#41=PLANE('',#2138);
#42=PLANE('',#2142);
#43=PLANE('',#2146);
#44=PLANE('',#2150);
#45=PLANE('',#2154);
#46=PLANE('',#2158);
#47=PLANE('',#2162);
#48=PLANE('',#2163);
#49=PLANE('',#2164);
#50=PLANE('',#2165);
#51=PLANE('',#2166);
#52=PLANE('',#2170);
#53=PLANE('',#2171);
#54=PLANE('',#2172);
#55=PLANE('',#2173);
#56=PLANE('',#2174);
#57=PLANE('',#2178);
#58=PLANE('',#2182);
#59=PLANE('',#2186);
#60=PLANE('',#2190);
#61=PLANE('',#2194);
#62=PLANE('',#2198);
#63=PLANE('',#2199);
#64=PLANE('',#2200);
#65=PLANE('',#2201);
#66=PLANE('',#2202);
#67=PLANE('',#2206);
#68=PLANE('',#2207);
#69=PLANE('',#2208);
#70=PLANE('',#2209);
#71=PLANE('',#2210);
#72=PLANE('',#2214);
#73=PLANE('',#2218);
#74=PLANE('',#2222);
#75=PLANE('',#2226);
#76=PLANE('',#2230);
#77=PLANE('',#2234);
#78=PLANE('',#2235);
#79=PLANE('',#2236);
#80=PLANE('',#2237);
#81=PLANE('',#2238);
#82=PLANE('',#2242);
#83=PLANE('',#2243);
#84=PLANE('',#2244);
#85=PLANE('',#2245);
#86=PLANE('',#2253);
#87=FACE_OUTER_BOUND('',#189,.T.);
#88=FACE_OUTER_BOUND('',#190,.T.);
#89=FACE_OUTER_BOUND('',#191,.T.);
#90=FACE_OUTER_BOUND('',#192,.T.);
#91=FACE_OUTER_BOUND('',#193,.T.);
#92=FACE_OUTER_BOUND('',#194,.T.);
#93=FACE_OUTER_BOUND('',#195,.T.);
#94=FACE_OUTER_BOUND('',#196,.T.);
#95=FACE_OUTER_BOUND('',#197,.T.);
#96=FACE_OUTER_BOUND('',#198,.T.);
#97=FACE_OUTER_BOUND('',#199,.T.);
#98=FACE_OUTER_BOUND('',#200,.T.);
#99=FACE_OUTER_BOUND('',#201,.T.);
#100=FACE_OUTER_BOUND('',#202,.T.);
#101=FACE_OUTER_BOUND('',#203,.T.);
#102=FACE_OUTER_BOUND('',#204,.T.);
#103=FACE_OUTER_BOUND('',#205,.T.);
#104=FACE_OUTER_BOUND('',#206,.T.);
#105=FACE_OUTER_BOUND('',#207,.T.);
#106=FACE_OUTER_BOUND('',#208,.T.);
#107=FACE_OUTER_BOUND('',#209,.T.);
#108=FACE_OUTER_BOUND('',#210,.T.);
#109=FACE_OUTER_BOUND('',#211,.T.);
#110=FACE_OUTER_BOUND('',#212,.T.);
#111=FACE_OUTER_BOUND('',#213,.T.);
#112=FACE_OUTER_BOUND('',#214,.T.);
#113=FACE_OUTER_BOUND('',#215,.T.);
#114=FACE_OUTER_BOUND('',#216,.T.);
#115=FACE_OUTER_BOUND('',#217,.T.);
#116=FACE_OUTER_BOUND('',#218,.T.);
#117=FACE_OUTER_BOUND('',#219,.T.);
#118=FACE_OUTER_BOUND('',#220,.T.);
#119=FACE_OUTER_BOUND('',#221,.T.);
#120=FACE_OUTER_BOUND('',#222,.T.);
#121=FACE_OUTER_BOUND('',#223,.T.);
#122=FACE_OUTER_BOUND('',#224,.T.);
#123=FACE_OUTER_BOUND('',#225,.T.);
#124=FACE_OUTER_BOUND('',#226,.T.);
#125=FACE_OUTER_BOUND('',#227,.T.);
#126=FACE_OUTER_BOUND('',#228,.T.);
#127=FACE_OUTER_BOUND('',#229,.T.);
#128=FACE_OUTER_BOUND('',#230,.T.);
#129=FACE_OUTER_BOUND('',#231,.T.);
#130=FACE_OUTER_BOUND('',#232,.T.);
#131=FACE_OUTER_BOUND('',#233,.T.);
#132=FACE_OUTER_BOUND('',#234,.T.);
#133=FACE_OUTER_BOUND('',#235,.T.);
#134=FACE_OUTER_BOUND('',#236,.T.);
#135=FACE_OUTER_BOUND('',#237,.T.);
#136=FACE_OUTER_BOUND('',#238,.T.);
#137=FACE_OUTER_BOUND('',#239,.T.);
#138=FACE_OUTER_BOUND('',#240,.T.);
#139=FACE_OUTER_BOUND('',#241,.T.);
#140=FACE_OUTER_BOUND('',#242,.T.);
#141=FACE_OUTER_BOUND('',#243,.T.);
#142=FACE_OUTER_BOUND('',#244,.T.);
#143=FACE_OUTER_BOUND('',#245,.T.);
#144=FACE_OUTER_BOUND('',#246,.T.);
#145=FACE_OUTER_BOUND('',#247,.T.);
#146=FACE_OUTER_BOUND('',#248,.T.);
#147=FACE_OUTER_BOUND('',#249,.T.);
#148=FACE_OUTER_BOUND('',#250,.T.);
#149=FACE_OUTER_BOUND('',#251,.T.);
#150=FACE_OUTER_BOUND('',#252,.T.);
#151=FACE_OUTER_BOUND('',#253,.T.);
#152=FACE_OUTER_BOUND('',#254,.T.);
#153=FACE_OUTER_BOUND('',#255,.T.);
#154=FACE_OUTER_BOUND('',#256,.T.);
#155=FACE_OUTER_BOUND('',#257,.T.);
#156=FACE_OUTER_BOUND('',#258,.T.);
#157=FACE_OUTER_BOUND('',#259,.T.);
#158=FACE_OUTER_BOUND('',#260,.T.);
#159=FACE_OUTER_BOUND('',#261,.T.);
#160=FACE_OUTER_BOUND('',#262,.T.);
#161=FACE_OUTER_BOUND('',#263,.T.);
#162=FACE_OUTER_BOUND('',#264,.T.);
#163=FACE_OUTER_BOUND('',#265,.T.);
#164=FACE_OUTER_BOUND('',#266,.T.);
#165=FACE_OUTER_BOUND('',#267,.T.);
#166=FACE_OUTER_BOUND('',#268,.T.);
#167=FACE_OUTER_BOUND('',#269,.T.);
#168=FACE_OUTER_BOUND('',#270,.T.);
#169=FACE_OUTER_BOUND('',#271,.T.);
#170=FACE_OUTER_BOUND('',#272,.T.);
#171=FACE_OUTER_BOUND('',#273,.T.);
#172=FACE_OUTER_BOUND('',#274,.T.);
#173=FACE_OUTER_BOUND('',#275,.T.);
#174=FACE_OUTER_BOUND('',#276,.T.);
#175=FACE_OUTER_BOUND('',#277,.T.);
#176=FACE_OUTER_BOUND('',#278,.T.);
#177=FACE_OUTER_BOUND('',#279,.T.);
#178=FACE_OUTER_BOUND('',#280,.T.);
#179=FACE_OUTER_BOUND('',#281,.T.);
#180=FACE_OUTER_BOUND('',#282,.T.);
#181=FACE_OUTER_BOUND('',#288,.T.);
#182=FACE_OUTER_BOUND('',#294,.T.);
#183=FACE_OUTER_BOUND('',#295,.T.);
#184=FACE_OUTER_BOUND('',#296,.T.);
#185=FACE_OUTER_BOUND('',#297,.T.);
#186=FACE_OUTER_BOUND('',#298,.T.);
#187=FACE_OUTER_BOUND('',#299,.T.);
#188=FACE_OUTER_BOUND('',#300,.T.);
#189=EDGE_LOOP('',(#1321,#1322,#1323,#1324));
#190=EDGE_LOOP('',(#1325,#1326,#1327,#1328));
#191=EDGE_LOOP('',(#1329,#1330,#1331,#1332));
#192=EDGE_LOOP('',(#1333,#1334,#1335,#1336));
#193=EDGE_LOOP('',(#1337,#1338,#1339,#1340));
#194=EDGE_LOOP('',(#1341,#1342,#1343,#1344));
#195=EDGE_LOOP('',(#1345,#1346,#1347,#1348));
#196=EDGE_LOOP('',(#1349,#1350,#1351,#1352));
#197=EDGE_LOOP('',(#1353,#1354,#1355,#1356));
#198=EDGE_LOOP('',(#1357,#1358,#1359,#1360));
#199=EDGE_LOOP('',(#1361,#1362,#1363,#1364));
#200=EDGE_LOOP('',(#1365,#1366,#1367,#1368));
#201=EDGE_LOOP('',(#1369,#1370,#1371,#1372));
#202=EDGE_LOOP('',(#1373,#1374,#1375,#1376));
#203=EDGE_LOOP('',(#1377,#1378,#1379,#1380));
#204=EDGE_LOOP('',(#1381,#1382,#1383,#1384));
#205=EDGE_LOOP('',(#1385,#1386,#1387,#1388));
#206=EDGE_LOOP('',(#1389,#1390,#1391,#1392));
#207=EDGE_LOOP('',(#1393,#1394,#1395,#1396));
#208=EDGE_LOOP('',(#1397,#1398,#1399,#1400));
#209=EDGE_LOOP('',(#1401,#1402,#1403,#1404));
#210=EDGE_LOOP('',(#1405,#1406,#1407,#1408));
#211=EDGE_LOOP('',(#1409,#1410,#1411,#1412));
#212=EDGE_LOOP('',(#1413,#1414,#1415,#1416));
#213=EDGE_LOOP('',(#1417,#1418,#1419,#1420));
#214=EDGE_LOOP('',(#1421,#1422,#1423,#1424));
#215=EDGE_LOOP('',(#1425,#1426,#1427,#1428));
#216=EDGE_LOOP('',(#1429,#1430,#1431,#1432));
#217=EDGE_LOOP('',(#1433,#1434,#1435,#1436));
#218=EDGE_LOOP('',(#1437,#1438,#1439,#1440));
#219=EDGE_LOOP('',(#1441,#1442,#1443,#1444));
#220=EDGE_LOOP('',(#1445,#1446,#1447,#1448));
#221=EDGE_LOOP('',(#1449,#1450,#1451,#1452));
#222=EDGE_LOOP('',(#1453,#1454,#1455,#1456));
#223=EDGE_LOOP('',(#1457,#1458,#1459,#1460));
#224=EDGE_LOOP('',(#1461,#1462,#1463,#1464));
#225=EDGE_LOOP('',(#1465,#1466,#1467,#1468));
#226=EDGE_LOOP('',(#1469,#1470,#1471,#1472));
#227=EDGE_LOOP('',(#1473,#1474,#1475,#1476));
#228=EDGE_LOOP('',(#1477,#1478,#1479,#1480));
#229=EDGE_LOOP('',(#1481,#1482,#1483,#1484));
#230=EDGE_LOOP('',(#1485,#1486,#1487,#1488));
#231=EDGE_LOOP('',(#1489,#1490,#1491,#1492));
#232=EDGE_LOOP('',(#1493,#1494,#1495,#1496));
#233=EDGE_LOOP('',(#1497,#1498,#1499,#1500));
#234=EDGE_LOOP('',(#1501,#1502,#1503,#1504));
#235=EDGE_LOOP('',(#1505,#1506,#1507,#1508));
#236=EDGE_LOOP('',(#1509,#1510,#1511,#1512));
#237=EDGE_LOOP('',(#1513,#1514,#1515,#1516));
#238=EDGE_LOOP('',(#1517,#1518,#1519,#1520));
#239=EDGE_LOOP('',(#1521,#1522,#1523,#1524));
#240=EDGE_LOOP('',(#1525,#1526,#1527,#1528));
#241=EDGE_LOOP('',(#1529,#1530,#1531,#1532));
#242=EDGE_LOOP('',(#1533,#1534,#1535,#1536));
#243=EDGE_LOOP('',(#1537,#1538,#1539,#1540));
#244=EDGE_LOOP('',(#1541,#1542,#1543,#1544));
#245=EDGE_LOOP('',(#1545,#1546,#1547,#1548));
#246=EDGE_LOOP('',(#1549,#1550,#1551,#1552));
#247=EDGE_LOOP('',(#1553,#1554,#1555,#1556));
#248=EDGE_LOOP('',(#1557,#1558,#1559,#1560));
#249=EDGE_LOOP('',(#1561,#1562,#1563,#1564));
#250=EDGE_LOOP('',(#1565,#1566,#1567,#1568));
#251=EDGE_LOOP('',(#1569,#1570,#1571,#1572));
#252=EDGE_LOOP('',(#1573,#1574,#1575,#1576));
#253=EDGE_LOOP('',(#1577,#1578,#1579,#1580));
#254=EDGE_LOOP('',(#1581,#1582,#1583,#1584));
#255=EDGE_LOOP('',(#1585,#1586,#1587,#1588));
#256=EDGE_LOOP('',(#1589,#1590,#1591,#1592));
#257=EDGE_LOOP('',(#1593,#1594,#1595,#1596));
#258=EDGE_LOOP('',(#1597,#1598,#1599,#1600));
#259=EDGE_LOOP('',(#1601,#1602,#1603,#1604));
#260=EDGE_LOOP('',(#1605,#1606,#1607,#1608));
#261=EDGE_LOOP('',(#1609,#1610,#1611,#1612));
#262=EDGE_LOOP('',(#1613,#1614,#1615,#1616));
#263=EDGE_LOOP('',(#1617,#1618,#1619,#1620));
#264=EDGE_LOOP('',(#1621,#1622,#1623,#1624));
#265=EDGE_LOOP('',(#1625,#1626,#1627,#1628));
#266=EDGE_LOOP('',(#1629,#1630,#1631,#1632));
#267=EDGE_LOOP('',(#1633,#1634,#1635,#1636));
#268=EDGE_LOOP('',(#1637,#1638,#1639,#1640));
#269=EDGE_LOOP('',(#1641,#1642,#1643,#1644));
#270=EDGE_LOOP('',(#1645,#1646,#1647,#1648));
#271=EDGE_LOOP('',(#1649,#1650,#1651,#1652));
#272=EDGE_LOOP('',(#1653,#1654,#1655,#1656));
#273=EDGE_LOOP('',(#1657,#1658,#1659,#1660));
#274=EDGE_LOOP('',(#1661,#1662,#1663,#1664));
#275=EDGE_LOOP('',(#1665,#1666,#1667,#1668));
#276=EDGE_LOOP('',(#1669,#1670,#1671,#1672));
#277=EDGE_LOOP('',(#1673,#1674,#1675,#1676));
#278=EDGE_LOOP('',(#1677,#1678,#1679,#1680));
#279=EDGE_LOOP('',(#1681,#1682,#1683,#1684));
#280=EDGE_LOOP('',(#1685,#1686,#1687,#1688));
#281=EDGE_LOOP('',(#1689,#1690,#1691,#1692));
#282=EDGE_LOOP('',(#1693,#1694,#1695,#1696,#1697,#1698,#1699,#1700,#1701,
#1702,#1703,#1704,#1705,#1706,#1707,#1708,#1709,#1710,#1711,#1712,#1713,
#1714,#1715,#1716,#1717,#1718,#1719,#1720,#1721,#1722,#1723,#1724,#1725,
#1726,#1727,#1728,#1729,#1730,#1731,#1732,#1733,#1734,#1735,#1736,#1737,
#1738,#1739,#1740,#1741,#1742,#1743,#1744,#1745,#1746,#1747,#1748,#1749,
#1750,#1751,#1752,#1753,#1754,#1755,#1756,#1757,#1758,#1759,#1760,#1761,
#1762,#1763,#1764,#1765,#1766,#1767,#1768,#1769,#1770,#1771,#1772,#1773,
#1774,#1775,#1776,#1777,#1778,#1779,#1780));
#283=EDGE_LOOP('',(#1781));
#284=EDGE_LOOP('',(#1782));
#285=EDGE_LOOP('',(#1783,#1784,#1785,#1786,#1787,#1788,#1789,#1790));
#286=EDGE_LOOP('',(#1791));
#287=EDGE_LOOP('',(#1792));
#288=EDGE_LOOP('',(#1793,#1794,#1795,#1796,#1797,#1798,#1799,#1800,#1801,
#1802,#1803,#1804,#1805,#1806,#1807,#1808,#1809,#1810,#1811,#1812,#1813,
#1814,#1815,#1816,#1817,#1818,#1819,#1820,#1821,#1822,#1823,#1824,#1825,
#1826,#1827,#1828,#1829,#1830,#1831,#1832,#1833,#1834,#1835,#1836,#1837,
#1838,#1839,#1840,#1841,#1842,#1843,#1844,#1845,#1846,#1847,#1848,#1849,
#1850,#1851,#1852,#1853,#1854,#1855,#1856,#1857,#1858,#1859,#1860,#1861,
#1862,#1863,#1864,#1865,#1866,#1867,#1868,#1869,#1870,#1871,#1872,#1873,
#1874,#1875,#1876,#1877,#1878,#1879,#1880));
#289=EDGE_LOOP('',(#1881));
#290=EDGE_LOOP('',(#1882));
#291=EDGE_LOOP('',(#1883,#1884,#1885,#1886,#1887,#1888,#1889,#1890));
#292=EDGE_LOOP('',(#1891));
#293=EDGE_LOOP('',(#1892));
#294=EDGE_LOOP('',(#1893,#1894,#1895,#1896));
#295=EDGE_LOOP('',(#1897,#1898,#1899,#1900));
#296=EDGE_LOOP('',(#1901,#1902,#1903,#1904));
#297=EDGE_LOOP('',(#1905,#1906,#1907,#1908));
#298=EDGE_LOOP('',(#1909,#1910,#1911,#1912));
#299=EDGE_LOOP('',(#1913,#1914,#1915,#1916));
#300=EDGE_LOOP('',(#1917,#1918,#1919,#1920));
#301=LINE('',#2860,#521);
#302=LINE('',#2863,#522);
#303=LINE('',#2869,#523);
#304=LINE('',#2872,#524);
#305=LINE('',#2877,#525);
#306=LINE('',#2883,#526);
#307=LINE('',#2891,#527);
#308=LINE('',#2893,#528);
#309=LINE('',#2895,#529);
#310=LINE('',#2896,#530);
#311=LINE('',#2899,#531);
#312=LINE('',#2901,#532);
#313=LINE('',#2902,#533);
#314=LINE('',#2908,#534);
#315=LINE('',#2911,#535);
#316=LINE('',#2913,#536);
#317=LINE('',#2914,#537);
#318=LINE('',#2920,#538);
#319=LINE('',#2923,#539);
#320=LINE('',#2925,#540);
#321=LINE('',#2926,#541);
#322=LINE('',#2932,#542);
#323=LINE('',#2935,#543);
#324=LINE('',#2937,#544);
#325=LINE('',#2938,#545);
#326=LINE('',#2944,#546);
#327=LINE('',#2947,#547);
#328=LINE('',#2949,#548);
#329=LINE('',#2950,#549);
#330=LINE('',#2956,#550);
#331=LINE('',#2959,#551);
#332=LINE('',#2961,#552);
#333=LINE('',#2962,#553);
#334=LINE('',#2968,#554);
#335=LINE('',#2971,#555);
#336=LINE('',#2973,#556);
#337=LINE('',#2974,#557);
#338=LINE('',#2977,#558);
#339=LINE('',#2979,#559);
#340=LINE('',#2980,#560);
#341=LINE('',#2983,#561);
#342=LINE('',#2985,#562);
#343=LINE('',#2986,#563);
#344=LINE('',#2989,#564);
#345=LINE('',#2991,#565);
#346=LINE('',#2992,#566);
#347=LINE('',#2995,#567);
#348=LINE('',#2997,#568);
#349=LINE('',#2998,#569);
#350=LINE('',#3004,#570);
#351=LINE('',#3007,#571);
#352=LINE('',#3009,#572);
#353=LINE('',#3010,#573);
#354=LINE('',#3013,#574);
#355=LINE('',#3015,#575);
#356=LINE('',#3016,#576);
#357=LINE('',#3019,#577);
#358=LINE('',#3021,#578);
#359=LINE('',#3022,#579);
#360=LINE('',#3025,#580);
#361=LINE('',#3027,#581);
#362=LINE('',#3028,#582);
#363=LINE('',#3031,#583);
#364=LINE('',#3033,#584);
#365=LINE('',#3034,#585);
#366=LINE('',#3040,#586);
#367=LINE('',#3043,#587);
#368=LINE('',#3045,#588);
#369=LINE('',#3046,#589);
#370=LINE('',#3052,#590);
#371=LINE('',#3055,#591);
#372=LINE('',#3057,#592);
#373=LINE('',#3058,#593);
#374=LINE('',#3064,#594);
#375=LINE('',#3067,#595);
#376=LINE('',#3069,#596);
#377=LINE('',#3070,#597);
#378=LINE('',#3076,#598);
#379=LINE('',#3079,#599);
#380=LINE('',#3081,#600);
#381=LINE('',#3082,#601);
#382=LINE('',#3088,#602);
#383=LINE('',#3091,#603);
#384=LINE('',#3093,#604);
#385=LINE('',#3094,#605);
#386=LINE('',#3100,#606);
#387=LINE('',#3103,#607);
#388=LINE('',#3105,#608);
#389=LINE('',#3106,#609);
#390=LINE('',#3109,#610);
#391=LINE('',#3111,#611);
#392=LINE('',#3112,#612);
#393=LINE('',#3115,#613);
#394=LINE('',#3117,#614);
#395=LINE('',#3118,#615);
#396=LINE('',#3121,#616);
#397=LINE('',#3123,#617);
#398=LINE('',#3124,#618);
#399=LINE('',#3127,#619);
#400=LINE('',#3129,#620);
#401=LINE('',#3130,#621);
#402=LINE('',#3136,#622);
#403=LINE('',#3139,#623);
#404=LINE('',#3141,#624);
#405=LINE('',#3142,#625);
#406=LINE('',#3145,#626);
#407=LINE('',#3147,#627);
#408=LINE('',#3148,#628);
#409=LINE('',#3151,#629);
#410=LINE('',#3153,#630);
#411=LINE('',#3154,#631);
#412=LINE('',#3157,#632);
#413=LINE('',#3159,#633);
#414=LINE('',#3160,#634);
#415=LINE('',#3163,#635);
#416=LINE('',#3165,#636);
#417=LINE('',#3166,#637);
#418=LINE('',#3172,#638);
#419=LINE('',#3175,#639);
#420=LINE('',#3177,#640);
#421=LINE('',#3178,#641);
#422=LINE('',#3184,#642);
#423=LINE('',#3187,#643);
#424=LINE('',#3189,#644);
#425=LINE('',#3190,#645);
#426=LINE('',#3196,#646);
#427=LINE('',#3199,#647);
#428=LINE('',#3201,#648);
#429=LINE('',#3202,#649);
#430=LINE('',#3208,#650);
#431=LINE('',#3211,#651);
#432=LINE('',#3213,#652);
#433=LINE('',#3214,#653);
#434=LINE('',#3220,#654);
#435=LINE('',#3223,#655);
#436=LINE('',#3225,#656);
#437=LINE('',#3226,#657);
#438=LINE('',#3232,#658);
#439=LINE('',#3235,#659);
#440=LINE('',#3237,#660);
#441=LINE('',#3238,#661);
#442=LINE('',#3241,#662);
#443=LINE('',#3243,#663);
#444=LINE('',#3244,#664);
#445=LINE('',#3247,#665);
#446=LINE('',#3249,#666);
#447=LINE('',#3250,#667);
#448=LINE('',#3253,#668);
#449=LINE('',#3255,#669);
#450=LINE('',#3256,#670);
#451=LINE('',#3259,#671);
#452=LINE('',#3261,#672);
#453=LINE('',#3262,#673);
#454=LINE('',#3268,#674);
#455=LINE('',#3271,#675);
#456=LINE('',#3273,#676);
#457=LINE('',#3274,#677);
#458=LINE('',#3277,#678);
#459=LINE('',#3279,#679);
#460=LINE('',#3280,#680);
#461=LINE('',#3283,#681);
#462=LINE('',#3285,#682);
#463=LINE('',#3286,#683);
#464=LINE('',#3289,#684);
#465=LINE('',#3291,#685);
#466=LINE('',#3292,#686);
#467=LINE('',#3295,#687);
#468=LINE('',#3297,#688);
#469=LINE('',#3298,#689);
#470=LINE('',#3304,#690);
#471=LINE('',#3307,#691);
#472=LINE('',#3309,#692);
#473=LINE('',#3310,#693);
#474=LINE('',#3316,#694);
#475=LINE('',#3319,#695);
#476=LINE('',#3321,#696);
#477=LINE('',#3322,#697);
#478=LINE('',#3328,#698);
#479=LINE('',#3331,#699);
#480=LINE('',#3333,#700);
#481=LINE('',#3334,#701);
#482=LINE('',#3340,#702);
#483=LINE('',#3343,#703);
#484=LINE('',#3345,#704);
#485=LINE('',#3346,#705);
#486=LINE('',#3352,#706);
#487=LINE('',#3355,#707);
#488=LINE('',#3357,#708);
#489=LINE('',#3358,#709);
#490=LINE('',#3364,#710);
#491=LINE('',#3367,#711);
#492=LINE('',#3369,#712);
#493=LINE('',#3370,#713);
#494=LINE('',#3373,#714);
#495=LINE('',#3375,#715);
#496=LINE('',#3376,#716);
#497=LINE('',#3379,#717);
#498=LINE('',#3381,#718);
#499=LINE('',#3382,#719);
#500=LINE('',#3385,#720);
#501=LINE('',#3387,#721);
#502=LINE('',#3388,#722);
#503=LINE('',#3391,#723);
#504=LINE('',#3393,#724);
#505=LINE('',#3394,#725);
#506=LINE('',#3400,#726);
#507=LINE('',#3403,#727);
#508=LINE('',#3405,#728);
#509=LINE('',#3406,#729);
#510=LINE('',#3409,#730);
#511=LINE('',#3411,#731);
#512=LINE('',#3412,#732);
#513=LINE('',#3414,#733);
#514=LINE('',#3415,#734);
#515=LINE('',#3445,#735);
#516=LINE('',#3447,#736);
#517=LINE('',#3449,#737);
#518=LINE('',#3451,#738);
#519=LINE('',#3453,#739);
#520=LINE('',#3455,#740);
#521=VECTOR('',#2274,0.1);
#522=VECTOR('',#2277,0.1);
#523=VECTOR('',#2282,0.1);
#524=VECTOR('',#2285,0.1);
#525=VECTOR('',#2290,0.1);
#526=VECTOR('',#2297,0.1);
#527=VECTOR('',#2308,0.00140000000000054);
#528=VECTOR('',#2309,0.1);
#529=VECTOR('',#2310,0.00140000000000054);
#530=VECTOR('',#2311,0.1);
#531=VECTOR('',#2314,0.00289999999642079);
#532=VECTOR('',#2315,0.00289999999642079);
#533=VECTOR('',#2316,0.1);
#534=VECTOR('',#2323,0.1);
#535=VECTOR('',#2326,0.00197157287346453);
#536=VECTOR('',#2327,0.00197157287346453);
#537=VECTOR('',#2328,0.1);
#538=VECTOR('',#2335,0.1);
#539=VECTOR('',#2338,0.00258578643762825);
#540=VECTOR('',#2339,0.00258578643762825);
#541=VECTOR('',#2340,0.1);
#542=VECTOR('',#2347,0.1);
#543=VECTOR('',#2350,0.0103431457504985);
#544=VECTOR('',#2351,0.0103431457504985);
#545=VECTOR('',#2352,0.1);
#546=VECTOR('',#2359,0.1);
#547=VECTOR('',#2362,0.00258578643762823);
#548=VECTOR('',#2363,0.00258578643762823);
#549=VECTOR('',#2364,0.1);
#550=VECTOR('',#2371,0.1);
#551=VECTOR('',#2374,0.00197157287346453);
#552=VECTOR('',#2375,0.00197157287346453);
#553=VECTOR('',#2376,0.1);
#554=VECTOR('',#2383,0.1);
#555=VECTOR('',#2386,0.00289999999641986);
#556=VECTOR('',#2387,0.00289999999641986);
#557=VECTOR('',#2388,0.1);
#558=VECTOR('',#2391,0.00140000000000054);
#559=VECTOR('',#2392,0.00140000000000054);
#560=VECTOR('',#2393,0.1);
#561=VECTOR('',#2396,0.000800000000000187);
#562=VECTOR('',#2397,0.000800000000000187);
#563=VECTOR('',#2398,0.1);
#564=VECTOR('',#2401,0.000799999999999281);
#565=VECTOR('',#2402,0.000799999999999281);
#566=VECTOR('',#2403,0.1);
#567=VECTOR('',#2406,0.00809999999642696);
#568=VECTOR('',#2407,0.00809999999642696);
#569=VECTOR('',#2408,0.1);
#570=VECTOR('',#2415,0.1);
#571=VECTOR('',#2418,0.00809999999640878);
#572=VECTOR('',#2419,0.00809999999640878);
#573=VECTOR('',#2420,0.1);
#574=VECTOR('',#2423,0.000799999999999281);
#575=VECTOR('',#2424,0.000799999999999281);
#576=VECTOR('',#2425,0.1);
#577=VECTOR('',#2428,0.000800000000000174);
#578=VECTOR('',#2429,0.000800000000000174);
#579=VECTOR('',#2430,0.1);
#580=VECTOR('',#2433,0.00140000000000055);
#581=VECTOR('',#2434,0.00140000000000055);
#582=VECTOR('',#2435,0.1);
#583=VECTOR('',#2438,0.00289999999642077);
#584=VECTOR('',#2439,0.00289999999642077);
#585=VECTOR('',#2440,0.1);
#586=VECTOR('',#2447,0.1);
#587=VECTOR('',#2450,0.00197157287346454);
#588=VECTOR('',#2451,0.00197157287346454);
#589=VECTOR('',#2452,0.1);
#590=VECTOR('',#2459,0.1);
#591=VECTOR('',#2462,0.00258578643762822);
#592=VECTOR('',#2463,0.00258578643762822);
#593=VECTOR('',#2464,0.1);
#594=VECTOR('',#2471,0.1);
#595=VECTOR('',#2474,0.0103431457504985);
#596=VECTOR('',#2475,0.0103431457504985);
#597=VECTOR('',#2476,0.1);
#598=VECTOR('',#2483,0.1);
#599=VECTOR('',#2486,0.0025857864376295);
#600=VECTOR('',#2487,0.0025857864376295);
#601=VECTOR('',#2488,0.1);
#602=VECTOR('',#2495,0.1);
#603=VECTOR('',#2498,0.00197157287347181);
#604=VECTOR('',#2499,0.00197157287347181);
#605=VECTOR('',#2500,0.1);
#606=VECTOR('',#2507,0.1);
#607=VECTOR('',#2510,0.00289999999642077);
#608=VECTOR('',#2511,0.00289999999642077);
#609=VECTOR('',#2512,0.1);
#610=VECTOR('',#2515,0.00140000000000055);
#611=VECTOR('',#2516,0.00140000000000055);
#612=VECTOR('',#2517,0.1);
#613=VECTOR('',#2520,0.000800000000000181);
#614=VECTOR('',#2521,0.000800000000000181);
#615=VECTOR('',#2522,0.1);
#616=VECTOR('',#2525,0.000799999999999272);
#617=VECTOR('',#2526,0.000799999999999272);
#618=VECTOR('',#2527,0.1);
#619=VECTOR('',#2530,0.00809999999642423);
#620=VECTOR('',#2531,0.00809999999642423);
#621=VECTOR('',#2532,0.1);
#622=VECTOR('',#2539,0.1);
#623=VECTOR('',#2542,0.00809999999641604);
#624=VECTOR('',#2543,0.00809999999641604);
#625=VECTOR('',#2544,0.1);
#626=VECTOR('',#2547,0.000799999999993815);
#627=VECTOR('',#2548,0.000799999999993815);
#628=VECTOR('',#2549,0.1);
#629=VECTOR('',#2552,0.000800000000000178);
#630=VECTOR('',#2553,0.000800000000000178);
#631=VECTOR('',#2554,0.1);
#632=VECTOR('',#2557,0.00140000000000055);
#633=VECTOR('',#2558,0.00140000000000055);
#634=VECTOR('',#2559,0.1);
#635=VECTOR('',#2562,0.00289999999642077);
#636=VECTOR('',#2563,0.00289999999642077);
#637=VECTOR('',#2564,0.1);
#638=VECTOR('',#2571,0.1);
#639=VECTOR('',#2574,0.00197157287346454);
#640=VECTOR('',#2575,0.00197157287346454);
#641=VECTOR('',#2576,0.1);
#642=VECTOR('',#2583,0.1);
#643=VECTOR('',#2586,0.00258578643762824);
#644=VECTOR('',#2587,0.00258578643762824);
#645=VECTOR('',#2588,0.1);
#646=VECTOR('',#2595,0.1);
#647=VECTOR('',#2598,0.0103431457504985);
#648=VECTOR('',#2599,0.0103431457504985);
#649=VECTOR('',#2600,0.1);
#650=VECTOR('',#2607,0.1);
#651=VECTOR('',#2610,0.00258578643762822);
#652=VECTOR('',#2611,0.00258578643762822);
#653=VECTOR('',#2612,0.1);
#654=VECTOR('',#2619,0.1);
#655=VECTOR('',#2622,0.00197157287346454);
#656=VECTOR('',#2623,0.00197157287346454);
#657=VECTOR('',#2624,0.1);
#658=VECTOR('',#2631,0.1);
#659=VECTOR('',#2634,0.00289999999641985);
#660=VECTOR('',#2635,0.00289999999641985);
#661=VECTOR('',#2636,0.1);
#662=VECTOR('',#2639,0.00139999999999964);
#663=VECTOR('',#2640,0.00139999999999964);
#664=VECTOR('',#2641,0.1);
#665=VECTOR('',#2644,0.000800000000000187);
#666=VECTOR('',#2645,0.000800000000000187);
#667=VECTOR('',#2646,0.1);
#668=VECTOR('',#2649,0.000799999999998363);
#669=VECTOR('',#2650,0.000799999999998363);
#670=VECTOR('',#2651,0.1);
#671=VECTOR('',#2654,0.00809999999642513);
#672=VECTOR('',#2655,0.00809999999642513);
#673=VECTOR('',#2656,0.1);
#674=VECTOR('',#2663,0.1);
#675=VECTOR('',#2666,0.00809999999641423);
#676=VECTOR('',#2667,0.00809999999641423);
#677=VECTOR('',#2668,0.1);
#678=VECTOR('',#2671,0.000799999997115251);
#679=VECTOR('',#2672,0.000799999997115251);
#680=VECTOR('',#2673,0.1);
#681=VECTOR('',#2676,0.000799999999999272);
#682=VECTOR('',#2677,0.000799999999999272);
#683=VECTOR('',#2678,0.1);
#684=VECTOR('',#2681,0.00140000000000057);
#685=VECTOR('',#2682,0.00140000000000057);
#686=VECTOR('',#2683,0.1);
#687=VECTOR('',#2686,0.00289999999641986);
#688=VECTOR('',#2687,0.00289999999641986);
#689=VECTOR('',#2688,0.1);
#690=VECTOR('',#2695,0.1);
#691=VECTOR('',#2698,0.00197157287346454);
#692=VECTOR('',#2699,0.00197157287346454);
#693=VECTOR('',#2700,0.1);
#694=VECTOR('',#2707,0.1);
#695=VECTOR('',#2710,0.00258578643762822);
#696=VECTOR('',#2711,0.00258578643762822);
#697=VECTOR('',#2712,0.1);
#698=VECTOR('',#2719,0.1);
#699=VECTOR('',#2722,0.0103431457504985);
#700=VECTOR('',#2723,0.0103431457504985);
#701=VECTOR('',#2724,0.1);
#702=VECTOR('',#2731,0.1);
#703=VECTOR('',#2734,0.00258578643762885);
#704=VECTOR('',#2735,0.00258578643762885);
#705=VECTOR('',#2736,0.1);
#706=VECTOR('',#2743,0.1);
#707=VECTOR('',#2746,0.00197157287346454);
#708=VECTOR('',#2747,0.00197157287346454);
#709=VECTOR('',#2748,0.1);
#710=VECTOR('',#2755,0.1);
#711=VECTOR('',#2758,0.00289999999641986);
#712=VECTOR('',#2759,0.00289999999641986);
#713=VECTOR('',#2760,0.1);
#714=VECTOR('',#2763,0.00139999999999964);
#715=VECTOR('',#2764,0.00139999999999964);
#716=VECTOR('',#2765,0.1);
#717=VECTOR('',#2768,0.000800000000000183);
#718=VECTOR('',#2769,0.000800000000000183);
#719=VECTOR('',#2770,0.1);
#720=VECTOR('',#2773,0.000799999997116174);
#721=VECTOR('',#2774,0.000799999997116174);
#722=VECTOR('',#2775,0.1);
#723=VECTOR('',#2778,0.00809999999641604);
#724=VECTOR('',#2779,0.00809999999641604);
#725=VECTOR('',#2780,0.1);
#726=VECTOR('',#2787,0.1);
#727=VECTOR('',#2790,0.00809999999640737);
#728=VECTOR('',#2791,0.00809999999640737);
#729=VECTOR('',#2792,0.1);
#730=VECTOR('',#2795,0.00079999999999254);
#731=VECTOR('',#2796,0.00079999999999254);
#732=VECTOR('',#2797,0.1);
#733=VECTOR('',#2800,0.000800000000000187);
#734=VECTOR('',#2801,0.000800000000000187);
#735=VECTOR('',#2836,0.00225);
#736=VECTOR('',#2839,0.00225);
#737=VECTOR('',#2842,0.00225);
#738=VECTOR('',#2845,0.00225);
#739=VECTOR('',#2848,0.1);
#740=VECTOR('',#2851,0.1);
#741=CIRCLE('',#2087,0.00499999999999787);
#742=CIRCLE('',#2088,0.00499999999999787);
#743=CIRCLE('',#2090,0.00499999999999874);
#744=CIRCLE('',#2091,0.00499999999999874);
#745=CIRCLE('',#2093,0.00150000000000017);
#746=CIRCLE('',#2094,0.00150000000000017);
#747=CIRCLE('',#2096,0.005);
#748=CIRCLE('',#2097,0.005);
#749=CIRCLE('',#2099,0.00150000000000024);
#750=CIRCLE('',#2100,0.00150000000000024);
#751=CIRCLE('',#2104,0.00100000000000045);
#752=CIRCLE('',#2105,0.00100000000000045);
#753=CIRCLE('',#2108,0.000999999999999751);
#754=CIRCLE('',#2109,0.000999999999999751);
#755=CIRCLE('',#2112,0.000999999999999758);
#756=CIRCLE('',#2113,0.000999999999999758);
#757=CIRCLE('',#2116,0.00100000000000008);
#758=CIRCLE('',#2117,0.00100000000000008);
#759=CIRCLE('',#2120,0.000999999999999758);
#760=CIRCLE('',#2121,0.000999999999999758);
#761=CIRCLE('',#2124,0.001);
#762=CIRCLE('',#2125,0.001);
#763=CIRCLE('',#2132,0.00199999999999999);
#764=CIRCLE('',#2133,0.00199999999999999);
#765=CIRCLE('',#2140,0.000999999999999994);
#766=CIRCLE('',#2141,0.000999999999999994);
#767=CIRCLE('',#2144,0.00100000000000009);
#768=CIRCLE('',#2145,0.00100000000000009);
#769=CIRCLE('',#2148,0.00100000000000009);
#770=CIRCLE('',#2149,0.00100000000000009);
#771=CIRCLE('',#2152,0.00100000000000009);
#772=CIRCLE('',#2153,0.00100000000000009);
#773=CIRCLE('',#2156,0.00100000000000009);
#774=CIRCLE('',#2157,0.00100000000000009);
#775=CIRCLE('',#2160,0.001);
#776=CIRCLE('',#2161,0.001);
#777=CIRCLE('',#2168,0.00200000000000001);
#778=CIRCLE('',#2169,0.00200000000000001);
#779=CIRCLE('',#2176,0.000999999999999998);
#780=CIRCLE('',#2177,0.000999999999999998);
#781=CIRCLE('',#2180,0.00100000000000008);
#782=CIRCLE('',#2181,0.00100000000000008);
#783=CIRCLE('',#2184,0.00100000000000008);
#784=CIRCLE('',#2185,0.00100000000000008);
#785=CIRCLE('',#2188,0.00100000000000009);
#786=CIRCLE('',#2189,0.00100000000000009);
#787=CIRCLE('',#2192,0.00100000000000042);
#788=CIRCLE('',#2193,0.00100000000000042);
#789=CIRCLE('',#2196,0.001);
#790=CIRCLE('',#2197,0.001);
#791=CIRCLE('',#2204,0.002);
#792=CIRCLE('',#2205,0.002);
#793=CIRCLE('',#2212,0.00100000000000001);
#794=CIRCLE('',#2213,0.00100000000000001);
#795=CIRCLE('',#2216,0.00100000000000009);
#796=CIRCLE('',#2217,0.00100000000000009);
#797=CIRCLE('',#2220,0.0010000000000001);
#798=CIRCLE('',#2221,0.0010000000000001);
#799=CIRCLE('',#2224,0.000999999999999758);
#800=CIRCLE('',#2225,0.000999999999999758);
#801=CIRCLE('',#2228,0.00100000000000009);
#802=CIRCLE('',#2229,0.00100000000000009);
#803=CIRCLE('',#2232,0.000999999999999997);
#804=CIRCLE('',#2233,0.000999999999999997);
#805=CIRCLE('',#2240,0.002);
#806=CIRCLE('',#2241,0.002);
#807=CIRCLE('',#2246,0.00225);
#808=CIRCLE('',#2247,0.00225);
#809=CIRCLE('',#2248,0.00149999999999965);
#810=CIRCLE('',#2249,0.00499999999999732);
#811=CIRCLE('',#2250,0.00149999999999997);
#812=CIRCLE('',#2251,0.00225);
#813=CIRCLE('',#2252,0.00225);
#814=CIRCLE('',#2254,0.00225);
#815=CIRCLE('',#2255,0.00225);
#816=CIRCLE('',#2256,0.00149999999999997);
#817=CIRCLE('',#2257,0.00499999999999732);
#818=CIRCLE('',#2258,0.00149999999999965);
#819=CIRCLE('',#2259,0.00225);
#820=CIRCLE('',#2260,0.00225);
#821=VERTEX_POINT('',#2856);
#822=VERTEX_POINT('',#2857);
#823=VERTEX_POINT('',#2859);
#824=VERTEX_POINT('',#2861);
#825=VERTEX_POINT('',#2865);
#826=VERTEX_POINT('',#2866);
#827=VERTEX_POINT('',#2868);
#828=VERTEX_POINT('',#2870);
#829=VERTEX_POINT('',#2874);
#830=VERTEX_POINT('',#2876);
#831=VERTEX_POINT('',#2880);
#832=VERTEX_POINT('',#2882);
#833=VERTEX_POINT('',#2889);
#834=VERTEX_POINT('',#2890);
#835=VERTEX_POINT('',#2892);
#836=VERTEX_POINT('',#2894);
#837=VERTEX_POINT('',#2898);
#838=VERTEX_POINT('',#2900);
#839=VERTEX_POINT('',#2904);
#840=VERTEX_POINT('',#2906);
#841=VERTEX_POINT('',#2910);
#842=VERTEX_POINT('',#2912);
#843=VERTEX_POINT('',#2916);
#844=VERTEX_POINT('',#2918);
#845=VERTEX_POINT('',#2922);
#846=VERTEX_POINT('',#2924);
#847=VERTEX_POINT('',#2928);
#848=VERTEX_POINT('',#2930);
#849=VERTEX_POINT('',#2934);
#850=VERTEX_POINT('',#2936);
#851=VERTEX_POINT('',#2940);
#852=VERTEX_POINT('',#2942);
#853=VERTEX_POINT('',#2946);
#854=VERTEX_POINT('',#2948);
#855=VERTEX_POINT('',#2952);
#856=VERTEX_POINT('',#2954);
#857=VERTEX_POINT('',#2958);
#858=VERTEX_POINT('',#2960);
#859=VERTEX_POINT('',#2964);
#860=VERTEX_POINT('',#2966);
#861=VERTEX_POINT('',#2970);
#862=VERTEX_POINT('',#2972);
#863=VERTEX_POINT('',#2976);
#864=VERTEX_POINT('',#2978);
#865=VERTEX_POINT('',#2982);
#866=VERTEX_POINT('',#2984);
#867=VERTEX_POINT('',#2988);
#868=VERTEX_POINT('',#2990);
#869=VERTEX_POINT('',#2994);
#870=VERTEX_POINT('',#2996);
#871=VERTEX_POINT('',#3000);
#872=VERTEX_POINT('',#3002);
#873=VERTEX_POINT('',#3006);
#874=VERTEX_POINT('',#3008);
#875=VERTEX_POINT('',#3012);
#876=VERTEX_POINT('',#3014);
#877=VERTEX_POINT('',#3018);
#878=VERTEX_POINT('',#3020);
#879=VERTEX_POINT('',#3024);
#880=VERTEX_POINT('',#3026);
#881=VERTEX_POINT('',#3030);
#882=VERTEX_POINT('',#3032);
#883=VERTEX_POINT('',#3036);
#884=VERTEX_POINT('',#3038);
#885=VERTEX_POINT('',#3042);
#886=VERTEX_POINT('',#3044);
#887=VERTEX_POINT('',#3048);
#888=VERTEX_POINT('',#3050);
#889=VERTEX_POINT('',#3054);
#890=VERTEX_POINT('',#3056);
#891=VERTEX_POINT('',#3060);
#892=VERTEX_POINT('',#3062);
#893=VERTEX_POINT('',#3066);
#894=VERTEX_POINT('',#3068);
#895=VERTEX_POINT('',#3072);
#896=VERTEX_POINT('',#3074);
#897=VERTEX_POINT('',#3078);
#898=VERTEX_POINT('',#3080);
#899=VERTEX_POINT('',#3084);
#900=VERTEX_POINT('',#3086);
#901=VERTEX_POINT('',#3090);
#902=VERTEX_POINT('',#3092);
#903=VERTEX_POINT('',#3096);
#904=VERTEX_POINT('',#3098);
#905=VERTEX_POINT('',#3102);
#906=VERTEX_POINT('',#3104);
#907=VERTEX_POINT('',#3108);
#908=VERTEX_POINT('',#3110);
#909=VERTEX_POINT('',#3114);
#910=VERTEX_POINT('',#3116);
#911=VERTEX_POINT('',#3120);
#912=VERTEX_POINT('',#3122);
#913=VERTEX_POINT('',#3126);
#914=VERTEX_POINT('',#3128);
#915=VERTEX_POINT('',#3132);
#916=VERTEX_POINT('',#3134);
#917=VERTEX_POINT('',#3138);
#918=VERTEX_POINT('',#3140);
#919=VERTEX_POINT('',#3144);
#920=VERTEX_POINT('',#3146);
#921=VERTEX_POINT('',#3150);
#922=VERTEX_POINT('',#3152);
#923=VERTEX_POINT('',#3156);
#924=VERTEX_POINT('',#3158);
#925=VERTEX_POINT('',#3162);
#926=VERTEX_POINT('',#3164);
#927=VERTEX_POINT('',#3168);
#928=VERTEX_POINT('',#3170);
#929=VERTEX_POINT('',#3174);
#930=VERTEX_POINT('',#3176);
#931=VERTEX_POINT('',#3180);
#932=VERTEX_POINT('',#3182);
#933=VERTEX_POINT('',#3186);
#934=VERTEX_POINT('',#3188);
#935=VERTEX_POINT('',#3192);
#936=VERTEX_POINT('',#3194);
#937=VERTEX_POINT('',#3198);
#938=VERTEX_POINT('',#3200);
#939=VERTEX_POINT('',#3204);
#940=VERTEX_POINT('',#3206);
#941=VERTEX_POINT('',#3210);
#942=VERTEX_POINT('',#3212);
#943=VERTEX_POINT('',#3216);
#944=VERTEX_POINT('',#3218);
#945=VERTEX_POINT('',#3222);
#946=VERTEX_POINT('',#3224);
#947=VERTEX_POINT('',#3228);
#948=VERTEX_POINT('',#3230);
#949=VERTEX_POINT('',#3234);
#950=VERTEX_POINT('',#3236);
#951=VERTEX_POINT('',#3240);
#952=VERTEX_POINT('',#3242);
#953=VERTEX_POINT('',#3246);
#954=VERTEX_POINT('',#3248);
#955=VERTEX_POINT('',#3252);
#956=VERTEX_POINT('',#3254);
#957=VERTEX_POINT('',#3258);
#958=VERTEX_POINT('',#3260);
#959=VERTEX_POINT('',#3264);
#960=VERTEX_POINT('',#3266);
#961=VERTEX_POINT('',#3270);
#962=VERTEX_POINT('',#3272);
#963=VERTEX_POINT('',#3276);
#964=VERTEX_POINT('',#3278);
#965=VERTEX_POINT('',#3282);
#966=VERTEX_POINT('',#3284);
#967=VERTEX_POINT('',#3288);
#968=VERTEX_POINT('',#3290);
#969=VERTEX_POINT('',#3294);
#970=VERTEX_POINT('',#3296);
#971=VERTEX_POINT('',#3300);
#972=VERTEX_POINT('',#3302);
#973=VERTEX_POINT('',#3306);
#974=VERTEX_POINT('',#3308);
#975=VERTEX_POINT('',#3312);
#976=VERTEX_POINT('',#3314);
#977=VERTEX_POINT('',#3318);
#978=VERTEX_POINT('',#3320);
#979=VERTEX_POINT('',#3324);
#980=VERTEX_POINT('',#3326);
#981=VERTEX_POINT('',#3330);
#982=VERTEX_POINT('',#3332);
#983=VERTEX_POINT('',#3336);
#984=VERTEX_POINT('',#3338);
#985=VERTEX_POINT('',#3342);
#986=VERTEX_POINT('',#3344);
#987=VERTEX_POINT('',#3348);
#988=VERTEX_POINT('',#3350);
#989=VERTEX_POINT('',#3354);
#990=VERTEX_POINT('',#3356);
#991=VERTEX_POINT('',#3360);
#992=VERTEX_POINT('',#3362);
#993=VERTEX_POINT('',#3366);
#994=VERTEX_POINT('',#3368);
#995=VERTEX_POINT('',#3372);
#996=VERTEX_POINT('',#3374);
#997=VERTEX_POINT('',#3378);
#998=VERTEX_POINT('',#3380);
#999=VERTEX_POINT('',#3384);
#1000=VERTEX_POINT('',#3386);
#1001=VERTEX_POINT('',#3390);
#1002=VERTEX_POINT('',#3392);
#1003=VERTEX_POINT('',#3396);
#1004=VERTEX_POINT('',#3398);
#1005=VERTEX_POINT('',#3402);
#1006=VERTEX_POINT('',#3404);
#1007=VERTEX_POINT('',#3408);
#1008=VERTEX_POINT('',#3410);
#1009=VERTEX_POINT('',#3417);
#1010=VERTEX_POINT('',#3419);
#1011=VERTEX_POINT('',#3421);
#1012=VERTEX_POINT('',#3423);
#1013=VERTEX_POINT('',#3426);
#1014=VERTEX_POINT('',#3428);
#1015=VERTEX_POINT('',#3431);
#1016=VERTEX_POINT('',#3433);
#1017=VERTEX_POINT('',#3435);
#1018=VERTEX_POINT('',#3437);
#1019=VERTEX_POINT('',#3440);
#1020=VERTEX_POINT('',#3442);
#1021=EDGE_CURVE('',#821,#822,#741,.T.);
#1022=EDGE_CURVE('',#823,#821,#301,.T.);
#1023=EDGE_CURVE('',#823,#824,#742,.T.);
#1024=EDGE_CURVE('',#824,#822,#302,.T.);
#1025=EDGE_CURVE('',#825,#826,#743,.T.);
#1026=EDGE_CURVE('',#827,#825,#303,.T.);
#1027=EDGE_CURVE('',#827,#828,#744,.T.);
#1028=EDGE_CURVE('',#828,#826,#304,.T.);
#1029=EDGE_CURVE('',#829,#825,#745,.T.);
#1030=EDGE_CURVE('',#830,#829,#305,.T.);
#1031=EDGE_CURVE('',#830,#827,#746,.T.);
#1032=EDGE_CURVE('',#831,#829,#747,.T.);
#1033=EDGE_CURVE('',#832,#831,#306,.T.);
#1034=EDGE_CURVE('',#832,#830,#748,.T.);
#1035=EDGE_CURVE('',#822,#831,#749,.T.);
#1036=EDGE_CURVE('',#824,#832,#750,.T.);
#1037=EDGE_CURVE('',#833,#834,#307,.T.);
#1038=EDGE_CURVE('',#835,#834,#308,.T.);
#1039=EDGE_CURVE('',#836,#835,#309,.T.);
#1040=EDGE_CURVE('',#836,#833,#310,.T.);
#1041=EDGE_CURVE('',#837,#833,#311,.T.);
#1042=EDGE_CURVE('',#838,#836,#312,.T.);
#1043=EDGE_CURVE('',#838,#837,#313,.T.);
#1044=EDGE_CURVE('',#839,#837,#751,.T.);
#1045=EDGE_CURVE('',#840,#838,#752,.T.);
#1046=EDGE_CURVE('',#840,#839,#314,.T.);
#1047=EDGE_CURVE('',#841,#839,#315,.T.);
#1048=EDGE_CURVE('',#842,#840,#316,.T.);
#1049=EDGE_CURVE('',#842,#841,#317,.T.);
#1050=EDGE_CURVE('',#843,#841,#753,.T.);
#1051=EDGE_CURVE('',#844,#842,#754,.T.);
#1052=EDGE_CURVE('',#844,#843,#318,.T.);
#1053=EDGE_CURVE('',#845,#843,#319,.T.);
#1054=EDGE_CURVE('',#846,#844,#320,.T.);
#1055=EDGE_CURVE('',#846,#845,#321,.T.);
#1056=EDGE_CURVE('',#847,#845,#755,.T.);
#1057=EDGE_CURVE('',#848,#846,#756,.T.);
#1058=EDGE_CURVE('',#848,#847,#322,.T.);
#1059=EDGE_CURVE('',#849,#847,#323,.T.);
#1060=EDGE_CURVE('',#850,#848,#324,.T.);
#1061=EDGE_CURVE('',#850,#849,#325,.T.);
#1062=EDGE_CURVE('',#851,#849,#757,.T.);
#1063=EDGE_CURVE('',#852,#850,#758,.T.);
#1064=EDGE_CURVE('',#852,#851,#326,.T.);
#1065=EDGE_CURVE('',#853,#851,#327,.T.);
#1066=EDGE_CURVE('',#854,#852,#328,.T.);
#1067=EDGE_CURVE('',#854,#853,#329,.T.);
#1068=EDGE_CURVE('',#855,#853,#759,.T.);
#1069=EDGE_CURVE('',#856,#854,#760,.T.);
#1070=EDGE_CURVE('',#856,#855,#330,.T.);
#1071=EDGE_CURVE('',#857,#855,#331,.T.);
#1072=EDGE_CURVE('',#858,#856,#332,.T.);
#1073=EDGE_CURVE('',#858,#857,#333,.T.);
#1074=EDGE_CURVE('',#859,#857,#761,.T.);
#1075=EDGE_CURVE('',#860,#858,#762,.T.);
#1076=EDGE_CURVE('',#860,#859,#334,.T.);
#1077=EDGE_CURVE('',#861,#859,#335,.T.);
#1078=EDGE_CURVE('',#862,#860,#336,.T.);
#1079=EDGE_CURVE('',#862,#861,#337,.T.);
#1080=EDGE_CURVE('',#863,#861,#338,.T.);
#1081=EDGE_CURVE('',#864,#862,#339,.T.);
#1082=EDGE_CURVE('',#864,#863,#340,.T.);
#1083=EDGE_CURVE('',#865,#863,#341,.T.);
#1084=EDGE_CURVE('',#866,#864,#342,.T.);
#1085=EDGE_CURVE('',#866,#865,#343,.T.);
#1086=EDGE_CURVE('',#867,#865,#344,.T.);
#1087=EDGE_CURVE('',#868,#866,#345,.T.);
#1088=EDGE_CURVE('',#868,#867,#346,.T.);
#1089=EDGE_CURVE('',#869,#867,#347,.T.);
#1090=EDGE_CURVE('',#870,#868,#348,.T.);
#1091=EDGE_CURVE('',#870,#869,#349,.T.);
#1092=EDGE_CURVE('',#871,#869,#763,.T.);
#1093=EDGE_CURVE('',#872,#870,#764,.T.);
#1094=EDGE_CURVE('',#872,#871,#350,.T.);
#1095=EDGE_CURVE('',#873,#871,#351,.T.);
#1096=EDGE_CURVE('',#874,#872,#352,.T.);
#1097=EDGE_CURVE('',#874,#873,#353,.T.);
#1098=EDGE_CURVE('',#875,#873,#354,.T.);
#1099=EDGE_CURVE('',#876,#874,#355,.T.);
#1100=EDGE_CURVE('',#876,#875,#356,.T.);
#1101=EDGE_CURVE('',#877,#875,#357,.T.);
#1102=EDGE_CURVE('',#878,#876,#358,.T.);
#1103=EDGE_CURVE('',#878,#877,#359,.T.);
#1104=EDGE_CURVE('',#879,#877,#360,.T.);
#1105=EDGE_CURVE('',#880,#878,#361,.T.);
#1106=EDGE_CURVE('',#880,#879,#362,.T.);
#1107=EDGE_CURVE('',#881,#879,#363,.T.);
#1108=EDGE_CURVE('',#882,#880,#364,.T.);
#1109=EDGE_CURVE('',#882,#881,#365,.T.);
#1110=EDGE_CURVE('',#883,#881,#765,.T.);
#1111=EDGE_CURVE('',#884,#882,#766,.T.);
#1112=EDGE_CURVE('',#884,#883,#366,.T.);
#1113=EDGE_CURVE('',#885,#883,#367,.T.);
#1114=EDGE_CURVE('',#886,#884,#368,.T.);
#1115=EDGE_CURVE('',#886,#885,#369,.T.);
#1116=EDGE_CURVE('',#887,#885,#767,.T.);
#1117=EDGE_CURVE('',#888,#886,#768,.T.);
#1118=EDGE_CURVE('',#888,#887,#370,.T.);
#1119=EDGE_CURVE('',#889,#887,#371,.T.);
#1120=EDGE_CURVE('',#890,#888,#372,.T.);
#1121=EDGE_CURVE('',#890,#889,#373,.T.);
#1122=EDGE_CURVE('',#891,#889,#769,.T.);
#1123=EDGE_CURVE('',#892,#890,#770,.T.);
#1124=EDGE_CURVE('',#892,#891,#374,.T.);
#1125=EDGE_CURVE('',#893,#891,#375,.T.);
#1126=EDGE_CURVE('',#894,#892,#376,.T.);
#1127=EDGE_CURVE('',#894,#893,#377,.T.);
#1128=EDGE_CURVE('',#895,#893,#771,.T.);
#1129=EDGE_CURVE('',#896,#894,#772,.T.);
#1130=EDGE_CURVE('',#896,#895,#378,.T.);
#1131=EDGE_CURVE('',#897,#895,#379,.T.);
#1132=EDGE_CURVE('',#898,#896,#380,.T.);
#1133=EDGE_CURVE('',#898,#897,#381,.T.);
#1134=EDGE_CURVE('',#899,#897,#773,.T.);
#1135=EDGE_CURVE('',#900,#898,#774,.T.);
#1136=EDGE_CURVE('',#900,#899,#382,.T.);
#1137=EDGE_CURVE('',#901,#899,#383,.T.);
#1138=EDGE_CURVE('',#902,#900,#384,.T.);
#1139=EDGE_CURVE('',#902,#901,#385,.T.);
#1140=EDGE_CURVE('',#903,#901,#775,.T.);
#1141=EDGE_CURVE('',#904,#902,#776,.T.);
#1142=EDGE_CURVE('',#904,#903,#386,.T.);
#1143=EDGE_CURVE('',#905,#903,#387,.T.);
#1144=EDGE_CURVE('',#906,#904,#388,.T.);
#1145=EDGE_CURVE('',#906,#905,#389,.T.);
#1146=EDGE_CURVE('',#907,#905,#390,.T.);
#1147=EDGE_CURVE('',#908,#906,#391,.T.);
#1148=EDGE_CURVE('',#908,#907,#392,.T.);
#1149=EDGE_CURVE('',#909,#907,#393,.T.);
#1150=EDGE_CURVE('',#910,#908,#394,.T.);
#1151=EDGE_CURVE('',#910,#909,#395,.T.);
#1152=EDGE_CURVE('',#911,#909,#396,.T.);
#1153=EDGE_CURVE('',#912,#910,#397,.T.);
#1154=EDGE_CURVE('',#912,#911,#398,.T.);
#1155=EDGE_CURVE('',#913,#911,#399,.T.);
#1156=EDGE_CURVE('',#914,#912,#400,.T.);
#1157=EDGE_CURVE('',#914,#913,#401,.T.);
#1158=EDGE_CURVE('',#915,#913,#777,.T.);
#1159=EDGE_CURVE('',#916,#914,#778,.T.);
#1160=EDGE_CURVE('',#916,#915,#402,.T.);
#1161=EDGE_CURVE('',#917,#915,#403,.T.);
#1162=EDGE_CURVE('',#918,#916,#404,.T.);
#1163=EDGE_CURVE('',#918,#917,#405,.T.);
#1164=EDGE_CURVE('',#919,#917,#406,.T.);
#1165=EDGE_CURVE('',#920,#918,#407,.T.);
#1166=EDGE_CURVE('',#920,#919,#408,.T.);
#1167=EDGE_CURVE('',#921,#919,#409,.T.);
#1168=EDGE_CURVE('',#922,#920,#410,.T.);
#1169=EDGE_CURVE('',#922,#921,#411,.T.);
#1170=EDGE_CURVE('',#923,#921,#412,.T.);
#1171=EDGE_CURVE('',#924,#922,#413,.T.);
#1172=EDGE_CURVE('',#924,#923,#414,.T.);
#1173=EDGE_CURVE('',#925,#923,#415,.T.);
#1174=EDGE_CURVE('',#926,#924,#416,.T.);
#1175=EDGE_CURVE('',#926,#925,#417,.T.);
#1176=EDGE_CURVE('',#927,#925,#779,.T.);
#1177=EDGE_CURVE('',#928,#926,#780,.T.);
#1178=EDGE_CURVE('',#928,#927,#418,.T.);
#1179=EDGE_CURVE('',#929,#927,#419,.T.);
#1180=EDGE_CURVE('',#930,#928,#420,.T.);
#1181=EDGE_CURVE('',#930,#929,#421,.T.);
#1182=EDGE_CURVE('',#931,#929,#781,.T.);
#1183=EDGE_CURVE('',#932,#930,#782,.T.);
#1184=EDGE_CURVE('',#932,#931,#422,.T.);
#1185=EDGE_CURVE('',#933,#931,#423,.T.);
#1186=EDGE_CURVE('',#934,#932,#424,.T.);
#1187=EDGE_CURVE('',#934,#933,#425,.T.);
#1188=EDGE_CURVE('',#935,#933,#783,.T.);
#1189=EDGE_CURVE('',#936,#934,#784,.T.);
#1190=EDGE_CURVE('',#936,#935,#426,.T.);
#1191=EDGE_CURVE('',#937,#935,#427,.T.);
#1192=EDGE_CURVE('',#938,#936,#428,.T.);
#1193=EDGE_CURVE('',#938,#937,#429,.T.);
#1194=EDGE_CURVE('',#939,#937,#785,.T.);
#1195=EDGE_CURVE('',#940,#938,#786,.T.);
#1196=EDGE_CURVE('',#940,#939,#430,.T.);
#1197=EDGE_CURVE('',#941,#939,#431,.T.);
#1198=EDGE_CURVE('',#942,#940,#432,.T.);
#1199=EDGE_CURVE('',#942,#941,#433,.T.);
#1200=EDGE_CURVE('',#943,#941,#787,.T.);
#1201=EDGE_CURVE('',#944,#942,#788,.T.);
#1202=EDGE_CURVE('',#944,#943,#434,.T.);
#1203=EDGE_CURVE('',#945,#943,#435,.T.);
#1204=EDGE_CURVE('',#946,#944,#436,.T.);
#1205=EDGE_CURVE('',#946,#945,#437,.T.);
#1206=EDGE_CURVE('',#947,#945,#789,.T.);
#1207=EDGE_CURVE('',#948,#946,#790,.T.);
#1208=EDGE_CURVE('',#948,#947,#438,.T.);
#1209=EDGE_CURVE('',#949,#947,#439,.T.);
#1210=EDGE_CURVE('',#950,#948,#440,.T.);
#1211=EDGE_CURVE('',#950,#949,#441,.T.);
#1212=EDGE_CURVE('',#951,#949,#442,.T.);
#1213=EDGE_CURVE('',#952,#950,#443,.T.);
#1214=EDGE_CURVE('',#952,#951,#444,.T.);
#1215=EDGE_CURVE('',#953,#951,#445,.T.);
#1216=EDGE_CURVE('',#954,#952,#446,.T.);
#1217=EDGE_CURVE('',#954,#953,#447,.T.);
#1218=EDGE_CURVE('',#955,#953,#448,.T.);
#1219=EDGE_CURVE('',#956,#954,#449,.T.);
#1220=EDGE_CURVE('',#956,#955,#450,.T.);
#1221=EDGE_CURVE('',#957,#955,#451,.T.);
#1222=EDGE_CURVE('',#958,#956,#452,.T.);
#1223=EDGE_CURVE('',#958,#957,#453,.T.);
#1224=EDGE_CURVE('',#959,#957,#791,.T.);
#1225=EDGE_CURVE('',#960,#958,#792,.T.);
#1226=EDGE_CURVE('',#960,#959,#454,.T.);
#1227=EDGE_CURVE('',#961,#959,#455,.T.);
#1228=EDGE_CURVE('',#962,#960,#456,.T.);
#1229=EDGE_CURVE('',#962,#961,#457,.T.);
#1230=EDGE_CURVE('',#963,#961,#458,.T.);
#1231=EDGE_CURVE('',#964,#962,#459,.T.);
#1232=EDGE_CURVE('',#964,#963,#460,.T.);
#1233=EDGE_CURVE('',#965,#963,#461,.T.);
#1234=EDGE_CURVE('',#966,#964,#462,.T.);
#1235=EDGE_CURVE('',#966,#965,#463,.T.);
#1236=EDGE_CURVE('',#967,#965,#464,.T.);
#1237=EDGE_CURVE('',#968,#966,#465,.T.);
#1238=EDGE_CURVE('',#968,#967,#466,.T.);
#1239=EDGE_CURVE('',#969,#967,#467,.T.);
#1240=EDGE_CURVE('',#970,#968,#468,.T.);
#1241=EDGE_CURVE('',#970,#969,#469,.T.);
#1242=EDGE_CURVE('',#971,#969,#793,.T.);
#1243=EDGE_CURVE('',#972,#970,#794,.T.);
#1244=EDGE_CURVE('',#972,#971,#470,.T.);
#1245=EDGE_CURVE('',#973,#971,#471,.T.);
#1246=EDGE_CURVE('',#974,#972,#472,.T.);
#1247=EDGE_CURVE('',#974,#973,#473,.T.);
#1248=EDGE_CURVE('',#975,#973,#795,.T.);
#1249=EDGE_CURVE('',#976,#974,#796,.T.);
#1250=EDGE_CURVE('',#976,#975,#474,.T.);
#1251=EDGE_CURVE('',#977,#975,#475,.T.);
#1252=EDGE_CURVE('',#978,#976,#476,.T.);
#1253=EDGE_CURVE('',#978,#977,#477,.T.);
#1254=EDGE_CURVE('',#979,#977,#797,.T.);
#1255=EDGE_CURVE('',#980,#978,#798,.T.);
#1256=EDGE_CURVE('',#980,#979,#478,.T.);
#1257=EDGE_CURVE('',#981,#979,#479,.T.);
#1258=EDGE_CURVE('',#982,#980,#480,.T.);
#1259=EDGE_CURVE('',#982,#981,#481,.T.);
#1260=EDGE_CURVE('',#983,#981,#799,.T.);
#1261=EDGE_CURVE('',#984,#982,#800,.T.);
#1262=EDGE_CURVE('',#984,#983,#482,.T.);
#1263=EDGE_CURVE('',#985,#983,#483,.T.);
#1264=EDGE_CURVE('',#986,#984,#484,.T.);
#1265=EDGE_CURVE('',#986,#985,#485,.T.);
#1266=EDGE_CURVE('',#987,#985,#801,.T.);
#1267=EDGE_CURVE('',#988,#986,#802,.T.);
#1268=EDGE_CURVE('',#988,#987,#486,.T.);
#1269=EDGE_CURVE('',#989,#987,#487,.T.);
#1270=EDGE_CURVE('',#990,#988,#488,.T.);
#1271=EDGE_CURVE('',#990,#989,#489,.T.);
#1272=EDGE_CURVE('',#991,#989,#803,.T.);
#1273=EDGE_CURVE('',#992,#990,#804,.T.);
#1274=EDGE_CURVE('',#992,#991,#490,.T.);
#1275=EDGE_CURVE('',#993,#991,#491,.T.);
#1276=EDGE_CURVE('',#994,#992,#492,.T.);
#1277=EDGE_CURVE('',#994,#993,#493,.T.);
#1278=EDGE_CURVE('',#995,#993,#494,.T.);
#1279=EDGE_CURVE('',#996,#994,#495,.T.);
#1280=EDGE_CURVE('',#996,#995,#496,.T.);
#1281=EDGE_CURVE('',#997,#995,#497,.T.);
#1282=EDGE_CURVE('',#998,#996,#498,.T.);
#1283=EDGE_CURVE('',#998,#997,#499,.T.);
#1284=EDGE_CURVE('',#999,#997,#500,.T.);
#1285=EDGE_CURVE('',#1000,#998,#501,.T.);
#1286=EDGE_CURVE('',#1000,#999,#502,.T.);
#1287=EDGE_CURVE('',#1001,#999,#503,.T.);
#1288=EDGE_CURVE('',#1002,#1000,#504,.T.);
#1289=EDGE_CURVE('',#1002,#1001,#505,.T.);
#1290=EDGE_CURVE('',#1003,#1001,#805,.T.);
#1291=EDGE_CURVE('',#1004,#1002,#806,.T.);
#1292=EDGE_CURVE('',#1004,#1003,#506,.T.);
#1293=EDGE_CURVE('',#1005,#1003,#507,.T.);
#1294=EDGE_CURVE('',#1006,#1004,#508,.T.);
#1295=EDGE_CURVE('',#1006,#1005,#509,.T.);
#1296=EDGE_CURVE('',#1007,#1005,#510,.T.);
#1297=EDGE_CURVE('',#1008,#1006,#511,.T.);
#1298=EDGE_CURVE('',#1008,#1007,#512,.T.);
#1299=EDGE_CURVE('',#834,#1007,#513,.T.);
#1300=EDGE_CURVE('',#835,#1008,#514,.T.);
#1301=EDGE_CURVE('',#1009,#1009,#807,.T.);
#1302=EDGE_CURVE('',#1010,#1010,#808,.T.);
#1303=EDGE_CURVE('',#826,#1011,#809,.T.);
#1304=EDGE_CURVE('',#1011,#1012,#810,.T.);
#1305=EDGE_CURVE('',#1012,#821,#811,.T.);
#1306=EDGE_CURVE('',#1013,#1013,#812,.T.);
#1307=EDGE_CURVE('',#1014,#1014,#813,.T.);
#1308=EDGE_CURVE('',#1015,#1015,#814,.T.);
#1309=EDGE_CURVE('',#1016,#1016,#815,.T.);
#1310=EDGE_CURVE('',#1017,#823,#816,.T.);
#1311=EDGE_CURVE('',#1018,#1017,#817,.T.);
#1312=EDGE_CURVE('',#828,#1018,#818,.T.);
#1313=EDGE_CURVE('',#1019,#1019,#819,.T.);
#1314=EDGE_CURVE('',#1020,#1020,#820,.T.);
#1315=EDGE_CURVE('',#1020,#1014,#515,.T.);
#1316=EDGE_CURVE('',#1015,#1009,#516,.T.);
#1317=EDGE_CURVE('',#1019,#1013,#517,.T.);
#1318=EDGE_CURVE('',#1016,#1010,#518,.T.);
#1319=EDGE_CURVE('',#1018,#1011,#519,.T.);
#1320=EDGE_CURVE('',#1017,#1012,#520,.T.);
#1321=ORIENTED_EDGE('',*,*,#1021,.F.);
#1322=ORIENTED_EDGE('',*,*,#1022,.F.);
#1323=ORIENTED_EDGE('',*,*,#1023,.T.);
#1324=ORIENTED_EDGE('',*,*,#1024,.T.);
#1325=ORIENTED_EDGE('',*,*,#1025,.F.);
#1326=ORIENTED_EDGE('',*,*,#1026,.F.);
#1327=ORIENTED_EDGE('',*,*,#1027,.T.);
#1328=ORIENTED_EDGE('',*,*,#1028,.T.);
#1329=ORIENTED_EDGE('',*,*,#1029,.F.);
#1330=ORIENTED_EDGE('',*,*,#1030,.F.);
#1331=ORIENTED_EDGE('',*,*,#1031,.T.);
#1332=ORIENTED_EDGE('',*,*,#1026,.T.);
#1333=ORIENTED_EDGE('',*,*,#1032,.F.);
#1334=ORIENTED_EDGE('',*,*,#1033,.F.);
#1335=ORIENTED_EDGE('',*,*,#1034,.T.);
#1336=ORIENTED_EDGE('',*,*,#1030,.T.);
#1337=ORIENTED_EDGE('',*,*,#1035,.F.);
#1338=ORIENTED_EDGE('',*,*,#1024,.F.);
#1339=ORIENTED_EDGE('',*,*,#1036,.T.);
#1340=ORIENTED_EDGE('',*,*,#1033,.T.);
#1341=ORIENTED_EDGE('',*,*,#1037,.T.);
#1342=ORIENTED_EDGE('',*,*,#1038,.F.);
#1343=ORIENTED_EDGE('',*,*,#1039,.F.);
#1344=ORIENTED_EDGE('',*,*,#1040,.T.);
#1345=ORIENTED_EDGE('',*,*,#1041,.T.);
#1346=ORIENTED_EDGE('',*,*,#1040,.F.);
#1347=ORIENTED_EDGE('',*,*,#1042,.F.);
#1348=ORIENTED_EDGE('',*,*,#1043,.T.);
#1349=ORIENTED_EDGE('',*,*,#1044,.T.);
#1350=ORIENTED_EDGE('',*,*,#1043,.F.);
#1351=ORIENTED_EDGE('',*,*,#1045,.F.);
#1352=ORIENTED_EDGE('',*,*,#1046,.T.);
#1353=ORIENTED_EDGE('',*,*,#1047,.T.);
#1354=ORIENTED_EDGE('',*,*,#1046,.F.);
#1355=ORIENTED_EDGE('',*,*,#1048,.F.);
#1356=ORIENTED_EDGE('',*,*,#1049,.T.);
#1357=ORIENTED_EDGE('',*,*,#1050,.T.);
#1358=ORIENTED_EDGE('',*,*,#1049,.F.);
#1359=ORIENTED_EDGE('',*,*,#1051,.F.);
#1360=ORIENTED_EDGE('',*,*,#1052,.T.);
#1361=ORIENTED_EDGE('',*,*,#1053,.T.);
#1362=ORIENTED_EDGE('',*,*,#1052,.F.);
#1363=ORIENTED_EDGE('',*,*,#1054,.F.);
#1364=ORIENTED_EDGE('',*,*,#1055,.T.);
#1365=ORIENTED_EDGE('',*,*,#1056,.T.);
#1366=ORIENTED_EDGE('',*,*,#1055,.F.);
#1367=ORIENTED_EDGE('',*,*,#1057,.F.);
#1368=ORIENTED_EDGE('',*,*,#1058,.T.);
#1369=ORIENTED_EDGE('',*,*,#1059,.T.);
#1370=ORIENTED_EDGE('',*,*,#1058,.F.);
#1371=ORIENTED_EDGE('',*,*,#1060,.F.);
#1372=ORIENTED_EDGE('',*,*,#1061,.T.);
#1373=ORIENTED_EDGE('',*,*,#1062,.T.);
#1374=ORIENTED_EDGE('',*,*,#1061,.F.);
#1375=ORIENTED_EDGE('',*,*,#1063,.F.);
#1376=ORIENTED_EDGE('',*,*,#1064,.T.);
#1377=ORIENTED_EDGE('',*,*,#1065,.T.);
#1378=ORIENTED_EDGE('',*,*,#1064,.F.);
#1379=ORIENTED_EDGE('',*,*,#1066,.F.);
#1380=ORIENTED_EDGE('',*,*,#1067,.T.);
#1381=ORIENTED_EDGE('',*,*,#1068,.T.);
#1382=ORIENTED_EDGE('',*,*,#1067,.F.);
#1383=ORIENTED_EDGE('',*,*,#1069,.F.);
#1384=ORIENTED_EDGE('',*,*,#1070,.T.);
#1385=ORIENTED_EDGE('',*,*,#1071,.T.);
#1386=ORIENTED_EDGE('',*,*,#1070,.F.);
#1387=ORIENTED_EDGE('',*,*,#1072,.F.);
#1388=ORIENTED_EDGE('',*,*,#1073,.T.);
#1389=ORIENTED_EDGE('',*,*,#1074,.T.);
#1390=ORIENTED_EDGE('',*,*,#1073,.F.);
#1391=ORIENTED_EDGE('',*,*,#1075,.F.);
#1392=ORIENTED_EDGE('',*,*,#1076,.T.);
#1393=ORIENTED_EDGE('',*,*,#1077,.T.);
#1394=ORIENTED_EDGE('',*,*,#1076,.F.);
#1395=ORIENTED_EDGE('',*,*,#1078,.F.);
#1396=ORIENTED_EDGE('',*,*,#1079,.T.);
#1397=ORIENTED_EDGE('',*,*,#1080,.T.);
#1398=ORIENTED_EDGE('',*,*,#1079,.F.);
#1399=ORIENTED_EDGE('',*,*,#1081,.F.);
#1400=ORIENTED_EDGE('',*,*,#1082,.T.);
#1401=ORIENTED_EDGE('',*,*,#1083,.T.);
#1402=ORIENTED_EDGE('',*,*,#1082,.F.);
#1403=ORIENTED_EDGE('',*,*,#1084,.F.);
#1404=ORIENTED_EDGE('',*,*,#1085,.T.);
#1405=ORIENTED_EDGE('',*,*,#1086,.T.);
#1406=ORIENTED_EDGE('',*,*,#1085,.F.);
#1407=ORIENTED_EDGE('',*,*,#1087,.F.);
#1408=ORIENTED_EDGE('',*,*,#1088,.T.);
#1409=ORIENTED_EDGE('',*,*,#1089,.T.);
#1410=ORIENTED_EDGE('',*,*,#1088,.F.);
#1411=ORIENTED_EDGE('',*,*,#1090,.F.);
#1412=ORIENTED_EDGE('',*,*,#1091,.T.);
#1413=ORIENTED_EDGE('',*,*,#1092,.T.);
#1414=ORIENTED_EDGE('',*,*,#1091,.F.);
#1415=ORIENTED_EDGE('',*,*,#1093,.F.);
#1416=ORIENTED_EDGE('',*,*,#1094,.T.);
#1417=ORIENTED_EDGE('',*,*,#1095,.T.);
#1418=ORIENTED_EDGE('',*,*,#1094,.F.);
#1419=ORIENTED_EDGE('',*,*,#1096,.F.);
#1420=ORIENTED_EDGE('',*,*,#1097,.T.);
#1421=ORIENTED_EDGE('',*,*,#1098,.T.);
#1422=ORIENTED_EDGE('',*,*,#1097,.F.);
#1423=ORIENTED_EDGE('',*,*,#1099,.F.);
#1424=ORIENTED_EDGE('',*,*,#1100,.T.);
#1425=ORIENTED_EDGE('',*,*,#1101,.T.);
#1426=ORIENTED_EDGE('',*,*,#1100,.F.);
#1427=ORIENTED_EDGE('',*,*,#1102,.F.);
#1428=ORIENTED_EDGE('',*,*,#1103,.T.);
#1429=ORIENTED_EDGE('',*,*,#1104,.T.);
#1430=ORIENTED_EDGE('',*,*,#1103,.F.);
#1431=ORIENTED_EDGE('',*,*,#1105,.F.);
#1432=ORIENTED_EDGE('',*,*,#1106,.T.);
#1433=ORIENTED_EDGE('',*,*,#1107,.T.);
#1434=ORIENTED_EDGE('',*,*,#1106,.F.);
#1435=ORIENTED_EDGE('',*,*,#1108,.F.);
#1436=ORIENTED_EDGE('',*,*,#1109,.T.);
#1437=ORIENTED_EDGE('',*,*,#1110,.T.);
#1438=ORIENTED_EDGE('',*,*,#1109,.F.);
#1439=ORIENTED_EDGE('',*,*,#1111,.F.);
#1440=ORIENTED_EDGE('',*,*,#1112,.T.);
#1441=ORIENTED_EDGE('',*,*,#1113,.T.);
#1442=ORIENTED_EDGE('',*,*,#1112,.F.);
#1443=ORIENTED_EDGE('',*,*,#1114,.F.);
#1444=ORIENTED_EDGE('',*,*,#1115,.T.);
#1445=ORIENTED_EDGE('',*,*,#1116,.T.);
#1446=ORIENTED_EDGE('',*,*,#1115,.F.);
#1447=ORIENTED_EDGE('',*,*,#1117,.F.);
#1448=ORIENTED_EDGE('',*,*,#1118,.T.);
#1449=ORIENTED_EDGE('',*,*,#1119,.T.);
#1450=ORIENTED_EDGE('',*,*,#1118,.F.);
#1451=ORIENTED_EDGE('',*,*,#1120,.F.);
#1452=ORIENTED_EDGE('',*,*,#1121,.T.);
#1453=ORIENTED_EDGE('',*,*,#1122,.T.);
#1454=ORIENTED_EDGE('',*,*,#1121,.F.);
#1455=ORIENTED_EDGE('',*,*,#1123,.F.);
#1456=ORIENTED_EDGE('',*,*,#1124,.T.);
#1457=ORIENTED_EDGE('',*,*,#1125,.T.);
#1458=ORIENTED_EDGE('',*,*,#1124,.F.);
#1459=ORIENTED_EDGE('',*,*,#1126,.F.);
#1460=ORIENTED_EDGE('',*,*,#1127,.T.);
#1461=ORIENTED_EDGE('',*,*,#1128,.T.);
#1462=ORIENTED_EDGE('',*,*,#1127,.F.);
#1463=ORIENTED_EDGE('',*,*,#1129,.F.);
#1464=ORIENTED_EDGE('',*,*,#1130,.T.);
#1465=ORIENTED_EDGE('',*,*,#1131,.T.);
#1466=ORIENTED_EDGE('',*,*,#1130,.F.);
#1467=ORIENTED_EDGE('',*,*,#1132,.F.);
#1468=ORIENTED_EDGE('',*,*,#1133,.T.);
#1469=ORIENTED_EDGE('',*,*,#1134,.T.);
#1470=ORIENTED_EDGE('',*,*,#1133,.F.);
#1471=ORIENTED_EDGE('',*,*,#1135,.F.);
#1472=ORIENTED_EDGE('',*,*,#1136,.T.);
#1473=ORIENTED_EDGE('',*,*,#1137,.T.);
#1474=ORIENTED_EDGE('',*,*,#1136,.F.);
#1475=ORIENTED_EDGE('',*,*,#1138,.F.);
#1476=ORIENTED_EDGE('',*,*,#1139,.T.);
#1477=ORIENTED_EDGE('',*,*,#1140,.T.);
#1478=ORIENTED_EDGE('',*,*,#1139,.F.);
#1479=ORIENTED_EDGE('',*,*,#1141,.F.);
#1480=ORIENTED_EDGE('',*,*,#1142,.T.);
#1481=ORIENTED_EDGE('',*,*,#1143,.T.);
#1482=ORIENTED_EDGE('',*,*,#1142,.F.);
#1483=ORIENTED_EDGE('',*,*,#1144,.F.);
#1484=ORIENTED_EDGE('',*,*,#1145,.T.);
#1485=ORIENTED_EDGE('',*,*,#1146,.T.);
#1486=ORIENTED_EDGE('',*,*,#1145,.F.);
#1487=ORIENTED_EDGE('',*,*,#1147,.F.);
#1488=ORIENTED_EDGE('',*,*,#1148,.T.);
#1489=ORIENTED_EDGE('',*,*,#1149,.T.);
#1490=ORIENTED_EDGE('',*,*,#1148,.F.);
#1491=ORIENTED_EDGE('',*,*,#1150,.F.);
#1492=ORIENTED_EDGE('',*,*,#1151,.T.);
#1493=ORIENTED_EDGE('',*,*,#1152,.T.);
#1494=ORIENTED_EDGE('',*,*,#1151,.F.);
#1495=ORIENTED_EDGE('',*,*,#1153,.F.);
#1496=ORIENTED_EDGE('',*,*,#1154,.T.);
#1497=ORIENTED_EDGE('',*,*,#1155,.T.);
#1498=ORIENTED_EDGE('',*,*,#1154,.F.);
#1499=ORIENTED_EDGE('',*,*,#1156,.F.);
#1500=ORIENTED_EDGE('',*,*,#1157,.T.);
#1501=ORIENTED_EDGE('',*,*,#1158,.T.);
#1502=ORIENTED_EDGE('',*,*,#1157,.F.);
#1503=ORIENTED_EDGE('',*,*,#1159,.F.);
#1504=ORIENTED_EDGE('',*,*,#1160,.T.);
#1505=ORIENTED_EDGE('',*,*,#1161,.T.);
#1506=ORIENTED_EDGE('',*,*,#1160,.F.);
#1507=ORIENTED_EDGE('',*,*,#1162,.F.);
#1508=ORIENTED_EDGE('',*,*,#1163,.T.);
#1509=ORIENTED_EDGE('',*,*,#1164,.T.);
#1510=ORIENTED_EDGE('',*,*,#1163,.F.);
#1511=ORIENTED_EDGE('',*,*,#1165,.F.);
#1512=ORIENTED_EDGE('',*,*,#1166,.T.);
#1513=ORIENTED_EDGE('',*,*,#1167,.T.);
#1514=ORIENTED_EDGE('',*,*,#1166,.F.);
#1515=ORIENTED_EDGE('',*,*,#1168,.F.);
#1516=ORIENTED_EDGE('',*,*,#1169,.T.);
#1517=ORIENTED_EDGE('',*,*,#1170,.T.);
#1518=ORIENTED_EDGE('',*,*,#1169,.F.);
#1519=ORIENTED_EDGE('',*,*,#1171,.F.);
#1520=ORIENTED_EDGE('',*,*,#1172,.T.);
#1521=ORIENTED_EDGE('',*,*,#1173,.T.);
#1522=ORIENTED_EDGE('',*,*,#1172,.F.);
#1523=ORIENTED_EDGE('',*,*,#1174,.F.);
#1524=ORIENTED_EDGE('',*,*,#1175,.T.);
#1525=ORIENTED_EDGE('',*,*,#1176,.T.);
#1526=ORIENTED_EDGE('',*,*,#1175,.F.);
#1527=ORIENTED_EDGE('',*,*,#1177,.F.);
#1528=ORIENTED_EDGE('',*,*,#1178,.T.);
#1529=ORIENTED_EDGE('',*,*,#1179,.T.);
#1530=ORIENTED_EDGE('',*,*,#1178,.F.);
#1531=ORIENTED_EDGE('',*,*,#1180,.F.);
#1532=ORIENTED_EDGE('',*,*,#1181,.T.);
#1533=ORIENTED_EDGE('',*,*,#1182,.T.);
#1534=ORIENTED_EDGE('',*,*,#1181,.F.);
#1535=ORIENTED_EDGE('',*,*,#1183,.F.);
#1536=ORIENTED_EDGE('',*,*,#1184,.T.);
#1537=ORIENTED_EDGE('',*,*,#1185,.T.);
#1538=ORIENTED_EDGE('',*,*,#1184,.F.);
#1539=ORIENTED_EDGE('',*,*,#1186,.F.);
#1540=ORIENTED_EDGE('',*,*,#1187,.T.);
#1541=ORIENTED_EDGE('',*,*,#1188,.T.);
#1542=ORIENTED_EDGE('',*,*,#1187,.F.);
#1543=ORIENTED_EDGE('',*,*,#1189,.F.);
#1544=ORIENTED_EDGE('',*,*,#1190,.T.);
#1545=ORIENTED_EDGE('',*,*,#1191,.T.);
#1546=ORIENTED_EDGE('',*,*,#1190,.F.);
#1547=ORIENTED_EDGE('',*,*,#1192,.F.);
#1548=ORIENTED_EDGE('',*,*,#1193,.T.);
#1549=ORIENTED_EDGE('',*,*,#1194,.T.);
#1550=ORIENTED_EDGE('',*,*,#1193,.F.);
#1551=ORIENTED_EDGE('',*,*,#1195,.F.);
#1552=ORIENTED_EDGE('',*,*,#1196,.T.);
#1553=ORIENTED_EDGE('',*,*,#1197,.T.);
#1554=ORIENTED_EDGE('',*,*,#1196,.F.);
#1555=ORIENTED_EDGE('',*,*,#1198,.F.);
#1556=ORIENTED_EDGE('',*,*,#1199,.T.);
#1557=ORIENTED_EDGE('',*,*,#1200,.T.);
#1558=ORIENTED_EDGE('',*,*,#1199,.F.);
#1559=ORIENTED_EDGE('',*,*,#1201,.F.);
#1560=ORIENTED_EDGE('',*,*,#1202,.T.);
#1561=ORIENTED_EDGE('',*,*,#1203,.T.);
#1562=ORIENTED_EDGE('',*,*,#1202,.F.);
#1563=ORIENTED_EDGE('',*,*,#1204,.F.);
#1564=ORIENTED_EDGE('',*,*,#1205,.T.);
#1565=ORIENTED_EDGE('',*,*,#1206,.T.);
#1566=ORIENTED_EDGE('',*,*,#1205,.F.);
#1567=ORIENTED_EDGE('',*,*,#1207,.F.);
#1568=ORIENTED_EDGE('',*,*,#1208,.T.);
#1569=ORIENTED_EDGE('',*,*,#1209,.T.);
#1570=ORIENTED_EDGE('',*,*,#1208,.F.);
#1571=ORIENTED_EDGE('',*,*,#1210,.F.);
#1572=ORIENTED_EDGE('',*,*,#1211,.T.);
#1573=ORIENTED_EDGE('',*,*,#1212,.T.);
#1574=ORIENTED_EDGE('',*,*,#1211,.F.);
#1575=ORIENTED_EDGE('',*,*,#1213,.F.);
#1576=ORIENTED_EDGE('',*,*,#1214,.T.);
#1577=ORIENTED_EDGE('',*,*,#1215,.T.);
#1578=ORIENTED_EDGE('',*,*,#1214,.F.);
#1579=ORIENTED_EDGE('',*,*,#1216,.F.);
#1580=ORIENTED_EDGE('',*,*,#1217,.T.);
#1581=ORIENTED_EDGE('',*,*,#1218,.T.);
#1582=ORIENTED_EDGE('',*,*,#1217,.F.);
#1583=ORIENTED_EDGE('',*,*,#1219,.F.);
#1584=ORIENTED_EDGE('',*,*,#1220,.T.);
#1585=ORIENTED_EDGE('',*,*,#1221,.T.);
#1586=ORIENTED_EDGE('',*,*,#1220,.F.);
#1587=ORIENTED_EDGE('',*,*,#1222,.F.);
#1588=ORIENTED_EDGE('',*,*,#1223,.T.);
#1589=ORIENTED_EDGE('',*,*,#1224,.T.);
#1590=ORIENTED_EDGE('',*,*,#1223,.F.);
#1591=ORIENTED_EDGE('',*,*,#1225,.F.);
#1592=ORIENTED_EDGE('',*,*,#1226,.T.);
#1593=ORIENTED_EDGE('',*,*,#1227,.T.);
#1594=ORIENTED_EDGE('',*,*,#1226,.F.);
#1595=ORIENTED_EDGE('',*,*,#1228,.F.);
#1596=ORIENTED_EDGE('',*,*,#1229,.T.);
#1597=ORIENTED_EDGE('',*,*,#1230,.T.);
#1598=ORIENTED_EDGE('',*,*,#1229,.F.);
#1599=ORIENTED_EDGE('',*,*,#1231,.F.);
#1600=ORIENTED_EDGE('',*,*,#1232,.T.);
#1601=ORIENTED_EDGE('',*,*,#1233,.T.);
#1602=ORIENTED_EDGE('',*,*,#1232,.F.);
#1603=ORIENTED_EDGE('',*,*,#1234,.F.);
#1604=ORIENTED_EDGE('',*,*,#1235,.T.);
#1605=ORIENTED_EDGE('',*,*,#1236,.T.);
#1606=ORIENTED_EDGE('',*,*,#1235,.F.);
#1607=ORIENTED_EDGE('',*,*,#1237,.F.);
#1608=ORIENTED_EDGE('',*,*,#1238,.T.);
#1609=ORIENTED_EDGE('',*,*,#1239,.T.);
#1610=ORIENTED_EDGE('',*,*,#1238,.F.);
#1611=ORIENTED_EDGE('',*,*,#1240,.F.);
#1612=ORIENTED_EDGE('',*,*,#1241,.T.);
#1613=ORIENTED_EDGE('',*,*,#1242,.T.);
#1614=ORIENTED_EDGE('',*,*,#1241,.F.);
#1615=ORIENTED_EDGE('',*,*,#1243,.F.);
#1616=ORIENTED_EDGE('',*,*,#1244,.T.);
#1617=ORIENTED_EDGE('',*,*,#1245,.T.);
#1618=ORIENTED_EDGE('',*,*,#1244,.F.);
#1619=ORIENTED_EDGE('',*,*,#1246,.F.);
#1620=ORIENTED_EDGE('',*,*,#1247,.T.);
#1621=ORIENTED_EDGE('',*,*,#1248,.T.);
#1622=ORIENTED_EDGE('',*,*,#1247,.F.);
#1623=ORIENTED_EDGE('',*,*,#1249,.F.);
#1624=ORIENTED_EDGE('',*,*,#1250,.T.);
#1625=ORIENTED_EDGE('',*,*,#1251,.T.);
#1626=ORIENTED_EDGE('',*,*,#1250,.F.);
#1627=ORIENTED_EDGE('',*,*,#1252,.F.);
#1628=ORIENTED_EDGE('',*,*,#1253,.T.);
#1629=ORIENTED_EDGE('',*,*,#1254,.T.);
#1630=ORIENTED_EDGE('',*,*,#1253,.F.);
#1631=ORIENTED_EDGE('',*,*,#1255,.F.);
#1632=ORIENTED_EDGE('',*,*,#1256,.T.);
#1633=ORIENTED_EDGE('',*,*,#1257,.T.);
#1634=ORIENTED_EDGE('',*,*,#1256,.F.);
#1635=ORIENTED_EDGE('',*,*,#1258,.F.);
#1636=ORIENTED_EDGE('',*,*,#1259,.T.);
#1637=ORIENTED_EDGE('',*,*,#1260,.T.);
#1638=ORIENTED_EDGE('',*,*,#1259,.F.);
#1639=ORIENTED_EDGE('',*,*,#1261,.F.);
#1640=ORIENTED_EDGE('',*,*,#1262,.T.);
#1641=ORIENTED_EDGE('',*,*,#1263,.T.);
#1642=ORIENTED_EDGE('',*,*,#1262,.F.);
#1643=ORIENTED_EDGE('',*,*,#1264,.F.);
#1644=ORIENTED_EDGE('',*,*,#1265,.T.);
#1645=ORIENTED_EDGE('',*,*,#1266,.T.);
#1646=ORIENTED_EDGE('',*,*,#1265,.F.);
#1647=ORIENTED_EDGE('',*,*,#1267,.F.);
#1648=ORIENTED_EDGE('',*,*,#1268,.T.);
#1649=ORIENTED_EDGE('',*,*,#1269,.T.);
#1650=ORIENTED_EDGE('',*,*,#1268,.F.);
#1651=ORIENTED_EDGE('',*,*,#1270,.F.);
#1652=ORIENTED_EDGE('',*,*,#1271,.T.);
#1653=ORIENTED_EDGE('',*,*,#1272,.T.);
#1654=ORIENTED_EDGE('',*,*,#1271,.F.);
#1655=ORIENTED_EDGE('',*,*,#1273,.F.);
#1656=ORIENTED_EDGE('',*,*,#1274,.T.);
#1657=ORIENTED_EDGE('',*,*,#1275,.T.);
#1658=ORIENTED_EDGE('',*,*,#1274,.F.);
#1659=ORIENTED_EDGE('',*,*,#1276,.F.);
#1660=ORIENTED_EDGE('',*,*,#1277,.T.);
#1661=ORIENTED_EDGE('',*,*,#1278,.T.);
#1662=ORIENTED_EDGE('',*,*,#1277,.F.);
#1663=ORIENTED_EDGE('',*,*,#1279,.F.);
#1664=ORIENTED_EDGE('',*,*,#1280,.T.);
#1665=ORIENTED_EDGE('',*,*,#1281,.T.);
#1666=ORIENTED_EDGE('',*,*,#1280,.F.);
#1667=ORIENTED_EDGE('',*,*,#1282,.F.);
#1668=ORIENTED_EDGE('',*,*,#1283,.T.);
#1669=ORIENTED_EDGE('',*,*,#1284,.T.);
#1670=ORIENTED_EDGE('',*,*,#1283,.F.);
#1671=ORIENTED_EDGE('',*,*,#1285,.F.);
#1672=ORIENTED_EDGE('',*,*,#1286,.T.);
#1673=ORIENTED_EDGE('',*,*,#1287,.T.);
#1674=ORIENTED_EDGE('',*,*,#1286,.F.);
#1675=ORIENTED_EDGE('',*,*,#1288,.F.);
#1676=ORIENTED_EDGE('',*,*,#1289,.T.);
#1677=ORIENTED_EDGE('',*,*,#1290,.T.);
#1678=ORIENTED_EDGE('',*,*,#1289,.F.);
#1679=ORIENTED_EDGE('',*,*,#1291,.F.);
#1680=ORIENTED_EDGE('',*,*,#1292,.T.);
#1681=ORIENTED_EDGE('',*,*,#1293,.T.);
#1682=ORIENTED_EDGE('',*,*,#1292,.F.);
#1683=ORIENTED_EDGE('',*,*,#1294,.F.);
#1684=ORIENTED_EDGE('',*,*,#1295,.T.);
#1685=ORIENTED_EDGE('',*,*,#1296,.T.);
#1686=ORIENTED_EDGE('',*,*,#1295,.F.);
#1687=ORIENTED_EDGE('',*,*,#1297,.F.);
#1688=ORIENTED_EDGE('',*,*,#1298,.T.);
#1689=ORIENTED_EDGE('',*,*,#1299,.T.);
#1690=ORIENTED_EDGE('',*,*,#1298,.F.);
#1691=ORIENTED_EDGE('',*,*,#1300,.F.);
#1692=ORIENTED_EDGE('',*,*,#1038,.T.);
#1693=ORIENTED_EDGE('',*,*,#1299,.F.);
#1694=ORIENTED_EDGE('',*,*,#1037,.F.);
#1695=ORIENTED_EDGE('',*,*,#1041,.F.);
#1696=ORIENTED_EDGE('',*,*,#1044,.F.);
#1697=ORIENTED_EDGE('',*,*,#1047,.F.);
#1698=ORIENTED_EDGE('',*,*,#1050,.F.);
#1699=ORIENTED_EDGE('',*,*,#1053,.F.);
#1700=ORIENTED_EDGE('',*,*,#1056,.F.);
#1701=ORIENTED_EDGE('',*,*,#1059,.F.);
#1702=ORIENTED_EDGE('',*,*,#1062,.F.);
#1703=ORIENTED_EDGE('',*,*,#1065,.F.);
#1704=ORIENTED_EDGE('',*,*,#1068,.F.);
#1705=ORIENTED_EDGE('',*,*,#1071,.F.);
#1706=ORIENTED_EDGE('',*,*,#1074,.F.);
#1707=ORIENTED_EDGE('',*,*,#1077,.F.);
#1708=ORIENTED_EDGE('',*,*,#1080,.F.);
#1709=ORIENTED_EDGE('',*,*,#1083,.F.);
#1710=ORIENTED_EDGE('',*,*,#1086,.F.);
#1711=ORIENTED_EDGE('',*,*,#1089,.F.);
#1712=ORIENTED_EDGE('',*,*,#1092,.F.);
#1713=ORIENTED_EDGE('',*,*,#1095,.F.);
#1714=ORIENTED_EDGE('',*,*,#1098,.F.);
#1715=ORIENTED_EDGE('',*,*,#1101,.F.);
#1716=ORIENTED_EDGE('',*,*,#1104,.F.);
#1717=ORIENTED_EDGE('',*,*,#1107,.F.);
#1718=ORIENTED_EDGE('',*,*,#1110,.F.);
#1719=ORIENTED_EDGE('',*,*,#1113,.F.);
#1720=ORIENTED_EDGE('',*,*,#1116,.F.);
#1721=ORIENTED_EDGE('',*,*,#1119,.F.);
#1722=ORIENTED_EDGE('',*,*,#1122,.F.);
#1723=ORIENTED_EDGE('',*,*,#1125,.F.);
#1724=ORIENTED_EDGE('',*,*,#1128,.F.);
#1725=ORIENTED_EDGE('',*,*,#1131,.F.);
#1726=ORIENTED_EDGE('',*,*,#1134,.F.);
#1727=ORIENTED_EDGE('',*,*,#1137,.F.);
#1728=ORIENTED_EDGE('',*,*,#1140,.F.);
#1729=ORIENTED_EDGE('',*,*,#1143,.F.);
#1730=ORIENTED_EDGE('',*,*,#1146,.F.);
#1731=ORIENTED_EDGE('',*,*,#1149,.F.);
#1732=ORIENTED_EDGE('',*,*,#1152,.F.);
#1733=ORIENTED_EDGE('',*,*,#1155,.F.);
#1734=ORIENTED_EDGE('',*,*,#1158,.F.);
#1735=ORIENTED_EDGE('',*,*,#1161,.F.);
#1736=ORIENTED_EDGE('',*,*,#1164,.F.);
#1737=ORIENTED_EDGE('',*,*,#1167,.F.);
#1738=ORIENTED_EDGE('',*,*,#1170,.F.);
#1739=ORIENTED_EDGE('',*,*,#1173,.F.);
#1740=ORIENTED_EDGE('',*,*,#1176,.F.);
#1741=ORIENTED_EDGE('',*,*,#1179,.F.);
#1742=ORIENTED_EDGE('',*,*,#1182,.F.);
#1743=ORIENTED_EDGE('',*,*,#1185,.F.);
#1744=ORIENTED_EDGE('',*,*,#1188,.F.);
#1745=ORIENTED_EDGE('',*,*,#1191,.F.);
#1746=ORIENTED_EDGE('',*,*,#1194,.F.);
#1747=ORIENTED_EDGE('',*,*,#1197,.F.);
#1748=ORIENTED_EDGE('',*,*,#1200,.F.);
#1749=ORIENTED_EDGE('',*,*,#1203,.F.);
#1750=ORIENTED_EDGE('',*,*,#1206,.F.);
#1751=ORIENTED_EDGE('',*,*,#1209,.F.);
#1752=ORIENTED_EDGE('',*,*,#1212,.F.);
#1753=ORIENTED_EDGE('',*,*,#1215,.F.);
#1754=ORIENTED_EDGE('',*,*,#1218,.F.);
#1755=ORIENTED_EDGE('',*,*,#1221,.F.);
#1756=ORIENTED_EDGE('',*,*,#1224,.F.);
#1757=ORIENTED_EDGE('',*,*,#1227,.F.);
#1758=ORIENTED_EDGE('',*,*,#1230,.F.);
#1759=ORIENTED_EDGE('',*,*,#1233,.F.);
#1760=ORIENTED_EDGE('',*,*,#1236,.F.);
#1761=ORIENTED_EDGE('',*,*,#1239,.F.);
#1762=ORIENTED_EDGE('',*,*,#1242,.F.);
#1763=ORIENTED_EDGE('',*,*,#1245,.F.);
#1764=ORIENTED_EDGE('',*,*,#1248,.F.);
#1765=ORIENTED_EDGE('',*,*,#1251,.F.);
#1766=ORIENTED_EDGE('',*,*,#1254,.F.);
#1767=ORIENTED_EDGE('',*,*,#1257,.F.);
#1768=ORIENTED_EDGE('',*,*,#1260,.F.);
#1769=ORIENTED_EDGE('',*,*,#1263,.F.);
#1770=ORIENTED_EDGE('',*,*,#1266,.F.);
#1771=ORIENTED_EDGE('',*,*,#1269,.F.);
#1772=ORIENTED_EDGE('',*,*,#1272,.F.);
#1773=ORIENTED_EDGE('',*,*,#1275,.F.);
#1774=ORIENTED_EDGE('',*,*,#1278,.F.);
#1775=ORIENTED_EDGE('',*,*,#1281,.F.);
#1776=ORIENTED_EDGE('',*,*,#1284,.F.);
#1777=ORIENTED_EDGE('',*,*,#1287,.F.);
#1778=ORIENTED_EDGE('',*,*,#1290,.F.);
#1779=ORIENTED_EDGE('',*,*,#1293,.F.);
#1780=ORIENTED_EDGE('',*,*,#1296,.F.);
#1781=ORIENTED_EDGE('',*,*,#1301,.T.);
#1782=ORIENTED_EDGE('',*,*,#1302,.T.);
#1783=ORIENTED_EDGE('',*,*,#1035,.T.);
#1784=ORIENTED_EDGE('',*,*,#1032,.T.);
#1785=ORIENTED_EDGE('',*,*,#1029,.T.);
#1786=ORIENTED_EDGE('',*,*,#1025,.T.);
#1787=ORIENTED_EDGE('',*,*,#1303,.T.);
#1788=ORIENTED_EDGE('',*,*,#1304,.T.);
#1789=ORIENTED_EDGE('',*,*,#1305,.T.);
#1790=ORIENTED_EDGE('',*,*,#1021,.T.);
#1791=ORIENTED_EDGE('',*,*,#1306,.T.);
#1792=ORIENTED_EDGE('',*,*,#1307,.T.);
#1793=ORIENTED_EDGE('',*,*,#1300,.T.);
#1794=ORIENTED_EDGE('',*,*,#1297,.T.);
#1795=ORIENTED_EDGE('',*,*,#1294,.T.);
#1796=ORIENTED_EDGE('',*,*,#1291,.T.);
#1797=ORIENTED_EDGE('',*,*,#1288,.T.);
#1798=ORIENTED_EDGE('',*,*,#1285,.T.);
#1799=ORIENTED_EDGE('',*,*,#1282,.T.);
#1800=ORIENTED_EDGE('',*,*,#1279,.T.);
#1801=ORIENTED_EDGE('',*,*,#1276,.T.);
#1802=ORIENTED_EDGE('',*,*,#1273,.T.);
#1803=ORIENTED_EDGE('',*,*,#1270,.T.);
#1804=ORIENTED_EDGE('',*,*,#1267,.T.);
#1805=ORIENTED_EDGE('',*,*,#1264,.T.);
#1806=ORIENTED_EDGE('',*,*,#1261,.T.);
#1807=ORIENTED_EDGE('',*,*,#1258,.T.);
#1808=ORIENTED_EDGE('',*,*,#1255,.T.);
#1809=ORIENTED_EDGE('',*,*,#1252,.T.);
#1810=ORIENTED_EDGE('',*,*,#1249,.T.);
#1811=ORIENTED_EDGE('',*,*,#1246,.T.);
#1812=ORIENTED_EDGE('',*,*,#1243,.T.);
#1813=ORIENTED_EDGE('',*,*,#1240,.T.);
#1814=ORIENTED_EDGE('',*,*,#1237,.T.);
#1815=ORIENTED_EDGE('',*,*,#1234,.T.);
#1816=ORIENTED_EDGE('',*,*,#1231,.T.);
#1817=ORIENTED_EDGE('',*,*,#1228,.T.);
#1818=ORIENTED_EDGE('',*,*,#1225,.T.);
#1819=ORIENTED_EDGE('',*,*,#1222,.T.);
#1820=ORIENTED_EDGE('',*,*,#1219,.T.);
#1821=ORIENTED_EDGE('',*,*,#1216,.T.);
#1822=ORIENTED_EDGE('',*,*,#1213,.T.);
#1823=ORIENTED_EDGE('',*,*,#1210,.T.);
#1824=ORIENTED_EDGE('',*,*,#1207,.T.);
#1825=ORIENTED_EDGE('',*,*,#1204,.T.);
#1826=ORIENTED_EDGE('',*,*,#1201,.T.);
#1827=ORIENTED_EDGE('',*,*,#1198,.T.);
#1828=ORIENTED_EDGE('',*,*,#1195,.T.);
#1829=ORIENTED_EDGE('',*,*,#1192,.T.);
#1830=ORIENTED_EDGE('',*,*,#1189,.T.);
#1831=ORIENTED_EDGE('',*,*,#1186,.T.);
#1832=ORIENTED_EDGE('',*,*,#1183,.T.);
#1833=ORIENTED_EDGE('',*,*,#1180,.T.);
#1834=ORIENTED_EDGE('',*,*,#1177,.T.);
#1835=ORIENTED_EDGE('',*,*,#1174,.T.);
#1836=ORIENTED_EDGE('',*,*,#1171,.T.);
#1837=ORIENTED_EDGE('',*,*,#1168,.T.);
#1838=ORIENTED_EDGE('',*,*,#1165,.T.);
#1839=ORIENTED_EDGE('',*,*,#1162,.T.);
#1840=ORIENTED_EDGE('',*,*,#1159,.T.);
#1841=ORIENTED_EDGE('',*,*,#1156,.T.);
#1842=ORIENTED_EDGE('',*,*,#1153,.T.);
#1843=ORIENTED_EDGE('',*,*,#1150,.T.);
#1844=ORIENTED_EDGE('',*,*,#1147,.T.);
#1845=ORIENTED_EDGE('',*,*,#1144,.T.);
#1846=ORIENTED_EDGE('',*,*,#1141,.T.);
#1847=ORIENTED_EDGE('',*,*,#1138,.T.);
#1848=ORIENTED_EDGE('',*,*,#1135,.T.);
#1849=ORIENTED_EDGE('',*,*,#1132,.T.);
#1850=ORIENTED_EDGE('',*,*,#1129,.T.);
#1851=ORIENTED_EDGE('',*,*,#1126,.T.);
#1852=ORIENTED_EDGE('',*,*,#1123,.T.);
#1853=ORIENTED_EDGE('',*,*,#1120,.T.);
#1854=ORIENTED_EDGE('',*,*,#1117,.T.);
#1855=ORIENTED_EDGE('',*,*,#1114,.T.);
#1856=ORIENTED_EDGE('',*,*,#1111,.T.);
#1857=ORIENTED_EDGE('',*,*,#1108,.T.);
#1858=ORIENTED_EDGE('',*,*,#1105,.T.);
#1859=ORIENTED_EDGE('',*,*,#1102,.T.);
#1860=ORIENTED_EDGE('',*,*,#1099,.T.);
#1861=ORIENTED_EDGE('',*,*,#1096,.T.);
#1862=ORIENTED_EDGE('',*,*,#1093,.T.);
#1863=ORIENTED_EDGE('',*,*,#1090,.T.);
#1864=ORIENTED_EDGE('',*,*,#1087,.T.);
#1865=ORIENTED_EDGE('',*,*,#1084,.T.);
#1866=ORIENTED_EDGE('',*,*,#1081,.T.);
#1867=ORIENTED_EDGE('',*,*,#1078,.T.);
#1868=ORIENTED_EDGE('',*,*,#1075,.T.);
#1869=ORIENTED_EDGE('',*,*,#1072,.T.);
#1870=ORIENTED_EDGE('',*,*,#1069,.T.);
#1871=ORIENTED_EDGE('',*,*,#1066,.T.);
#1872=ORIENTED_EDGE('',*,*,#1063,.T.);
#1873=ORIENTED_EDGE('',*,*,#1060,.T.);
#1874=ORIENTED_EDGE('',*,*,#1057,.T.);
#1875=ORIENTED_EDGE('',*,*,#1054,.T.);
#1876=ORIENTED_EDGE('',*,*,#1051,.T.);
#1877=ORIENTED_EDGE('',*,*,#1048,.T.);
#1878=ORIENTED_EDGE('',*,*,#1045,.T.);
#1879=ORIENTED_EDGE('',*,*,#1042,.T.);
#1880=ORIENTED_EDGE('',*,*,#1039,.T.);
#1881=ORIENTED_EDGE('',*,*,#1308,.F.);
#1882=ORIENTED_EDGE('',*,*,#1309,.F.);
#1883=ORIENTED_EDGE('',*,*,#1034,.F.);
#1884=ORIENTED_EDGE('',*,*,#1036,.F.);
#1885=ORIENTED_EDGE('',*,*,#1023,.F.);
#1886=ORIENTED_EDGE('',*,*,#1310,.F.);
#1887=ORIENTED_EDGE('',*,*,#1311,.F.);
#1888=ORIENTED_EDGE('',*,*,#1312,.F.);
#1889=ORIENTED_EDGE('',*,*,#1027,.F.);
#1890=ORIENTED_EDGE('',*,*,#1031,.F.);
#1891=ORIENTED_EDGE('',*,*,#1313,.F.);
#1892=ORIENTED_EDGE('',*,*,#1314,.F.);
#1893=ORIENTED_EDGE('',*,*,#1314,.T.);
#1894=ORIENTED_EDGE('',*,*,#1315,.T.);
#1895=ORIENTED_EDGE('',*,*,#1307,.F.);
#1896=ORIENTED_EDGE('',*,*,#1315,.F.);
#1897=ORIENTED_EDGE('',*,*,#1308,.T.);
#1898=ORIENTED_EDGE('',*,*,#1316,.T.);
#1899=ORIENTED_EDGE('',*,*,#1301,.F.);
#1900=ORIENTED_EDGE('',*,*,#1316,.F.);
#1901=ORIENTED_EDGE('',*,*,#1313,.T.);
#1902=ORIENTED_EDGE('',*,*,#1317,.T.);
#1903=ORIENTED_EDGE('',*,*,#1306,.F.);
#1904=ORIENTED_EDGE('',*,*,#1317,.F.);
#1905=ORIENTED_EDGE('',*,*,#1309,.T.);
#1906=ORIENTED_EDGE('',*,*,#1318,.T.);
#1907=ORIENTED_EDGE('',*,*,#1302,.F.);
#1908=ORIENTED_EDGE('',*,*,#1318,.F.);
#1909=ORIENTED_EDGE('',*,*,#1312,.T.);
#1910=ORIENTED_EDGE('',*,*,#1319,.T.);
#1911=ORIENTED_EDGE('',*,*,#1303,.F.);
#1912=ORIENTED_EDGE('',*,*,#1028,.F.);
#1913=ORIENTED_EDGE('',*,*,#1311,.T.);
#1914=ORIENTED_EDGE('',*,*,#1320,.T.);
#1915=ORIENTED_EDGE('',*,*,#1304,.F.);
#1916=ORIENTED_EDGE('',*,*,#1319,.F.);
#1917=ORIENTED_EDGE('',*,*,#1310,.T.);
#1918=ORIENTED_EDGE('',*,*,#1022,.T.);
#1919=ORIENTED_EDGE('',*,*,#1305,.F.);
#1920=ORIENTED_EDGE('',*,*,#1320,.F.);
#1921=CYLINDRICAL_SURFACE('',#2086,0.00499999999999787);
#1922=CYLINDRICAL_SURFACE('',#2089,0.00499999999999874);
#1923=CYLINDRICAL_SURFACE('',#2092,0.00150000000000017);
#1924=CYLINDRICAL_SURFACE('',#2095,0.005);
#1925=CYLINDRICAL_SURFACE('',#2098,0.00150000000000024);
#1926=CYLINDRICAL_SURFACE('',#2103,0.00100000000000045);
#1927=CYLINDRICAL_SURFACE('',#2107,0.000999999999999751);
#1928=CYLINDRICAL_SURFACE('',#2111,0.000999999999999758);
#1929=CYLINDRICAL_SURFACE('',#2115,0.00100000000000008);
#1930=CYLINDRICAL_SURFACE('',#2119,0.000999999999999758);
#1931=CYLINDRICAL_SURFACE('',#2123,0.001);
#1932=CYLINDRICAL_SURFACE('',#2131,0.00199999999999999);
#1933=CYLINDRICAL_SURFACE('',#2139,0.000999999999999994);
#1934=CYLINDRICAL_SURFACE('',#2143,0.00100000000000009);
#1935=CYLINDRICAL_SURFACE('',#2147,0.00100000000000009);
#1936=CYLINDRICAL_SURFACE('',#2151,0.00100000000000009);
#1937=CYLINDRICAL_SURFACE('',#2155,0.00100000000000009);
#1938=CYLINDRICAL_SURFACE('',#2159,0.001);
#1939=CYLINDRICAL_SURFACE('',#2167,0.00200000000000001);
#1940=CYLINDRICAL_SURFACE('',#2175,0.000999999999999998);
#1941=CYLINDRICAL_SURFACE('',#2179,0.00100000000000008);
#1942=CYLINDRICAL_SURFACE('',#2183,0.00100000000000008);
#1943=CYLINDRICAL_SURFACE('',#2187,0.00100000000000009);
#1944=CYLINDRICAL_SURFACE('',#2191,0.00100000000000042);
#1945=CYLINDRICAL_SURFACE('',#2195,0.001);
#1946=CYLINDRICAL_SURFACE('',#2203,0.002);
#1947=CYLINDRICAL_SURFACE('',#2211,0.00100000000000001);
#1948=CYLINDRICAL_SURFACE('',#2215,0.00100000000000009);
#1949=CYLINDRICAL_SURFACE('',#2219,0.0010000000000001);
#1950=CYLINDRICAL_SURFACE('',#2223,0.000999999999999758);
#1951=CYLINDRICAL_SURFACE('',#2227,0.00100000000000009);
#1952=CYLINDRICAL_SURFACE('',#2231,0.000999999999999997);
#1953=CYLINDRICAL_SURFACE('',#2239,0.002);
#1954=CYLINDRICAL_SURFACE('',#2261,0.00225);
#1955=CYLINDRICAL_SURFACE('',#2262,0.00225);
#1956=CYLINDRICAL_SURFACE('',#2263,0.00225);
#1957=CYLINDRICAL_SURFACE('',#2264,0.00225);
#1958=CYLINDRICAL_SURFACE('',#2265,0.00149999999999965);
#1959=CYLINDRICAL_SURFACE('',#2266,0.00499999999999732);
#1960=CYLINDRICAL_SURFACE('',#2267,0.00149999999999997);
#1961=ADVANCED_FACE('',(#87),#1921,.F.);
#1962=ADVANCED_FACE('',(#88),#1922,.F.);
#1963=ADVANCED_FACE('',(#89),#1923,.F.);
#1964=ADVANCED_FACE('',(#90),#1924,.F.);
#1965=ADVANCED_FACE('',(#91),#1925,.F.);
#1966=ADVANCED_FACE('',(#92),#25,.F.);
#1967=ADVANCED_FACE('',(#93),#26,.F.);
#1968=ADVANCED_FACE('',(#94),#1926,.F.);
#1969=ADVANCED_FACE('',(#95),#27,.F.);
#1970=ADVANCED_FACE('',(#96),#1927,.F.);
#1971=ADVANCED_FACE('',(#97),#28,.F.);
#1972=ADVANCED_FACE('',(#98),#1928,.F.);
#1973=ADVANCED_FACE('',(#99),#29,.F.);
#1974=ADVANCED_FACE('',(#100),#1929,.F.);
#1975=ADVANCED_FACE('',(#101),#30,.F.);
#1976=ADVANCED_FACE('',(#102),#1930,.F.);
#1977=ADVANCED_FACE('',(#103),#31,.F.);
#1978=ADVANCED_FACE('',(#104),#1931,.F.);
#1979=ADVANCED_FACE('',(#105),#32,.F.);
#1980=ADVANCED_FACE('',(#106),#33,.F.);
#1981=ADVANCED_FACE('',(#107),#34,.F.);
#1982=ADVANCED_FACE('',(#108),#35,.F.);
#1983=ADVANCED_FACE('',(#109),#36,.F.);
#1984=ADVANCED_FACE('',(#110),#1932,.T.);
#1985=ADVANCED_FACE('',(#111),#37,.F.);
#1986=ADVANCED_FACE('',(#112),#38,.F.);
#1987=ADVANCED_FACE('',(#113),#39,.F.);
#1988=ADVANCED_FACE('',(#114),#40,.F.);
#1989=ADVANCED_FACE('',(#115),#41,.F.);
#1990=ADVANCED_FACE('',(#116),#1933,.F.);
#1991=ADVANCED_FACE('',(#117),#42,.F.);
#1992=ADVANCED_FACE('',(#118),#1934,.F.);
#1993=ADVANCED_FACE('',(#119),#43,.F.);
#1994=ADVANCED_FACE('',(#120),#1935,.F.);
#1995=ADVANCED_FACE('',(#121),#44,.F.);
#1996=ADVANCED_FACE('',(#122),#1936,.F.);
#1997=ADVANCED_FACE('',(#123),#45,.F.);
#1998=ADVANCED_FACE('',(#124),#1937,.F.);
#1999=ADVANCED_FACE('',(#125),#46,.F.);
#2000=ADVANCED_FACE('',(#126),#1938,.F.);
#2001=ADVANCED_FACE('',(#127),#47,.F.);
#2002=ADVANCED_FACE('',(#128),#48,.F.);
#2003=ADVANCED_FACE('',(#129),#49,.F.);
#2004=ADVANCED_FACE('',(#130),#50,.F.);
#2005=ADVANCED_FACE('',(#131),#51,.F.);
#2006=ADVANCED_FACE('',(#132),#1939,.T.);
#2007=ADVANCED_FACE('',(#133),#52,.F.);
#2008=ADVANCED_FACE('',(#134),#53,.F.);
#2009=ADVANCED_FACE('',(#135),#54,.F.);
#2010=ADVANCED_FACE('',(#136),#55,.F.);
#2011=ADVANCED_FACE('',(#137),#56,.F.);
#2012=ADVANCED_FACE('',(#138),#1940,.F.);
#2013=ADVANCED_FACE('',(#139),#57,.F.);
#2014=ADVANCED_FACE('',(#140),#1941,.F.);
#2015=ADVANCED_FACE('',(#141),#58,.F.);
#2016=ADVANCED_FACE('',(#142),#1942,.F.);
#2017=ADVANCED_FACE('',(#143),#59,.F.);
#2018=ADVANCED_FACE('',(#144),#1943,.F.);
#2019=ADVANCED_FACE('',(#145),#60,.F.);
#2020=ADVANCED_FACE('',(#146),#1944,.F.);
#2021=ADVANCED_FACE('',(#147),#61,.F.);
#2022=ADVANCED_FACE('',(#148),#1945,.F.);
#2023=ADVANCED_FACE('',(#149),#62,.F.);
#2024=ADVANCED_FACE('',(#150),#63,.F.);
#2025=ADVANCED_FACE('',(#151),#64,.F.);
#2026=ADVANCED_FACE('',(#152),#65,.F.);
#2027=ADVANCED_FACE('',(#153),#66,.F.);
#2028=ADVANCED_FACE('',(#154),#1946,.T.);
#2029=ADVANCED_FACE('',(#155),#67,.F.);
#2030=ADVANCED_FACE('',(#156),#68,.F.);
#2031=ADVANCED_FACE('',(#157),#69,.F.);
#2032=ADVANCED_FACE('',(#158),#70,.F.);
#2033=ADVANCED_FACE('',(#159),#71,.F.);
#2034=ADVANCED_FACE('',(#160),#1947,.F.);
#2035=ADVANCED_FACE('',(#161),#72,.F.);
#2036=ADVANCED_FACE('',(#162),#1948,.F.);
#2037=ADVANCED_FACE('',(#163),#73,.F.);
#2038=ADVANCED_FACE('',(#164),#1949,.F.);
#2039=ADVANCED_FACE('',(#165),#74,.F.);
#2040=ADVANCED_FACE('',(#166),#1950,.F.);
#2041=ADVANCED_FACE('',(#167),#75,.F.);
#2042=ADVANCED_FACE('',(#168),#1951,.F.);
#2043=ADVANCED_FACE('',(#169),#76,.F.);
#2044=ADVANCED_FACE('',(#170),#1952,.F.);
#2045=ADVANCED_FACE('',(#171),#77,.F.);
#2046=ADVANCED_FACE('',(#172),#78,.F.);
#2047=ADVANCED_FACE('',(#173),#79,.F.);
#2048=ADVANCED_FACE('',(#174),#80,.F.);
#2049=ADVANCED_FACE('',(#175),#81,.F.);
#2050=ADVANCED_FACE('',(#176),#1953,.T.);
#2051=ADVANCED_FACE('',(#177),#82,.F.);
#2052=ADVANCED_FACE('',(#178),#83,.F.);
#2053=ADVANCED_FACE('',(#179),#84,.F.);
#2054=ADVANCED_FACE('',(#180,#15,#16,#17,#18,#19),#85,.F.);
#2055=ADVANCED_FACE('',(#181,#20,#21,#22,#23,#24),#86,.T.);
#2056=ADVANCED_FACE('',(#182),#1954,.F.);
#2057=ADVANCED_FACE('',(#183),#1955,.F.);
#2058=ADVANCED_FACE('',(#184),#1956,.F.);
#2059=ADVANCED_FACE('',(#185),#1957,.F.);
#2060=ADVANCED_FACE('',(#186),#1958,.F.);
#2061=ADVANCED_FACE('',(#187),#1959,.F.);
#2062=ADVANCED_FACE('',(#188),#1960,.F.);
#2063=CLOSED_SHELL('',(#1961,#1962,#1963,#1964,#1965,#1966,#1967,#1968,
#1969,#1970,#1971,#1972,#1973,#1974,#1975,#1976,#1977,#1978,#1979,#1980,
#1981,#1982,#1983,#1984,#1985,#1986,#1987,#1988,#1989,#1990,#1991,#1992,
#1993,#1994,#1995,#1996,#1997,#1998,#1999,#2000,#2001,#2002,#2003,#2004,
#2005,#2006,#2007,#2008,#2009,#2010,#2011,#2012,#2013,#2014,#2015,#2016,
#2017,#2018,#2019,#2020,#2021,#2022,#2023,#2024,#2025,#2026,#2027,#2028,
#2029,#2030,#2031,#2032,#2033,#2034,#2035,#2036,#2037,#2038,#2039,#2040,
#2041,#2042,#2043,#2044,#2045,#2046,#2047,#2048,#2049,#2050,#2051,#2052,
#2053,#2054,#2055,#2056,#2057,#2058,#2059,#2060,#2061,#2062));
#2064=DERIVED_UNIT_ELEMENT(#2067,1.);
#2065=DERIVED_UNIT_ELEMENT(#3462,-3.);
#2066=DIMENSIONAL_EXPONENTS(1.,0.,0.,0.,0.,0.,0.);
#2067=(
CONVERSION_BASED_UNIT('gram',#2069)
MASS_UNIT()
NAMED_UNIT(#2066)
);
#2068=(
MASS_UNIT()
NAMED_UNIT(*)
SI_UNIT(.KILO.,.GRAM.)
);
#2069=MASS_MEASURE_WITH_UNIT(MASS_MEASURE(0.001),#2068);
#2070=DERIVED_UNIT((#2064,#2065));
#2071=MEASURE_REPRESENTATION_ITEM('density measure',
POSITIVE_RATIO_MEASURE(2.712),#2070);
#2072=PROPERTY_DEFINITION_REPRESENTATION(#2077,#2074);
#2073=PROPERTY_DEFINITION_REPRESENTATION(#2078,#2075);
#2074=REPRESENTATION('material name',(#2076),#3459);
#2075=REPRESENTATION('density',(#2071),#3459);
#2076=DESCRIPTIVE_REPRESENTATION_ITEM('SolidEdge_Aluminum, 6061-T6',
'SolidEdge_Aluminum, 6061-T6');
#2077=PROPERTY_DEFINITION('material property','material name',#3469);
#2078=PROPERTY_DEFINITION('material property','density of part',#3469);
#2079=DATE_TIME_ROLE('creation_date');
#2080=APPLIED_DATE_AND_TIME_ASSIGNMENT(#2081,#2079,(#3469));
#2081=DATE_AND_TIME(#2082,#2083);
#2082=CALENDAR_DATE(2018,30,1);
#2083=LOCAL_TIME(10,30,46.,#2084);
#2084=COORDINATED_UNIVERSAL_TIME_OFFSET(0,0,.BEHIND.);
#2085=AXIS2_PLACEMENT_3D('placement',#2854,#2268,#2269);
#2086=AXIS2_PLACEMENT_3D('',#2855,#2270,#2271);
#2087=AXIS2_PLACEMENT_3D('',#2858,#2272,#2273);
#2088=AXIS2_PLACEMENT_3D('',#2862,#2275,#2276);
#2089=AXIS2_PLACEMENT_3D('',#2864,#2278,#2279);
#2090=AXIS2_PLACEMENT_3D('',#2867,#2280,#2281);
#2091=AXIS2_PLACEMENT_3D('',#2871,#2283,#2284);
#2092=AXIS2_PLACEMENT_3D('',#2873,#2286,#2287);
#2093=AXIS2_PLACEMENT_3D('',#2875,#2288,#2289);
#2094=AXIS2_PLACEMENT_3D('',#2878,#2291,#2292);
#2095=AXIS2_PLACEMENT_3D('',#2879,#2293,#2294);
#2096=AXIS2_PLACEMENT_3D('',#2881,#2295,#2296);
#2097=AXIS2_PLACEMENT_3D('',#2884,#2298,#2299);
#2098=AXIS2_PLACEMENT_3D('',#2885,#2300,#2301);
#2099=AXIS2_PLACEMENT_3D('',#2886,#2302,#2303);
#2100=AXIS2_PLACEMENT_3D('',#2887,#2304,#2305);
#2101=AXIS2_PLACEMENT_3D('',#2888,#2306,#2307);
#2102=AXIS2_PLACEMENT_3D('',#2897,#2312,#2313);
#2103=AXIS2_PLACEMENT_3D('',#2903,#2317,#2318);
#2104=AXIS2_PLACEMENT_3D('',#2905,#2319,#2320);
#2105=AXIS2_PLACEMENT_3D('',#2907,#2321,#2322);
#2106=AXIS2_PLACEMENT_3D('',#2909,#2324,#2325);
#2107=AXIS2_PLACEMENT_3D('',#2915,#2329,#2330);
#2108=AXIS2_PLACEMENT_3D('',#2917,#2331,#2332);
#2109=AXIS2_PLACEMENT_3D('',#2919,#2333,#2334);
#2110=AXIS2_PLACEMENT_3D('',#2921,#2336,#2337);
#2111=AXIS2_PLACEMENT_3D('',#2927,#2341,#2342);
#2112=AXIS2_PLACEMENT_3D('',#2929,#2343,#2344);
#2113=AXIS2_PLACEMENT_3D('',#2931,#2345,#2346);
#2114=AXIS2_PLACEMENT_3D('',#2933,#2348,#2349);
#2115=AXIS2_PLACEMENT_3D('',#2939,#2353,#2354);
#2116=AXIS2_PLACEMENT_3D('',#2941,#2355,#2356);
#2117=AXIS2_PLACEMENT_3D('',#2943,#2357,#2358);
#2118=AXIS2_PLACEMENT_3D('',#2945,#2360,#2361);
#2119=AXIS2_PLACEMENT_3D('',#2951,#2365,#2366);
#2120=AXIS2_PLACEMENT_3D('',#2953,#2367,#2368);
#2121=AXIS2_PLACEMENT_3D('',#2955,#2369,#2370);
#2122=AXIS2_PLACEMENT_3D('',#2957,#2372,#2373);
#2123=AXIS2_PLACEMENT_3D('',#2963,#2377,#2378);
#2124=AXIS2_PLACEMENT_3D('',#2965,#2379,#2380);
#2125=AXIS2_PLACEMENT_3D('',#2967,#2381,#2382);
#2126=AXIS2_PLACEMENT_3D('',#2969,#2384,#2385);
#2127=AXIS2_PLACEMENT_3D('',#2975,#2389,#2390);
#2128=AXIS2_PLACEMENT_3D('',#2981,#2394,#2395);
#2129=AXIS2_PLACEMENT_3D('',#2987,#2399,#2400);
#2130=AXIS2_PLACEMENT_3D('',#2993,#2404,#2405);
#2131=AXIS2_PLACEMENT_3D('',#2999,#2409,#2410);
#2132=AXIS2_PLACEMENT_3D('',#3001,#2411,#2412);
#2133=AXIS2_PLACEMENT_3D('',#3003,#2413,#2414);
#2134=AXIS2_PLACEMENT_3D('',#3005,#2416,#2417);
#2135=AXIS2_PLACEMENT_3D('',#3011,#2421,#2422);
#2136=AXIS2_PLACEMENT_3D('',#3017,#2426,#2427);
#2137=AXIS2_PLACEMENT_3D('',#3023,#2431,#2432);
#2138=AXIS2_PLACEMENT_3D('',#3029,#2436,#2437);
#2139=AXIS2_PLACEMENT_3D('',#3035,#2441,#2442);
#2140=AXIS2_PLACEMENT_3D('',#3037,#2443,#2444);
#2141=AXIS2_PLACEMENT_3D('',#3039,#2445,#2446);
#2142=AXIS2_PLACEMENT_3D('',#3041,#2448,#2449);
#2143=AXIS2_PLACEMENT_3D('',#3047,#2453,#2454);
#2144=AXIS2_PLACEMENT_3D('',#3049,#2455,#2456);
#2145=AXIS2_PLACEMENT_3D('',#3051,#2457,#2458);
#2146=AXIS2_PLACEMENT_3D('',#3053,#2460,#2461);
#2147=AXIS2_PLACEMENT_3D('',#3059,#2465,#2466);
#2148=AXIS2_PLACEMENT_3D('',#3061,#2467,#2468);
#2149=AXIS2_PLACEMENT_3D('',#3063,#2469,#2470);
#2150=AXIS2_PLACEMENT_3D('',#3065,#2472,#2473);
#2151=AXIS2_PLACEMENT_3D('',#3071,#2477,#2478);
#2152=AXIS2_PLACEMENT_3D('',#3073,#2479,#2480);
#2153=AXIS2_PLACEMENT_3D('',#3075,#2481,#2482);
#2154=AXIS2_PLACEMENT_3D('',#3077,#2484,#2485);
#2155=AXIS2_PLACEMENT_3D('',#3083,#2489,#2490);
#2156=AXIS2_PLACEMENT_3D('',#3085,#2491,#2492);
#2157=AXIS2_PLACEMENT_3D('',#3087,#2493,#2494);
#2158=AXIS2_PLACEMENT_3D('',#3089,#2496,#2497);
#2159=AXIS2_PLACEMENT_3D('',#3095,#2501,#2502);
#2160=AXIS2_PLACEMENT_3D('',#3097,#2503,#2504);
#2161=AXIS2_PLACEMENT_3D('',#3099,#2505,#2506);
#2162=AXIS2_PLACEMENT_3D('',#3101,#2508,#2509);
#2163=AXIS2_PLACEMENT_3D('',#3107,#2513,#2514);
#2164=AXIS2_PLACEMENT_3D('',#3113,#2518,#2519);
#2165=AXIS2_PLACEMENT_3D('',#3119,#2523,#2524);
#2166=AXIS2_PLACEMENT_3D('',#3125,#2528,#2529);
#2167=AXIS2_PLACEMENT_3D('',#3131,#2533,#2534);
#2168=AXIS2_PLACEMENT_3D('',#3133,#2535,#2536);
#2169=AXIS2_PLACEMENT_3D('',#3135,#2537,#2538);
#2170=AXIS2_PLACEMENT_3D('',#3137,#2540,#2541);
#2171=AXIS2_PLACEMENT_3D('',#3143,#2545,#2546);
#2172=AXIS2_PLACEMENT_3D('',#3149,#2550,#2551);
#2173=AXIS2_PLACEMENT_3D('',#3155,#2555,#2556);
#2174=AXIS2_PLACEMENT_3D('',#3161,#2560,#2561);
#2175=AXIS2_PLACEMENT_3D('',#3167,#2565,#2566);
#2176=AXIS2_PLACEMENT_3D('',#3169,#2567,#2568);
#2177=AXIS2_PLACEMENT_3D('',#3171,#2569,#2570);
#2178=AXIS2_PLACEMENT_3D('',#3173,#2572,#2573);
#2179=AXIS2_PLACEMENT_3D('',#3179,#2577,#2578);
#2180=AXIS2_PLACEMENT_3D('',#3181,#2579,#2580);
#2181=AXIS2_PLACEMENT_3D('',#3183,#2581,#2582);
#2182=AXIS2_PLACEMENT_3D('',#3185,#2584,#2585);
#2183=AXIS2_PLACEMENT_3D('',#3191,#2589,#2590);
#2184=AXIS2_PLACEMENT_3D('',#3193,#2591,#2592);
#2185=AXIS2_PLACEMENT_3D('',#3195,#2593,#2594);
#2186=AXIS2_PLACEMENT_3D('',#3197,#2596,#2597);
#2187=AXIS2_PLACEMENT_3D('',#3203,#2601,#2602);
#2188=AXIS2_PLACEMENT_3D('',#3205,#2603,#2604);
#2189=AXIS2_PLACEMENT_3D('',#3207,#2605,#2606);
#2190=AXIS2_PLACEMENT_3D('',#3209,#2608,#2609);
#2191=AXIS2_PLACEMENT_3D('',#3215,#2613,#2614);
#2192=AXIS2_PLACEMENT_3D('',#3217,#2615,#2616);
#2193=AXIS2_PLACEMENT_3D('',#3219,#2617,#2618);
#2194=AXIS2_PLACEMENT_3D('',#3221,#2620,#2621);
#2195=AXIS2_PLACEMENT_3D('',#3227,#2625,#2626);
#2196=AXIS2_PLACEMENT_3D('',#3229,#2627,#2628);
#2197=AXIS2_PLACEMENT_3D('',#3231,#2629,#2630);
#2198=AXIS2_PLACEMENT_3D('',#3233,#2632,#2633);
#2199=AXIS2_PLACEMENT_3D('',#3239,#2637,#2638);
#2200=AXIS2_PLACEMENT_3D('',#3245,#2642,#2643);
#2201=AXIS2_PLACEMENT_3D('',#3251,#2647,#2648);
#2202=AXIS2_PLACEMENT_3D('',#3257,#2652,#2653);
#2203=AXIS2_PLACEMENT_3D('',#3263,#2657,#2658);
#2204=AXIS2_PLACEMENT_3D('',#3265,#2659,#2660);
#2205=AXIS2_PLACEMENT_3D('',#3267,#2661,#2662);
#2206=AXIS2_PLACEMENT_3D('',#3269,#2664,#2665);
#2207=AXIS2_PLACEMENT_3D('',#3275,#2669,#2670);
#2208=AXIS2_PLACEMENT_3D('',#3281,#2674,#2675);
#2209=AXIS2_PLACEMENT_3D('',#3287,#2679,#2680);
#2210=AXIS2_PLACEMENT_3D('',#3293,#2684,#2685);
#2211=AXIS2_PLACEMENT_3D('',#3299,#2689,#2690);
#2212=AXIS2_PLACEMENT_3D('',#3301,#2691,#2692);
#2213=AXIS2_PLACEMENT_3D('',#3303,#2693,#2694);
#2214=AXIS2_PLACEMENT_3D('',#3305,#2696,#2697);
#2215=AXIS2_PLACEMENT_3D('',#3311,#2701,#2702);
#2216=AXIS2_PLACEMENT_3D('',#3313,#2703,#2704);
#2217=AXIS2_PLACEMENT_3D('',#3315,#2705,#2706);
#2218=AXIS2_PLACEMENT_3D('',#3317,#2708,#2709);
#2219=AXIS2_PLACEMENT_3D('',#3323,#2713,#2714);
#2220=AXIS2_PLACEMENT_3D('',#3325,#2715,#2716);
#2221=AXIS2_PLACEMENT_3D('',#3327,#2717,#2718);
#2222=AXIS2_PLACEMENT_3D('',#3329,#2720,#2721);
#2223=AXIS2_PLACEMENT_3D('',#3335,#2725,#2726);
#2224=AXIS2_PLACEMENT_3D('',#3337,#2727,#2728);
#2225=AXIS2_PLACEMENT_3D('',#3339,#2729,#2730);
#2226=AXIS2_PLACEMENT_3D('',#3341,#2732,#2733);
#2227=AXIS2_PLACEMENT_3D('',#3347,#2737,#2738);
#2228=AXIS2_PLACEMENT_3D('',#3349,#2739,#2740);
#2229=AXIS2_PLACEMENT_3D('',#3351,#2741,#2742);
#2230=AXIS2_PLACEMENT_3D('',#3353,#2744,#2745);
#2231=AXIS2_PLACEMENT_3D('',#3359,#2749,#2750);
#2232=AXIS2_PLACEMENT_3D('',#3361,#2751,#2752);
#2233=AXIS2_PLACEMENT_3D('',#3363,#2753,#2754);
#2234=AXIS2_PLACEMENT_3D('',#3365,#2756,#2757);
#2235=AXIS2_PLACEMENT_3D('',#3371,#2761,#2762);
#2236=AXIS2_PLACEMENT_3D('',#3377,#2766,#2767);
#2237=AXIS2_PLACEMENT_3D('',#3383,#2771,#2772);
#2238=AXIS2_PLACEMENT_3D('',#3389,#2776,#2777);
#2239=AXIS2_PLACEMENT_3D('',#3395,#2781,#2782);
#2240=AXIS2_PLACEMENT_3D('',#3397,#2783,#2784);
#2241=AXIS2_PLACEMENT_3D('',#3399,#2785,#2786);
#2242=AXIS2_PLACEMENT_3D('',#3401,#2788,#2789);
#2243=AXIS2_PLACEMENT_3D('',#3407,#2793,#2794);
#2244=AXIS2_PLACEMENT_3D('',#3413,#2798,#2799);
#2245=AXIS2_PLACEMENT_3D('',#3416,#2802,#2803);
#2246=AXIS2_PLACEMENT_3D('',#3418,#2804,#2805);
#2247=AXIS2_PLACEMENT_3D('',#3420,#2806,#2807);
#2248=AXIS2_PLACEMENT_3D('',#3422,#2808,#2809);
#2249=AXIS2_PLACEMENT_3D('',#3424,#2810,#2811);
#2250=AXIS2_PLACEMENT_3D('',#3425,#2812,#2813);
#2251=AXIS2_PLACEMENT_3D('',#3427,#2814,#2815);
#2252=AXIS2_PLACEMENT_3D('',#3429,#2816,#2817);
#2253=AXIS2_PLACEMENT_3D('',#3430,#2818,#2819);
#2254=AXIS2_PLACEMENT_3D('',#3432,#2820,#2821);
#2255=AXIS2_PLACEMENT_3D('',#3434,#2822,#2823);
#2256=AXIS2_PLACEMENT_3D('',#3436,#2824,#2825);
#2257=AXIS2_PLACEMENT_3D('',#3438,#2826,#2827);
#2258=AXIS2_PLACEMENT_3D('',#3439,#2828,#2829);
#2259=AXIS2_PLACEMENT_3D('',#3441,#2830,#2831);
#2260=AXIS2_PLACEMENT_3D('',#3443,#2832,#2833);
#2261=AXIS2_PLACEMENT_3D('',#3444,#2834,#2835);
#2262=AXIS2_PLACEMENT_3D('',#3446,#2837,#2838);
#2263=AXIS2_PLACEMENT_3D('',#3448,#2840,#2841);
#2264=AXIS2_PLACEMENT_3D('',#3450,#2843,#2844);
#2265=AXIS2_PLACEMENT_3D('',#3452,#2846,#2847);
#2266=AXIS2_PLACEMENT_3D('',#3454,#2849,#2850);
#2267=AXIS2_PLACEMENT_3D('',#3456,#2852,#2853);
#2268=DIRECTION('axis',(0.,0.,1.));
#2269=DIRECTION('refdir',(1.,0.,0.));
#2270=DIRECTION('center_axis',(0.,1.,0.));
#2271=DIRECTION('ref_axis',(-1.,0.,0.));
#2272=DIRECTION('center_axis',(0.,-1.,0.));
#2273=DIRECTION('ref_axis',(1.,0.,0.));
#2274=DIRECTION('',(0.,1.,0.));
#2275=DIRECTION('center_axis',(0.,-1.,0.));
#2276=DIRECTION('ref_axis',(1.,0.,0.));
#2277=DIRECTION('',(0.,1.,0.));
#2278=DIRECTION('center_axis',(0.,1.,0.));
#2279=DIRECTION('ref_axis',(-1.,0.,0.));
#2280=DIRECTION('center_axis',(0.,-1.,0.));
#2281=DIRECTION('ref_axis',(1.,0.,0.));
#2282=DIRECTION('',(0.,1.,0.));
#2283=DIRECTION('center_axis',(0.,-1.,0.));
#2284=DIRECTION('ref_axis',(1.,0.,0.));
#2285=DIRECTION('',(0.,1.,0.));
#2286=DIRECTION('center_axis',(0.,1.,0.));
#2287=DIRECTION('ref_axis',(0.707106781186403,0.,0.707106781186692));
#2288=DIRECTION('center_axis',(0.,-1.,0.));
#2289=DIRECTION('ref_axis',(1.,0.,0.));
#2290=DIRECTION('',(0.,1.,0.));
#2291=DIRECTION('center_axis',(0.,-1.,0.));
#2292=DIRECTION('ref_axis',(1.,0.,0.));
#2293=DIRECTION('center_axis',(0.,1.,0.));
#2294=DIRECTION('ref_axis',(1.,0.,1.22464679914735E-16));
#2295=DIRECTION('center_axis',(0.,-1.,0.));
#2296=DIRECTION('ref_axis',(1.,0.,0.));
#2297=DIRECTION('',(0.,1.,0.));
#2298=DIRECTION('center_axis',(0.,-1.,0.));
#2299=DIRECTION('ref_axis',(1.,0.,0.));
#2300=DIRECTION('center_axis',(0.,1.,0.));
#2301=DIRECTION('ref_axis',(0.707106781185917,0.,-0.707106781187178));
#2302=DIRECTION('center_axis',(0.,-1.,0.));
#2303=DIRECTION('ref_axis',(1.,0.,0.));
#2304=DIRECTION('center_axis',(0.,-1.,0.));
#2305=DIRECTION('ref_axis',(1.,0.,0.));
#2306=DIRECTION('center_axis',(0.,0.,1.));
#2307=DIRECTION('ref_axis',(1.,0.,0.));
#2308=DIRECTION('',(1.,0.,0.));
#2309=DIRECTION('',(0.,1.,0.));
#2310=DIRECTION('',(1.,0.,0.));
#2311=DIRECTION('',(0.,1.,0.));
#2312=DIRECTION('center_axis',(1.,0.,0.));
#2313=DIRECTION('ref_axis',(0.,0.,-1.));
#2314=DIRECTION('',(0.,0.,-1.));
#2315=DIRECTION('',(0.,0.,-1.));
#2316=DIRECTION('',(0.,1.,0.));
#2317=DIRECTION('center_axis',(0.,1.,0.));
#2318=DIRECTION('ref_axis',(-1.,0.,0.));
#2319=DIRECTION('center_axis',(0.,1.,0.));
#2320=DIRECTION('ref_axis',(1.,0.,0.));
#2321=DIRECTION('center_axis',(0.,1.,0.));
#2322=DIRECTION('ref_axis',(1.,0.,0.));
#2323=DIRECTION('',(0.,1.,0.));
#2324=DIRECTION('center_axis',(0.,0.,1.));
#2325=DIRECTION('ref_axis',(1.,0.,0.));
#2326=DIRECTION('',(1.,0.,0.));
#2327=DIRECTION('',(1.,0.,0.));
#2328=DIRECTION('',(0.,1.,0.));
#2329=DIRECTION('center_axis',(0.,1.,0.));
#2330=DIRECTION('ref_axis',(-1.,0.,0.));
#2331=DIRECTION('center_axis',(0.,1.,0.));
#2332=DIRECTION('ref_axis',(1.,0.,0.));
#2333=DIRECTION('center_axis',(0.,1.,0.));
#2334=DIRECTION('ref_axis',(1.,0.,0.));
#2335=DIRECTION('',(0.,1.,0.));
#2336=DIRECTION('center_axis',(-0.70710678118655,0.,0.707106781186545));
#2337=DIRECTION('ref_axis',(0.707106781186545,0.,0.70710678118655));
#2338=DIRECTION('',(0.707106781186544,0.,0.707106781186551));
#2339=DIRECTION('',(0.707106781186544,0.,0.707106781186551));
#2340=DIRECTION('',(0.,1.,0.));
#2341=DIRECTION('center_axis',(0.,1.,0.));
#2342=DIRECTION('ref_axis',(-1.,0.,0.));
#2343=DIRECTION('center_axis',(0.,1.,0.));
#2344=DIRECTION('ref_axis',(1.,0.,0.));
#2345=DIRECTION('center_axis',(0.,1.,0.));
#2346=DIRECTION('ref_axis',(1.,0.,0.));
#2347=DIRECTION('',(0.,1.,0.));
#2348=DIRECTION('center_axis',(-1.,0.,0.));
#2349=DIRECTION('ref_axis',(0.,0.,1.));
#2350=DIRECTION('',(0.,0.,1.));
#2351=DIRECTION('',(0.,0.,1.));
#2352=DIRECTION('',(0.,1.,0.));
#2353=DIRECTION('center_axis',(0.,1.,0.));
#2354=DIRECTION('ref_axis',(-1.,0.,0.));
#2355=DIRECTION('center_axis',(0.,1.,0.));
#2356=DIRECTION('ref_axis',(1.,0.,0.));
#2357=DIRECTION('center_axis',(0.,1.,0.));
#2358=DIRECTION('ref_axis',(1.,0.,0.));
#2359=DIRECTION('',(0.,1.,0.));
#2360=DIRECTION('center_axis',(-0.707106781186545,0.,-0.70710678118655));
#2361=DIRECTION('ref_axis',(-0.70710678118655,0.,0.707106781186545));
#2362=DIRECTION('',(-0.70710678118655,0.,0.707106781186545));
#2363=DIRECTION('',(-0.70710678118655,0.,0.707106781186545));
#2364=DIRECTION('',(0.,1.,0.));
#2365=DIRECTION('center_axis',(0.,1.,0.));
#2366=DIRECTION('ref_axis',(-1.,0.,0.));
#2367=DIRECTION('center_axis',(0.,1.,0.));
#2368=DIRECTION('ref_axis',(1.,0.,0.));
#2369=DIRECTION('center_axis',(0.,1.,0.));
#2370=DIRECTION('ref_axis',(1.,0.,0.));
#2371=DIRECTION('',(0.,1.,0.));
#2372=DIRECTION('center_axis',(0.,0.,-1.));
#2373=DIRECTION('ref_axis',(-1.,0.,0.));
#2374=DIRECTION('',(-1.,0.,0.));
#2375=DIRECTION('',(-1.,0.,0.));
#2376=DIRECTION('',(0.,1.,0.));
#2377=DIRECTION('center_axis',(0.,1.,0.));
#2378=DIRECTION('ref_axis',(-1.,0.,0.));
#2379=DIRECTION('center_axis',(0.,1.,0.));
#2380=DIRECTION('ref_axis',(1.,0.,0.));
#2381=DIRECTION('center_axis',(0.,1.,0.));
#2382=DIRECTION('ref_axis',(1.,0.,0.));
#2383=DIRECTION('',(0.,1.,0.));
#2384=DIRECTION('center_axis',(1.,0.,0.));
#2385=DIRECTION('ref_axis',(0.,0.,-1.));
#2386=DIRECTION('',(0.,0.,-1.));
#2387=DIRECTION('',(0.,0.,-1.));
#2388=DIRECTION('',(0.,1.,0.));
#2389=DIRECTION('center_axis',(0.,0.,-1.));
#2390=DIRECTION('ref_axis',(-1.,0.,0.));
#2391=DIRECTION('',(-1.,0.,0.));
#2392=DIRECTION('',(-1.,0.,0.));
#2393=DIRECTION('',(0.,1.,0.));
#2394=DIRECTION('center_axis',(-1.,0.,0.));
#2395=DIRECTION('ref_axis',(0.,0.,1.));
#2396=DIRECTION('',(0.,0.,1.));
#2397=DIRECTION('',(0.,0.,1.));
#2398=DIRECTION('',(0.,1.,0.));
#2399=DIRECTION('center_axis',(0.,0.,-1.));
#2400=DIRECTION('ref_axis',(-1.,0.,0.));
#2401=DIRECTION('',(-1.,0.,0.));
#2402=DIRECTION('',(-1.,0.,0.));
#2403=DIRECTION('',(0.,1.,0.));
#2404=DIRECTION('center_axis',(-1.,0.,0.));
#2405=DIRECTION('ref_axis',(0.,0.,1.));
#2406=DIRECTION('',(0.,0.,1.));
#2407=DIRECTION('',(0.,0.,1.));
#2408=DIRECTION('',(0.,1.,0.));
#2409=DIRECTION('center_axis',(0.,1.,0.));
#2410=DIRECTION('ref_axis',(-1.,0.,0.));
#2411=DIRECTION('center_axis',(0.,-1.,0.));
#2412=DIRECTION('ref_axis',(1.,0.,0.));
#2413=DIRECTION('center_axis',(0.,-1.,0.));
#2414=DIRECTION('ref_axis',(1.,0.,0.));
#2415=DIRECTION('',(0.,1.,0.));
#2416=DIRECTION('center_axis',(0.,0.,1.));
#2417=DIRECTION('ref_axis',(1.,0.,0.));
#2418=DIRECTION('',(1.,0.,0.));
#2419=DIRECTION('',(1.,0.,0.));
#2420=DIRECTION('',(0.,1.,0.));
#2421=DIRECTION('center_axis',(1.,0.,0.));
#2422=DIRECTION('ref_axis',(0.,0.,-1.));
#2423=DIRECTION('',(0.,0.,-1.));
#2424=DIRECTION('',(0.,0.,-1.));
#2425=DIRECTION('',(0.,1.,0.));
#2426=DIRECTION('center_axis',(0.,0.,1.));
#2427=DIRECTION('ref_axis',(1.,0.,0.));
#2428=DIRECTION('',(1.,0.,0.));
#2429=DIRECTION('',(1.,0.,0.));
#2430=DIRECTION('',(0.,1.,0.));
#2431=DIRECTION('center_axis',(1.,0.,0.));
#2432=DIRECTION('ref_axis',(0.,0.,-1.));
#2433=DIRECTION('',(0.,0.,-1.));
#2434=DIRECTION('',(0.,0.,-1.));
#2435=DIRECTION('',(0.,1.,0.));
#2436=DIRECTION('center_axis',(0.,0.,-1.));
#2437=DIRECTION('ref_axis',(-1.,0.,0.));
#2438=DIRECTION('',(-1.,0.,0.));
#2439=DIRECTION('',(-1.,0.,0.));
#2440=DIRECTION('',(0.,1.,0.));
#2441=DIRECTION('center_axis',(0.,1.,0.));
#2442=DIRECTION('ref_axis',(-1.,0.,0.));
#2443=DIRECTION('center_axis',(0.,1.,0.));
#2444=DIRECTION('ref_axis',(1.,0.,0.));
#2445=DIRECTION('center_axis',(0.,1.,0.));
#2446=DIRECTION('ref_axis',(1.,0.,0.));
#2447=DIRECTION('',(0.,1.,0.));
#2448=DIRECTION('center_axis',(1.,0.,0.));
#2449=DIRECTION('ref_axis',(0.,0.,-1.));
#2450=DIRECTION('',(0.,0.,-1.));
#2451=DIRECTION('',(0.,0.,-1.));
#2452=DIRECTION('',(0.,1.,0.));
#2453=DIRECTION('center_axis',(0.,1.,0.));
#2454=DIRECTION('ref_axis',(-1.,0.,0.));
#2455=DIRECTION('center_axis',(0.,1.,0.));
#2456=DIRECTION('ref_axis',(1.,0.,0.));
#2457=DIRECTION('center_axis',(0.,1.,0.));
#2458=DIRECTION('ref_axis',(1.,0.,0.));
#2459=DIRECTION('',(0.,1.,0.));
#2460=DIRECTION('center_axis',(0.707106781186548,0.,0.707106781186548));
#2461=DIRECTION('ref_axis',(0.707106781186547,0.,-0.707106781186547));
#2462=DIRECTION('',(0.707106781186548,0.,-0.707106781186548));
#2463=DIRECTION('',(0.707106781186548,0.,-0.707106781186548));
#2464=DIRECTION('',(0.,1.,0.));
#2465=DIRECTION('center_axis',(0.,1.,0.));
#2466=DIRECTION('ref_axis',(-1.,0.,0.));
#2467=DIRECTION('center_axis',(0.,1.,0.));
#2468=DIRECTION('ref_axis',(1.,0.,0.));
#2469=DIRECTION('center_axis',(0.,1.,0.));
#2470=DIRECTION('ref_axis',(1.,0.,0.));
#2471=DIRECTION('',(0.,1.,0.));
#2472=DIRECTION('center_axis',(0.,0.,1.));
#2473=DIRECTION('ref_axis',(1.,0.,0.));
#2474=DIRECTION('',(1.,0.,0.));
#2475=DIRECTION('',(1.,0.,0.));
#2476=DIRECTION('',(0.,1.,0.));
#2477=DIRECTION('center_axis',(0.,1.,0.));
#2478=DIRECTION('ref_axis',(-1.,0.,0.));
#2479=DIRECTION('center_axis',(0.,1.,0.));
#2480=DIRECTION('ref_axis',(1.,0.,0.));
#2481=DIRECTION('center_axis',(0.,1.,0.));
#2482=DIRECTION('ref_axis',(1.,0.,0.));
#2483=DIRECTION('',(0.,1.,0.));
#2484=DIRECTION('center_axis',(-0.707106781186548,0.,0.707106781186548));
#2485=DIRECTION('ref_axis',(0.707106781186547,0.,0.707106781186547));
#2486=DIRECTION('',(0.707106781186549,0.,0.707106781186546));
#2487=DIRECTION('',(0.707106781186549,0.,0.707106781186546));
#2488=DIRECTION('',(0.,1.,0.));
#2489=DIRECTION('center_axis',(0.,1.,0.));
#2490=DIRECTION('ref_axis',(-1.,0.,0.));
#2491=DIRECTION('center_axis',(0.,1.,0.));
#2492=DIRECTION('ref_axis',(1.,0.,0.));
#2493=DIRECTION('center_axis',(0.,1.,0.));
#2494=DIRECTION('ref_axis',(1.,0.,0.));
#2495=DIRECTION('',(0.,1.,0.));
#2496=DIRECTION('center_axis',(-1.,0.,0.));
#2497=DIRECTION('ref_axis',(0.,0.,1.));
#2498=DIRECTION('',(0.,0.,1.));
#2499=DIRECTION('',(0.,0.,1.));
#2500=DIRECTION('',(0.,1.,0.));
#2501=DIRECTION('center_axis',(0.,1.,0.));
#2502=DIRECTION('ref_axis',(-1.,0.,0.));
#2503=DIRECTION('center_axis',(0.,1.,0.));
#2504=DIRECTION('ref_axis',(1.,0.,0.));
#2505=DIRECTION('center_axis',(0.,1.,0.));
#2506=DIRECTION('ref_axis',(1.,0.,0.));
#2507=DIRECTION('',(0.,1.,0.));
#2508=DIRECTION('center_axis',(0.,0.,-1.));
#2509=DIRECTION('ref_axis',(-1.,0.,0.));
#2510=DIRECTION('',(-1.,0.,0.));
#2511=DIRECTION('',(-1.,0.,0.));
#2512=DIRECTION('',(0.,1.,0.));
#2513=DIRECTION('center_axis',(-1.,0.,0.));
#2514=DIRECTION('ref_axis',(0.,0.,1.));
#2515=DIRECTION('',(0.,0.,1.));
#2516=DIRECTION('',(0.,0.,1.));
#2517=DIRECTION('',(0.,1.,0.));
#2518=DIRECTION('center_axis',(0.,0.,1.));
#2519=DIRECTION('ref_axis',(1.,0.,0.));
#2520=DIRECTION('',(1.,0.,0.));
#2521=DIRECTION('',(1.,0.,0.));
#2522=DIRECTION('',(0.,1.,0.));
#2523=DIRECTION('center_axis',(-1.,0.,0.));
#2524=DIRECTION('ref_axis',(0.,0.,1.));
#2525=DIRECTION('',(0.,0.,1.));
#2526=DIRECTION('',(0.,0.,1.));
#2527=DIRECTION('',(0.,1.,0.));
#2528=DIRECTION('center_axis',(-8.56653568761781E-16,0.,1.));
#2529=DIRECTION('ref_axis',(1.,0.,8.56653568761781E-16));
#2530=DIRECTION('',(1.,0.,1.09651656801508E-15));
#2531=DIRECTION('',(1.,0.,1.09651656801508E-15));
#2532=DIRECTION('',(0.,1.,0.));
#2533=DIRECTION('center_axis',(0.,1.,0.));
#2534=DIRECTION('ref_axis',(-1.,0.,0.));
#2535=DIRECTION('center_axis',(0.,-1.,0.));
#2536=DIRECTION('ref_axis',(1.,0.,0.));
#2537=DIRECTION('center_axis',(0.,-1.,0.));
#2538=DIRECTION('ref_axis',(1.,0.,0.));
#2539=DIRECTION('',(0.,1.,0.));
#2540=DIRECTION('center_axis',(1.,0.,0.));
#2541=DIRECTION('ref_axis',(0.,0.,-1.));
#2542=DIRECTION('',(0.,0.,-1.));
#2543=DIRECTION('',(0.,0.,-1.));
#2544=DIRECTION('',(0.,1.,0.));
#2545=DIRECTION('center_axis',(0.,0.,-1.));
#2546=DIRECTION('ref_axis',(-1.,0.,0.));
#2547=DIRECTION('',(-1.,0.,0.));
#2548=DIRECTION('',(-1.,0.,0.));
#2549=DIRECTION('',(0.,1.,0.));
#2550=DIRECTION('center_axis',(1.,0.,0.));
#2551=DIRECTION('ref_axis',(0.,0.,-1.));
#2552=DIRECTION('',(0.,0.,-1.));
#2553=DIRECTION('',(0.,0.,-1.));
#2554=DIRECTION('',(0.,1.,0.));
#2555=DIRECTION('center_axis',(0.,0.,-1.));
#2556=DIRECTION('ref_axis',(-1.,0.,0.));
#2557=DIRECTION('',(-1.,0.,0.));
#2558=DIRECTION('',(-1.,0.,0.));
#2559=DIRECTION('',(0.,1.,0.));
#2560=DIRECTION('center_axis',(-1.,0.,0.));
#2561=DIRECTION('ref_axis',(0.,0.,1.));
#2562=DIRECTION('',(0.,0.,1.));
#2563=DIRECTION('',(0.,0.,1.));
#2564=DIRECTION('',(0.,1.,0.));
#2565=DIRECTION('center_axis',(0.,1.,0.));
#2566=DIRECTION('ref_axis',(-1.,0.,0.));
#2567=DIRECTION('center_axis',(0.,1.,0.));
#2568=DIRECTION('ref_axis',(1.,0.,0.));
#2569=DIRECTION('center_axis',(0.,1.,0.));
#2570=DIRECTION('ref_axis',(1.,0.,0.));
#2571=DIRECTION('',(0.,1.,0.));
#2572=DIRECTION('center_axis',(0.,0.,-1.));
#2573=DIRECTION('ref_axis',(-1.,0.,0.));
#2574=DIRECTION('',(-1.,0.,0.));
#2575=DIRECTION('',(-1.,0.,0.));
#2576=DIRECTION('',(0.,1.,0.));
#2577=DIRECTION('center_axis',(0.,1.,0.));
#2578=DIRECTION('ref_axis',(-1.,0.,0.));
#2579=DIRECTION('center_axis',(0.,1.,0.));
#2580=DIRECTION('ref_axis',(1.,0.,0.));
#2581=DIRECTION('center_axis',(0.,1.,0.));
#2582=DIRECTION('ref_axis',(1.,0.,0.));
#2583=DIRECTION('',(0.,1.,0.));
#2584=DIRECTION('center_axis',(0.707106781186547,0.,-0.707106781186548));
#2585=DIRECTION('ref_axis',(-0.707106781186548,0.,-0.707106781186547));
#2586=DIRECTION('',(-0.707106781186547,0.,-0.707106781186548));
#2587=DIRECTION('',(-0.707106781186547,0.,-0.707106781186548));
#2588=DIRECTION('',(0.,1.,0.));
#2589=DIRECTION('center_axis',(0.,1.,0.));
#2590=DIRECTION('ref_axis',(-1.,0.,0.));
#2591=DIRECTION('center_axis',(0.,1.,0.));
#2592=DIRECTION('ref_axis',(1.,0.,0.));
#2593=DIRECTION('center_axis',(0.,1.,0.));
#2594=DIRECTION('ref_axis',(1.,0.,0.));
#2595=DIRECTION('',(0.,1.,0.));
#2596=DIRECTION('center_axis',(1.,0.,0.));
#2597=DIRECTION('ref_axis',(0.,0.,-1.));
#2598=DIRECTION('',(0.,0.,-1.));
#2599=DIRECTION('',(0.,0.,-1.));
#2600=DIRECTION('',(0.,1.,0.));
#2601=DIRECTION('center_axis',(0.,1.,0.));
#2602=DIRECTION('ref_axis',(-1.,0.,0.));
#2603=DIRECTION('center_axis',(0.,1.,0.));
#2604=DIRECTION('ref_axis',(1.,0.,0.));
#2605=DIRECTION('center_axis',(0.,1.,0.));
#2606=DIRECTION('ref_axis',(1.,0.,0.));
#2607=DIRECTION('',(0.,1.,0.));
#2608=DIRECTION('center_axis',(0.707106781186548,0.,0.707106781186547));
#2609=DIRECTION('ref_axis',(0.707106781186547,0.,-0.707106781186548));
#2610=DIRECTION('',(0.707106781186548,0.,-0.707106781186547));
#2611=DIRECTION('',(0.707106781186548,0.,-0.707106781186547));
#2612=DIRECTION('',(0.,1.,0.));
#2613=DIRECTION('center_axis',(0.,1.,0.));
#2614=DIRECTION('ref_axis',(-1.,0.,0.));
#2615=DIRECTION('center_axis',(0.,1.,0.));
#2616=DIRECTION('ref_axis',(1.,0.,0.));
#2617=DIRECTION('center_axis',(0.,1.,0.));
#2618=DIRECTION('ref_axis',(1.,0.,0.));
#2619=DIRECTION('',(0.,1.,0.));
#2620=DIRECTION('center_axis',(0.,0.,1.));
#2621=DIRECTION('ref_axis',(1.,0.,0.));
#2622=DIRECTION('',(1.,0.,0.));
#2623=DIRECTION('',(1.,0.,0.));
#2624=DIRECTION('',(0.,1.,0.));
#2625=DIRECTION('center_axis',(0.,1.,0.));
#2626=DIRECTION('ref_axis',(-1.,0.,0.));
#2627=DIRECTION('center_axis',(0.,1.,0.));
#2628=DIRECTION('ref_axis',(1.,0.,0.));
#2629=DIRECTION('center_axis',(0.,1.,0.));
#2630=DIRECTION('ref_axis',(1.,0.,0.));
#2631=DIRECTION('',(0.,1.,0.));
#2632=DIRECTION('center_axis',(-1.,0.,0.));
#2633=DIRECTION('ref_axis',(0.,0.,1.));
#2634=DIRECTION('',(0.,0.,1.));
#2635=DIRECTION('',(0.,0.,1.));
#2636=DIRECTION('',(0.,1.,0.));
#2637=DIRECTION('center_axis',(0.,0.,1.));
#2638=DIRECTION('ref_axis',(1.,0.,0.));
#2639=DIRECTION('',(1.,0.,0.));
#2640=DIRECTION('',(1.,0.,0.));
#2641=DIRECTION('',(0.,1.,0.));
#2642=DIRECTION('center_axis',(1.,0.,0.));
#2643=DIRECTION('ref_axis',(0.,0.,-1.));
#2644=DIRECTION('',(0.,0.,-1.));
#2645=DIRECTION('',(0.,0.,-1.));
#2646=DIRECTION('',(0.,1.,0.));
#2647=DIRECTION('center_axis',(0.,0.,1.));
#2648=DIRECTION('ref_axis',(1.,0.,0.));
#2649=DIRECTION('',(1.,0.,0.));
#2650=DIRECTION('',(1.,0.,0.));
#2651=DIRECTION('',(0.,1.,0.));
#2652=DIRECTION('center_axis',(1.,0.,0.));
#2653=DIRECTION('ref_axis',(0.,0.,-1.));
#2654=DIRECTION('',(0.,0.,-1.));
#2655=DIRECTION('',(0.,0.,-1.));
#2656=DIRECTION('',(0.,1.,0.));
#2657=DIRECTION('center_axis',(0.,1.,0.));
#2658=DIRECTION('ref_axis',(-1.,0.,0.));
#2659=DIRECTION('center_axis',(0.,-1.,0.));
#2660=DIRECTION('ref_axis',(1.,0.,0.));
#2661=DIRECTION('center_axis',(0.,-1.,0.));
#2662=DIRECTION('ref_axis',(1.,0.,0.));
#2663=DIRECTION('',(0.,1.,0.));
#2664=DIRECTION('center_axis',(0.,0.,-1.));
#2665=DIRECTION('ref_axis',(-1.,0.,0.));
#2666=DIRECTION('',(-1.,0.,0.));
#2667=DIRECTION('',(-1.,0.,0.));
#2668=DIRECTION('',(0.,1.,0.));
#2669=DIRECTION('center_axis',(-1.,0.,0.));
#2670=DIRECTION('ref_axis',(0.,0.,1.));
#2671=DIRECTION('',(0.,0.,1.));
#2672=DIRECTION('',(0.,0.,1.));
#2673=DIRECTION('',(0.,1.,0.));
#2674=DIRECTION('center_axis',(0.,0.,-1.));
#2675=DIRECTION('ref_axis',(-1.,0.,0.));
#2676=DIRECTION('',(-1.,0.,0.));
#2677=DIRECTION('',(-1.,0.,0.));
#2678=DIRECTION('',(0.,1.,0.));
#2679=DIRECTION('center_axis',(-1.,0.,0.));
#2680=DIRECTION('ref_axis',(0.,0.,1.));
#2681=DIRECTION('',(0.,0.,1.));
#2682=DIRECTION('',(0.,0.,1.));
#2683=DIRECTION('',(0.,1.,0.));
#2684=DIRECTION('center_axis',(0.,0.,1.));
#2685=DIRECTION('ref_axis',(1.,0.,0.));
#2686=DIRECTION('',(1.,0.,0.));
#2687=DIRECTION('',(1.,0.,0.));
#2688=DIRECTION('',(0.,1.,0.));
#2689=DIRECTION('center_axis',(0.,1.,0.));
#2690=DIRECTION('ref_axis',(-1.,0.,0.));
#2691=DIRECTION('center_axis',(0.,1.,0.));
#2692=DIRECTION('ref_axis',(1.,0.,0.));
#2693=DIRECTION('center_axis',(0.,1.,0.));
#2694=DIRECTION('ref_axis',(1.,0.,0.));
#2695=DIRECTION('',(0.,1.,0.));
#2696=DIRECTION('center_axis',(-1.,0.,0.));
#2697=DIRECTION('ref_axis',(0.,0.,1.));
#2698=DIRECTION('',(0.,0.,1.));
#2699=DIRECTION('',(0.,0.,1.));
#2700=DIRECTION('',(0.,1.,0.));
#2701=DIRECTION('center_axis',(0.,1.,0.));
#2702=DIRECTION('ref_axis',(-1.,0.,0.));
#2703=DIRECTION('center_axis',(0.,1.,0.));
#2704=DIRECTION('ref_axis',(1.,0.,0.));
#2705=DIRECTION('center_axis',(0.,1.,0.));
#2706=DIRECTION('ref_axis',(1.,0.,0.));
#2707=DIRECTION('',(0.,1.,0.));
#2708=DIRECTION('center_axis',(-0.707106781186548,0.,-0.707106781186547));
#2709=DIRECTION('ref_axis',(-0.707106781186547,0.,0.707106781186548));
#2710=DIRECTION('',(-0.707106781186547,0.,0.707106781186548));
#2711=DIRECTION('',(-0.707106781186547,0.,0.707106781186548));
#2712=DIRECTION('',(0.,1.,0.));
#2713=DIRECTION('center_axis',(0.,1.,0.));
#2714=DIRECTION('ref_axis',(-1.,0.,0.));
#2715=DIRECTION('center_axis',(0.,1.,0.));
#2716=DIRECTION('ref_axis',(1.,0.,0.));
#2717=DIRECTION('center_axis',(0.,1.,0.));
#2718=DIRECTION('ref_axis',(1.,0.,0.));
#2719=DIRECTION('',(0.,1.,0.));
#2720=DIRECTION('center_axis',(0.,0.,-1.));
#2721=DIRECTION('ref_axis',(-1.,0.,0.));
#2722=DIRECTION('',(-1.,0.,0.));
#2723=DIRECTION('',(-1.,0.,0.));
#2724=DIRECTION('',(0.,1.,0.));
#2725=DIRECTION('center_axis',(0.,1.,0.));
#2726=DIRECTION('ref_axis',(-1.,0.,0.));
#2727=DIRECTION('center_axis',(0.,1.,0.));
#2728=DIRECTION('ref_axis',(1.,0.,0.));
#2729=DIRECTION('center_axis',(0.,1.,0.));
#2730=DIRECTION('ref_axis',(1.,0.,0.));
#2731=DIRECTION('',(0.,1.,0.));
#2732=DIRECTION('center_axis',(0.707106781186547,0.,-0.707106781186548));
#2733=DIRECTION('ref_axis',(-0.707106781186548,0.,-0.707106781186547));
#2734=DIRECTION('',(-0.707106781186548,0.,-0.707106781186547));
#2735=DIRECTION('',(-0.707106781186548,0.,-0.707106781186547));
#2736=DIRECTION('',(0.,1.,0.));
#2737=DIRECTION('center_axis',(0.,1.,0.));
#2738=DIRECTION('ref_axis',(-1.,0.,0.));
#2739=DIRECTION('center_axis',(0.,1.,0.));
#2740=DIRECTION('ref_axis',(1.,0.,0.));
#2741=DIRECTION('center_axis',(0.,1.,0.));
#2742=DIRECTION('ref_axis',(1.,0.,0.));
#2743=DIRECTION('',(0.,1.,0.));
#2744=DIRECTION('center_axis',(1.,0.,0.));
#2745=DIRECTION('ref_axis',(0.,0.,-1.));
#2746=DIRECTION('',(0.,0.,-1.));
#2747=DIRECTION('',(0.,0.,-1.));
#2748=DIRECTION('',(0.,1.,0.));
#2749=DIRECTION('center_axis',(0.,1.,0.));
#2750=DIRECTION('ref_axis',(-1.,0.,0.));
#2751=DIRECTION('center_axis',(0.,1.,0.));
#2752=DIRECTION('ref_axis',(1.,0.,0.));
#2753=DIRECTION('center_axis',(0.,1.,0.));
#2754=DIRECTION('ref_axis',(1.,0.,0.));
#2755=DIRECTION('',(0.,1.,0.));
#2756=DIRECTION('center_axis',(0.,0.,1.));
#2757=DIRECTION('ref_axis',(1.,0.,0.));
#2758=DIRECTION('',(1.,0.,0.));
#2759=DIRECTION('',(1.,0.,0.));
#2760=DIRECTION('',(0.,1.,0.));
#2761=DIRECTION('center_axis',(1.,0.,0.));
#2762=DIRECTION('ref_axis',(0.,0.,-1.));
#2763=DIRECTION('',(0.,0.,-1.));
#2764=DIRECTION('',(0.,0.,-1.));
#2765=DIRECTION('',(0.,1.,0.));
#2766=DIRECTION('center_axis',(0.,0.,-1.));
#2767=DIRECTION('ref_axis',(-1.,0.,0.));
#2768=DIRECTION('',(-1.,0.,0.));
#2769=DIRECTION('',(-1.,0.,0.));
#2770=DIRECTION('',(0.,1.,0.));
#2771=DIRECTION('center_axis',(1.,0.,0.));
#2772=DIRECTION('ref_axis',(0.,0.,-1.));
#2773=DIRECTION('',(0.,0.,-1.));
#2774=DIRECTION('',(0.,0.,-1.));
#2775=DIRECTION('',(0.,1.,0.));
#2776=DIRECTION('center_axis',(0.,0.,-1.));
#2777=DIRECTION('ref_axis',(-1.,0.,0.));
#2778=DIRECTION('',(-1.,0.,0.));
#2779=DIRECTION('',(-1.,0.,0.));
#2780=DIRECTION('',(0.,1.,0.));
#2781=DIRECTION('center_axis',(0.,1.,0.));
#2782=DIRECTION('ref_axis',(-1.,0.,0.));
#2783=DIRECTION('center_axis',(0.,-1.,0.));
#2784=DIRECTION('ref_axis',(1.,0.,0.));
#2785=DIRECTION('center_axis',(0.,-1.,0.));
#2786=DIRECTION('ref_axis',(1.,0.,0.));
#2787=DIRECTION('',(0.,1.,0.));
#2788=DIRECTION('center_axis',(-1.,0.,0.));
#2789=DIRECTION('ref_axis',(0.,0.,1.));
#2790=DIRECTION('',(0.,0.,1.));
#2791=DIRECTION('',(0.,0.,1.));
#2792=DIRECTION('',(0.,1.,0.));
#2793=DIRECTION('center_axis',(0.,0.,1.));
#2794=DIRECTION('ref_axis',(1.,0.,0.));
#2795=DIRECTION('',(1.,0.,0.));
#2796=DIRECTION('',(1.,0.,0.));
#2797=DIRECTION('',(0.,1.,0.));
#2798=DIRECTION('center_axis',(-1.,0.,0.));
#2799=DIRECTION('ref_axis',(0.,0.,1.));
#2800=DIRECTION('',(0.,0.,1.));
#2801=DIRECTION('',(0.,0.,1.));
#2802=DIRECTION('center_axis',(0.,-1.,0.));
#2803=DIRECTION('ref_axis',(0.,0.,-1.));
#2804=DIRECTION('center_axis',(0.,-1.,0.));
#2805=DIRECTION('ref_axis',(1.,0.,0.));
#2806=DIRECTION('center_axis',(0.,-1.,0.));
#2807=DIRECTION('ref_axis',(1.,0.,0.));
#2808=DIRECTION('center_axis',(0.,-1.,0.));
#2809=DIRECTION('ref_axis',(1.,0.,0.));
#2810=DIRECTION('center_axis',(0.,-1.,0.));
#2811=DIRECTION('ref_axis',(1.,0.,0.));
#2812=DIRECTION('center_axis',(0.,-1.,0.));
#2813=DIRECTION('ref_axis',(1.,0.,0.));
#2814=DIRECTION('center_axis',(0.,-1.,0.));
#2815=DIRECTION('ref_axis',(1.,0.,0.));
#2816=DIRECTION('center_axis',(0.,-1.,0.));
#2817=DIRECTION('ref_axis',(1.,0.,0.));
#2818=DIRECTION('center_axis',(0.,-1.,0.));
#2819=DIRECTION('ref_axis',(0.,0.,-1.));
#2820=DIRECTION('center_axis',(0.,-1.,0.));
#2821=DIRECTION('ref_axis',(1.,0.,0.));
#2822=DIRECTION('center_axis',(0.,-1.,0.));
#2823=DIRECTION('ref_axis',(1.,0.,0.));
#2824=DIRECTION('center_axis',(0.,-1.,0.));
#2825=DIRECTION('ref_axis',(1.,0.,0.));
#2826=DIRECTION('center_axis',(0.,-1.,0.));
#2827=DIRECTION('ref_axis',(1.,0.,0.));
#2828=DIRECTION('center_axis',(0.,-1.,0.));
#2829=DIRECTION('ref_axis',(1.,0.,0.));
#2830=DIRECTION('center_axis',(0.,-1.,0.));
#2831=DIRECTION('ref_axis',(1.,0.,0.));
#2832=DIRECTION('center_axis',(0.,-1.,0.));
#2833=DIRECTION('ref_axis',(1.,0.,0.));
#2834=DIRECTION('center_axis',(0.,1.,0.));
#2835=DIRECTION('ref_axis',(-1.,0.,0.));
#2836=DIRECTION('',(0.,1.,0.));
#2837=DIRECTION('center_axis',(0.,1.,0.));
#2838=DIRECTION('ref_axis',(-1.,0.,0.));
#2839=DIRECTION('',(0.,1.,0.));
#2840=DIRECTION('center_axis',(0.,1.,0.));
#2841=DIRECTION('ref_axis',(-1.,0.,0.));
#2842=DIRECTION('',(0.,1.,0.));
#2843=DIRECTION('center_axis',(0.,1.,0.));
#2844=DIRECTION('ref_axis',(-1.,0.,0.));
#2845=DIRECTION('',(0.,1.,0.));
#2846=DIRECTION('center_axis',(0.,1.,0.));
#2847=DIRECTION('ref_axis',(-1.,0.,0.));
#2848=DIRECTION('',(0.,1.,0.));
#2849=DIRECTION('center_axis',(0.,1.,0.));
#2850=DIRECTION('ref_axis',(-1.,0.,0.));
#2851=DIRECTION('',(0.,1.,0.));
#2852=DIRECTION('center_axis',(0.,1.,0.));
#2853=DIRECTION('ref_axis',(-1.,0.,0.));
#2854=CARTESIAN_POINT('',(0.,0.,0.));
#2855=CARTESIAN_POINT('Origin',(0.0163694192267923,-0.926602058764943,0.0648710895810247));
#2856=CARTESIAN_POINT('',(0.0140416442056874,0.123397941235057,0.0604459948418016));
#2857=CARTESIAN_POINT('',(0.0186971942478976,0.123397941235057,0.060445994841802));
#2858=CARTESIAN_POINT('Origin',(0.0163694192267923,0.123397941235057,0.0648710895810247));
#2859=CARTESIAN_POINT('',(0.0140416442056875,0.023397941235057,0.0604459948418017));
#2860=CARTESIAN_POINT('',(0.0140416442056874,0.023397941235057,0.0604459948418016));
#2861=CARTESIAN_POINT('',(0.0186971942478976,0.0233979412350569,0.060445994841802));
#2862=CARTESIAN_POINT('Origin',(0.0163694192267923,0.023397941235057,0.0648710895810247));
#2863=CARTESIAN_POINT('',(0.0186971942478976,0.0233979412350569,0.060445994841802));
#2864=CARTESIAN_POINT('Origin',(0.0163694192267923,-0.926602058764943,0.0648710895810247));
#2865=CARTESIAN_POINT('',(0.0186971942479017,0.123397941235057,0.0692961843202462));
#2866=CARTESIAN_POINT('',(0.0140416442056875,0.123397941235057,0.0692961843202487));
#2867=CARTESIAN_POINT('Origin',(0.0163694192267923,0.123397941235057,0.0648710895810247));
#2868=CARTESIAN_POINT('',(0.0186971942479017,0.0233979412350569,0.0692961843202462));
#2869=CARTESIAN_POINT('',(0.0186971942479017,0.0233979412350569,0.0692961843202462));
#2870=CARTESIAN_POINT('',(0.0140416442056875,0.023397941235057,0.0692961843202487));
#2871=CARTESIAN_POINT('Origin',(0.0163694192267923,0.023397941235057,0.0648710895810247));
#2872=CARTESIAN_POINT('',(0.0140416442056875,0.023397941235057,0.0692961843202487));
#2873=CARTESIAN_POINT('Origin',(0.0199049531327354,-0.926602058764943,0.0684066234869661));
#2874=CARTESIAN_POINT('',(0.0207945139660159,0.123397941235057,0.0671988646021329));
#2875=CARTESIAN_POINT('Origin',(0.0199049531327354,0.123397941235057,0.0684066234869661));
#2876=CARTESIAN_POINT('',(0.0207945139660159,0.0233979412350569,0.0671988646021329));
#2877=CARTESIAN_POINT('',(0.0207945139660159,0.0233979412350569,0.0671988646021329));
#2878=CARTESIAN_POINT('Origin',(0.0199049531327354,0.023397941235057,0.0684066234869661));
#2879=CARTESIAN_POINT('Origin',(0.0163694192267923,-0.926602058764943,0.0648710895810247));
#2880=CARTESIAN_POINT('',(0.0207945139660159,0.123397941235057,0.0625433145599165));
#2881=CARTESIAN_POINT('Origin',(0.0163694192267923,0.123397941235057,0.0648710895810247));
#2882=CARTESIAN_POINT('',(0.0207945139660159,0.0233979412350569,0.0625433145599165));
#2883=CARTESIAN_POINT('',(0.0207945139660159,0.0233979412350569,0.0625433145599165));
#2884=CARTESIAN_POINT('Origin',(0.0163694192267923,0.023397941235057,0.0648710895810247));
#2885=CARTESIAN_POINT('Origin',(0.0199049531327248,-0.926602058764943,0.0613355556750909));
#2886=CARTESIAN_POINT('Origin',(0.0199049531327248,0.123397941235057,0.0613355556750909));
#2887=CARTESIAN_POINT('Origin',(0.0199049531327248,0.023397941235057,0.0613355556750909));
#2888=CARTESIAN_POINT('Origin',(0.0305694192267816,-0.926602058764943,0.0689710895846124));
#2889=CARTESIAN_POINT('',(0.0291694192267811,0.123397941235057,0.0689710895846124));
#2890=CARTESIAN_POINT('',(0.0305694192267816,0.123397941235057,0.0689710895846124));
#2891=CARTESIAN_POINT('',(0.0291694192267811,0.123397941235057,0.0689710895846124));
#2892=CARTESIAN_POINT('',(0.0305694192267816,0.0233979412350569,0.0689710895846124));
#2893=CARTESIAN_POINT('',(0.0305694192267816,0.0233979412350569,0.0689710895846124));
#2894=CARTESIAN_POINT('',(0.0291694192267811,0.0233979412350569,0.0689710895846124));
#2895=CARTESIAN_POINT('',(0.0291694192267811,0.023397941235057,0.0689710895846124));
#2896=CARTESIAN_POINT('',(0.0291694192267811,0.0233979412350569,0.0689710895846124));
#2897=CARTESIAN_POINT('Origin',(0.0291694192267811,-0.926602058764943,0.0689710895846124));
#2898=CARTESIAN_POINT('',(0.0291694192267811,0.123397941235057,0.0718710895810332));
#2899=CARTESIAN_POINT('',(0.0291694192267811,0.123397941235057,0.0718710895810332));
#2900=CARTESIAN_POINT('',(0.0291694192267811,0.0233979412350569,0.0718710895810332));
#2901=CARTESIAN_POINT('',(0.0291694192267811,0.023397941235057,0.0718710895810332));
#2902=CARTESIAN_POINT('',(0.0291694192267811,0.0233979412350569,0.0718710895810332));
#2903=CARTESIAN_POINT('Origin',(0.0281694192267806,-0.926602058764943,0.0718710895810332));
#2904=CARTESIAN_POINT('',(0.0281694192267806,0.123397941235057,0.0728710895810337));
#2905=CARTESIAN_POINT('Origin',(0.0281694192267806,0.123397941235057,0.0718710895810332));
#2906=CARTESIAN_POINT('',(0.0281694192267806,0.0233979412350569,0.0728710895810337));
#2907=CARTESIAN_POINT('Origin',(0.0281694192267806,0.023397941235057,0.0718710895810332));
#2908=CARTESIAN_POINT('',(0.0281694192267806,0.0233979412350569,0.0728710895810337));
#2909=CARTESIAN_POINT('Origin',(0.0281694192267806,-0.926602058764943,0.0728710895810337));
#2910=CARTESIAN_POINT('',(0.0261978463533161,0.123397941235057,0.0728710895810337));
#2911=CARTESIAN_POINT('',(0.0261978463533161,0.123397941235057,0.0728710895810337));
#2912=CARTESIAN_POINT('',(0.0261978463533161,0.0233979412350569,0.0728710895810337));
#2913=CARTESIAN_POINT('',(0.0261978463533161,0.023397941235057,0.0728710895810337));
#2914=CARTESIAN_POINT('',(0.0261978463533161,0.0233979412350569,0.0728710895810337));
#2915=CARTESIAN_POINT('Origin',(0.0261978463533161,-0.926602058764943,0.0718710895810339));
#2916=CARTESIAN_POINT('',(0.0254907395721297,0.123397941235057,0.0725781963622203));
#2917=CARTESIAN_POINT('Origin',(0.0261978463533161,0.123397941235057,0.0718710895810339));
#2918=CARTESIAN_POINT('',(0.0254907395721297,0.0233979412350569,0.0725781963622203));
#2919=CARTESIAN_POINT('Origin',(0.0261978463533161,0.023397941235057,0.0718710895810339));
#2920=CARTESIAN_POINT('',(0.0254907395721297,0.0233979412350569,0.0725781963622203));
#2921=CARTESIAN_POINT('Origin',(0.0254907395721297,-0.926602058764943,0.0725781963622203));
#2922=CARTESIAN_POINT('',(0.0236623124473826,0.123397941235057,0.0707497692374731));
#2923=CARTESIAN_POINT('',(0.0236623124473826,0.123397941235057,0.0707497692374731));
#2924=CARTESIAN_POINT('',(0.0236623124473826,0.0233979412350569,0.0707497692374731));
#2925=CARTESIAN_POINT('',(0.0236623124473826,0.023397941235057,0.0707497692374731));
#2926=CARTESIAN_POINT('',(0.0236623124473826,0.0233979412350569,0.0707497692374731));
#2927=CARTESIAN_POINT('Origin',(0.024369419228569,-0.926602058764943,0.0700426624562868));
#2928=CARTESIAN_POINT('',(0.0233694192285692,0.123397941235057,0.0700426624562868));
#2929=CARTESIAN_POINT('Origin',(0.024369419228569,0.123397941235057,0.0700426624562868));
#2930=CARTESIAN_POINT('',(0.0233694192285692,0.0233979412350569,0.0700426624562868));
#2931=CARTESIAN_POINT('Origin',(0.024369419228569,0.023397941235057,0.0700426624562868));
#2932=CARTESIAN_POINT('',(0.0233694192285692,0.0233979412350569,0.0700426624562868));
#2933=CARTESIAN_POINT('Origin',(0.0233694192285692,-0.926602058764943,0.0700426624562868));
#2934=CARTESIAN_POINT('',(0.0233694192285692,0.123397941235057,0.0596995167057883));
#2935=CARTESIAN_POINT('',(0.0233694192285692,0.123397941235057,0.0596995167057883));
#2936=CARTESIAN_POINT('',(0.0233694192285692,0.0233979412350569,0.0596995167057883));
#2937=CARTESIAN_POINT('',(0.0233694192285692,0.023397941235057,0.0596995167057883));
#2938=CARTESIAN_POINT('',(0.0233694192285692,0.0233979412350569,0.0596995167057883));
#2939=CARTESIAN_POINT('Origin',(0.0243694192285693,-0.926602058764943,0.0596995167057883));
#2940=CARTESIAN_POINT('',(0.0236623124473827,0.123397941235057,0.0589924099246017));
#2941=CARTESIAN_POINT('Origin',(0.0243694192285693,0.123397941235057,0.0596995167057883));
#2942=CARTESIAN_POINT('',(0.0236623124473827,0.0233979412350569,0.0589924099246017));
#2943=CARTESIAN_POINT('Origin',(0.0243694192285693,0.023397941235057,0.0596995167057883));
#2944=CARTESIAN_POINT('',(0.0236623124473827,0.0233979412350569,0.0589924099246017));
#2945=CARTESIAN_POINT('Origin',(0.0236623124473827,-0.926602058764943,0.0589924099246017));
#2946=CARTESIAN_POINT('',(0.0254907395721298,0.123397941235057,0.0571639827998546));
#2947=CARTESIAN_POINT('',(0.0254907395721298,0.123397941235057,0.0571639827998546));
#2948=CARTESIAN_POINT('',(0.0254907395721298,0.0233979412350569,0.0571639827998546));
#2949=CARTESIAN_POINT('',(0.0254907395721298,0.023397941235057,0.0571639827998546));
#2950=CARTESIAN_POINT('',(0.0254907395721298,0.0233979412350569,0.0571639827998546));
#2951=CARTESIAN_POINT('Origin',(0.0261978463533162,-0.926602058764943,0.057871089581041));
#2952=CARTESIAN_POINT('',(0.0261978463533162,0.123397941235057,0.0568710895810412));
#2953=CARTESIAN_POINT('Origin',(0.0261978463533162,0.123397941235057,0.057871089581041));
#2954=CARTESIAN_POINT('',(0.0261978463533162,0.0233979412350569,0.0568710895810412));
#2955=CARTESIAN_POINT('Origin',(0.0261978463533162,0.023397941235057,0.057871089581041));
#2956=CARTESIAN_POINT('',(0.0261978463533162,0.0233979412350569,0.0568710895810412));
#2957=CARTESIAN_POINT('Origin',(0.0261978463533162,-0.926602058764943,0.0568710895810412));
#2958=CARTESIAN_POINT('',(0.0281694192267807,0.123397941235057,0.0568710895810412));
#2959=CARTESIAN_POINT('',(0.0281694192267807,0.123397941235057,0.0568710895810412));
#2960=CARTESIAN_POINT('',(0.0281694192267807,0.0233979412350569,0.0568710895810412));
#2961=CARTESIAN_POINT('',(0.0281694192267807,0.023397941235057,0.0568710895810412));
#2962=CARTESIAN_POINT('',(0.0281694192267807,0.0233979412350569,0.0568710895810412));
#2963=CARTESIAN_POINT('Origin',(0.0281694192267807,-0.926602058764943,0.0578710895810412));
#2964=CARTESIAN_POINT('',(0.0291694192267807,0.123397941235057,0.0578710895810412));
#2965=CARTESIAN_POINT('Origin',(0.0281694192267807,0.123397941235057,0.0578710895810412));
#2966=CARTESIAN_POINT('',(0.0291694192267807,0.0233979412350569,0.0578710895810412));
#2967=CARTESIAN_POINT('Origin',(0.0281694192267807,0.023397941235057,0.0578710895810412));
#2968=CARTESIAN_POINT('',(0.0291694192267807,0.0233979412350569,0.0578710895810412));
#2969=CARTESIAN_POINT('Origin',(0.0291694192267807,-0.926602058764943,0.0578710895810412));
#2970=CARTESIAN_POINT('',(0.0291694192267807,0.123397941235057,0.0607710895774611));
#2971=CARTESIAN_POINT('',(0.0291694192267807,0.123397941235057,0.0607710895774611));
#2972=CARTESIAN_POINT('',(0.0291694192267807,0.0233979412350569,0.0607710895774611));
#2973=CARTESIAN_POINT('',(0.0291694192267807,0.023397941235057,0.0607710895774611));
#2974=CARTESIAN_POINT('',(0.0291694192267807,0.0233979412350569,0.0607710895774611));
#2975=CARTESIAN_POINT('Origin',(0.0291694192267807,-0.926602058764943,0.0607710895774611));
#2976=CARTESIAN_POINT('',(0.0305694192267812,0.123397941235057,0.0607710895774611));
#2977=CARTESIAN_POINT('',(0.0305694192267812,0.123397941235057,0.0607710895774611));
#2978=CARTESIAN_POINT('',(0.0305694192267812,0.0233979412350569,0.0607710895774611));
#2979=CARTESIAN_POINT('',(0.0305694192267812,0.023397941235057,0.0607710895774611));
#2980=CARTESIAN_POINT('',(0.0305694192267812,0.0233979412350569,0.0607710895774611));
#2981=CARTESIAN_POINT('Origin',(0.0305694192267812,-0.926602058764943,0.0607710895774611));
#2982=CARTESIAN_POINT('',(0.0305694192267812,0.123397941235057,0.0599710895774609));
#2983=CARTESIAN_POINT('',(0.0305694192267812,0.123397941235057,0.0599710895774609));
#2984=CARTESIAN_POINT('',(0.0305694192267812,0.0233979412350569,0.0599710895774609));
#2985=CARTESIAN_POINT('',(0.0305694192267812,0.023397941235057,0.0599710895774609));
#2986=CARTESIAN_POINT('',(0.0305694192267812,0.0233979412350569,0.0599710895774609));
#2987=CARTESIAN_POINT('Origin',(0.0305694192267812,-0.926602058764943,0.0599710895774609));
#2988=CARTESIAN_POINT('',(0.0313694192267805,0.123397941235057,0.0599710895774609));
#2989=CARTESIAN_POINT('',(0.0313694192267805,0.123397941235057,0.0599710895774609));
#2990=CARTESIAN_POINT('',(0.0313694192267805,0.0233979412350569,0.0599710895774609));
#2991=CARTESIAN_POINT('',(0.0313694192267805,0.023397941235057,0.0599710895774609));
#2992=CARTESIAN_POINT('',(0.0313694192267805,0.0233979412350569,0.0599710895774609));
#2993=CARTESIAN_POINT('Origin',(0.0313694192267805,-0.926602058764943,0.0599710895774609));
#2994=CARTESIAN_POINT('',(0.0313694192267805,0.123397941235057,0.0518710895810339));
#2995=CARTESIAN_POINT('',(0.0313694192267805,0.123397941235057,0.0518710895810339));
#2996=CARTESIAN_POINT('',(0.0313694192267805,0.0233979412350569,0.0518710895810339));
#2997=CARTESIAN_POINT('',(0.0313694192267805,0.023397941235057,0.0518710895810339));
#2998=CARTESIAN_POINT('',(0.0313694192267805,0.0233979412350569,0.0518710895810339));
#2999=CARTESIAN_POINT('Origin',(0.0293694192267805,-0.926602058764943,0.0518710895810339));
#3000=CARTESIAN_POINT('',(0.0293694192267805,0.123397941235057,0.0498710895810339));
#3001=CARTESIAN_POINT('Origin',(0.0293694192267805,0.123397941235057,0.0518710895810339));
#3002=CARTESIAN_POINT('',(0.0293694192267805,0.0233979412350569,0.0498710895810339));
#3003=CARTESIAN_POINT('Origin',(0.0293694192267805,0.023397941235057,0.0518710895810339));
#3004=CARTESIAN_POINT('',(0.0293694192267805,0.0233979412350569,0.0498710895810339));
#3005=CARTESIAN_POINT('Origin',(0.0293694192267805,-0.926602058764943,0.0498710895810339));
#3006=CARTESIAN_POINT('',(0.0212694192303718,0.123397941235057,0.0498710895810339));
#3007=CARTESIAN_POINT('',(0.0212694192303718,0.123397941235057,0.0498710895810339));
#3008=CARTESIAN_POINT('',(0.0212694192303718,0.0233979412350569,0.0498710895810339));
#3009=CARTESIAN_POINT('',(0.0212694192303718,0.023397941235057,0.0498710895810339));
#3010=CARTESIAN_POINT('',(0.0212694192303718,0.0233979412350569,0.0498710895810339));
#3011=CARTESIAN_POINT('Origin',(0.0212694192303718,-0.926602058764943,0.0498710895810339));
#3012=CARTESIAN_POINT('',(0.0212694192303718,0.123397941235057,0.0506710895810332));
#3013=CARTESIAN_POINT('',(0.0212694192303718,0.123397941235057,0.0506710895810332));
#3014=CARTESIAN_POINT('',(0.0212694192303718,0.0233979412350569,0.0506710895810332));
#3015=CARTESIAN_POINT('',(0.0212694192303718,0.023397941235057,0.0506710895810332));
#3016=CARTESIAN_POINT('',(0.0212694192303718,0.0233979412350569,0.0506710895810332));
#3017=CARTESIAN_POINT('Origin',(0.0212694192303718,-0.926602058764943,0.0506710895810332));
#3018=CARTESIAN_POINT('',(0.0204694192303716,0.123397941235057,0.0506710895810332));
#3019=CARTESIAN_POINT('',(0.0204694192303716,0.123397941235057,0.0506710895810332));
#3020=CARTESIAN_POINT('',(0.0204694192303716,0.0233979412350569,0.0506710895810332));
#3021=CARTESIAN_POINT('',(0.0204694192303716,0.023397941235057,0.0506710895810332));
#3022=CARTESIAN_POINT('',(0.0204694192303716,0.0233979412350569,0.0506710895810332));
#3023=CARTESIAN_POINT('Origin',(0.0204694192303716,-0.926602058764943,0.0506710895810332));
#3024=CARTESIAN_POINT('',(0.0204694192303716,0.123397941235057,0.0520710895810337));
#3025=CARTESIAN_POINT('',(0.0204694192303716,0.123397941235057,0.0520710895810337));
#3026=CARTESIAN_POINT('',(0.0204694192303716,0.0233979412350569,0.0520710895810337));
#3027=CARTESIAN_POINT('',(0.0204694192303716,0.023397941235057,0.0520710895810337));
#3028=CARTESIAN_POINT('',(0.0204694192303716,0.0233979412350569,0.0520710895810337));
#3029=CARTESIAN_POINT('Origin',(0.0204694192303716,-0.926602058764943,0.0520710895810337));
#3030=CARTESIAN_POINT('',(0.0233694192267923,0.123397941235057,0.0520710895810337));
#3031=CARTESIAN_POINT('',(0.0233694192267923,0.123397941235057,0.0520710895810337));
#3032=CARTESIAN_POINT('',(0.0233694192267923,0.0233979412350569,0.0520710895810337));
#3033=CARTESIAN_POINT('',(0.0233694192267923,0.023397941235057,0.0520710895810337));
#3034=CARTESIAN_POINT('',(0.0233694192267923,0.0233979412350569,0.0520710895810337));
#3035=CARTESIAN_POINT('Origin',(0.0233694192267923,-0.926602058764943,0.0530710895810337));
#3036=CARTESIAN_POINT('',(0.0243694192267923,0.123397941235057,0.0530710895810337));
#3037=CARTESIAN_POINT('Origin',(0.0233694192267923,0.123397941235057,0.0530710895810337));
#3038=CARTESIAN_POINT('',(0.0243694192267923,0.0233979412350569,0.0530710895810337));
#3039=CARTESIAN_POINT('Origin',(0.0233694192267923,0.023397941235057,0.0530710895810337));
#3040=CARTESIAN_POINT('',(0.0243694192267923,0.0233979412350569,0.0530710895810337));
#3041=CARTESIAN_POINT('Origin',(0.0243694192267923,-0.926602058764943,0.0530710895810337));
#3042=CARTESIAN_POINT('',(0.0243694192267923,0.123397941235057,0.0550426624544983));
#3043=CARTESIAN_POINT('',(0.0243694192267923,0.123397941235057,0.0550426624544983));
#3044=CARTESIAN_POINT('',(0.0243694192267923,0.0233979412350569,0.0550426624544983));
#3045=CARTESIAN_POINT('',(0.0243694192267923,0.023397941235057,0.0550426624544983));
#3046=CARTESIAN_POINT('',(0.0243694192267923,0.0233979412350569,0.0550426624544983));
#3047=CARTESIAN_POINT('Origin',(0.0233694192267923,-0.926602058764943,0.0550426624544983));
#3048=CARTESIAN_POINT('',(0.0240765260079789,0.123397941235057,0.0557497692356849));
#3049=CARTESIAN_POINT('Origin',(0.0233694192267923,0.123397941235057,0.0550426624544983));
#3050=CARTESIAN_POINT('',(0.0240765260079789,0.0233979412350569,0.0557497692356849));
#3051=CARTESIAN_POINT('Origin',(0.0233694192267923,0.023397941235057,0.0550426624544983));
#3052=CARTESIAN_POINT('',(0.0240765260079789,0.0233979412350569,0.0557497692356849));
#3053=CARTESIAN_POINT('Origin',(0.0240765260079789,-0.926602058764943,0.0557497692356849));
#3054=CARTESIAN_POINT('',(0.0222480988832317,0.123397941235057,0.057578196360432));
#3055=CARTESIAN_POINT('',(0.0222480988832317,0.123397941235057,0.057578196360432));
#3056=CARTESIAN_POINT('',(0.0222480988832317,0.0233979412350569,0.057578196360432));
#3057=CARTESIAN_POINT('',(0.0222480988832317,0.023397941235057,0.057578196360432));
#3058=CARTESIAN_POINT('',(0.0222480988832317,0.0233979412350569,0.057578196360432));
#3059=CARTESIAN_POINT('Origin',(0.0215409921020451,-0.926602058764943,0.0568710895792454));
#3060=CARTESIAN_POINT('',(0.0215409921020451,0.123397941235057,0.0578710895792455));
#3061=CARTESIAN_POINT('Origin',(0.0215409921020451,0.123397941235057,0.0568710895792454));
#3062=CARTESIAN_POINT('',(0.0215409921020451,0.0233979412350569,0.0578710895792455));
#3063=CARTESIAN_POINT('Origin',(0.0215409921020451,0.023397941235057,0.0568710895792454));
#3064=CARTESIAN_POINT('',(0.0215409921020451,0.0233979412350569,0.0578710895792455));
#3065=CARTESIAN_POINT('Origin',(0.0215409921020451,-0.926602058764943,0.0578710895792455));
#3066=CARTESIAN_POINT('',(0.0111978463515466,0.123397941235057,0.0578710895792455));
#3067=CARTESIAN_POINT('',(0.0111978463515466,0.123397941235057,0.0578710895792455));
#3068=CARTESIAN_POINT('',(0.0111978463515466,0.0233979412350569,0.0578710895792455));
#3069=CARTESIAN_POINT('',(0.0111978463515466,0.023397941235057,0.0578710895792455));
#3070=CARTESIAN_POINT('',(0.0111978463515466,0.0233979412350569,0.0578710895792455));
#3071=CARTESIAN_POINT('Origin',(0.0111978463515466,-0.926602058764943,0.0568710895792454));
#3072=CARTESIAN_POINT('',(0.01049073957036,0.123397941235057,0.057578196360432));
#3073=CARTESIAN_POINT('Origin',(0.0111978463515466,0.123397941235057,0.0568710895792454));
#3074=CARTESIAN_POINT('',(0.01049073957036,0.0233979412350569,0.057578196360432));
#3075=CARTESIAN_POINT('Origin',(0.0111978463515466,0.023397941235057,0.0568710895792454));
#3076=CARTESIAN_POINT('',(0.01049073957036,0.0233979412350569,0.057578196360432));
#3077=CARTESIAN_POINT('Origin',(0.01049073957036,-0.926602058764943,0.057578196360432));
#3078=CARTESIAN_POINT('',(0.00866231244561201,0.123397941235057,0.055749769235684));
#3079=CARTESIAN_POINT('',(0.00866231244561201,0.123397941235057,0.055749769235684));
#3080=CARTESIAN_POINT('',(0.00866231244561201,0.0233979412350569,0.055749769235684));
#3081=CARTESIAN_POINT('',(0.00866231244561201,0.023397941235057,0.055749769235684));
#3082=CARTESIAN_POINT('',(0.00866231244561201,0.0233979412350569,0.055749769235684));
#3083=CARTESIAN_POINT('Origin',(0.00936941922679861,-0.926602058764943,
0.0550426624544974));
#3084=CARTESIAN_POINT('',(0.00836941922679853,0.123397941235057,0.0550426624544974));
#3085=CARTESIAN_POINT('Origin',(0.00936941922679861,0.123397941235057,0.0550426624544974));
#3086=CARTESIAN_POINT('',(0.00836941922679853,0.0233979412350569,0.0550426624544974));
#3087=CARTESIAN_POINT('Origin',(0.00936941922679861,0.023397941235057,0.0550426624544974));
#3088=CARTESIAN_POINT('',(0.00836941922679853,0.0233979412350569,0.0550426624544974));
#3089=CARTESIAN_POINT('Origin',(0.00836941922679853,-0.926602058764943,
0.0550426624544974));
#3090=CARTESIAN_POINT('',(0.00836941922679853,0.123397941235057,0.0530710895810256));
#3091=CARTESIAN_POINT('',(0.00836941922679853,0.123397941235057,0.0530710895810256));
#3092=CARTESIAN_POINT('',(0.00836941922679853,0.0233979412350569,0.0530710895810256));
#3093=CARTESIAN_POINT('',(0.00836941922679853,0.023397941235057,0.0530710895810256));
#3094=CARTESIAN_POINT('',(0.00836941922679853,0.0233979412350569,0.0530710895810256));
#3095=CARTESIAN_POINT('Origin',(0.00936941922679853,-0.926602058764943,
0.0530710895810256));
#3096=CARTESIAN_POINT('',(0.00936941922679853,0.123397941235057,0.0520710895810256));
#3097=CARTESIAN_POINT('Origin',(0.00936941922679853,0.123397941235057,0.0530710895810256));
#3098=CARTESIAN_POINT('',(0.00936941922679853,0.0233979412350569,0.0520710895810256));
#3099=CARTESIAN_POINT('Origin',(0.00936941922679853,0.023397941235057,0.0530710895810256));
#3100=CARTESIAN_POINT('',(0.00936941922679853,0.0233979412350569,0.0520710895810256));
#3101=CARTESIAN_POINT('Origin',(0.00936941922679853,-0.926602058764943,
0.0520710895810256));
#3102=CARTESIAN_POINT('',(0.0122694192232193,0.123397941235057,0.0520710895810256));
#3103=CARTESIAN_POINT('',(0.0122694192232193,0.123397941235057,0.0520710895810256));
#3104=CARTESIAN_POINT('',(0.0122694192232193,0.0233979412350569,0.0520710895810256));
#3105=CARTESIAN_POINT('',(0.0122694192232193,0.023397941235057,0.0520710895810256));
#3106=CARTESIAN_POINT('',(0.0122694192232193,0.0233979412350569,0.0520710895810256));
#3107=CARTESIAN_POINT('Origin',(0.0122694192232193,-0.926602058764943,0.0520710895810256));
#3108=CARTESIAN_POINT('',(0.0122694192232193,0.123397941235057,0.050671089581025));
#3109=CARTESIAN_POINT('',(0.0122694192232193,0.123397941235057,0.050671089581025));
#3110=CARTESIAN_POINT('',(0.0122694192232193,0.0233979412350569,0.050671089581025));
#3111=CARTESIAN_POINT('',(0.0122694192232193,0.023397941235057,0.050671089581025));
#3112=CARTESIAN_POINT('',(0.0122694192232193,0.0233979412350569,0.050671089581025));
#3113=CARTESIAN_POINT('Origin',(0.0122694192232193,-0.926602058764943,0.050671089581025));
#3114=CARTESIAN_POINT('',(0.0114694192232191,0.123397941235057,0.050671089581025));
#3115=CARTESIAN_POINT('',(0.0114694192232191,0.123397941235057,0.050671089581025));
#3116=CARTESIAN_POINT('',(0.0114694192232191,0.0233979412350569,0.050671089581025));
#3117=CARTESIAN_POINT('',(0.0114694192232191,0.023397941235057,0.050671089581025));
#3118=CARTESIAN_POINT('',(0.0114694192232191,0.0233979412350569,0.050671089581025));
#3119=CARTESIAN_POINT('Origin',(0.0114694192232191,-0.926602058764943,0.050671089581025));
#3120=CARTESIAN_POINT('',(0.0114694192232191,0.123397941235057,0.0498710895810257));
#3121=CARTESIAN_POINT('',(0.0114694192232191,0.123397941235057,0.0498710895810257));
#3122=CARTESIAN_POINT('',(0.0114694192232191,0.0233979412350569,0.0498710895810257));
#3123=CARTESIAN_POINT('',(0.0114694192232191,0.023397941235057,0.0498710895810257));
#3124=CARTESIAN_POINT('',(0.0114694192232191,0.0233979412350569,0.0498710895810257));
#3125=CARTESIAN_POINT('Origin',(0.0114694192232191,-0.926602058764943,0.0498710895810257));
#3126=CARTESIAN_POINT('',(0.00336941922679489,0.123397941235057,0.0498710895810257));
#3127=CARTESIAN_POINT('',(0.00336941922679489,0.123397941235057,0.0498710895810257));
#3128=CARTESIAN_POINT('',(0.00336941922679489,0.0233979412350569,0.0498710895810257));
#3129=CARTESIAN_POINT('',(0.00336941922679489,0.023397941235057,0.0498710895810257));
#3130=CARTESIAN_POINT('',(0.00336941922679489,0.0233979412350569,0.0498710895810257));
#3131=CARTESIAN_POINT('Origin',(0.00336941922679489,-0.926602058764943,
0.0518710895810257));
#3132=CARTESIAN_POINT('',(0.00136941922679488,0.123397941235057,0.0518710895810257));
#3133=CARTESIAN_POINT('Origin',(0.00336941922679489,0.123397941235057,0.0518710895810257));
#3134=CARTESIAN_POINT('',(0.00136941922679488,0.0233979412350569,0.0518710895810257));
#3135=CARTESIAN_POINT('Origin',(0.00336941922679489,0.023397941235057,0.0518710895810257));
#3136=CARTESIAN_POINT('',(0.00136941922679488,0.0233979412350569,0.0518710895810257));
#3137=CARTESIAN_POINT('Origin',(0.00136941922679489,-0.926602058764943,
0.0518710895810257));
#3138=CARTESIAN_POINT('',(0.00136941922679489,0.123397941235057,0.0599710895774418));
#3139=CARTESIAN_POINT('',(0.00136941922679489,0.123397941235057,0.0599710895774418));
#3140=CARTESIAN_POINT('',(0.00136941922679489,0.0233979412350569,0.0599710895774418));
#3141=CARTESIAN_POINT('',(0.00136941922679489,0.023397941235057,0.0599710895774418));
#3142=CARTESIAN_POINT('',(0.00136941922679489,0.0233979412350569,0.0599710895774418));
#3143=CARTESIAN_POINT('Origin',(0.00136941922679489,-0.926602058764943,
0.0599710895774418));
#3144=CARTESIAN_POINT('',(0.0021694192267887,0.123397941235057,0.0599710895774418));
#3145=CARTESIAN_POINT('',(0.0021694192267887,0.123397941235057,0.0599710895774418));
#3146=CARTESIAN_POINT('',(0.0021694192267887,0.0233979412350569,0.0599710895774418));
#3147=CARTESIAN_POINT('',(0.0021694192267887,0.023397941235057,0.0599710895774418));
#3148=CARTESIAN_POINT('',(0.0021694192267887,0.0233979412350569,0.0599710895774418));
#3149=CARTESIAN_POINT('Origin',(0.0021694192267887,-0.926602058764943,0.0599710895774418));
#3150=CARTESIAN_POINT('',(0.0021694192267887,0.123397941235057,0.060771089577442));
#3151=CARTESIAN_POINT('',(0.0021694192267887,0.123397941235057,0.060771089577442));
#3152=CARTESIAN_POINT('',(0.0021694192267887,0.0233979412350569,0.060771089577442));
#3153=CARTESIAN_POINT('',(0.0021694192267887,0.023397941235057,0.060771089577442));
#3154=CARTESIAN_POINT('',(0.0021694192267887,0.0233979412350569,0.060771089577442));
#3155=CARTESIAN_POINT('Origin',(0.0021694192267887,-0.926602058764943,0.060771089577442));
#3156=CARTESIAN_POINT('',(0.00356941922678925,0.123397941235057,0.060771089577442));
#3157=CARTESIAN_POINT('',(0.00356941922678925,0.123397941235057,0.060771089577442));
#3158=CARTESIAN_POINT('',(0.00356941922678925,0.0233979412350569,0.060771089577442));
#3159=CARTESIAN_POINT('',(0.00356941922678925,0.023397941235057,0.060771089577442));
#3160=CARTESIAN_POINT('',(0.00356941922678925,0.0233979412350569,0.060771089577442));
#3161=CARTESIAN_POINT('Origin',(0.00356941922678925,-0.926602058764943,
0.060771089577442));
#3162=CARTESIAN_POINT('',(0.00356941922678925,0.123397941235057,0.0578710895810212));
#3163=CARTESIAN_POINT('',(0.00356941922678925,0.123397941235057,0.0578710895810212));
#3164=CARTESIAN_POINT('',(0.00356941922678925,0.0233979412350569,0.0578710895810212));
#3165=CARTESIAN_POINT('',(0.00356941922678925,0.023397941235057,0.0578710895810212));
#3166=CARTESIAN_POINT('',(0.00356941922678925,0.0233979412350569,0.0578710895810212));
#3167=CARTESIAN_POINT('Origin',(0.00456941922678925,-0.926602058764943,
0.0578710895810212));
#3168=CARTESIAN_POINT('',(0.00456941922678925,0.123397941235057,0.0568710895810212));
#3169=CARTESIAN_POINT('Origin',(0.00456941922678925,0.123397941235057,0.0578710895810212));
#3170=CARTESIAN_POINT('',(0.00456941922678925,0.0233979412350569,0.0568710895810212));
#3171=CARTESIAN_POINT('Origin',(0.00456941922678925,0.023397941235057,0.0578710895810212));
#3172=CARTESIAN_POINT('',(0.00456941922678925,0.0233979412350569,0.0568710895810212));
#3173=CARTESIAN_POINT('Origin',(0.00456941922678925,-0.926602058764943,
0.0568710895810212));
#3174=CARTESIAN_POINT('',(0.00654099210025379,0.123397941235057,0.0568710895810212));
#3175=CARTESIAN_POINT('',(0.00654099210025379,0.123397941235057,0.0568710895810212));
#3176=CARTESIAN_POINT('',(0.00654099210025379,0.0233979412350569,0.0568710895810212));
#3177=CARTESIAN_POINT('',(0.00654099210025379,0.023397941235057,0.0568710895810212));
#3178=CARTESIAN_POINT('',(0.00654099210025379,0.0233979412350569,0.0568710895810212));
#3179=CARTESIAN_POINT('Origin',(0.00654099210025379,-0.926602058764943,
0.0578710895810213));
#3180=CARTESIAN_POINT('',(0.00724809888144039,0.123397941235057,0.0571639827998347));
#3181=CARTESIAN_POINT('Origin',(0.00654099210025379,0.123397941235057,0.0578710895810213));
#3182=CARTESIAN_POINT('',(0.00724809888144039,0.0233979412350569,0.0571639827998347));
#3183=CARTESIAN_POINT('Origin',(0.00654099210025379,0.023397941235057,0.0578710895810213));
#3184=CARTESIAN_POINT('',(0.00724809888144039,0.0233979412350569,0.0571639827998347));
#3185=CARTESIAN_POINT('Origin',(0.00724809888144039,-0.926602058764943,
0.0571639827998347));
#3186=CARTESIAN_POINT('',(0.00907652600618752,0.123397941235057,0.0589924099245818));
#3187=CARTESIAN_POINT('',(0.00907652600618753,0.123397941235057,0.0589924099245818));
#3188=CARTESIAN_POINT('',(0.00907652600618752,0.0233979412350569,0.0589924099245818));
#3189=CARTESIAN_POINT('',(0.00907652600618753,0.023397941235057,0.0589924099245818));
#3190=CARTESIAN_POINT('',(0.00907652600618752,0.0233979412350569,0.0589924099245818));
#3191=CARTESIAN_POINT('Origin',(0.00836941922500091,-0.926602058764943,
0.0596995167057684));
#3192=CARTESIAN_POINT('',(0.009369419225001,0.123397941235057,0.0596995167057684));
#3193=CARTESIAN_POINT('Origin',(0.00836941922500091,0.123397941235057,0.0596995167057684));
#3194=CARTESIAN_POINT('',(0.009369419225001,0.0233979412350569,0.0596995167057684));
#3195=CARTESIAN_POINT('Origin',(0.00836941922500091,0.023397941235057,0.0596995167057684));
#3196=CARTESIAN_POINT('',(0.009369419225001,0.0233979412350569,0.0596995167057684));
#3197=CARTESIAN_POINT('Origin',(0.009369419225001,-0.926602058764943,0.0596995167057684));
#3198=CARTESIAN_POINT('',(0.009369419225001,0.123397941235057,0.0700426624562669));
#3199=CARTESIAN_POINT('',(0.009369419225001,0.123397941235057,0.0700426624562669));
#3200=CARTESIAN_POINT('',(0.009369419225001,0.0233979412350569,0.0700426624562669));
#3201=CARTESIAN_POINT('',(0.009369419225001,0.023397941235057,0.0700426624562669));
#3202=CARTESIAN_POINT('',(0.009369419225001,0.0233979412350569,0.0700426624562669));
#3203=CARTESIAN_POINT('Origin',(0.00836941922500091,-0.926602058764943,
0.0700426624562669));
#3204=CARTESIAN_POINT('',(0.00907652600618752,0.123397941235057,0.0707497692374535));
#3205=CARTESIAN_POINT('Origin',(0.00836941922500091,0.123397941235057,0.0700426624562669));
#3206=CARTESIAN_POINT('',(0.00907652600618752,0.0233979412350569,0.0707497692374535));
#3207=CARTESIAN_POINT('Origin',(0.00836941922500091,0.023397941235057,0.0700426624562669));
#3208=CARTESIAN_POINT('',(0.00907652600618752,0.0233979412350569,0.0707497692374535));
#3209=CARTESIAN_POINT('Origin',(0.00907652600618752,-0.926602058764943,
0.0707497692374535));
#3210=CARTESIAN_POINT('',(0.0072480988814404,0.123397941235057,0.0725781963622006));
#3211=CARTESIAN_POINT('',(0.0072480988814404,0.123397941235057,0.0725781963622006));
#3212=CARTESIAN_POINT('',(0.0072480988814404,0.0233979412350569,0.0725781963622006));
#3213=CARTESIAN_POINT('',(0.0072480988814404,0.023397941235057,0.0725781963622006));
#3214=CARTESIAN_POINT('',(0.0072480988814404,0.0233979412350569,0.0725781963622006));
#3215=CARTESIAN_POINT('Origin',(0.00654099210025356,-0.926602058764943,
0.0718710895810137));
#3216=CARTESIAN_POINT('',(0.00654099210025356,0.123397941235057,0.0728710895810142));
#3217=CARTESIAN_POINT('Origin',(0.00654099210025356,0.123397941235057,0.0718710895810137));
#3218=CARTESIAN_POINT('',(0.00654099210025356,0.0233979412350569,0.0728710895810142));
#3219=CARTESIAN_POINT('Origin',(0.00654099210025356,0.023397941235057,0.0718710895810137));
#3220=CARTESIAN_POINT('',(0.00654099210025356,0.0233979412350569,0.0728710895810142));
#3221=CARTESIAN_POINT('Origin',(0.00654099210025356,-0.926602058764943,
0.0728710895810142));
#3222=CARTESIAN_POINT('',(0.00456941922678902,0.123397941235057,0.0728710895810142));
#3223=CARTESIAN_POINT('',(0.00456941922678902,0.123397941235057,0.0728710895810142));
#3224=CARTESIAN_POINT('',(0.00456941922678902,0.0233979412350569,0.0728710895810142));
#3225=CARTESIAN_POINT('',(0.00456941922678902,0.023397941235057,0.0728710895810142));
#3226=CARTESIAN_POINT('',(0.00456941922678902,0.0233979412350569,0.0728710895810142));
#3227=CARTESIAN_POINT('Origin',(0.00456941922678902,-0.926602058764943,
0.0718710895810142));
#3228=CARTESIAN_POINT('',(0.00356941922678902,0.123397941235057,0.0718710895810142));
#3229=CARTESIAN_POINT('Origin',(0.00456941922678902,0.123397941235057,0.0718710895810142));
#3230=CARTESIAN_POINT('',(0.00356941922678902,0.0233979412350569,0.0718710895810142));
#3231=CARTESIAN_POINT('Origin',(0.00456941922678902,0.023397941235057,0.0718710895810142));
#3232=CARTESIAN_POINT('',(0.00356941922678902,0.0233979412350569,0.0718710895810142));
#3233=CARTESIAN_POINT('Origin',(0.00356941922678902,-0.926602058764943,
0.0718710895810142));
#3234=CARTESIAN_POINT('',(0.00356941922678902,0.123397941235057,0.0689710895845943));
#3235=CARTESIAN_POINT('',(0.00356941922678902,0.123397941235057,0.0689710895845943));
#3236=CARTESIAN_POINT('',(0.00356941922678902,0.0233979412350569,0.0689710895845943));
#3237=CARTESIAN_POINT('',(0.00356941922678902,0.023397941235057,0.0689710895845943));
#3238=CARTESIAN_POINT('',(0.00356941922678902,0.0233979412350569,0.0689710895845943));
#3239=CARTESIAN_POINT('Origin',(0.00356941922678902,-0.926602058764943,
0.0689710895845943));
#3240=CARTESIAN_POINT('',(0.00216941922678938,0.123397941235057,0.0689710895845943));
#3241=CARTESIAN_POINT('',(0.00216941922678938,0.123397941235057,0.0689710895845943));
#3242=CARTESIAN_POINT('',(0.00216941922678938,0.0233979412350569,0.0689710895845943));
#3243=CARTESIAN_POINT('',(0.00216941922678938,0.023397941235057,0.0689710895845943));
#3244=CARTESIAN_POINT('',(0.00216941922678938,0.0233979412350569,0.0689710895845943));
#3245=CARTESIAN_POINT('Origin',(0.00216941922678938,-0.926602058764943,
0.0689710895845943));
#3246=CARTESIAN_POINT('',(0.00216941922678938,0.123397941235057,0.0697710895845945));
#3247=CARTESIAN_POINT('',(0.00216941922678938,0.123397941235057,0.0697710895845945));
#3248=CARTESIAN_POINT('',(0.00216941922678938,0.0233979412350569,0.0697710895845945));
#3249=CARTESIAN_POINT('',(0.00216941922678938,0.023397941235057,0.0697710895845945));
#3250=CARTESIAN_POINT('',(0.00216941922678938,0.0233979412350569,0.0697710895845945));
#3251=CARTESIAN_POINT('Origin',(0.00216941922678938,-0.926602058764943,
0.0697710895845945));
#3252=CARTESIAN_POINT('',(0.00136941922679102,0.123397941235057,0.0697710895845945));
#3253=CARTESIAN_POINT('',(0.00136941922679102,0.123397941235057,0.0697710895845945));
#3254=CARTESIAN_POINT('',(0.00136941922679102,0.0233979412350569,0.0697710895845945));
#3255=CARTESIAN_POINT('',(0.00136941922679102,0.023397941235057,0.0697710895845945));
#3256=CARTESIAN_POINT('',(0.00136941922679102,0.0233979412350569,0.0697710895845945));
#3257=CARTESIAN_POINT('Origin',(0.00136941922679102,-0.926602058764943,
0.0697710895845945));
#3258=CARTESIAN_POINT('',(0.00136941922679102,0.123397941235057,0.0778710895810196));
#3259=CARTESIAN_POINT('',(0.00136941922679102,0.123397941235057,0.0778710895810196));
#3260=CARTESIAN_POINT('',(0.00136941922679102,0.0233979412350569,0.0778710895810196));
#3261=CARTESIAN_POINT('',(0.00136941922679102,0.023397941235057,0.0778710895810196));
#3262=CARTESIAN_POINT('',(0.00136941922679102,0.0233979412350569,0.0778710895810196));
#3263=CARTESIAN_POINT('Origin',(0.00336941922679102,-0.926602058764943,
0.0778710895810196));
#3264=CARTESIAN_POINT('',(0.00336941922679102,0.123397941235057,0.0798710895810196));
#3265=CARTESIAN_POINT('Origin',(0.00336941922679102,0.123397941235057,0.0778710895810196));
#3266=CARTESIAN_POINT('',(0.00336941922679102,0.0233979412350569,0.0798710895810196));
#3267=CARTESIAN_POINT('Origin',(0.00336941922679102,0.023397941235057,0.0778710895810196));
#3268=CARTESIAN_POINT('',(0.00336941922679102,0.0233979412350569,0.0798710895810196));
#3269=CARTESIAN_POINT('Origin',(0.00336941922679102,-0.926602058764943,
0.0798710895810196));
#3270=CARTESIAN_POINT('',(0.0114694192232053,0.123397941235057,0.0798710895810196));
#3271=CARTESIAN_POINT('',(0.0114694192232053,0.123397941235057,0.0798710895810196));
#3272=CARTESIAN_POINT('',(0.0114694192232053,0.0233979412350569,0.0798710895810196));
#3273=CARTESIAN_POINT('',(0.0114694192232053,0.023397941235057,0.0798710895810196));
#3274=CARTESIAN_POINT('',(0.0114694192232053,0.0233979412350569,0.0798710895810196));
#3275=CARTESIAN_POINT('Origin',(0.0114694192232053,-0.926602058764943,0.0798710895810196));
#3276=CARTESIAN_POINT('',(0.0114694192232053,0.123397941235057,0.0790710895839044));
#3277=CARTESIAN_POINT('',(0.0114694192232053,0.123397941235057,0.0790710895839044));
#3278=CARTESIAN_POINT('',(0.0114694192232053,0.0233979412350569,0.0790710895839044));
#3279=CARTESIAN_POINT('',(0.0114694192232053,0.023397941235057,0.0790710895839044));
#3280=CARTESIAN_POINT('',(0.0114694192232053,0.0233979412350569,0.0790710895839044));
#3281=CARTESIAN_POINT('Origin',(0.0114694192232053,-0.926602058764943,0.0790710895839044));
#3282=CARTESIAN_POINT('',(0.0122694192232045,0.123397941235057,0.0790710895839044));
#3283=CARTESIAN_POINT('',(0.0122694192232045,0.123397941235057,0.0790710895839044));
#3284=CARTESIAN_POINT('',(0.0122694192232045,0.0233979412350569,0.0790710895839044));
#3285=CARTESIAN_POINT('',(0.0122694192232045,0.023397941235057,0.0790710895839044));
#3286=CARTESIAN_POINT('',(0.0122694192232045,0.0233979412350569,0.0790710895839044));
#3287=CARTESIAN_POINT('Origin',(0.0122694192232045,-0.926602058764943,0.0790710895839044));
#3288=CARTESIAN_POINT('',(0.0122694192232045,0.123397941235057,0.0776710895839038));
#3289=CARTESIAN_POINT('',(0.0122694192232045,0.123397941235057,0.0776710895839038));
#3290=CARTESIAN_POINT('',(0.0122694192232045,0.0233979412350569,0.0776710895839038));
#3291=CARTESIAN_POINT('',(0.0122694192232045,0.023397941235057,0.0776710895839038));
#3292=CARTESIAN_POINT('',(0.0122694192232045,0.0233979412350569,0.0776710895839038));
#3293=CARTESIAN_POINT('Origin',(0.0122694192232045,-0.926602058764943,0.0776710895839038));
#3294=CARTESIAN_POINT('',(0.00936941922678466,0.123397941235057,0.0776710895839038));
#3295=CARTESIAN_POINT('',(0.00936941922678466,0.123397941235057,0.0776710895839038));
#3296=CARTESIAN_POINT('',(0.00936941922678466,0.0233979412350569,0.0776710895839038));
#3297=CARTESIAN_POINT('',(0.00936941922678466,0.023397941235057,0.0776710895839038));
#3298=CARTESIAN_POINT('',(0.00936941922678466,0.0233979412350569,0.0776710895839038));
#3299=CARTESIAN_POINT('Origin',(0.00936941922678466,-0.926602058764943,
0.0766710895839038));
#3300=CARTESIAN_POINT('',(0.00836941922678465,0.123397941235057,0.0766710895839038));
#3301=CARTESIAN_POINT('Origin',(0.00936941922678466,0.123397941235057,0.0766710895839038));
#3302=CARTESIAN_POINT('',(0.00836941922678465,0.0233979412350569,0.0766710895839038));
#3303=CARTESIAN_POINT('Origin',(0.00936941922678466,0.023397941235057,0.0766710895839038));
#3304=CARTESIAN_POINT('',(0.00836941922678465,0.0233979412350569,0.0766710895839038));
#3305=CARTESIAN_POINT('Origin',(0.00836941922678466,-0.926602058764943,
0.0766710895839038));
#3306=CARTESIAN_POINT('',(0.00836941922678466,0.123397941235057,0.0746995167104393));
#3307=CARTESIAN_POINT('',(0.00836941922678466,0.123397941235057,0.0746995167104393));
#3308=CARTESIAN_POINT('',(0.00836941922678466,0.0233979412350569,0.0746995167104393));
#3309=CARTESIAN_POINT('',(0.00836941922678466,0.023397941235057,0.0746995167104393));
#3310=CARTESIAN_POINT('',(0.00836941922678466,0.0233979412350569,0.0746995167104393));
#3311=CARTESIAN_POINT('Origin',(0.00936941922678475,-0.926602058764943,
0.0746995167104393));
#3312=CARTESIAN_POINT('',(0.00866231244559814,0.123397941235057,0.0739924099292527));
#3313=CARTESIAN_POINT('Origin',(0.00936941922678475,0.123397941235057,0.0746995167104393));
#3314=CARTESIAN_POINT('',(0.00866231244559814,0.0233979412350569,0.0739924099292527));
#3315=CARTESIAN_POINT('Origin',(0.00936941922678475,0.023397941235057,0.0746995167104393));
#3316=CARTESIAN_POINT('',(0.00866231244559814,0.0233979412350569,0.0739924099292527));
#3317=CARTESIAN_POINT('Origin',(0.00866231244559814,-0.926602058764943,
0.0739924099292527));
#3318=CARTESIAN_POINT('',(0.0104907395703453,0.123397941235057,0.0721639828045055));
#3319=CARTESIAN_POINT('',(0.0104907395703453,0.123397941235057,0.0721639828045055));
#3320=CARTESIAN_POINT('',(0.0104907395703453,0.0233979412350569,0.0721639828045055));
#3321=CARTESIAN_POINT('',(0.0104907395703453,0.023397941235057,0.0721639828045055));
#3322=CARTESIAN_POINT('',(0.0104907395703453,0.0233979412350569,0.0721639828045055));
#3323=CARTESIAN_POINT('Origin',(0.0111978463515319,-0.926602058764943,0.0728710895856922));
#3324=CARTESIAN_POINT('',(0.0111978463515319,0.123397941235057,0.0718710895856921));
#3325=CARTESIAN_POINT('Origin',(0.0111978463515319,0.123397941235057,0.0728710895856922));
#3326=CARTESIAN_POINT('',(0.0111978463515319,0.0233979412350569,0.0718710895856921));
#3327=CARTESIAN_POINT('Origin',(0.0111978463515319,0.023397941235057,0.0728710895856922));
#3328=CARTESIAN_POINT('',(0.0111978463515319,0.0233979412350569,0.0718710895856921));
#3329=CARTESIAN_POINT('Origin',(0.0111978463515319,-0.926602058764943,0.0718710895856921));
#3330=CARTESIAN_POINT('',(0.0215409921020303,0.123397941235057,0.0718710895856921));
#3331=CARTESIAN_POINT('',(0.0215409921020303,0.123397941235057,0.0718710895856921));
#3332=CARTESIAN_POINT('',(0.0215409921020303,0.0233979412350569,0.0718710895856921));
#3333=CARTESIAN_POINT('',(0.0215409921020303,0.023397941235057,0.0718710895856921));
#3334=CARTESIAN_POINT('',(0.0215409921020303,0.0233979412350569,0.0718710895856921));
#3335=CARTESIAN_POINT('Origin',(0.0215409921020303,-0.926602058764943,0.0728710895856918));
#3336=CARTESIAN_POINT('',(0.0222480988832167,0.123397941235057,0.0721639828045054));
#3337=CARTESIAN_POINT('Origin',(0.0215409921020303,0.123397941235057,0.0728710895856918));
#3338=CARTESIAN_POINT('',(0.0222480988832167,0.0233979412350569,0.0721639828045054));
#3339=CARTESIAN_POINT('Origin',(0.0215409921020303,0.023397941235057,0.0728710895856918));
#3340=CARTESIAN_POINT('',(0.0222480988832167,0.0233979412350569,0.0721639828045054));
#3341=CARTESIAN_POINT('Origin',(0.0222480988832167,-0.926602058764943,0.0721639828045054));
#3342=CARTESIAN_POINT('',(0.0240765260079643,0.123397941235057,0.073992409929253));
#3343=CARTESIAN_POINT('',(0.0240765260079643,0.123397941235057,0.073992409929253));
#3344=CARTESIAN_POINT('',(0.0240765260079643,0.0233979412350569,0.073992409929253));
#3345=CARTESIAN_POINT('',(0.0240765260079643,0.023397941235057,0.073992409929253));
#3346=CARTESIAN_POINT('',(0.0240765260079643,0.0233979412350569,0.073992409929253));
#3347=CARTESIAN_POINT('Origin',(0.0233694192267777,-0.926602058764943,0.0746995167104396));
#3348=CARTESIAN_POINT('',(0.0243694192267778,0.123397941235057,0.0746995167104396));
#3349=CARTESIAN_POINT('Origin',(0.0233694192267777,0.123397941235057,0.0746995167104396));
#3350=CARTESIAN_POINT('',(0.0243694192267778,0.0233979412350569,0.0746995167104396));
#3351=CARTESIAN_POINT('Origin',(0.0233694192267777,0.023397941235057,0.0746995167104396));
#3352=CARTESIAN_POINT('',(0.0243694192267778,0.0233979412350569,0.0746995167104396));
#3353=CARTESIAN_POINT('Origin',(0.0243694192267778,-0.926602058764943,0.0746995167104396));
#3354=CARTESIAN_POINT('',(0.0243694192267778,0.123397941235057,0.0766710895839042));
#3355=CARTESIAN_POINT('',(0.0243694192267778,0.123397941235057,0.0766710895839042));
#3356=CARTESIAN_POINT('',(0.0243694192267778,0.0233979412350569,0.0766710895839042));
#3357=CARTESIAN_POINT('',(0.0243694192267778,0.023397941235057,0.0766710895839042));
#3358=CARTESIAN_POINT('',(0.0243694192267778,0.0233979412350569,0.0766710895839042));
#3359=CARTESIAN_POINT('Origin',(0.0233694192267778,-0.926602058764943,0.0766710895839042));
#3360=CARTESIAN_POINT('',(0.0233694192267778,0.123397941235057,0.0776710895839042));
#3361=CARTESIAN_POINT('Origin',(0.0233694192267778,0.123397941235057,0.0766710895839042));
#3362=CARTESIAN_POINT('',(0.0233694192267778,0.0233979412350569,0.0776710895839042));
#3363=CARTESIAN_POINT('Origin',(0.0233694192267778,0.023397941235057,0.0766710895839042));
#3364=CARTESIAN_POINT('',(0.0233694192267778,0.0233979412350569,0.0776710895839042));
#3365=CARTESIAN_POINT('Origin',(0.0233694192267778,-0.926602058764943,0.0776710895839042));
#3366=CARTESIAN_POINT('',(0.0204694192303579,0.123397941235057,0.0776710895839042));
#3367=CARTESIAN_POINT('',(0.0204694192303579,0.123397941235057,0.0776710895839042));
#3368=CARTESIAN_POINT('',(0.0204694192303579,0.0233979412350569,0.0776710895839042));
#3369=CARTESIAN_POINT('',(0.0204694192303579,0.023397941235057,0.0776710895839042));
#3370=CARTESIAN_POINT('',(0.0204694192303579,0.0233979412350569,0.0776710895839042));
#3371=CARTESIAN_POINT('Origin',(0.0204694192303579,-0.926602058764943,0.0776710895839042));
#3372=CARTESIAN_POINT('',(0.0204694192303579,0.123397941235057,0.0790710895839038));
#3373=CARTESIAN_POINT('',(0.0204694192303579,0.123397941235057,0.0790710895839038));
#3374=CARTESIAN_POINT('',(0.0204694192303579,0.0233979412350569,0.0790710895839038));
#3375=CARTESIAN_POINT('',(0.0204694192303579,0.023397941235057,0.0790710895839038));
#3376=CARTESIAN_POINT('',(0.0204694192303579,0.0233979412350569,0.0790710895839038));
#3377=CARTESIAN_POINT('Origin',(0.0204694192303579,-0.926602058764943,0.0790710895839038));
#3378=CARTESIAN_POINT('',(0.0212694192303581,0.123397941235057,0.0790710895839038));
#3379=CARTESIAN_POINT('',(0.0212694192303581,0.123397941235057,0.0790710895839038));
#3380=CARTESIAN_POINT('',(0.0212694192303581,0.0233979412350569,0.0790710895839038));
#3381=CARTESIAN_POINT('',(0.0212694192303581,0.023397941235057,0.0790710895839038));
#3382=CARTESIAN_POINT('',(0.0212694192303581,0.0233979412350569,0.0790710895839038));
#3383=CARTESIAN_POINT('Origin',(0.0212694192303581,-0.926602058764943,0.0790710895839038));
#3384=CARTESIAN_POINT('',(0.0212694192303581,0.123397941235057,0.07987108958102));
#3385=CARTESIAN_POINT('',(0.0212694192303581,0.123397941235057,0.07987108958102));
#3386=CARTESIAN_POINT('',(0.0212694192303581,0.0233979412350569,0.07987108958102));
#3387=CARTESIAN_POINT('',(0.0212694192303581,0.023397941235057,0.07987108958102));
#3388=CARTESIAN_POINT('',(0.0212694192303581,0.0233979412350569,0.07987108958102));
#3389=CARTESIAN_POINT('Origin',(0.0212694192303581,-0.926602058764943,0.07987108958102));
#3390=CARTESIAN_POINT('',(0.0293694192267741,0.123397941235057,0.07987108958102));
#3391=CARTESIAN_POINT('',(0.0293694192267741,0.123397941235057,0.07987108958102));
#3392=CARTESIAN_POINT('',(0.0293694192267741,0.0233979412350569,0.07987108958102));
#3393=CARTESIAN_POINT('',(0.0293694192267741,0.023397941235057,0.07987108958102));
#3394=CARTESIAN_POINT('',(0.0293694192267741,0.0233979412350569,0.07987108958102));
#3395=CARTESIAN_POINT('Origin',(0.0293694192267741,-0.926602058764943,0.07787108958102));
#3396=CARTESIAN_POINT('',(0.0313694192267741,0.123397941235057,0.07787108958102));
#3397=CARTESIAN_POINT('Origin',(0.0293694192267741,0.123397941235057,0.07787108958102));
#3398=CARTESIAN_POINT('',(0.0313694192267741,0.0233979412350569,0.07787108958102));
#3399=CARTESIAN_POINT('Origin',(0.0293694192267741,0.023397941235057,0.07787108958102));
#3400=CARTESIAN_POINT('',(0.0313694192267741,0.0233979412350569,0.07787108958102));
#3401=CARTESIAN_POINT('Origin',(0.0313694192267741,-0.926602058764943,0.07787108958102));
#3402=CARTESIAN_POINT('',(0.0313694192267741,0.123397941235057,0.0697710895846126));
#3403=CARTESIAN_POINT('',(0.0313694192267741,0.123397941235057,0.0697710895846126));
#3404=CARTESIAN_POINT('',(0.0313694192267741,0.0233979412350569,0.0697710895846126));
#3405=CARTESIAN_POINT('',(0.0313694192267741,0.023397941235057,0.0697710895846126));
#3406=CARTESIAN_POINT('',(0.0313694192267741,0.0233979412350569,0.0697710895846126));
#3407=CARTESIAN_POINT('Origin',(0.0313694192267741,-0.926602058764943,0.0697710895846126));
#3408=CARTESIAN_POINT('',(0.0305694192267816,0.123397941235057,0.0697710895846126));
#3409=CARTESIAN_POINT('',(0.0305694192267816,0.123397941235057,0.0697710895846126));
#3410=CARTESIAN_POINT('',(0.0305694192267816,0.0233979412350569,0.0697710895846126));
#3411=CARTESIAN_POINT('',(0.0305694192267816,0.023397941235057,0.0697710895846126));
#3412=CARTESIAN_POINT('',(0.0305694192267816,0.0233979412350569,0.0697710895846126));
#3413=CARTESIAN_POINT('Origin',(0.0305694192267816,-0.926602058764943,0.0697710895846126));
#3414=CARTESIAN_POINT('',(0.0305694192267816,0.123397941235057,0.0689710895846124));
#3415=CARTESIAN_POINT('',(0.0305694192267816,0.023397941235057,0.0689710895846124));
#3416=CARTESIAN_POINT('Origin',(0.0281694192267806,0.123397941235057,0.0718710895810332));
#3417=CARTESIAN_POINT('',(0.00711941922766709,0.123397941235057,0.0763710895801608));
#3418=CARTESIAN_POINT('Origin',(0.00486941922766709,0.123397941235057,0.0763710895801608));
#3419=CARTESIAN_POINT('',(0.00711941922766709,0.123397941235057,0.0533710895818925));
#3420=CARTESIAN_POINT('Origin',(0.00486941922766709,0.123397941235057,0.0533710895818925));
#3421=CARTESIAN_POINT('',(0.0119443244875714,0.123397941235057,0.0671988646021324));
#3422=CARTESIAN_POINT('Origin',(0.0128338853208625,0.123397941235057,0.0684066234869573));
#3423=CARTESIAN_POINT('',(0.011944324487571,0.123397941235057,0.0625433145599178));
#3424=CARTESIAN_POINT('Origin',(0.0163694192267923,0.123397941235057,0.0648710895810247));
#3425=CARTESIAN_POINT('Origin',(0.012833885320862,0.123397941235057,0.0613355556750925));
#3426=CARTESIAN_POINT('',(0.0301194192259227,0.123397941235057,0.0533710895818925));
#3427=CARTESIAN_POINT('Origin',(0.0278694192259227,0.123397941235057,0.0533710895818925));
#3428=CARTESIAN_POINT('',(0.0301194192259227,0.123397941235057,0.0763710895801608));
#3429=CARTESIAN_POINT('Origin',(0.0278694192259227,0.123397941235057,0.0763710895801608));
#3430=CARTESIAN_POINT('Origin',(0.0281694192267806,0.023397941235057,0.0718710895810332));
#3431=CARTESIAN_POINT('',(0.00711941922766709,0.023397941235057,0.0763710895801608));
#3432=CARTESIAN_POINT('Origin',(0.00486941922766709,0.023397941235057,0.0763710895801608));
#3433=CARTESIAN_POINT('',(0.00711941922766709,0.023397941235057,0.0533710895818925));
#3434=CARTESIAN_POINT('Origin',(0.00486941922766709,0.023397941235057,0.0533710895818925));
#3435=CARTESIAN_POINT('',(0.011944324487571,0.023397941235057,0.0625433145599178));
#3436=CARTESIAN_POINT('Origin',(0.012833885320862,0.023397941235057,0.0613355556750925));
#3437=CARTESIAN_POINT('',(0.0119443244875714,0.023397941235057,0.0671988646021324));
#3438=CARTESIAN_POINT('Origin',(0.0163694192267923,0.023397941235057,0.0648710895810247));
#3439=CARTESIAN_POINT('Origin',(0.0128338853208625,0.023397941235057,0.0684066234869573));
#3440=CARTESIAN_POINT('',(0.0301194192259227,0.023397941235057,0.0533710895818925));
#3441=CARTESIAN_POINT('Origin',(0.0278694192259227,0.023397941235057,0.0533710895818925));
#3442=CARTESIAN_POINT('',(0.0301194192259227,0.023397941235057,0.0763710895801608));
#3443=CARTESIAN_POINT('Origin',(0.0278694192259227,0.023397941235057,0.0763710895801608));
#3444=CARTESIAN_POINT('Origin',(0.0278694192259227,-0.926602058764943,0.0763710895801608));
#3445=CARTESIAN_POINT('',(0.0301194192259227,-0.926602058764943,0.0763710895801608));
#3446=CARTESIAN_POINT('Origin',(0.00486941922766709,-0.926602058764943,
0.0763710895801608));
#3447=CARTESIAN_POINT('',(0.00711941922766709,-0.926602058764943,0.0763710895801608));
#3448=CARTESIAN_POINT('Origin',(0.0278694192259227,-0.926602058764943,0.0533710895818925));
#3449=CARTESIAN_POINT('',(0.0301194192259227,-0.926602058764943,0.0533710895818925));
#3450=CARTESIAN_POINT('Origin',(0.00486941922766709,-0.926602058764943,
0.0533710895818925));
#3451=CARTESIAN_POINT('',(0.00711941922766709,-0.926602058764943,0.0533710895818925));
#3452=CARTESIAN_POINT('Origin',(0.0128338853208625,-0.926602058764943,0.0684066234869573));
#3453=CARTESIAN_POINT('',(0.0119443244875714,0.023397941235057,0.0671988646021324));
#3454=CARTESIAN_POINT('Origin',(0.0163694192267923,-0.926602058764943,0.0648710895810247));
#3455=CARTESIAN_POINT('',(0.011944324487571,0.023397941235057,0.0625433145599178));
#3456=CARTESIAN_POINT('Origin',(0.012833885320862,-0.926602058764943,0.0613355556750925));
#3457=UNCERTAINTY_MEASURE_WITH_UNIT(LENGTH_MEASURE(1.E-5),#3461,
'DISTANCE_ACCURACY_VALUE',
'Maximum model space distance between geometric entities at asserted c
onnectivities');
#3458=UNCERTAINTY_MEASURE_WITH_UNIT(LENGTH_MEASURE(1.E-5),#3461,
'DISTANCE_ACCURACY_VALUE',
'Maximum model space distance between geometric entities at asserted c
onnectivities');
#3459=(
GEOMETRIC_REPRESENTATION_CONTEXT(3)
GLOBAL_UNCERTAINTY_ASSIGNED_CONTEXT((#3457))
GLOBAL_UNIT_ASSIGNED_CONTEXT((#3461,#3463,#3464))
REPRESENTATION_CONTEXT('','3D')
);
#3460=(
GEOMETRIC_REPRESENTATION_CONTEXT(3)
GLOBAL_UNCERTAINTY_ASSIGNED_CONTEXT((#3458))
GLOBAL_UNIT_ASSIGNED_CONTEXT((#3461,#3463,#3464))
REPRESENTATION_CONTEXT('','3D')
);
#3461=(
LENGTH_UNIT()
NAMED_UNIT(*)
SI_UNIT($,.METRE.)
);
#3462=(
LENGTH_UNIT()
NAMED_UNIT(*)
SI_UNIT(.CENTI.,.METRE.)
);
#3463=(
NAMED_UNIT(*)
PLANE_ANGLE_UNIT()
SI_UNIT($,.RADIAN.)
);
#3464=(
NAMED_UNIT(*)
SI_UNIT($,.STERADIAN.)
SOLID_ANGLE_UNIT()
);
#3465=SHAPE_DEFINITION_REPRESENTATION(#3466,#3467);
#3466=PRODUCT_DEFINITION_SHAPE('',$,#3469);
#3467=SHAPE_REPRESENTATION('',(#2085),#3459);
#3468=PRODUCT_DEFINITION_CONTEXT('part definition',#3473,'design');
#3469=PRODUCT_DEFINITION('AST03003004','AST03003004',#3470,#3468);
#3470=PRODUCT_DEFINITION_FORMATION('',$,#3475);
#3471=PRODUCT_RELATED_PRODUCT_CATEGORY('AST03003004','AST03003004',(#3475));
#3472=APPLICATION_PROTOCOL_DEFINITION('international standard',
'automotive_design',2009,#3473);
#3473=APPLICATION_CONTEXT(
'Core Data for Automotive Mechanical Design Process');
#3474=PRODUCT_CONTEXT('part definition',#3473,'mechanical');
#3475=PRODUCT('AST03003004','AST03003004',$,(#3474));
#3476=PRESENTATION_STYLE_ASSIGNMENT((#3478));
#3477=PRESENTATION_STYLE_ASSIGNMENT((#3479));
#3478=SURFACE_STYLE_USAGE(.BOTH.,#3484);
#3479=SURFACE_STYLE_USAGE(.BOTH.,#3485);
#3480=SURFACE_STYLE_RENDERING_WITH_PROPERTIES($,#3492,(#3482));
#3481=SURFACE_STYLE_RENDERING_WITH_PROPERTIES($,#3493,(#3483));
#3482=SURFACE_STYLE_TRANSPARENT(0.);
#3483=SURFACE_STYLE_TRANSPARENT(0.);
#3484=SURFACE_SIDE_STYLE('',(#3486,#3480));
#3485=SURFACE_SIDE_STYLE('',(#3487,#3481));
#3486=SURFACE_STYLE_FILL_AREA(#3488);
#3487=SURFACE_STYLE_FILL_AREA(#3489);
#3488=FILL_AREA_STYLE('',(#3490));
#3489=FILL_AREA_STYLE('',(#3491));
#3490=FILL_AREA_STYLE_COLOUR('',#3492);
#3491=FILL_AREA_STYLE_COLOUR('',#3493);
#3492=COLOUR_RGB('',0.749019607843137,0.749019607843137,0.749019607843137);
#3493=COLOUR_RGB('',0.819607843137255,0.819607843137255,0.819607843137255);
ENDSEC;
END-ISO-10303-21;
