ISO-10303-21;
HEADER;
/* Generated by software containing ST-Developer
 * from STEP Tools, Inc. (www.steptools.com) 
 */

FILE_DESCRIPTION(
/* description */ (''),
/* implementation_level */ '2;1');

FILE_NAME(
/* name */ 
'C:\\Users\\Jo\X\E3o Tinoco\\Desktop\\Wolweiss - STEP\\A. Profiles\\1.
 AST\\Perfis 30\\AST03006006.step',
/* time_stamp */ '2024-04-29T15:56:36+01:00',
/* author */ ('project'),
/* organization */ (''),
/* preprocessor_version */ 'ST-DEVELOPER v19',
/* originating_system */ 'Autodesk Inventor 2023',
/* authorisation */ '');

FILE_SCHEMA (('AUTOMOTIVE_DESIGN { 1 0 10303 214 3 1 1 }'));
ENDSEC;

DATA;
#10=MECHANICAL_DESIGN_GEOMETRIC_PRESENTATION_REPRESENTATION('',(#13),#5908);
#11=SHAPE_REPRESENTATION_RELATIONSHIP('SRR','None',#5915,#12);
#12=ADVANCED_BREP_SHAPE_REPRESENTATION('',(#14),#5907);
#13=STYLED_ITEM('',(#5925),#14);
#14=MANIFOLD_SOLID_BREP('S\X\F3lido1',#3519);
#15=FACE_BOUND('',#468,.T.);
#16=FACE_BOUND('',#469,.T.);
#17=FACE_BOUND('',#470,.T.);
#18=FACE_BOUND('',#471,.T.);
#19=FACE_BOUND('',#472,.T.);
#20=FACE_BOUND('',#473,.T.);
#21=FACE_BOUND('',#474,.T.);
#22=FACE_BOUND('',#476,.T.);
#23=FACE_BOUND('',#477,.T.);
#24=FACE_BOUND('',#478,.T.);
#25=FACE_BOUND('',#479,.T.);
#26=FACE_BOUND('',#480,.T.);
#27=FACE_BOUND('',#481,.T.);
#28=FACE_BOUND('',#482,.T.);
#29=PLANE('',#3572);
#30=PLANE('',#3576);
#31=PLANE('',#3580);
#32=PLANE('',#3584);
#33=PLANE('',#3588);
#34=PLANE('',#3592);
#35=PLANE('',#3596);
#36=PLANE('',#3600);
#37=PLANE('',#3604);
#38=PLANE('',#3608);
#39=PLANE('',#3612);
#40=PLANE('',#3616);
#41=PLANE('',#3620);
#42=PLANE('',#3621);
#43=PLANE('',#3622);
#44=PLANE('',#3623);
#45=PLANE('',#3624);
#46=PLANE('',#3628);
#47=PLANE('',#3632);
#48=PLANE('',#3636);
#49=PLANE('',#3640);
#50=PLANE('',#3644);
#51=PLANE('',#3648);
#52=PLANE('',#3649);
#53=PLANE('',#3650);
#54=PLANE('',#3651);
#55=PLANE('',#3652);
#56=PLANE('',#3656);
#57=PLANE('',#3657);
#58=PLANE('',#3658);
#59=PLANE('',#3659);
#60=PLANE('',#3660);
#61=PLANE('',#3664);
#62=PLANE('',#3668);
#63=PLANE('',#3672);
#64=PLANE('',#3676);
#65=PLANE('',#3680);
#66=PLANE('',#3684);
#67=PLANE('',#3685);
#68=PLANE('',#3686);
#69=PLANE('',#3687);
#70=PLANE('',#3688);
#71=PLANE('',#3692);
#72=PLANE('',#3693);
#73=PLANE('',#3694);
#74=PLANE('',#3695);
#75=PLANE('',#3696);
#76=PLANE('',#3700);
#77=PLANE('',#3704);
#78=PLANE('',#3708);
#79=PLANE('',#3712);
#80=PLANE('',#3716);
#81=PLANE('',#3720);
#82=PLANE('',#3721);
#83=PLANE('',#3722);
#84=PLANE('',#3723);
#85=PLANE('',#3724);
#86=PLANE('',#3725);
#87=PLANE('',#3726);
#88=PLANE('',#3727);
#89=PLANE('',#3728);
#90=PLANE('',#3732);
#91=PLANE('',#3736);
#92=PLANE('',#3740);
#93=PLANE('',#3744);
#94=PLANE('',#3748);
#95=PLANE('',#3752);
#96=PLANE('',#3753);
#97=PLANE('',#3754);
#98=PLANE('',#3755);
#99=PLANE('',#3756);
#100=PLANE('',#3760);
#101=PLANE('',#3761);
#102=PLANE('',#3762);
#103=PLANE('',#3763);
#104=PLANE('',#3764);
#105=PLANE('',#3768);
#106=PLANE('',#3772);
#107=PLANE('',#3776);
#108=PLANE('',#3780);
#109=PLANE('',#3784);
#110=PLANE('',#3788);
#111=PLANE('',#3789);
#112=PLANE('',#3790);
#113=PLANE('',#3791);
#114=PLANE('',#3792);
#115=PLANE('',#3796);
#116=PLANE('',#3797);
#117=PLANE('',#3798);
#118=PLANE('',#3799);
#119=PLANE('',#3800);
#120=PLANE('',#3804);
#121=PLANE('',#3808);
#122=PLANE('',#3812);
#123=PLANE('',#3816);
#124=PLANE('',#3820);
#125=PLANE('',#3824);
#126=PLANE('',#3825);
#127=PLANE('',#3826);
#128=PLANE('',#3827);
#129=PLANE('',#3828);
#130=PLANE('',#3839);
#131=FACE_OUTER_BOUND('',#305,.T.);
#132=FACE_OUTER_BOUND('',#306,.T.);
#133=FACE_OUTER_BOUND('',#307,.T.);
#134=FACE_OUTER_BOUND('',#308,.T.);
#135=FACE_OUTER_BOUND('',#309,.T.);
#136=FACE_OUTER_BOUND('',#310,.T.);
#137=FACE_OUTER_BOUND('',#311,.T.);
#138=FACE_OUTER_BOUND('',#312,.T.);
#139=FACE_OUTER_BOUND('',#313,.T.);
#140=FACE_OUTER_BOUND('',#314,.T.);
#141=FACE_OUTER_BOUND('',#315,.T.);
#142=FACE_OUTER_BOUND('',#316,.T.);
#143=FACE_OUTER_BOUND('',#317,.T.);
#144=FACE_OUTER_BOUND('',#318,.T.);
#145=FACE_OUTER_BOUND('',#319,.T.);
#146=FACE_OUTER_BOUND('',#320,.T.);
#147=FACE_OUTER_BOUND('',#321,.T.);
#148=FACE_OUTER_BOUND('',#322,.T.);
#149=FACE_OUTER_BOUND('',#323,.T.);
#150=FACE_OUTER_BOUND('',#324,.T.);
#151=FACE_OUTER_BOUND('',#325,.T.);
#152=FACE_OUTER_BOUND('',#326,.T.);
#153=FACE_OUTER_BOUND('',#327,.T.);
#154=FACE_OUTER_BOUND('',#328,.T.);
#155=FACE_OUTER_BOUND('',#329,.T.);
#156=FACE_OUTER_BOUND('',#330,.T.);
#157=FACE_OUTER_BOUND('',#331,.T.);
#158=FACE_OUTER_BOUND('',#332,.T.);
#159=FACE_OUTER_BOUND('',#333,.T.);
#160=FACE_OUTER_BOUND('',#334,.T.);
#161=FACE_OUTER_BOUND('',#335,.T.);
#162=FACE_OUTER_BOUND('',#336,.T.);
#163=FACE_OUTER_BOUND('',#337,.T.);
#164=FACE_OUTER_BOUND('',#338,.T.);
#165=FACE_OUTER_BOUND('',#339,.T.);
#166=FACE_OUTER_BOUND('',#340,.T.);
#167=FACE_OUTER_BOUND('',#341,.T.);
#168=FACE_OUTER_BOUND('',#342,.T.);
#169=FACE_OUTER_BOUND('',#343,.T.);
#170=FACE_OUTER_BOUND('',#344,.T.);
#171=FACE_OUTER_BOUND('',#345,.T.);
#172=FACE_OUTER_BOUND('',#346,.T.);
#173=FACE_OUTER_BOUND('',#347,.T.);
#174=FACE_OUTER_BOUND('',#348,.T.);
#175=FACE_OUTER_BOUND('',#349,.T.);
#176=FACE_OUTER_BOUND('',#350,.T.);
#177=FACE_OUTER_BOUND('',#351,.T.);
#178=FACE_OUTER_BOUND('',#352,.T.);
#179=FACE_OUTER_BOUND('',#353,.T.);
#180=FACE_OUTER_BOUND('',#354,.T.);
#181=FACE_OUTER_BOUND('',#355,.T.);
#182=FACE_OUTER_BOUND('',#356,.T.);
#183=FACE_OUTER_BOUND('',#357,.T.);
#184=FACE_OUTER_BOUND('',#358,.T.);
#185=FACE_OUTER_BOUND('',#359,.T.);
#186=FACE_OUTER_BOUND('',#360,.T.);
#187=FACE_OUTER_BOUND('',#361,.T.);
#188=FACE_OUTER_BOUND('',#362,.T.);
#189=FACE_OUTER_BOUND('',#363,.T.);
#190=FACE_OUTER_BOUND('',#364,.T.);
#191=FACE_OUTER_BOUND('',#365,.T.);
#192=FACE_OUTER_BOUND('',#366,.T.);
#193=FACE_OUTER_BOUND('',#367,.T.);
#194=FACE_OUTER_BOUND('',#368,.T.);
#195=FACE_OUTER_BOUND('',#369,.T.);
#196=FACE_OUTER_BOUND('',#370,.T.);
#197=FACE_OUTER_BOUND('',#371,.T.);
#198=FACE_OUTER_BOUND('',#372,.T.);
#199=FACE_OUTER_BOUND('',#373,.T.);
#200=FACE_OUTER_BOUND('',#374,.T.);
#201=FACE_OUTER_BOUND('',#375,.T.);
#202=FACE_OUTER_BOUND('',#376,.T.);
#203=FACE_OUTER_BOUND('',#377,.T.);
#204=FACE_OUTER_BOUND('',#378,.T.);
#205=FACE_OUTER_BOUND('',#379,.T.);
#206=FACE_OUTER_BOUND('',#380,.T.);
#207=FACE_OUTER_BOUND('',#381,.T.);
#208=FACE_OUTER_BOUND('',#382,.T.);
#209=FACE_OUTER_BOUND('',#383,.T.);
#210=FACE_OUTER_BOUND('',#384,.T.);
#211=FACE_OUTER_BOUND('',#385,.T.);
#212=FACE_OUTER_BOUND('',#386,.T.);
#213=FACE_OUTER_BOUND('',#387,.T.);
#214=FACE_OUTER_BOUND('',#388,.T.);
#215=FACE_OUTER_BOUND('',#389,.T.);
#216=FACE_OUTER_BOUND('',#390,.T.);
#217=FACE_OUTER_BOUND('',#391,.T.);
#218=FACE_OUTER_BOUND('',#392,.T.);
#219=FACE_OUTER_BOUND('',#393,.T.);
#220=FACE_OUTER_BOUND('',#394,.T.);
#221=FACE_OUTER_BOUND('',#395,.T.);
#222=FACE_OUTER_BOUND('',#396,.T.);
#223=FACE_OUTER_BOUND('',#397,.T.);
#224=FACE_OUTER_BOUND('',#398,.T.);
#225=FACE_OUTER_BOUND('',#399,.T.);
#226=FACE_OUTER_BOUND('',#400,.T.);
#227=FACE_OUTER_BOUND('',#401,.T.);
#228=FACE_OUTER_BOUND('',#402,.T.);
#229=FACE_OUTER_BOUND('',#403,.T.);
#230=FACE_OUTER_BOUND('',#404,.T.);
#231=FACE_OUTER_BOUND('',#405,.T.);
#232=FACE_OUTER_BOUND('',#406,.T.);
#233=FACE_OUTER_BOUND('',#407,.T.);
#234=FACE_OUTER_BOUND('',#408,.T.);
#235=FACE_OUTER_BOUND('',#409,.T.);
#236=FACE_OUTER_BOUND('',#410,.T.);
#237=FACE_OUTER_BOUND('',#411,.T.);
#238=FACE_OUTER_BOUND('',#412,.T.);
#239=FACE_OUTER_BOUND('',#413,.T.);
#240=FACE_OUTER_BOUND('',#414,.T.);
#241=FACE_OUTER_BOUND('',#415,.T.);
#242=FACE_OUTER_BOUND('',#416,.T.);
#243=FACE_OUTER_BOUND('',#417,.T.);
#244=FACE_OUTER_BOUND('',#418,.T.);
#245=FACE_OUTER_BOUND('',#419,.T.);
#246=FACE_OUTER_BOUND('',#420,.T.);
#247=FACE_OUTER_BOUND('',#421,.T.);
#248=FACE_OUTER_BOUND('',#422,.T.);
#249=FACE_OUTER_BOUND('',#423,.T.);
#250=FACE_OUTER_BOUND('',#424,.T.);
#251=FACE_OUTER_BOUND('',#425,.T.);
#252=FACE_OUTER_BOUND('',#426,.T.);
#253=FACE_OUTER_BOUND('',#427,.T.);
#254=FACE_OUTER_BOUND('',#428,.T.);
#255=FACE_OUTER_BOUND('',#429,.T.);
#256=FACE_OUTER_BOUND('',#430,.T.);
#257=FACE_OUTER_BOUND('',#431,.T.);
#258=FACE_OUTER_BOUND('',#432,.T.);
#259=FACE_OUTER_BOUND('',#433,.T.);
#260=FACE_OUTER_BOUND('',#434,.T.);
#261=FACE_OUTER_BOUND('',#435,.T.);
#262=FACE_OUTER_BOUND('',#436,.T.);
#263=FACE_OUTER_BOUND('',#437,.T.);
#264=FACE_OUTER_BOUND('',#438,.T.);
#265=FACE_OUTER_BOUND('',#439,.T.);
#266=FACE_OUTER_BOUND('',#440,.T.);
#267=FACE_OUTER_BOUND('',#441,.T.);
#268=FACE_OUTER_BOUND('',#442,.T.);
#269=FACE_OUTER_BOUND('',#443,.T.);
#270=FACE_OUTER_BOUND('',#444,.T.);
#271=FACE_OUTER_BOUND('',#445,.T.);
#272=FACE_OUTER_BOUND('',#446,.T.);
#273=FACE_OUTER_BOUND('',#447,.T.);
#274=FACE_OUTER_BOUND('',#448,.T.);
#275=FACE_OUTER_BOUND('',#449,.T.);
#276=FACE_OUTER_BOUND('',#450,.T.);
#277=FACE_OUTER_BOUND('',#451,.T.);
#278=FACE_OUTER_BOUND('',#452,.T.);
#279=FACE_OUTER_BOUND('',#453,.T.);
#280=FACE_OUTER_BOUND('',#454,.T.);
#281=FACE_OUTER_BOUND('',#455,.T.);
#282=FACE_OUTER_BOUND('',#456,.T.);
#283=FACE_OUTER_BOUND('',#457,.T.);
#284=FACE_OUTER_BOUND('',#458,.T.);
#285=FACE_OUTER_BOUND('',#459,.T.);
#286=FACE_OUTER_BOUND('',#460,.T.);
#287=FACE_OUTER_BOUND('',#461,.T.);
#288=FACE_OUTER_BOUND('',#462,.T.);
#289=FACE_OUTER_BOUND('',#463,.T.);
#290=FACE_OUTER_BOUND('',#464,.T.);
#291=FACE_OUTER_BOUND('',#465,.T.);
#292=FACE_OUTER_BOUND('',#466,.T.);
#293=FACE_OUTER_BOUND('',#467,.T.);
#294=FACE_OUTER_BOUND('',#475,.T.);
#295=FACE_OUTER_BOUND('',#483,.T.);
#296=FACE_OUTER_BOUND('',#484,.T.);
#297=FACE_OUTER_BOUND('',#485,.T.);
#298=FACE_OUTER_BOUND('',#486,.T.);
#299=FACE_OUTER_BOUND('',#487,.T.);
#300=FACE_OUTER_BOUND('',#488,.T.);
#301=FACE_OUTER_BOUND('',#489,.T.);
#302=FACE_OUTER_BOUND('',#490,.T.);
#303=FACE_OUTER_BOUND('',#491,.T.);
#304=FACE_OUTER_BOUND('',#492,.T.);
#305=EDGE_LOOP('',(#2241,#2242,#2243,#2244));
#306=EDGE_LOOP('',(#2245,#2246,#2247,#2248));
#307=EDGE_LOOP('',(#2249,#2250,#2251,#2252));
#308=EDGE_LOOP('',(#2253,#2254,#2255,#2256));
#309=EDGE_LOOP('',(#2257,#2258,#2259,#2260));
#310=EDGE_LOOP('',(#2261,#2262,#2263,#2264));
#311=EDGE_LOOP('',(#2265,#2266,#2267,#2268));
#312=EDGE_LOOP('',(#2269,#2270,#2271,#2272));
#313=EDGE_LOOP('',(#2273,#2274,#2275,#2276));
#314=EDGE_LOOP('',(#2277,#2278,#2279,#2280));
#315=EDGE_LOOP('',(#2281,#2282,#2283,#2284));
#316=EDGE_LOOP('',(#2285,#2286,#2287,#2288));
#317=EDGE_LOOP('',(#2289,#2290,#2291,#2292));
#318=EDGE_LOOP('',(#2293,#2294,#2295,#2296));
#319=EDGE_LOOP('',(#2297,#2298,#2299,#2300));
#320=EDGE_LOOP('',(#2301,#2302,#2303,#2304));
#321=EDGE_LOOP('',(#2305,#2306,#2307,#2308));
#322=EDGE_LOOP('',(#2309,#2310,#2311,#2312));
#323=EDGE_LOOP('',(#2313,#2314,#2315,#2316));
#324=EDGE_LOOP('',(#2317,#2318,#2319,#2320));
#325=EDGE_LOOP('',(#2321,#2322,#2323,#2324));
#326=EDGE_LOOP('',(#2325,#2326,#2327,#2328));
#327=EDGE_LOOP('',(#2329,#2330,#2331,#2332));
#328=EDGE_LOOP('',(#2333,#2334,#2335,#2336));
#329=EDGE_LOOP('',(#2337,#2338,#2339,#2340));
#330=EDGE_LOOP('',(#2341,#2342,#2343,#2344));
#331=EDGE_LOOP('',(#2345,#2346,#2347,#2348));
#332=EDGE_LOOP('',(#2349,#2350,#2351,#2352));
#333=EDGE_LOOP('',(#2353,#2354,#2355,#2356));
#334=EDGE_LOOP('',(#2357,#2358,#2359,#2360));
#335=EDGE_LOOP('',(#2361,#2362,#2363,#2364));
#336=EDGE_LOOP('',(#2365,#2366,#2367,#2368));
#337=EDGE_LOOP('',(#2369,#2370,#2371,#2372));
#338=EDGE_LOOP('',(#2373,#2374,#2375,#2376));
#339=EDGE_LOOP('',(#2377,#2378,#2379,#2380));
#340=EDGE_LOOP('',(#2381,#2382,#2383,#2384));
#341=EDGE_LOOP('',(#2385,#2386,#2387,#2388));
#342=EDGE_LOOP('',(#2389,#2390,#2391,#2392));
#343=EDGE_LOOP('',(#2393,#2394,#2395,#2396));
#344=EDGE_LOOP('',(#2397,#2398,#2399,#2400));
#345=EDGE_LOOP('',(#2401,#2402,#2403,#2404));
#346=EDGE_LOOP('',(#2405,#2406,#2407,#2408));
#347=EDGE_LOOP('',(#2409,#2410,#2411,#2412));
#348=EDGE_LOOP('',(#2413,#2414,#2415,#2416));
#349=EDGE_LOOP('',(#2417,#2418,#2419,#2420));
#350=EDGE_LOOP('',(#2421,#2422,#2423,#2424));
#351=EDGE_LOOP('',(#2425,#2426,#2427,#2428));
#352=EDGE_LOOP('',(#2429,#2430,#2431,#2432));
#353=EDGE_LOOP('',(#2433,#2434,#2435,#2436));
#354=EDGE_LOOP('',(#2437,#2438,#2439,#2440));
#355=EDGE_LOOP('',(#2441,#2442,#2443,#2444));
#356=EDGE_LOOP('',(#2445,#2446,#2447,#2448));
#357=EDGE_LOOP('',(#2449,#2450,#2451,#2452));
#358=EDGE_LOOP('',(#2453,#2454,#2455,#2456));
#359=EDGE_LOOP('',(#2457,#2458,#2459,#2460));
#360=EDGE_LOOP('',(#2461,#2462,#2463,#2464));
#361=EDGE_LOOP('',(#2465,#2466,#2467,#2468));
#362=EDGE_LOOP('',(#2469,#2470,#2471,#2472));
#363=EDGE_LOOP('',(#2473,#2474,#2475,#2476));
#364=EDGE_LOOP('',(#2477,#2478,#2479,#2480));
#365=EDGE_LOOP('',(#2481,#2482,#2483,#2484));
#366=EDGE_LOOP('',(#2485,#2486,#2487,#2488));
#367=EDGE_LOOP('',(#2489,#2490,#2491,#2492));
#368=EDGE_LOOP('',(#2493,#2494,#2495,#2496));
#369=EDGE_LOOP('',(#2497,#2498,#2499,#2500));
#370=EDGE_LOOP('',(#2501,#2502,#2503,#2504));
#371=EDGE_LOOP('',(#2505,#2506,#2507,#2508));
#372=EDGE_LOOP('',(#2509,#2510,#2511,#2512));
#373=EDGE_LOOP('',(#2513,#2514,#2515,#2516));
#374=EDGE_LOOP('',(#2517,#2518,#2519,#2520));
#375=EDGE_LOOP('',(#2521,#2522,#2523,#2524));
#376=EDGE_LOOP('',(#2525,#2526,#2527,#2528));
#377=EDGE_LOOP('',(#2529,#2530,#2531,#2532));
#378=EDGE_LOOP('',(#2533,#2534,#2535,#2536));
#379=EDGE_LOOP('',(#2537,#2538,#2539,#2540));
#380=EDGE_LOOP('',(#2541,#2542,#2543,#2544));
#381=EDGE_LOOP('',(#2545,#2546,#2547,#2548));
#382=EDGE_LOOP('',(#2549,#2550,#2551,#2552));
#383=EDGE_LOOP('',(#2553,#2554,#2555,#2556));
#384=EDGE_LOOP('',(#2557,#2558,#2559,#2560));
#385=EDGE_LOOP('',(#2561,#2562,#2563,#2564));
#386=EDGE_LOOP('',(#2565,#2566,#2567,#2568));
#387=EDGE_LOOP('',(#2569,#2570,#2571,#2572));
#388=EDGE_LOOP('',(#2573,#2574,#2575,#2576));
#389=EDGE_LOOP('',(#2577,#2578,#2579,#2580));
#390=EDGE_LOOP('',(#2581,#2582,#2583,#2584));
#391=EDGE_LOOP('',(#2585,#2586,#2587,#2588));
#392=EDGE_LOOP('',(#2589,#2590,#2591,#2592));
#393=EDGE_LOOP('',(#2593,#2594,#2595,#2596));
#394=EDGE_LOOP('',(#2597,#2598,#2599,#2600));
#395=EDGE_LOOP('',(#2601,#2602,#2603,#2604));
#396=EDGE_LOOP('',(#2605,#2606,#2607,#2608));
#397=EDGE_LOOP('',(#2609,#2610,#2611,#2612));
#398=EDGE_LOOP('',(#2613,#2614,#2615,#2616));
#399=EDGE_LOOP('',(#2617,#2618,#2619,#2620));
#400=EDGE_LOOP('',(#2621,#2622,#2623,#2624));
#401=EDGE_LOOP('',(#2625,#2626,#2627,#2628));
#402=EDGE_LOOP('',(#2629,#2630,#2631,#2632));
#403=EDGE_LOOP('',(#2633,#2634,#2635,#2636));
#404=EDGE_LOOP('',(#2637,#2638,#2639,#2640));
#405=EDGE_LOOP('',(#2641,#2642,#2643,#2644));
#406=EDGE_LOOP('',(#2645,#2646,#2647,#2648));
#407=EDGE_LOOP('',(#2649,#2650,#2651,#2652));
#408=EDGE_LOOP('',(#2653,#2654,#2655,#2656));
#409=EDGE_LOOP('',(#2657,#2658,#2659,#2660));
#410=EDGE_LOOP('',(#2661,#2662,#2663,#2664));
#411=EDGE_LOOP('',(#2665,#2666,#2667,#2668));
#412=EDGE_LOOP('',(#2669,#2670,#2671,#2672));
#413=EDGE_LOOP('',(#2673,#2674,#2675,#2676));
#414=EDGE_LOOP('',(#2677,#2678,#2679,#2680));
#415=EDGE_LOOP('',(#2681,#2682,#2683,#2684));
#416=EDGE_LOOP('',(#2685,#2686,#2687,#2688));
#417=EDGE_LOOP('',(#2689,#2690,#2691,#2692));
#418=EDGE_LOOP('',(#2693,#2694,#2695,#2696));
#419=EDGE_LOOP('',(#2697,#2698,#2699,#2700));
#420=EDGE_LOOP('',(#2701,#2702,#2703,#2704));
#421=EDGE_LOOP('',(#2705,#2706,#2707,#2708));
#422=EDGE_LOOP('',(#2709,#2710,#2711,#2712));
#423=EDGE_LOOP('',(#2713,#2714,#2715,#2716));
#424=EDGE_LOOP('',(#2717,#2718,#2719,#2720));
#425=EDGE_LOOP('',(#2721,#2722,#2723,#2724));
#426=EDGE_LOOP('',(#2725,#2726,#2727,#2728));
#427=EDGE_LOOP('',(#2729,#2730,#2731,#2732));
#428=EDGE_LOOP('',(#2733,#2734,#2735,#2736));
#429=EDGE_LOOP('',(#2737,#2738,#2739,#2740));
#430=EDGE_LOOP('',(#2741,#2742,#2743,#2744));
#431=EDGE_LOOP('',(#2745,#2746,#2747,#2748));
#432=EDGE_LOOP('',(#2749,#2750,#2751,#2752));
#433=EDGE_LOOP('',(#2753,#2754,#2755,#2756));
#434=EDGE_LOOP('',(#2757,#2758,#2759,#2760));
#435=EDGE_LOOP('',(#2761,#2762,#2763,#2764));
#436=EDGE_LOOP('',(#2765,#2766,#2767,#2768));
#437=EDGE_LOOP('',(#2769,#2770,#2771,#2772));
#438=EDGE_LOOP('',(#2773,#2774,#2775,#2776));
#439=EDGE_LOOP('',(#2777,#2778,#2779,#2780));
#440=EDGE_LOOP('',(#2781,#2782,#2783,#2784));
#441=EDGE_LOOP('',(#2785,#2786,#2787,#2788));
#442=EDGE_LOOP('',(#2789,#2790,#2791,#2792));
#443=EDGE_LOOP('',(#2793,#2794,#2795,#2796));
#444=EDGE_LOOP('',(#2797,#2798,#2799,#2800));
#445=EDGE_LOOP('',(#2801,#2802,#2803,#2804));
#446=EDGE_LOOP('',(#2805,#2806,#2807,#2808));
#447=EDGE_LOOP('',(#2809,#2810,#2811,#2812));
#448=EDGE_LOOP('',(#2813,#2814,#2815,#2816));
#449=EDGE_LOOP('',(#2817,#2818,#2819,#2820));
#450=EDGE_LOOP('',(#2821,#2822,#2823,#2824));
#451=EDGE_LOOP('',(#2825,#2826,#2827,#2828));
#452=EDGE_LOOP('',(#2829,#2830,#2831,#2832));
#453=EDGE_LOOP('',(#2833,#2834,#2835,#2836));
#454=EDGE_LOOP('',(#2837,#2838,#2839,#2840));
#455=EDGE_LOOP('',(#2841,#2842,#2843,#2844));
#456=EDGE_LOOP('',(#2845,#2846,#2847,#2848));
#457=EDGE_LOOP('',(#2849,#2850,#2851,#2852));
#458=EDGE_LOOP('',(#2853,#2854,#2855,#2856));
#459=EDGE_LOOP('',(#2857,#2858,#2859,#2860));
#460=EDGE_LOOP('',(#2861,#2862,#2863,#2864));
#461=EDGE_LOOP('',(#2865,#2866,#2867,#2868));
#462=EDGE_LOOP('',(#2869,#2870,#2871,#2872));
#463=EDGE_LOOP('',(#2873,#2874,#2875,#2876));
#464=EDGE_LOOP('',(#2877,#2878,#2879,#2880));
#465=EDGE_LOOP('',(#2881,#2882,#2883,#2884));
#466=EDGE_LOOP('',(#2885,#2886,#2887,#2888));
#467=EDGE_LOOP('',(#2889,#2890,#2891,#2892,#2893,#2894,#2895,#2896,#2897,
#2898,#2899,#2900,#2901,#2902,#2903,#2904,#2905,#2906,#2907,#2908,#2909,
#2910,#2911,#2912,#2913,#2914,#2915,#2916,#2917,#2918,#2919,#2920,#2921,
#2922,#2923,#2924,#2925,#2926,#2927,#2928,#2929,#2930,#2931,#2932,#2933,
#2934,#2935,#2936,#2937,#2938,#2939,#2940,#2941,#2942,#2943,#2944,#2945,
#2946,#2947,#2948,#2949,#2950,#2951,#2952,#2953,#2954,#2955,#2956,#2957,
#2958,#2959,#2960,#2961,#2962,#2963,#2964,#2965,#2966,#2967,#2968,#2969,
#2970,#2971,#2972,#2973,#2974,#2975,#2976,#2977,#2978,#2979,#2980,#2981,
#2982,#2983,#2984,#2985,#2986,#2987,#2988,#2989,#2990,#2991,#2992,#2993,
#2994,#2995,#2996,#2997,#2998,#2999,#3000,#3001,#3002,#3003,#3004,#3005,
#3006,#3007,#3008,#3009,#3010,#3011,#3012,#3013,#3014,#3015,#3016));
#468=EDGE_LOOP('',(#3017));
#469=EDGE_LOOP('',(#3018));
#470=EDGE_LOOP('',(#3019,#3020,#3021,#3022,#3023,#3024,#3025,#3026));
#471=EDGE_LOOP('',(#3027,#3028,#3029,#3030,#3031,#3032,#3033,#3034));
#472=EDGE_LOOP('',(#3035));
#473=EDGE_LOOP('',(#3036));
#474=EDGE_LOOP('',(#3037,#3038,#3039,#3040,#3041,#3042,#3043,#3044,#3045,
#3046,#3047,#3048,#3049,#3050,#3051,#3052,#3053,#3054,#3055,#3056,#3057,
#3058,#3059,#3060));
#475=EDGE_LOOP('',(#3061,#3062,#3063,#3064,#3065,#3066,#3067,#3068,#3069,
#3070,#3071,#3072,#3073,#3074,#3075,#3076,#3077,#3078,#3079,#3080,#3081,
#3082,#3083,#3084,#3085,#3086,#3087,#3088,#3089,#3090,#3091,#3092,#3093,
#3094,#3095,#3096,#3097,#3098,#3099,#3100,#3101,#3102,#3103,#3104,#3105,
#3106,#3107,#3108,#3109,#3110,#3111,#3112,#3113,#3114,#3115,#3116,#3117,
#3118,#3119,#3120,#3121,#3122,#3123,#3124,#3125,#3126,#3127,#3128,#3129,
#3130,#3131,#3132,#3133,#3134,#3135,#3136,#3137,#3138,#3139,#3140,#3141,
#3142,#3143,#3144,#3145,#3146,#3147,#3148,#3149,#3150,#3151,#3152,#3153,
#3154,#3155,#3156,#3157,#3158,#3159,#3160,#3161,#3162,#3163,#3164,#3165,
#3166,#3167,#3168,#3169,#3170,#3171,#3172,#3173,#3174,#3175,#3176,#3177,
#3178,#3179,#3180,#3181,#3182,#3183,#3184,#3185,#3186,#3187,#3188));
#476=EDGE_LOOP('',(#3189));
#477=EDGE_LOOP('',(#3190));
#478=EDGE_LOOP('',(#3191,#3192,#3193,#3194,#3195,#3196,#3197,#3198));
#479=EDGE_LOOP('',(#3199,#3200,#3201,#3202,#3203,#3204,#3205,#3206));
#480=EDGE_LOOP('',(#3207));
#481=EDGE_LOOP('',(#3208));
#482=EDGE_LOOP('',(#3209,#3210,#3211,#3212,#3213,#3214,#3215,#3216,#3217,
#3218,#3219,#3220,#3221,#3222,#3223,#3224,#3225,#3226,#3227,#3228,#3229,
#3230,#3231,#3232));
#483=EDGE_LOOP('',(#3233,#3234,#3235,#3236));
#484=EDGE_LOOP('',(#3237,#3238,#3239,#3240));
#485=EDGE_LOOP('',(#3241,#3242,#3243,#3244));
#486=EDGE_LOOP('',(#3245,#3246,#3247,#3248));
#487=EDGE_LOOP('',(#3249,#3250,#3251,#3252));
#488=EDGE_LOOP('',(#3253,#3254,#3255,#3256));
#489=EDGE_LOOP('',(#3257,#3258,#3259,#3260));
#490=EDGE_LOOP('',(#3261,#3262,#3263,#3264));
#491=EDGE_LOOP('',(#3265,#3266,#3267,#3268));
#492=EDGE_LOOP('',(#3269,#3270,#3271,#3272));
#493=LINE('',#4876,#865);
#494=LINE('',#4879,#866);
#495=LINE('',#4884,#867);
#496=LINE('',#4890,#868);
#497=LINE('',#4896,#869);
#498=LINE('',#4902,#870);
#499=LINE('',#4909,#871);
#500=LINE('',#4912,#872);
#501=LINE('',#4917,#873);
#502=LINE('',#4923,#874);
#503=LINE('',#4930,#875);
#504=LINE('',#4933,#876);
#505=LINE('',#4940,#877);
#506=LINE('',#4942,#878);
#507=LINE('',#4944,#879);
#508=LINE('',#4945,#880);
#509=LINE('',#4950,#881);
#510=LINE('',#4954,#882);
#511=LINE('',#4956,#883);
#512=LINE('',#4957,#884);
#513=LINE('',#4962,#885);
#514=LINE('',#4966,#886);
#515=LINE('',#4968,#887);
#516=LINE('',#4969,#888);
#517=LINE('',#4974,#889);
#518=LINE('',#4978,#890);
#519=LINE('',#4980,#891);
#520=LINE('',#4981,#892);
#521=LINE('',#4986,#893);
#522=LINE('',#4990,#894);
#523=LINE('',#4992,#895);
#524=LINE('',#4993,#896);
#525=LINE('',#4998,#897);
#526=LINE('',#5002,#898);
#527=LINE('',#5004,#899);
#528=LINE('',#5005,#900);
#529=LINE('',#5010,#901);
#530=LINE('',#5014,#902);
#531=LINE('',#5016,#903);
#532=LINE('',#5017,#904);
#533=LINE('',#5022,#905);
#534=LINE('',#5026,#906);
#535=LINE('',#5028,#907);
#536=LINE('',#5029,#908);
#537=LINE('',#5034,#909);
#538=LINE('',#5038,#910);
#539=LINE('',#5040,#911);
#540=LINE('',#5041,#912);
#541=LINE('',#5046,#913);
#542=LINE('',#5050,#914);
#543=LINE('',#5052,#915);
#544=LINE('',#5053,#916);
#545=LINE('',#5058,#917);
#546=LINE('',#5062,#918);
#547=LINE('',#5064,#919);
#548=LINE('',#5065,#920);
#549=LINE('',#5070,#921);
#550=LINE('',#5074,#922);
#551=LINE('',#5076,#923);
#552=LINE('',#5077,#924);
#553=LINE('',#5084,#925);
#554=LINE('',#5086,#926);
#555=LINE('',#5088,#927);
#556=LINE('',#5089,#928);
#557=LINE('',#5092,#929);
#558=LINE('',#5094,#930);
#559=LINE('',#5095,#931);
#560=LINE('',#5098,#932);
#561=LINE('',#5100,#933);
#562=LINE('',#5101,#934);
#563=LINE('',#5104,#935);
#564=LINE('',#5106,#936);
#565=LINE('',#5107,#937);
#566=LINE('',#5110,#938);
#567=LINE('',#5112,#939);
#568=LINE('',#5113,#940);
#569=LINE('',#5119,#941);
#570=LINE('',#5122,#942);
#571=LINE('',#5124,#943);
#572=LINE('',#5125,#944);
#573=LINE('',#5131,#945);
#574=LINE('',#5134,#946);
#575=LINE('',#5136,#947);
#576=LINE('',#5137,#948);
#577=LINE('',#5143,#949);
#578=LINE('',#5146,#950);
#579=LINE('',#5148,#951);
#580=LINE('',#5149,#952);
#581=LINE('',#5155,#953);
#582=LINE('',#5158,#954);
#583=LINE('',#5160,#955);
#584=LINE('',#5161,#956);
#585=LINE('',#5167,#957);
#586=LINE('',#5170,#958);
#587=LINE('',#5172,#959);
#588=LINE('',#5173,#960);
#589=LINE('',#5179,#961);
#590=LINE('',#5182,#962);
#591=LINE('',#5184,#963);
#592=LINE('',#5185,#964);
#593=LINE('',#5188,#965);
#594=LINE('',#5190,#966);
#595=LINE('',#5191,#967);
#596=LINE('',#5194,#968);
#597=LINE('',#5196,#969);
#598=LINE('',#5197,#970);
#599=LINE('',#5200,#971);
#600=LINE('',#5202,#972);
#601=LINE('',#5203,#973);
#602=LINE('',#5206,#974);
#603=LINE('',#5208,#975);
#604=LINE('',#5209,#976);
#605=LINE('',#5215,#977);
#606=LINE('',#5218,#978);
#607=LINE('',#5220,#979);
#608=LINE('',#5221,#980);
#609=LINE('',#5224,#981);
#610=LINE('',#5226,#982);
#611=LINE('',#5227,#983);
#612=LINE('',#5230,#984);
#613=LINE('',#5232,#985);
#614=LINE('',#5233,#986);
#615=LINE('',#5236,#987);
#616=LINE('',#5238,#988);
#617=LINE('',#5239,#989);
#618=LINE('',#5242,#990);
#619=LINE('',#5244,#991);
#620=LINE('',#5245,#992);
#621=LINE('',#5251,#993);
#622=LINE('',#5254,#994);
#623=LINE('',#5256,#995);
#624=LINE('',#5257,#996);
#625=LINE('',#5263,#997);
#626=LINE('',#5266,#998);
#627=LINE('',#5268,#999);
#628=LINE('',#5269,#1000);
#629=LINE('',#5275,#1001);
#630=LINE('',#5278,#1002);
#631=LINE('',#5280,#1003);
#632=LINE('',#5281,#1004);
#633=LINE('',#5287,#1005);
#634=LINE('',#5290,#1006);
#635=LINE('',#5292,#1007);
#636=LINE('',#5293,#1008);
#637=LINE('',#5299,#1009);
#638=LINE('',#5302,#1010);
#639=LINE('',#5304,#1011);
#640=LINE('',#5305,#1012);
#641=LINE('',#5311,#1013);
#642=LINE('',#5314,#1014);
#643=LINE('',#5316,#1015);
#644=LINE('',#5317,#1016);
#645=LINE('',#5320,#1017);
#646=LINE('',#5322,#1018);
#647=LINE('',#5323,#1019);
#648=LINE('',#5326,#1020);
#649=LINE('',#5328,#1021);
#650=LINE('',#5329,#1022);
#651=LINE('',#5332,#1023);
#652=LINE('',#5334,#1024);
#653=LINE('',#5335,#1025);
#654=LINE('',#5338,#1026);
#655=LINE('',#5340,#1027);
#656=LINE('',#5341,#1028);
#657=LINE('',#5347,#1029);
#658=LINE('',#5350,#1030);
#659=LINE('',#5352,#1031);
#660=LINE('',#5353,#1032);
#661=LINE('',#5356,#1033);
#662=LINE('',#5358,#1034);
#663=LINE('',#5359,#1035);
#664=LINE('',#5362,#1036);
#665=LINE('',#5364,#1037);
#666=LINE('',#5365,#1038);
#667=LINE('',#5368,#1039);
#668=LINE('',#5370,#1040);
#669=LINE('',#5371,#1041);
#670=LINE('',#5374,#1042);
#671=LINE('',#5376,#1043);
#672=LINE('',#5377,#1044);
#673=LINE('',#5383,#1045);
#674=LINE('',#5386,#1046);
#675=LINE('',#5388,#1047);
#676=LINE('',#5389,#1048);
#677=LINE('',#5395,#1049);
#678=LINE('',#5398,#1050);
#679=LINE('',#5400,#1051);
#680=LINE('',#5401,#1052);
#681=LINE('',#5407,#1053);
#682=LINE('',#5410,#1054);
#683=LINE('',#5412,#1055);
#684=LINE('',#5413,#1056);
#685=LINE('',#5419,#1057);
#686=LINE('',#5422,#1058);
#687=LINE('',#5424,#1059);
#688=LINE('',#5425,#1060);
#689=LINE('',#5431,#1061);
#690=LINE('',#5434,#1062);
#691=LINE('',#5436,#1063);
#692=LINE('',#5437,#1064);
#693=LINE('',#5443,#1065);
#694=LINE('',#5446,#1066);
#695=LINE('',#5448,#1067);
#696=LINE('',#5449,#1068);
#697=LINE('',#5452,#1069);
#698=LINE('',#5454,#1070);
#699=LINE('',#5455,#1071);
#700=LINE('',#5458,#1072);
#701=LINE('',#5460,#1073);
#702=LINE('',#5461,#1074);
#703=LINE('',#5464,#1075);
#704=LINE('',#5466,#1076);
#705=LINE('',#5467,#1077);
#706=LINE('',#5470,#1078);
#707=LINE('',#5472,#1079);
#708=LINE('',#5473,#1080);
#709=LINE('',#5476,#1081);
#710=LINE('',#5478,#1082);
#711=LINE('',#5479,#1083);
#712=LINE('',#5482,#1084);
#713=LINE('',#5484,#1085);
#714=LINE('',#5485,#1086);
#715=LINE('',#5488,#1087);
#716=LINE('',#5490,#1088);
#717=LINE('',#5491,#1089);
#718=LINE('',#5494,#1090);
#719=LINE('',#5496,#1091);
#720=LINE('',#5497,#1092);
#721=LINE('',#5503,#1093);
#722=LINE('',#5506,#1094);
#723=LINE('',#5508,#1095);
#724=LINE('',#5509,#1096);
#725=LINE('',#5515,#1097);
#726=LINE('',#5518,#1098);
#727=LINE('',#5520,#1099);
#728=LINE('',#5521,#1100);
#729=LINE('',#5527,#1101);
#730=LINE('',#5530,#1102);
#731=LINE('',#5532,#1103);
#732=LINE('',#5533,#1104);
#733=LINE('',#5539,#1105);
#734=LINE('',#5542,#1106);
#735=LINE('',#5544,#1107);
#736=LINE('',#5545,#1108);
#737=LINE('',#5551,#1109);
#738=LINE('',#5554,#1110);
#739=LINE('',#5556,#1111);
#740=LINE('',#5557,#1112);
#741=LINE('',#5563,#1113);
#742=LINE('',#5566,#1114);
#743=LINE('',#5568,#1115);
#744=LINE('',#5569,#1116);
#745=LINE('',#5572,#1117);
#746=LINE('',#5574,#1118);
#747=LINE('',#5575,#1119);
#748=LINE('',#5578,#1120);
#749=LINE('',#5580,#1121);
#750=LINE('',#5581,#1122);
#751=LINE('',#5584,#1123);
#752=LINE('',#5586,#1124);
#753=LINE('',#5587,#1125);
#754=LINE('',#5590,#1126);
#755=LINE('',#5592,#1127);
#756=LINE('',#5593,#1128);
#757=LINE('',#5599,#1129);
#758=LINE('',#5602,#1130);
#759=LINE('',#5604,#1131);
#760=LINE('',#5605,#1132);
#761=LINE('',#5608,#1133);
#762=LINE('',#5610,#1134);
#763=LINE('',#5611,#1135);
#764=LINE('',#5614,#1136);
#765=LINE('',#5616,#1137);
#766=LINE('',#5617,#1138);
#767=LINE('',#5620,#1139);
#768=LINE('',#5622,#1140);
#769=LINE('',#5623,#1141);
#770=LINE('',#5626,#1142);
#771=LINE('',#5628,#1143);
#772=LINE('',#5629,#1144);
#773=LINE('',#5635,#1145);
#774=LINE('',#5638,#1146);
#775=LINE('',#5640,#1147);
#776=LINE('',#5641,#1148);
#777=LINE('',#5647,#1149);
#778=LINE('',#5650,#1150);
#779=LINE('',#5652,#1151);
#780=LINE('',#5653,#1152);
#781=LINE('',#5659,#1153);
#782=LINE('',#5662,#1154);
#783=LINE('',#5664,#1155);
#784=LINE('',#5665,#1156);
#785=LINE('',#5671,#1157);
#786=LINE('',#5674,#1158);
#787=LINE('',#5676,#1159);
#788=LINE('',#5677,#1160);
#789=LINE('',#5683,#1161);
#790=LINE('',#5686,#1162);
#791=LINE('',#5688,#1163);
#792=LINE('',#5689,#1164);
#793=LINE('',#5695,#1165);
#794=LINE('',#5698,#1166);
#795=LINE('',#5700,#1167);
#796=LINE('',#5701,#1168);
#797=LINE('',#5704,#1169);
#798=LINE('',#5706,#1170);
#799=LINE('',#5707,#1171);
#800=LINE('',#5710,#1172);
#801=LINE('',#5712,#1173);
#802=LINE('',#5713,#1174);
#803=LINE('',#5716,#1175);
#804=LINE('',#5718,#1176);
#805=LINE('',#5719,#1177);
#806=LINE('',#5722,#1178);
#807=LINE('',#5724,#1179);
#808=LINE('',#5725,#1180);
#809=LINE('',#5731,#1181);
#810=LINE('',#5734,#1182);
#811=LINE('',#5736,#1183);
#812=LINE('',#5737,#1184);
#813=LINE('',#5740,#1185);
#814=LINE('',#5742,#1186);
#815=LINE('',#5743,#1187);
#816=LINE('',#5746,#1188);
#817=LINE('',#5748,#1189);
#818=LINE('',#5749,#1190);
#819=LINE('',#5752,#1191);
#820=LINE('',#5754,#1192);
#821=LINE('',#5755,#1193);
#822=LINE('',#5758,#1194);
#823=LINE('',#5760,#1195);
#824=LINE('',#5761,#1196);
#825=LINE('',#5767,#1197);
#826=LINE('',#5770,#1198);
#827=LINE('',#5772,#1199);
#828=LINE('',#5773,#1200);
#829=LINE('',#5779,#1201);
#830=LINE('',#5782,#1202);
#831=LINE('',#5784,#1203);
#832=LINE('',#5785,#1204);
#833=LINE('',#5791,#1205);
#834=LINE('',#5794,#1206);
#835=LINE('',#5796,#1207);
#836=LINE('',#5797,#1208);
#837=LINE('',#5803,#1209);
#838=LINE('',#5806,#1210);
#839=LINE('',#5808,#1211);
#840=LINE('',#5809,#1212);
#841=LINE('',#5815,#1213);
#842=LINE('',#5818,#1214);
#843=LINE('',#5820,#1215);
#844=LINE('',#5821,#1216);
#845=LINE('',#5827,#1217);
#846=LINE('',#5830,#1218);
#847=LINE('',#5832,#1219);
#848=LINE('',#5833,#1220);
#849=LINE('',#5836,#1221);
#850=LINE('',#5838,#1222);
#851=LINE('',#5839,#1223);
#852=LINE('',#5842,#1224);
#853=LINE('',#5844,#1225);
#854=LINE('',#5845,#1226);
#855=LINE('',#5847,#1227);
#856=LINE('',#5848,#1228);
#857=LINE('',#5888,#1229);
#858=LINE('',#5890,#1230);
#859=LINE('',#5892,#1231);
#860=LINE('',#5894,#1232);
#861=LINE('',#5896,#1233);
#862=LINE('',#5898,#1234);
#863=LINE('',#5901,#1235);
#864=LINE('',#5903,#1236);
#865=VECTOR('',#3866,0.1);
#866=VECTOR('',#3869,0.1);
#867=VECTOR('',#3874,0.1);
#868=VECTOR('',#3881,0.1);
#869=VECTOR('',#3888,0.1);
#870=VECTOR('',#3895,0.1);
#871=VECTOR('',#3902,0.1);
#872=VECTOR('',#3905,0.1);
#873=VECTOR('',#3910,0.1);
#874=VECTOR('',#3917,0.1);
#875=VECTOR('',#3924,0.1);
#876=VECTOR('',#3927,0.1);
#877=VECTOR('',#3936,0.00313137084991387);
#878=VECTOR('',#3937,0.1);
#879=VECTOR('',#3938,0.00313137084991387);
#880=VECTOR('',#3939,0.1);
#881=VECTOR('',#3944,0.1);
#882=VECTOR('',#3949,0.0109088311754431);
#883=VECTOR('',#3950,0.1);
#884=VECTOR('',#3951,0.0109088311754431);
#885=VECTOR('',#3956,0.1);
#886=VECTOR('',#3961,0.00313137084991387);
#887=VECTOR('',#3962,0.1);
#888=VECTOR('',#3963,0.00313137084991385);
#889=VECTOR('',#3968,0.1);
#890=VECTOR('',#3973,0.0031171572857229);
#891=VECTOR('',#3974,0.1);
#892=VECTOR('',#3975,0.0031171572857229);
#893=VECTOR('',#3980,0.1);
#894=VECTOR('',#3985,0.00839999999998054);
#895=VECTOR('',#3986,0.1);
#896=VECTOR('',#3987,0.00839999999998054);
#897=VECTOR('',#3992,0.1);
#898=VECTOR('',#3997,0.0031171572857229);
#899=VECTOR('',#3998,0.1);
#900=VECTOR('',#3999,0.0031171572857229);
#901=VECTOR('',#4004,0.1);
#902=VECTOR('',#4009,0.0031313708499145);
#903=VECTOR('',#4010,0.1);
#904=VECTOR('',#4011,0.0031313708499145);
#905=VECTOR('',#4016,0.1);
#906=VECTOR('',#4021,0.0109088311754422);
#907=VECTOR('',#4022,0.1);
#908=VECTOR('',#4023,0.0109088311754422);
#909=VECTOR('',#4028,0.1);
#910=VECTOR('',#4033,0.00313137084991451);
#911=VECTOR('',#4034,0.1);
#912=VECTOR('',#4035,0.00313137084991451);
#913=VECTOR('',#4040,0.1);
#914=VECTOR('',#4045,0.00311715728573017);
#915=VECTOR('',#4046,0.1);
#916=VECTOR('',#4047,0.00311715728573017);
#917=VECTOR('',#4052,0.1);
#918=VECTOR('',#4057,0.00839999999998054);
#919=VECTOR('',#4058,0.1);
#920=VECTOR('',#4059,0.00839999999998054);
#921=VECTOR('',#4064,0.1);
#922=VECTOR('',#4069,0.00311715728573018);
#923=VECTOR('',#4070,0.1);
#924=VECTOR('',#4071,0.00311715728573018);
#925=VECTOR('',#4080,0.0201999999928202);
#926=VECTOR('',#4081,0.1);
#927=VECTOR('',#4082,0.0201999999928202);
#928=VECTOR('',#4083,0.1);
#929=VECTOR('',#4086,0.000799999999993819);
#930=VECTOR('',#4087,0.000799999999993819);
#931=VECTOR('',#4088,0.1);
#932=VECTOR('',#4091,0.000800000000000183);
#933=VECTOR('',#4092,0.000800000000000183);
#934=VECTOR('',#4093,0.1);
#935=VECTOR('',#4096,0.00140000000000054);
#936=VECTOR('',#4097,0.00140000000000054);
#937=VECTOR('',#4098,0.1);
#938=VECTOR('',#4101,0.00289999999642077);
#939=VECTOR('',#4102,0.00289999999642077);
#940=VECTOR('',#4103,0.1);
#941=VECTOR('',#4110,0.1);
#942=VECTOR('',#4113,0.00197157287346455);
#943=VECTOR('',#4114,0.00197157287346455);
#944=VECTOR('',#4115,0.1);
#945=VECTOR('',#4122,0.1);
#946=VECTOR('',#4125,0.00258578643762822);
#947=VECTOR('',#4126,0.00258578643762822);
#948=VECTOR('',#4127,0.1);
#949=VECTOR('',#4134,0.1);
#950=VECTOR('',#4137,0.0103431457504985);
#951=VECTOR('',#4138,0.0103431457504985);
#952=VECTOR('',#4139,0.1);
#953=VECTOR('',#4146,0.1);
#954=VECTOR('',#4149,0.0025857864376295);
#955=VECTOR('',#4150,0.0025857864376295);
#956=VECTOR('',#4151,0.1);
#957=VECTOR('',#4158,0.1);
#958=VECTOR('',#4161,0.00197157287346453);
#959=VECTOR('',#4162,0.00197157287346453);
#960=VECTOR('',#4163,0.1);
#961=VECTOR('',#4170,0.1);
#962=VECTOR('',#4173,0.00289999999642078);
#963=VECTOR('',#4174,0.00289999999642078);
#964=VECTOR('',#4175,0.1);
#965=VECTOR('',#4178,0.00139999999999961);
#966=VECTOR('',#4179,0.00139999999999963);
#967=VECTOR('',#4180,0.1);
#968=VECTOR('',#4183,0.000800000000000178);
#969=VECTOR('',#4184,0.000800000000000178);
#970=VECTOR('',#4185,0.1);
#971=VECTOR('',#4188,0.000800000000000178);
#972=VECTOR('',#4189,0.000800000000000178);
#973=VECTOR('',#4190,0.1);
#974=VECTOR('',#4193,0.00809999999642605);
#975=VECTOR('',#4194,0.00809999999642605);
#976=VECTOR('',#4195,0.1);
#977=VECTOR('',#4202,0.1);
#978=VECTOR('',#4205,0.00809999999641605);
#979=VECTOR('',#4206,0.00809999999641605);
#980=VECTOR('',#4207,0.1);
#981=VECTOR('',#4210,0.000799999997115263);
#982=VECTOR('',#4211,0.000799999997115263);
#983=VECTOR('',#4212,0.1);
#984=VECTOR('',#4215,0.000800000000000178);
#985=VECTOR('',#4216,0.000800000000000178);
#986=VECTOR('',#4217,0.1);
#987=VECTOR('',#4220,0.00140000000000055);
#988=VECTOR('',#4221,0.00140000000000055);
#989=VECTOR('',#4222,0.1);
#990=VECTOR('',#4225,0.00289999999641987);
#991=VECTOR('',#4226,0.00289999999641987);
#992=VECTOR('',#4227,0.1);
#993=VECTOR('',#4234,0.1);
#994=VECTOR('',#4237,0.00197157287346454);
#995=VECTOR('',#4238,0.00197157287346454);
#996=VECTOR('',#4239,0.1);
#997=VECTOR('',#4246,0.1);
#998=VECTOR('',#4249,0.00258578643762823);
#999=VECTOR('',#4250,0.00258578643762823);
#1000=VECTOR('',#4251,0.1);
#1001=VECTOR('',#4258,0.1);
#1002=VECTOR('',#4261,0.0103431457504985);
#1003=VECTOR('',#4262,0.0103431457504985);
#1004=VECTOR('',#4263,0.1);
#1005=VECTOR('',#4270,0.1);
#1006=VECTOR('',#4273,0.00258578643762823);
#1007=VECTOR('',#4274,0.00258578643762823);
#1008=VECTOR('',#4275,0.1);
#1009=VECTOR('',#4282,0.1);
#1010=VECTOR('',#4285,0.00197157287346454);
#1011=VECTOR('',#4286,0.00197157287346454);
#1012=VECTOR('',#4287,0.1);
#1013=VECTOR('',#4294,0.1);
#1014=VECTOR('',#4297,0.00289999999641985);
#1015=VECTOR('',#4298,0.00289999999641985);
#1016=VECTOR('',#4299,0.1);
#1017=VECTOR('',#4302,0.00139999999999963);
#1018=VECTOR('',#4303,0.00139999999999963);
#1019=VECTOR('',#4304,0.1);
#1020=VECTOR('',#4307,0.00079999999999929);
#1021=VECTOR('',#4308,0.00079999999999929);
#1022=VECTOR('',#4309,0.1);
#1023=VECTOR('',#4312,0.000799999997116174);
#1024=VECTOR('',#4313,0.000799999997116174);
#1025=VECTOR('',#4314,0.1);
#1026=VECTOR('',#4317,0.00809999999641695);
#1027=VECTOR('',#4318,0.00809999999641695);
#1028=VECTOR('',#4319,0.1);
#1029=VECTOR('',#4326,0.1);
#1030=VECTOR('',#4329,0.0080999999964124);
#1031=VECTOR('',#4330,0.0080999999964124);
#1032=VECTOR('',#4331,0.1);
#1033=VECTOR('',#4334,0.000799999999996555);
#1034=VECTOR('',#4335,0.000799999999996555);
#1035=VECTOR('',#4336,0.1);
#1036=VECTOR('',#4339,0.000799999999999279);
#1037=VECTOR('',#4340,0.000799999999999279);
#1038=VECTOR('',#4341,0.1);
#1039=VECTOR('',#4344,0.00139999999999961);
#1040=VECTOR('',#4345,0.00139999999999961);
#1041=VECTOR('',#4346,0.1);
#1042=VECTOR('',#4349,0.00289999999641987);
#1043=VECTOR('',#4350,0.00289999999641987);
#1044=VECTOR('',#4351,0.1);
#1045=VECTOR('',#4358,0.1);
#1046=VECTOR('',#4361,0.00197157287346451);
#1047=VECTOR('',#4362,0.00197157287346451);
#1048=VECTOR('',#4363,0.1);
#1049=VECTOR('',#4370,0.1);
#1050=VECTOR('',#4373,0.00258578643762823);
#1051=VECTOR('',#4374,0.00258578643762823);
#1052=VECTOR('',#4375,0.1);
#1053=VECTOR('',#4382,0.1);
#1054=VECTOR('',#4385,0.0103431457504985);
#1055=VECTOR('',#4386,0.0103431457504985);
#1056=VECTOR('',#4387,0.1);
#1057=VECTOR('',#4394,0.1);
#1058=VECTOR('',#4397,0.00258578643762888);
#1059=VECTOR('',#4398,0.00258578643762888);
#1060=VECTOR('',#4399,0.1);
#1061=VECTOR('',#4406,0.1);
#1062=VECTOR('',#4409,0.00197157287346451);
#1063=VECTOR('',#4410,0.00197157287346451);
#1064=VECTOR('',#4411,0.1);
#1065=VECTOR('',#4418,0.1);
#1066=VECTOR('',#4421,0.00289999999641987);
#1067=VECTOR('',#4422,0.00289999999641987);
#1068=VECTOR('',#4423,0.1);
#1069=VECTOR('',#4426,0.00139999999999963);
#1070=VECTOR('',#4427,0.00139999999999963);
#1071=VECTOR('',#4428,0.1);
#1072=VECTOR('',#4431,0.000800000000000192);
#1073=VECTOR('',#4432,0.000800000000000192);
#1074=VECTOR('',#4433,0.1);
#1075=VECTOR('',#4436,0.000800000000000196);
#1076=VECTOR('',#4437,0.000800000000000196);
#1077=VECTOR('',#4438,0.1);
#1078=VECTOR('',#4441,0.0201999999928466);
#1079=VECTOR('',#4442,0.0201999999928466);
#1080=VECTOR('',#4443,0.1);
#1081=VECTOR('',#4446,0.000800000000000196);
#1082=VECTOR('',#4447,0.000800000000000196);
#1083=VECTOR('',#4448,0.1);
#1084=VECTOR('',#4451,0.000799999999999299);
#1085=VECTOR('',#4452,0.000799999999999299);
#1086=VECTOR('',#4453,0.1);
#1087=VECTOR('',#4456,0.00139999999999963);
#1088=VECTOR('',#4457,0.00139999999999963);
#1089=VECTOR('',#4458,0.1);
#1090=VECTOR('',#4461,0.00289999999641985);
#1091=VECTOR('',#4462,0.00289999999641985);
#1092=VECTOR('',#4463,0.1);
#1093=VECTOR('',#4470,0.1);
#1094=VECTOR('',#4473,0.00197157287346453);
#1095=VECTOR('',#4474,0.00197157287346453);
#1096=VECTOR('',#4475,0.1);
#1097=VECTOR('',#4482,0.1);
#1098=VECTOR('',#4485,0.00258578643762823);
#1099=VECTOR('',#4486,0.00258578643762823);
#1100=VECTOR('',#4487,0.1);
#1101=VECTOR('',#4494,0.1);
#1102=VECTOR('',#4497,0.0103431457504985);
#1103=VECTOR('',#4498,0.0103431457504985);
#1104=VECTOR('',#4499,0.1);
#1105=VECTOR('',#4506,0.1);
#1106=VECTOR('',#4509,0.00258578643762823);
#1107=VECTOR('',#4510,0.00258578643762824);
#1108=VECTOR('',#4511,0.1);
#1109=VECTOR('',#4518,0.1);
#1110=VECTOR('',#4521,0.00197157287346453);
#1111=VECTOR('',#4522,0.00197157287346453);
#1112=VECTOR('',#4523,0.1);
#1113=VECTOR('',#4530,0.1);
#1114=VECTOR('',#4533,0.00289999999641986);
#1115=VECTOR('',#4534,0.00289999999641986);
#1116=VECTOR('',#4535,0.1);
#1117=VECTOR('',#4538,0.00139999999999963);
#1118=VECTOR('',#4539,0.00139999999999963);
#1119=VECTOR('',#4540,0.1);
#1120=VECTOR('',#4543,0.000800000000000187);
#1121=VECTOR('',#4544,0.000800000000000187);
#1122=VECTOR('',#4545,0.1);
#1123=VECTOR('',#4548,0.000799999997111609);
#1124=VECTOR('',#4549,0.000799999997111627);
#1125=VECTOR('',#4550,0.1);
#1126=VECTOR('',#4553,0.00809999999641151);
#1127=VECTOR('',#4554,0.00809999999641151);
#1128=VECTOR('',#4555,0.1);
#1129=VECTOR('',#4562,0.1);
#1130=VECTOR('',#4565,0.0080999999906469);
#1131=VECTOR('',#4566,0.0080999999906469);
#1132=VECTOR('',#4567,0.1);
#1133=VECTOR('',#4570,0.000799999999999601);
#1134=VECTOR('',#4571,0.000799999999999601);
#1135=VECTOR('',#4572,0.1);
#1136=VECTOR('',#4575,0.000800000000000178);
#1137=VECTOR('',#4576,0.000800000000000196);
#1138=VECTOR('',#4577,0.1);
#1139=VECTOR('',#4580,0.00139999999999964);
#1140=VECTOR('',#4581,0.00139999999999964);
#1141=VECTOR('',#4582,0.1);
#1142=VECTOR('',#4585,0.00289999999641989);
#1143=VECTOR('',#4586,0.00289999999641989);
#1144=VECTOR('',#4587,0.1);
#1145=VECTOR('',#4594,0.1);
#1146=VECTOR('',#4597,0.00197157287346452);
#1147=VECTOR('',#4598,0.00197157287346452);
#1148=VECTOR('',#4599,0.1);
#1149=VECTOR('',#4606,0.1);
#1150=VECTOR('',#4609,0.00258578643762821);
#1151=VECTOR('',#4610,0.00258578643762822);
#1152=VECTOR('',#4611,0.1);
#1153=VECTOR('',#4618,0.1);
#1154=VECTOR('',#4621,0.0103431457504985);
#1155=VECTOR('',#4622,0.0103431457504985);
#1156=VECTOR('',#4623,0.1);
#1157=VECTOR('',#4630,0.1);
#1158=VECTOR('',#4633,0.00258578643762822);
#1159=VECTOR('',#4634,0.00258578643762822);
#1160=VECTOR('',#4635,0.1);
#1161=VECTOR('',#4642,0.1);
#1162=VECTOR('',#4645,0.00197157287346453);
#1163=VECTOR('',#4646,0.00197157287346453);
#1164=VECTOR('',#4647,0.1);
#1165=VECTOR('',#4654,0.1);
#1166=VECTOR('',#4657,0.00289999999641987);
#1167=VECTOR('',#4658,0.00289999999641987);
#1168=VECTOR('',#4659,0.1);
#1169=VECTOR('',#4662,0.00140000000000055);
#1170=VECTOR('',#4663,0.00140000000000055);
#1171=VECTOR('',#4664,0.1);
#1172=VECTOR('',#4667,0.000800000000000178);
#1173=VECTOR('',#4668,0.000800000000000178);
#1174=VECTOR('',#4669,0.1);
#1175=VECTOR('',#4672,0.000800000000000187);
#1176=VECTOR('',#4673,0.000800000000000187);
#1177=VECTOR('',#4674,0.1);
#1178=VECTOR('',#4677,0.00809999999641605);
#1179=VECTOR('',#4678,0.00809999999641605);
#1180=VECTOR('',#4679,0.1);
#1181=VECTOR('',#4686,0.1);
#1182=VECTOR('',#4689,0.00809999999642603);
#1183=VECTOR('',#4690,0.00809999999642603);
#1184=VECTOR('',#4691,0.1);
#1185=VECTOR('',#4694,0.000799999997116174);
#1186=VECTOR('',#4695,0.000799999997116192);
#1187=VECTOR('',#4696,0.1);
#1188=VECTOR('',#4699,0.000800000000000205);
#1189=VECTOR('',#4700,0.000800000000000205);
#1190=VECTOR('',#4701,0.1);
#1191=VECTOR('',#4704,0.00139999999999961);
#1192=VECTOR('',#4705,0.00139999999999961);
#1193=VECTOR('',#4706,0.1);
#1194=VECTOR('',#4709,0.00289999999642077);
#1195=VECTOR('',#4710,0.00289999999642077);
#1196=VECTOR('',#4711,0.1);
#1197=VECTOR('',#4718,0.1);
#1198=VECTOR('',#4721,0.00197157287346455);
#1199=VECTOR('',#4722,0.00197157287346457);
#1200=VECTOR('',#4723,0.1);
#1201=VECTOR('',#4730,0.1);
#1202=VECTOR('',#4733,0.00258578643762887);
#1203=VECTOR('',#4734,0.00258578643762889);
#1204=VECTOR('',#4735,0.1);
#1205=VECTOR('',#4742,0.1);
#1206=VECTOR('',#4745,0.0103431457504976);
#1207=VECTOR('',#4746,0.0103431457504976);
#1208=VECTOR('',#4747,0.1);
#1209=VECTOR('',#4754,0.1);
#1210=VECTOR('',#4757,0.00258578643762821);
#1211=VECTOR('',#4758,0.00258578643762819);
#1212=VECTOR('',#4759,0.1);
#1213=VECTOR('',#4766,0.1);
#1214=VECTOR('',#4769,0.00197157287346455);
#1215=VECTOR('',#4770,0.00197157287346455);
#1216=VECTOR('',#4771,0.1);
#1217=VECTOR('',#4778,0.1);
#1218=VECTOR('',#4781,0.00289999999641986);
#1219=VECTOR('',#4782,0.00289999999641986);
#1220=VECTOR('',#4783,0.1);
#1221=VECTOR('',#4786,0.00140000000000054);
#1222=VECTOR('',#4787,0.00140000000000054);
#1223=VECTOR('',#4788,0.1);
#1224=VECTOR('',#4791,0.000800000000000196);
#1225=VECTOR('',#4792,0.000800000000000196);
#1226=VECTOR('',#4793,0.1);
#1227=VECTOR('',#4796,0.000799999999993819);
#1228=VECTOR('',#4797,0.000799999999993819);
#1229=VECTOR('',#4844,0.00225);
#1230=VECTOR('',#4847,0.00225);
#1231=VECTOR('',#4850,0.00225);
#1232=VECTOR('',#4853,0.00225);
#1233=VECTOR('',#4856,0.1);
#1234=VECTOR('',#4859,0.1);
#1235=VECTOR('',#4864,0.1);
#1236=VECTOR('',#4867,0.1);
#1237=CIRCLE('',#3543,0.00499999999999844);
#1238=CIRCLE('',#3544,0.00499999999999844);
#1239=CIRCLE('',#3546,0.00149999999999995);
#1240=CIRCLE('',#3547,0.00149999999999995);
#1241=CIRCLE('',#3549,0.00499999999999855);
#1242=CIRCLE('',#3550,0.00499999999999855);
#1243=CIRCLE('',#3552,0.00149999999999993);
#1244=CIRCLE('',#3553,0.00149999999999993);
#1245=CIRCLE('',#3555,0.00499999999999752);
#1246=CIRCLE('',#3556,0.00499999999999752);
#1247=CIRCLE('',#3558,0.00500000000000018);
#1248=CIRCLE('',#3559,0.00500000000000018);
#1249=CIRCLE('',#3561,0.00149999999999998);
#1250=CIRCLE('',#3562,0.00149999999999998);
#1251=CIRCLE('',#3564,0.00499999999999689);
#1252=CIRCLE('',#3565,0.00499999999999689);
#1253=CIRCLE('',#3567,0.00499999999999844);
#1254=CIRCLE('',#3568,0.00499999999999844);
#1255=CIRCLE('',#3570,0.00149999999999999);
#1256=CIRCLE('',#3571,0.00149999999999999);
#1257=CIRCLE('',#3574,0.000999999999999768);
#1258=CIRCLE('',#3575,0.000999999999999768);
#1259=CIRCLE('',#3578,0.00100000000000009);
#1260=CIRCLE('',#3579,0.00100000000000009);
#1261=CIRCLE('',#3582,0.000999999999999761);
#1262=CIRCLE('',#3583,0.000999999999999761);
#1263=CIRCLE('',#3586,0.000999999999999994);
#1264=CIRCLE('',#3587,0.000999999999999994);
#1265=CIRCLE('',#3590,0.000999999999999994);
#1266=CIRCLE('',#3591,0.000999999999999994);
#1267=CIRCLE('',#3594,0.000999999999999772);
#1268=CIRCLE('',#3595,0.000999999999999772);
#1269=CIRCLE('',#3598,0.00100000000000008);
#1270=CIRCLE('',#3599,0.00100000000000008);
#1271=CIRCLE('',#3602,0.000999999999999765);
#1272=CIRCLE('',#3603,0.000999999999999765);
#1273=CIRCLE('',#3606,0.000999999999999772);
#1274=CIRCLE('',#3607,0.000999999999999772);
#1275=CIRCLE('',#3610,0.001);
#1276=CIRCLE('',#3611,0.001);
#1277=CIRCLE('',#3614,0.000999999999999997);
#1278=CIRCLE('',#3615,0.000999999999999997);
#1279=CIRCLE('',#3618,0.000999999999999959);
#1280=CIRCLE('',#3619,0.000999999999999959);
#1281=CIRCLE('',#3626,0.000999999999999997);
#1282=CIRCLE('',#3627,0.000999999999999997);
#1283=CIRCLE('',#3630,0.00100000000000009);
#1284=CIRCLE('',#3631,0.00100000000000009);
#1285=CIRCLE('',#3634,0.00100000000000008);
#1286=CIRCLE('',#3635,0.00100000000000008);
#1287=CIRCLE('',#3638,0.00100000000000008);
#1288=CIRCLE('',#3639,0.00100000000000008);
#1289=CIRCLE('',#3642,0.00100000000000008);
#1290=CIRCLE('',#3643,0.00100000000000008);
#1291=CIRCLE('',#3646,0.000999999999999996);
#1292=CIRCLE('',#3647,0.000999999999999996);
#1293=CIRCLE('',#3654,0.002);
#1294=CIRCLE('',#3655,0.002);
#1295=CIRCLE('',#3662,0.001);
#1296=CIRCLE('',#3663,0.001);
#1297=CIRCLE('',#3666,0.00100000000000008);
#1298=CIRCLE('',#3667,0.00100000000000008);
#1299=CIRCLE('',#3670,0.00100000000000008);
#1300=CIRCLE('',#3671,0.00100000000000008);
#1301=CIRCLE('',#3674,0.000999999999999751);
#1302=CIRCLE('',#3675,0.000999999999999751);
#1303=CIRCLE('',#3678,0.00100000000000009);
#1304=CIRCLE('',#3679,0.00100000000000009);
#1305=CIRCLE('',#3682,0.001);
#1306=CIRCLE('',#3683,0.001);
#1307=CIRCLE('',#3690,0.002);
#1308=CIRCLE('',#3691,0.002);
#1309=CIRCLE('',#3698,0.001);
#1310=CIRCLE('',#3699,0.001);
#1311=CIRCLE('',#3702,0.00100000000000009);
#1312=CIRCLE('',#3703,0.00100000000000009);
#1313=CIRCLE('',#3706,0.00100000000000007);
#1314=CIRCLE('',#3707,0.00100000000000007);
#1315=CIRCLE('',#3710,0.000999999999999775);
#1316=CIRCLE('',#3711,0.000999999999999775);
#1317=CIRCLE('',#3714,0.00100000000000041);
#1318=CIRCLE('',#3715,0.00100000000000041);
#1319=CIRCLE('',#3718,0.001);
#1320=CIRCLE('',#3719,0.001);
#1321=CIRCLE('',#3730,0.00100000000000001);
#1322=CIRCLE('',#3731,0.00100000000000001);
#1323=CIRCLE('',#3734,0.0010000000000001);
#1324=CIRCLE('',#3735,0.0010000000000001);
#1325=CIRCLE('',#3738,0.000999999999999779);
#1326=CIRCLE('',#3739,0.000999999999999779);
#1327=CIRCLE('',#3742,0.00100000000000008);
#1328=CIRCLE('',#3743,0.00100000000000008);
#1329=CIRCLE('',#3746,0.00100000000000009);
#1330=CIRCLE('',#3747,0.00100000000000009);
#1331=CIRCLE('',#3750,0.001);
#1332=CIRCLE('',#3751,0.001);
#1333=CIRCLE('',#3758,0.00199999999999999);
#1334=CIRCLE('',#3759,0.00199999999999999);
#1335=CIRCLE('',#3766,0.001);
#1336=CIRCLE('',#3767,0.001);
#1337=CIRCLE('',#3770,0.00100000000000008);
#1338=CIRCLE('',#3771,0.00100000000000008);
#1339=CIRCLE('',#3774,0.000999999999999765);
#1340=CIRCLE('',#3775,0.000999999999999765);
#1341=CIRCLE('',#3778,0.00100000000000007);
#1342=CIRCLE('',#3779,0.00100000000000007);
#1343=CIRCLE('',#3782,0.00100000000000009);
#1344=CIRCLE('',#3783,0.00100000000000009);
#1345=CIRCLE('',#3786,0.001);
#1346=CIRCLE('',#3787,0.001);
#1347=CIRCLE('',#3794,0.002);
#1348=CIRCLE('',#3795,0.002);
#1349=CIRCLE('',#3802,0.001);
#1350=CIRCLE('',#3803,0.001);
#1351=CIRCLE('',#3806,0.00100000000000009);
#1352=CIRCLE('',#3807,0.00100000000000009);
#1353=CIRCLE('',#3810,0.00100000000000008);
#1354=CIRCLE('',#3811,0.00100000000000008);
#1355=CIRCLE('',#3814,0.00100000000000009);
#1356=CIRCLE('',#3815,0.00100000000000009);
#1357=CIRCLE('',#3818,0.00100000000000009);
#1358=CIRCLE('',#3819,0.00100000000000009);
#1359=CIRCLE('',#3822,0.001);
#1360=CIRCLE('',#3823,0.001);
#1361=CIRCLE('',#3829,0.00225);
#1362=CIRCLE('',#3830,0.00225);
#1363=CIRCLE('',#3831,0.00150000000000036);
#1364=CIRCLE('',#3832,0.00499999999999915);
#1365=CIRCLE('',#3833,0.00150000000000009);
#1366=CIRCLE('',#3834,0.00149999999999997);
#1367=CIRCLE('',#3835,0.00499999999999784);
#1368=CIRCLE('',#3836,0.00149999999999984);
#1369=CIRCLE('',#3837,0.00225);
#1370=CIRCLE('',#3838,0.00225);
#1371=CIRCLE('',#3840,0.00225);
#1372=CIRCLE('',#3841,0.00225);
#1373=CIRCLE('',#3842,0.00150000000000009);
#1374=CIRCLE('',#3843,0.00499999999999915);
#1375=CIRCLE('',#3844,0.00150000000000036);
#1376=CIRCLE('',#3845,0.00499999999999784);
#1377=CIRCLE('',#3846,0.00149999999999997);
#1378=CIRCLE('',#3847,0.00149999999999984);
#1379=CIRCLE('',#3848,0.00225);
#1380=CIRCLE('',#3849,0.00225);
#1381=VERTEX_POINT('',#4872);
#1382=VERTEX_POINT('',#4873);
#1383=VERTEX_POINT('',#4875);
#1384=VERTEX_POINT('',#4877);
#1385=VERTEX_POINT('',#4881);
#1386=VERTEX_POINT('',#4883);
#1387=VERTEX_POINT('',#4887);
#1388=VERTEX_POINT('',#4889);
#1389=VERTEX_POINT('',#4893);
#1390=VERTEX_POINT('',#4895);
#1391=VERTEX_POINT('',#4899);
#1392=VERTEX_POINT('',#4901);
#1393=VERTEX_POINT('',#4905);
#1394=VERTEX_POINT('',#4906);
#1395=VERTEX_POINT('',#4908);
#1396=VERTEX_POINT('',#4910);
#1397=VERTEX_POINT('',#4914);
#1398=VERTEX_POINT('',#4916);
#1399=VERTEX_POINT('',#4920);
#1400=VERTEX_POINT('',#4922);
#1401=VERTEX_POINT('',#4926);
#1402=VERTEX_POINT('',#4927);
#1403=VERTEX_POINT('',#4929);
#1404=VERTEX_POINT('',#4931);
#1405=VERTEX_POINT('',#4938);
#1406=VERTEX_POINT('',#4939);
#1407=VERTEX_POINT('',#4941);
#1408=VERTEX_POINT('',#4943);
#1409=VERTEX_POINT('',#4947);
#1410=VERTEX_POINT('',#4949);
#1411=VERTEX_POINT('',#4953);
#1412=VERTEX_POINT('',#4955);
#1413=VERTEX_POINT('',#4959);
#1414=VERTEX_POINT('',#4961);
#1415=VERTEX_POINT('',#4965);
#1416=VERTEX_POINT('',#4967);
#1417=VERTEX_POINT('',#4971);
#1418=VERTEX_POINT('',#4973);
#1419=VERTEX_POINT('',#4977);
#1420=VERTEX_POINT('',#4979);
#1421=VERTEX_POINT('',#4983);
#1422=VERTEX_POINT('',#4985);
#1423=VERTEX_POINT('',#4989);
#1424=VERTEX_POINT('',#4991);
#1425=VERTEX_POINT('',#4995);
#1426=VERTEX_POINT('',#4997);
#1427=VERTEX_POINT('',#5001);
#1428=VERTEX_POINT('',#5003);
#1429=VERTEX_POINT('',#5007);
#1430=VERTEX_POINT('',#5009);
#1431=VERTEX_POINT('',#5013);
#1432=VERTEX_POINT('',#5015);
#1433=VERTEX_POINT('',#5019);
#1434=VERTEX_POINT('',#5021);
#1435=VERTEX_POINT('',#5025);
#1436=VERTEX_POINT('',#5027);
#1437=VERTEX_POINT('',#5031);
#1438=VERTEX_POINT('',#5033);
#1439=VERTEX_POINT('',#5037);
#1440=VERTEX_POINT('',#5039);
#1441=VERTEX_POINT('',#5043);
#1442=VERTEX_POINT('',#5045);
#1443=VERTEX_POINT('',#5049);
#1444=VERTEX_POINT('',#5051);
#1445=VERTEX_POINT('',#5055);
#1446=VERTEX_POINT('',#5057);
#1447=VERTEX_POINT('',#5061);
#1448=VERTEX_POINT('',#5063);
#1449=VERTEX_POINT('',#5067);
#1450=VERTEX_POINT('',#5069);
#1451=VERTEX_POINT('',#5073);
#1452=VERTEX_POINT('',#5075);
#1453=VERTEX_POINT('',#5082);
#1454=VERTEX_POINT('',#5083);
#1455=VERTEX_POINT('',#5085);
#1456=VERTEX_POINT('',#5087);
#1457=VERTEX_POINT('',#5091);
#1458=VERTEX_POINT('',#5093);
#1459=VERTEX_POINT('',#5097);
#1460=VERTEX_POINT('',#5099);
#1461=VERTEX_POINT('',#5103);
#1462=VERTEX_POINT('',#5105);
#1463=VERTEX_POINT('',#5109);
#1464=VERTEX_POINT('',#5111);
#1465=VERTEX_POINT('',#5115);
#1466=VERTEX_POINT('',#5117);
#1467=VERTEX_POINT('',#5121);
#1468=VERTEX_POINT('',#5123);
#1469=VERTEX_POINT('',#5127);
#1470=VERTEX_POINT('',#5129);
#1471=VERTEX_POINT('',#5133);
#1472=VERTEX_POINT('',#5135);
#1473=VERTEX_POINT('',#5139);
#1474=VERTEX_POINT('',#5141);
#1475=VERTEX_POINT('',#5145);
#1476=VERTEX_POINT('',#5147);
#1477=VERTEX_POINT('',#5151);
#1478=VERTEX_POINT('',#5153);
#1479=VERTEX_POINT('',#5157);
#1480=VERTEX_POINT('',#5159);
#1481=VERTEX_POINT('',#5163);
#1482=VERTEX_POINT('',#5165);
#1483=VERTEX_POINT('',#5169);
#1484=VERTEX_POINT('',#5171);
#1485=VERTEX_POINT('',#5175);
#1486=VERTEX_POINT('',#5177);
#1487=VERTEX_POINT('',#5181);
#1488=VERTEX_POINT('',#5183);
#1489=VERTEX_POINT('',#5187);
#1490=VERTEX_POINT('',#5189);
#1491=VERTEX_POINT('',#5193);
#1492=VERTEX_POINT('',#5195);
#1493=VERTEX_POINT('',#5199);
#1494=VERTEX_POINT('',#5201);
#1495=VERTEX_POINT('',#5205);
#1496=VERTEX_POINT('',#5207);
#1497=VERTEX_POINT('',#5211);
#1498=VERTEX_POINT('',#5213);
#1499=VERTEX_POINT('',#5217);
#1500=VERTEX_POINT('',#5219);
#1501=VERTEX_POINT('',#5223);
#1502=VERTEX_POINT('',#5225);
#1503=VERTEX_POINT('',#5229);
#1504=VERTEX_POINT('',#5231);
#1505=VERTEX_POINT('',#5235);
#1506=VERTEX_POINT('',#5237);
#1507=VERTEX_POINT('',#5241);
#1508=VERTEX_POINT('',#5243);
#1509=VERTEX_POINT('',#5247);
#1510=VERTEX_POINT('',#5249);
#1511=VERTEX_POINT('',#5253);
#1512=VERTEX_POINT('',#5255);
#1513=VERTEX_POINT('',#5259);
#1514=VERTEX_POINT('',#5261);
#1515=VERTEX_POINT('',#5265);
#1516=VERTEX_POINT('',#5267);
#1517=VERTEX_POINT('',#5271);
#1518=VERTEX_POINT('',#5273);
#1519=VERTEX_POINT('',#5277);
#1520=VERTEX_POINT('',#5279);
#1521=VERTEX_POINT('',#5283);
#1522=VERTEX_POINT('',#5285);
#1523=VERTEX_POINT('',#5289);
#1524=VERTEX_POINT('',#5291);
#1525=VERTEX_POINT('',#5295);
#1526=VERTEX_POINT('',#5297);
#1527=VERTEX_POINT('',#5301);
#1528=VERTEX_POINT('',#5303);
#1529=VERTEX_POINT('',#5307);
#1530=VERTEX_POINT('',#5309);
#1531=VERTEX_POINT('',#5313);
#1532=VERTEX_POINT('',#5315);
#1533=VERTEX_POINT('',#5319);
#1534=VERTEX_POINT('',#5321);
#1535=VERTEX_POINT('',#5325);
#1536=VERTEX_POINT('',#5327);
#1537=VERTEX_POINT('',#5331);
#1538=VERTEX_POINT('',#5333);
#1539=VERTEX_POINT('',#5337);
#1540=VERTEX_POINT('',#5339);
#1541=VERTEX_POINT('',#5343);
#1542=VERTEX_POINT('',#5345);
#1543=VERTEX_POINT('',#5349);
#1544=VERTEX_POINT('',#5351);
#1545=VERTEX_POINT('',#5355);
#1546=VERTEX_POINT('',#5357);
#1547=VERTEX_POINT('',#5361);
#1548=VERTEX_POINT('',#5363);
#1549=VERTEX_POINT('',#5367);
#1550=VERTEX_POINT('',#5369);
#1551=VERTEX_POINT('',#5373);
#1552=VERTEX_POINT('',#5375);
#1553=VERTEX_POINT('',#5379);
#1554=VERTEX_POINT('',#5381);
#1555=VERTEX_POINT('',#5385);
#1556=VERTEX_POINT('',#5387);
#1557=VERTEX_POINT('',#5391);
#1558=VERTEX_POINT('',#5393);
#1559=VERTEX_POINT('',#5397);
#1560=VERTEX_POINT('',#5399);
#1561=VERTEX_POINT('',#5403);
#1562=VERTEX_POINT('',#5405);
#1563=VERTEX_POINT('',#5409);
#1564=VERTEX_POINT('',#5411);
#1565=VERTEX_POINT('',#5415);
#1566=VERTEX_POINT('',#5417);
#1567=VERTEX_POINT('',#5421);
#1568=VERTEX_POINT('',#5423);
#1569=VERTEX_POINT('',#5427);
#1570=VERTEX_POINT('',#5429);
#1571=VERTEX_POINT('',#5433);
#1572=VERTEX_POINT('',#5435);
#1573=VERTEX_POINT('',#5439);
#1574=VERTEX_POINT('',#5441);
#1575=VERTEX_POINT('',#5445);
#1576=VERTEX_POINT('',#5447);
#1577=VERTEX_POINT('',#5451);
#1578=VERTEX_POINT('',#5453);
#1579=VERTEX_POINT('',#5457);
#1580=VERTEX_POINT('',#5459);
#1581=VERTEX_POINT('',#5463);
#1582=VERTEX_POINT('',#5465);
#1583=VERTEX_POINT('',#5469);
#1584=VERTEX_POINT('',#5471);
#1585=VERTEX_POINT('',#5475);
#1586=VERTEX_POINT('',#5477);
#1587=VERTEX_POINT('',#5481);
#1588=VERTEX_POINT('',#5483);
#1589=VERTEX_POINT('',#5487);
#1590=VERTEX_POINT('',#5489);
#1591=VERTEX_POINT('',#5493);
#1592=VERTEX_POINT('',#5495);
#1593=VERTEX_POINT('',#5499);
#1594=VERTEX_POINT('',#5501);
#1595=VERTEX_POINT('',#5505);
#1596=VERTEX_POINT('',#5507);
#1597=VERTEX_POINT('',#5511);
#1598=VERTEX_POINT('',#5513);
#1599=VERTEX_POINT('',#5517);
#1600=VERTEX_POINT('',#5519);
#1601=VERTEX_POINT('',#5523);
#1602=VERTEX_POINT('',#5525);
#1603=VERTEX_POINT('',#5529);
#1604=VERTEX_POINT('',#5531);
#1605=VERTEX_POINT('',#5535);
#1606=VERTEX_POINT('',#5537);
#1607=VERTEX_POINT('',#5541);
#1608=VERTEX_POINT('',#5543);
#1609=VERTEX_POINT('',#5547);
#1610=VERTEX_POINT('',#5549);
#1611=VERTEX_POINT('',#5553);
#1612=VERTEX_POINT('',#5555);
#1613=VERTEX_POINT('',#5559);
#1614=VERTEX_POINT('',#5561);
#1615=VERTEX_POINT('',#5565);
#1616=VERTEX_POINT('',#5567);
#1617=VERTEX_POINT('',#5571);
#1618=VERTEX_POINT('',#5573);
#1619=VERTEX_POINT('',#5577);
#1620=VERTEX_POINT('',#5579);
#1621=VERTEX_POINT('',#5583);
#1622=VERTEX_POINT('',#5585);
#1623=VERTEX_POINT('',#5589);
#1624=VERTEX_POINT('',#5591);
#1625=VERTEX_POINT('',#5595);
#1626=VERTEX_POINT('',#5597);
#1627=VERTEX_POINT('',#5601);
#1628=VERTEX_POINT('',#5603);
#1629=VERTEX_POINT('',#5607);
#1630=VERTEX_POINT('',#5609);
#1631=VERTEX_POINT('',#5613);
#1632=VERTEX_POINT('',#5615);
#1633=VERTEX_POINT('',#5619);
#1634=VERTEX_POINT('',#5621);
#1635=VERTEX_POINT('',#5625);
#1636=VERTEX_POINT('',#5627);
#1637=VERTEX_POINT('',#5631);
#1638=VERTEX_POINT('',#5633);
#1639=VERTEX_POINT('',#5637);
#1640=VERTEX_POINT('',#5639);
#1641=VERTEX_POINT('',#5643);
#1642=VERTEX_POINT('',#5645);
#1643=VERTEX_POINT('',#5649);
#1644=VERTEX_POINT('',#5651);
#1645=VERTEX_POINT('',#5655);
#1646=VERTEX_POINT('',#5657);
#1647=VERTEX_POINT('',#5661);
#1648=VERTEX_POINT('',#5663);
#1649=VERTEX_POINT('',#5667);
#1650=VERTEX_POINT('',#5669);
#1651=VERTEX_POINT('',#5673);
#1652=VERTEX_POINT('',#5675);
#1653=VERTEX_POINT('',#5679);
#1654=VERTEX_POINT('',#5681);
#1655=VERTEX_POINT('',#5685);
#1656=VERTEX_POINT('',#5687);
#1657=VERTEX_POINT('',#5691);
#1658=VERTEX_POINT('',#5693);
#1659=VERTEX_POINT('',#5697);
#1660=VERTEX_POINT('',#5699);
#1661=VERTEX_POINT('',#5703);
#1662=VERTEX_POINT('',#5705);
#1663=VERTEX_POINT('',#5709);
#1664=VERTEX_POINT('',#5711);
#1665=VERTEX_POINT('',#5715);
#1666=VERTEX_POINT('',#5717);
#1667=VERTEX_POINT('',#5721);
#1668=VERTEX_POINT('',#5723);
#1669=VERTEX_POINT('',#5727);
#1670=VERTEX_POINT('',#5729);
#1671=VERTEX_POINT('',#5733);
#1672=VERTEX_POINT('',#5735);
#1673=VERTEX_POINT('',#5739);
#1674=VERTEX_POINT('',#5741);
#1675=VERTEX_POINT('',#5745);
#1676=VERTEX_POINT('',#5747);
#1677=VERTEX_POINT('',#5751);
#1678=VERTEX_POINT('',#5753);
#1679=VERTEX_POINT('',#5757);
#1680=VERTEX_POINT('',#5759);
#1681=VERTEX_POINT('',#5763);
#1682=VERTEX_POINT('',#5765);
#1683=VERTEX_POINT('',#5769);
#1684=VERTEX_POINT('',#5771);
#1685=VERTEX_POINT('',#5775);
#1686=VERTEX_POINT('',#5777);
#1687=VERTEX_POINT('',#5781);
#1688=VERTEX_POINT('',#5783);
#1689=VERTEX_POINT('',#5787);
#1690=VERTEX_POINT('',#5789);
#1691=VERTEX_POINT('',#5793);
#1692=VERTEX_POINT('',#5795);
#1693=VERTEX_POINT('',#5799);
#1694=VERTEX_POINT('',#5801);
#1695=VERTEX_POINT('',#5805);
#1696=VERTEX_POINT('',#5807);
#1697=VERTEX_POINT('',#5811);
#1698=VERTEX_POINT('',#5813);
#1699=VERTEX_POINT('',#5817);
#1700=VERTEX_POINT('',#5819);
#1701=VERTEX_POINT('',#5823);
#1702=VERTEX_POINT('',#5825);
#1703=VERTEX_POINT('',#5829);
#1704=VERTEX_POINT('',#5831);
#1705=VERTEX_POINT('',#5835);
#1706=VERTEX_POINT('',#5837);
#1707=VERTEX_POINT('',#5841);
#1708=VERTEX_POINT('',#5843);
#1709=VERTEX_POINT('',#5850);
#1710=VERTEX_POINT('',#5852);
#1711=VERTEX_POINT('',#5854);
#1712=VERTEX_POINT('',#5856);
#1713=VERTEX_POINT('',#5859);
#1714=VERTEX_POINT('',#5861);
#1715=VERTEX_POINT('',#5864);
#1716=VERTEX_POINT('',#5866);
#1717=VERTEX_POINT('',#5869);
#1718=VERTEX_POINT('',#5871);
#1719=VERTEX_POINT('',#5873);
#1720=VERTEX_POINT('',#5875);
#1721=VERTEX_POINT('',#5878);
#1722=VERTEX_POINT('',#5879);
#1723=VERTEX_POINT('',#5883);
#1724=VERTEX_POINT('',#5885);
#1725=EDGE_CURVE('',#1381,#1382,#1237,.T.);
#1726=EDGE_CURVE('',#1383,#1381,#493,.T.);
#1727=EDGE_CURVE('',#1383,#1384,#1238,.T.);
#1728=EDGE_CURVE('',#1384,#1382,#494,.T.);
#1729=EDGE_CURVE('',#1385,#1381,#1239,.T.);
#1730=EDGE_CURVE('',#1386,#1385,#495,.T.);
#1731=EDGE_CURVE('',#1386,#1383,#1240,.T.);
#1732=EDGE_CURVE('',#1387,#1385,#1241,.T.);
#1733=EDGE_CURVE('',#1388,#1387,#496,.T.);
#1734=EDGE_CURVE('',#1388,#1386,#1242,.T.);
#1735=EDGE_CURVE('',#1389,#1387,#1243,.T.);
#1736=EDGE_CURVE('',#1390,#1389,#497,.T.);
#1737=EDGE_CURVE('',#1390,#1388,#1244,.T.);
#1738=EDGE_CURVE('',#1391,#1389,#1245,.T.);
#1739=EDGE_CURVE('',#1392,#1391,#498,.T.);
#1740=EDGE_CURVE('',#1392,#1390,#1246,.T.);
#1741=EDGE_CURVE('',#1393,#1394,#1247,.T.);
#1742=EDGE_CURVE('',#1395,#1393,#499,.T.);
#1743=EDGE_CURVE('',#1395,#1396,#1248,.T.);
#1744=EDGE_CURVE('',#1396,#1394,#500,.T.);
#1745=EDGE_CURVE('',#1397,#1393,#1249,.T.);
#1746=EDGE_CURVE('',#1398,#1397,#501,.T.);
#1747=EDGE_CURVE('',#1398,#1395,#1250,.T.);
#1748=EDGE_CURVE('',#1399,#1397,#1251,.T.);
#1749=EDGE_CURVE('',#1400,#1399,#502,.T.);
#1750=EDGE_CURVE('',#1400,#1398,#1252,.T.);
#1751=EDGE_CURVE('',#1401,#1402,#1253,.T.);
#1752=EDGE_CURVE('',#1403,#1401,#503,.T.);
#1753=EDGE_CURVE('',#1403,#1404,#1254,.T.);
#1754=EDGE_CURVE('',#1404,#1402,#504,.T.);
#1755=EDGE_CURVE('',#1394,#1401,#1255,.T.);
#1756=EDGE_CURVE('',#1396,#1403,#1256,.T.);
#1757=EDGE_CURVE('',#1405,#1406,#505,.T.);
#1758=EDGE_CURVE('',#1407,#1405,#506,.T.);
#1759=EDGE_CURVE('',#1407,#1408,#507,.T.);
#1760=EDGE_CURVE('',#1408,#1406,#508,.T.);
#1761=EDGE_CURVE('',#1409,#1405,#1257,.T.);
#1762=EDGE_CURVE('',#1410,#1409,#509,.T.);
#1763=EDGE_CURVE('',#1410,#1407,#1258,.T.);
#1764=EDGE_CURVE('',#1411,#1409,#510,.T.);
#1765=EDGE_CURVE('',#1412,#1411,#511,.T.);
#1766=EDGE_CURVE('',#1412,#1410,#512,.T.);
#1767=EDGE_CURVE('',#1413,#1411,#1259,.T.);
#1768=EDGE_CURVE('',#1414,#1413,#513,.T.);
#1769=EDGE_CURVE('',#1414,#1412,#1260,.T.);
#1770=EDGE_CURVE('',#1415,#1413,#514,.T.);
#1771=EDGE_CURVE('',#1416,#1415,#515,.T.);
#1772=EDGE_CURVE('',#1416,#1414,#516,.T.);
#1773=EDGE_CURVE('',#1417,#1415,#1261,.T.);
#1774=EDGE_CURVE('',#1418,#1417,#517,.T.);
#1775=EDGE_CURVE('',#1418,#1416,#1262,.T.);
#1776=EDGE_CURVE('',#1419,#1417,#518,.T.);
#1777=EDGE_CURVE('',#1420,#1419,#519,.T.);
#1778=EDGE_CURVE('',#1420,#1418,#520,.T.);
#1779=EDGE_CURVE('',#1421,#1419,#1263,.T.);
#1780=EDGE_CURVE('',#1422,#1421,#521,.T.);
#1781=EDGE_CURVE('',#1422,#1420,#1264,.T.);
#1782=EDGE_CURVE('',#1423,#1421,#522,.T.);
#1783=EDGE_CURVE('',#1424,#1423,#523,.T.);
#1784=EDGE_CURVE('',#1424,#1422,#524,.T.);
#1785=EDGE_CURVE('',#1425,#1423,#1265,.T.);
#1786=EDGE_CURVE('',#1426,#1425,#525,.T.);
#1787=EDGE_CURVE('',#1426,#1424,#1266,.T.);
#1788=EDGE_CURVE('',#1427,#1425,#526,.T.);
#1789=EDGE_CURVE('',#1428,#1427,#527,.T.);
#1790=EDGE_CURVE('',#1428,#1426,#528,.T.);
#1791=EDGE_CURVE('',#1429,#1427,#1267,.T.);
#1792=EDGE_CURVE('',#1430,#1429,#529,.T.);
#1793=EDGE_CURVE('',#1430,#1428,#1268,.T.);
#1794=EDGE_CURVE('',#1431,#1429,#530,.T.);
#1795=EDGE_CURVE('',#1432,#1431,#531,.T.);
#1796=EDGE_CURVE('',#1432,#1430,#532,.T.);
#1797=EDGE_CURVE('',#1433,#1431,#1269,.T.);
#1798=EDGE_CURVE('',#1434,#1433,#533,.T.);
#1799=EDGE_CURVE('',#1434,#1432,#1270,.T.);
#1800=EDGE_CURVE('',#1435,#1433,#534,.T.);
#1801=EDGE_CURVE('',#1436,#1435,#535,.T.);
#1802=EDGE_CURVE('',#1436,#1434,#536,.T.);
#1803=EDGE_CURVE('',#1437,#1435,#1271,.T.);
#1804=EDGE_CURVE('',#1438,#1437,#537,.T.);
#1805=EDGE_CURVE('',#1438,#1436,#1272,.T.);
#1806=EDGE_CURVE('',#1439,#1437,#538,.T.);
#1807=EDGE_CURVE('',#1440,#1439,#539,.T.);
#1808=EDGE_CURVE('',#1440,#1438,#540,.T.);
#1809=EDGE_CURVE('',#1441,#1439,#1273,.T.);
#1810=EDGE_CURVE('',#1442,#1441,#541,.T.);
#1811=EDGE_CURVE('',#1442,#1440,#1274,.T.);
#1812=EDGE_CURVE('',#1443,#1441,#542,.T.);
#1813=EDGE_CURVE('',#1444,#1443,#543,.T.);
#1814=EDGE_CURVE('',#1444,#1442,#544,.T.);
#1815=EDGE_CURVE('',#1445,#1443,#1275,.T.);
#1816=EDGE_CURVE('',#1446,#1445,#545,.T.);
#1817=EDGE_CURVE('',#1446,#1444,#1276,.T.);
#1818=EDGE_CURVE('',#1447,#1445,#546,.T.);
#1819=EDGE_CURVE('',#1448,#1447,#547,.T.);
#1820=EDGE_CURVE('',#1448,#1446,#548,.T.);
#1821=EDGE_CURVE('',#1449,#1447,#1277,.T.);
#1822=EDGE_CURVE('',#1450,#1449,#549,.T.);
#1823=EDGE_CURVE('',#1450,#1448,#1278,.T.);
#1824=EDGE_CURVE('',#1451,#1449,#550,.T.);
#1825=EDGE_CURVE('',#1452,#1451,#551,.T.);
#1826=EDGE_CURVE('',#1452,#1450,#552,.T.);
#1827=EDGE_CURVE('',#1406,#1451,#1279,.T.);
#1828=EDGE_CURVE('',#1408,#1452,#1280,.T.);
#1829=EDGE_CURVE('',#1453,#1454,#553,.T.);
#1830=EDGE_CURVE('',#1455,#1454,#554,.T.);
#1831=EDGE_CURVE('',#1456,#1455,#555,.T.);
#1832=EDGE_CURVE('',#1456,#1453,#556,.T.);
#1833=EDGE_CURVE('',#1457,#1453,#557,.T.);
#1834=EDGE_CURVE('',#1458,#1456,#558,.T.);
#1835=EDGE_CURVE('',#1458,#1457,#559,.T.);
#1836=EDGE_CURVE('',#1459,#1457,#560,.T.);
#1837=EDGE_CURVE('',#1460,#1458,#561,.T.);
#1838=EDGE_CURVE('',#1460,#1459,#562,.T.);
#1839=EDGE_CURVE('',#1461,#1459,#563,.T.);
#1840=EDGE_CURVE('',#1462,#1460,#564,.T.);
#1841=EDGE_CURVE('',#1462,#1461,#565,.T.);
#1842=EDGE_CURVE('',#1463,#1461,#566,.T.);
#1843=EDGE_CURVE('',#1464,#1462,#567,.T.);
#1844=EDGE_CURVE('',#1464,#1463,#568,.T.);
#1845=EDGE_CURVE('',#1465,#1463,#1281,.T.);
#1846=EDGE_CURVE('',#1466,#1464,#1282,.T.);
#1847=EDGE_CURVE('',#1466,#1465,#569,.T.);
#1848=EDGE_CURVE('',#1467,#1465,#570,.T.);
#1849=EDGE_CURVE('',#1468,#1466,#571,.T.);
#1850=EDGE_CURVE('',#1468,#1467,#572,.T.);
#1851=EDGE_CURVE('',#1469,#1467,#1283,.T.);
#1852=EDGE_CURVE('',#1470,#1468,#1284,.T.);
#1853=EDGE_CURVE('',#1470,#1469,#573,.T.);
#1854=EDGE_CURVE('',#1471,#1469,#574,.T.);
#1855=EDGE_CURVE('',#1472,#1470,#575,.T.);
#1856=EDGE_CURVE('',#1472,#1471,#576,.T.);
#1857=EDGE_CURVE('',#1473,#1471,#1285,.T.);
#1858=EDGE_CURVE('',#1474,#1472,#1286,.T.);
#1859=EDGE_CURVE('',#1474,#1473,#577,.T.);
#1860=EDGE_CURVE('',#1475,#1473,#578,.T.);
#1861=EDGE_CURVE('',#1476,#1474,#579,.T.);
#1862=EDGE_CURVE('',#1476,#1475,#580,.T.);
#1863=EDGE_CURVE('',#1477,#1475,#1287,.T.);
#1864=EDGE_CURVE('',#1478,#1476,#1288,.T.);
#1865=EDGE_CURVE('',#1478,#1477,#581,.T.);
#1866=EDGE_CURVE('',#1479,#1477,#582,.T.);
#1867=EDGE_CURVE('',#1480,#1478,#583,.T.);
#1868=EDGE_CURVE('',#1480,#1479,#584,.T.);
#1869=EDGE_CURVE('',#1481,#1479,#1289,.T.);
#1870=EDGE_CURVE('',#1482,#1480,#1290,.T.);
#1871=EDGE_CURVE('',#1482,#1481,#585,.T.);
#1872=EDGE_CURVE('',#1483,#1481,#586,.T.);
#1873=EDGE_CURVE('',#1484,#1482,#587,.T.);
#1874=EDGE_CURVE('',#1484,#1483,#588,.T.);
#1875=EDGE_CURVE('',#1485,#1483,#1291,.T.);
#1876=EDGE_CURVE('',#1486,#1484,#1292,.T.);
#1877=EDGE_CURVE('',#1486,#1485,#589,.T.);
#1878=EDGE_CURVE('',#1487,#1485,#590,.T.);
#1879=EDGE_CURVE('',#1488,#1486,#591,.T.);
#1880=EDGE_CURVE('',#1488,#1487,#592,.T.);
#1881=EDGE_CURVE('',#1489,#1487,#593,.T.);
#1882=EDGE_CURVE('',#1490,#1488,#594,.T.);
#1883=EDGE_CURVE('',#1490,#1489,#595,.T.);
#1884=EDGE_CURVE('',#1491,#1489,#596,.T.);
#1885=EDGE_CURVE('',#1492,#1490,#597,.T.);
#1886=EDGE_CURVE('',#1492,#1491,#598,.T.);
#1887=EDGE_CURVE('',#1493,#1491,#599,.T.);
#1888=EDGE_CURVE('',#1494,#1492,#600,.T.);
#1889=EDGE_CURVE('',#1494,#1493,#601,.T.);
#1890=EDGE_CURVE('',#1495,#1493,#602,.T.);
#1891=EDGE_CURVE('',#1496,#1494,#603,.T.);
#1892=EDGE_CURVE('',#1496,#1495,#604,.T.);
#1893=EDGE_CURVE('',#1497,#1495,#1293,.T.);
#1894=EDGE_CURVE('',#1498,#1496,#1294,.T.);
#1895=EDGE_CURVE('',#1498,#1497,#605,.T.);
#1896=EDGE_CURVE('',#1499,#1497,#606,.T.);
#1897=EDGE_CURVE('',#1500,#1498,#607,.T.);
#1898=EDGE_CURVE('',#1500,#1499,#608,.T.);
#1899=EDGE_CURVE('',#1501,#1499,#609,.T.);
#1900=EDGE_CURVE('',#1502,#1500,#610,.T.);
#1901=EDGE_CURVE('',#1502,#1501,#611,.T.);
#1902=EDGE_CURVE('',#1503,#1501,#612,.T.);
#1903=EDGE_CURVE('',#1504,#1502,#613,.T.);
#1904=EDGE_CURVE('',#1504,#1503,#614,.T.);
#1905=EDGE_CURVE('',#1505,#1503,#615,.T.);
#1906=EDGE_CURVE('',#1506,#1504,#616,.T.);
#1907=EDGE_CURVE('',#1506,#1505,#617,.T.);
#1908=EDGE_CURVE('',#1507,#1505,#618,.T.);
#1909=EDGE_CURVE('',#1508,#1506,#619,.T.);
#1910=EDGE_CURVE('',#1508,#1507,#620,.T.);
#1911=EDGE_CURVE('',#1509,#1507,#1295,.T.);
#1912=EDGE_CURVE('',#1510,#1508,#1296,.T.);
#1913=EDGE_CURVE('',#1510,#1509,#621,.T.);
#1914=EDGE_CURVE('',#1511,#1509,#622,.T.);
#1915=EDGE_CURVE('',#1512,#1510,#623,.T.);
#1916=EDGE_CURVE('',#1512,#1511,#624,.T.);
#1917=EDGE_CURVE('',#1513,#1511,#1297,.T.);
#1918=EDGE_CURVE('',#1514,#1512,#1298,.T.);
#1919=EDGE_CURVE('',#1514,#1513,#625,.T.);
#1920=EDGE_CURVE('',#1515,#1513,#626,.T.);
#1921=EDGE_CURVE('',#1516,#1514,#627,.T.);
#1922=EDGE_CURVE('',#1516,#1515,#628,.T.);
#1923=EDGE_CURVE('',#1517,#1515,#1299,.T.);
#1924=EDGE_CURVE('',#1518,#1516,#1300,.T.);
#1925=EDGE_CURVE('',#1518,#1517,#629,.T.);
#1926=EDGE_CURVE('',#1519,#1517,#630,.T.);
#1927=EDGE_CURVE('',#1520,#1518,#631,.T.);
#1928=EDGE_CURVE('',#1520,#1519,#632,.T.);
#1929=EDGE_CURVE('',#1521,#1519,#1301,.T.);
#1930=EDGE_CURVE('',#1522,#1520,#1302,.T.);
#1931=EDGE_CURVE('',#1522,#1521,#633,.T.);
#1932=EDGE_CURVE('',#1523,#1521,#634,.T.);
#1933=EDGE_CURVE('',#1524,#1522,#635,.T.);
#1934=EDGE_CURVE('',#1524,#1523,#636,.T.);
#1935=EDGE_CURVE('',#1525,#1523,#1303,.T.);
#1936=EDGE_CURVE('',#1526,#1524,#1304,.T.);
#1937=EDGE_CURVE('',#1526,#1525,#637,.T.);
#1938=EDGE_CURVE('',#1527,#1525,#638,.T.);
#1939=EDGE_CURVE('',#1528,#1526,#639,.T.);
#1940=EDGE_CURVE('',#1528,#1527,#640,.T.);
#1941=EDGE_CURVE('',#1529,#1527,#1305,.T.);
#1942=EDGE_CURVE('',#1530,#1528,#1306,.T.);
#1943=EDGE_CURVE('',#1530,#1529,#641,.T.);
#1944=EDGE_CURVE('',#1531,#1529,#642,.T.);
#1945=EDGE_CURVE('',#1532,#1530,#643,.T.);
#1946=EDGE_CURVE('',#1532,#1531,#644,.T.);
#1947=EDGE_CURVE('',#1533,#1531,#645,.T.);
#1948=EDGE_CURVE('',#1534,#1532,#646,.T.);
#1949=EDGE_CURVE('',#1534,#1533,#647,.T.);
#1950=EDGE_CURVE('',#1535,#1533,#648,.T.);
#1951=EDGE_CURVE('',#1536,#1534,#649,.T.);
#1952=EDGE_CURVE('',#1536,#1535,#650,.T.);
#1953=EDGE_CURVE('',#1537,#1535,#651,.T.);
#1954=EDGE_CURVE('',#1538,#1536,#652,.T.);
#1955=EDGE_CURVE('',#1538,#1537,#653,.T.);
#1956=EDGE_CURVE('',#1539,#1537,#654,.T.);
#1957=EDGE_CURVE('',#1540,#1538,#655,.T.);
#1958=EDGE_CURVE('',#1540,#1539,#656,.T.);
#1959=EDGE_CURVE('',#1541,#1539,#1307,.T.);
#1960=EDGE_CURVE('',#1542,#1540,#1308,.T.);
#1961=EDGE_CURVE('',#1542,#1541,#657,.T.);
#1962=EDGE_CURVE('',#1543,#1541,#658,.T.);
#1963=EDGE_CURVE('',#1544,#1542,#659,.T.);
#1964=EDGE_CURVE('',#1544,#1543,#660,.T.);
#1965=EDGE_CURVE('',#1545,#1543,#661,.T.);
#1966=EDGE_CURVE('',#1546,#1544,#662,.T.);
#1967=EDGE_CURVE('',#1546,#1545,#663,.T.);
#1968=EDGE_CURVE('',#1547,#1545,#664,.T.);
#1969=EDGE_CURVE('',#1548,#1546,#665,.T.);
#1970=EDGE_CURVE('',#1548,#1547,#666,.T.);
#1971=EDGE_CURVE('',#1549,#1547,#667,.T.);
#1972=EDGE_CURVE('',#1550,#1548,#668,.T.);
#1973=EDGE_CURVE('',#1550,#1549,#669,.T.);
#1974=EDGE_CURVE('',#1551,#1549,#670,.T.);
#1975=EDGE_CURVE('',#1552,#1550,#671,.T.);
#1976=EDGE_CURVE('',#1552,#1551,#672,.T.);
#1977=EDGE_CURVE('',#1553,#1551,#1309,.T.);
#1978=EDGE_CURVE('',#1554,#1552,#1310,.T.);
#1979=EDGE_CURVE('',#1554,#1553,#673,.T.);
#1980=EDGE_CURVE('',#1555,#1553,#674,.T.);
#1981=EDGE_CURVE('',#1556,#1554,#675,.T.);
#1982=EDGE_CURVE('',#1556,#1555,#676,.T.);
#1983=EDGE_CURVE('',#1557,#1555,#1311,.T.);
#1984=EDGE_CURVE('',#1558,#1556,#1312,.T.);
#1985=EDGE_CURVE('',#1558,#1557,#677,.T.);
#1986=EDGE_CURVE('',#1559,#1557,#678,.T.);
#1987=EDGE_CURVE('',#1560,#1558,#679,.T.);
#1988=EDGE_CURVE('',#1560,#1559,#680,.T.);
#1989=EDGE_CURVE('',#1561,#1559,#1313,.T.);
#1990=EDGE_CURVE('',#1562,#1560,#1314,.T.);
#1991=EDGE_CURVE('',#1562,#1561,#681,.T.);
#1992=EDGE_CURVE('',#1563,#1561,#682,.T.);
#1993=EDGE_CURVE('',#1564,#1562,#683,.T.);
#1994=EDGE_CURVE('',#1564,#1563,#684,.T.);
#1995=EDGE_CURVE('',#1565,#1563,#1315,.T.);
#1996=EDGE_CURVE('',#1566,#1564,#1316,.T.);
#1997=EDGE_CURVE('',#1566,#1565,#685,.T.);
#1998=EDGE_CURVE('',#1567,#1565,#686,.T.);
#1999=EDGE_CURVE('',#1568,#1566,#687,.T.);
#2000=EDGE_CURVE('',#1568,#1567,#688,.T.);
#2001=EDGE_CURVE('',#1569,#1567,#1317,.T.);
#2002=EDGE_CURVE('',#1570,#1568,#1318,.T.);
#2003=EDGE_CURVE('',#1570,#1569,#689,.T.);
#2004=EDGE_CURVE('',#1571,#1569,#690,.T.);
#2005=EDGE_CURVE('',#1572,#1570,#691,.T.);
#2006=EDGE_CURVE('',#1572,#1571,#692,.T.);
#2007=EDGE_CURVE('',#1573,#1571,#1319,.T.);
#2008=EDGE_CURVE('',#1574,#1572,#1320,.T.);
#2009=EDGE_CURVE('',#1574,#1573,#693,.T.);
#2010=EDGE_CURVE('',#1575,#1573,#694,.T.);
#2011=EDGE_CURVE('',#1576,#1574,#695,.T.);
#2012=EDGE_CURVE('',#1576,#1575,#696,.T.);
#2013=EDGE_CURVE('',#1577,#1575,#697,.T.);
#2014=EDGE_CURVE('',#1578,#1576,#698,.T.);
#2015=EDGE_CURVE('',#1578,#1577,#699,.T.);
#2016=EDGE_CURVE('',#1579,#1577,#700,.T.);
#2017=EDGE_CURVE('',#1580,#1578,#701,.T.);
#2018=EDGE_CURVE('',#1580,#1579,#702,.T.);
#2019=EDGE_CURVE('',#1581,#1579,#703,.T.);
#2020=EDGE_CURVE('',#1582,#1580,#704,.T.);
#2021=EDGE_CURVE('',#1582,#1581,#705,.T.);
#2022=EDGE_CURVE('',#1583,#1581,#706,.T.);
#2023=EDGE_CURVE('',#1584,#1582,#707,.T.);
#2024=EDGE_CURVE('',#1584,#1583,#708,.T.);
#2025=EDGE_CURVE('',#1585,#1583,#709,.T.);
#2026=EDGE_CURVE('',#1586,#1584,#710,.T.);
#2027=EDGE_CURVE('',#1586,#1585,#711,.T.);
#2028=EDGE_CURVE('',#1587,#1585,#712,.T.);
#2029=EDGE_CURVE('',#1588,#1586,#713,.T.);
#2030=EDGE_CURVE('',#1588,#1587,#714,.T.);
#2031=EDGE_CURVE('',#1589,#1587,#715,.T.);
#2032=EDGE_CURVE('',#1590,#1588,#716,.T.);
#2033=EDGE_CURVE('',#1590,#1589,#717,.T.);
#2034=EDGE_CURVE('',#1591,#1589,#718,.T.);
#2035=EDGE_CURVE('',#1592,#1590,#719,.T.);
#2036=EDGE_CURVE('',#1592,#1591,#720,.T.);
#2037=EDGE_CURVE('',#1593,#1591,#1321,.T.);
#2038=EDGE_CURVE('',#1594,#1592,#1322,.T.);
#2039=EDGE_CURVE('',#1594,#1593,#721,.T.);
#2040=EDGE_CURVE('',#1595,#1593,#722,.T.);
#2041=EDGE_CURVE('',#1596,#1594,#723,.T.);
#2042=EDGE_CURVE('',#1596,#1595,#724,.T.);
#2043=EDGE_CURVE('',#1597,#1595,#1323,.T.);
#2044=EDGE_CURVE('',#1598,#1596,#1324,.T.);
#2045=EDGE_CURVE('',#1598,#1597,#725,.T.);
#2046=EDGE_CURVE('',#1599,#1597,#726,.T.);
#2047=EDGE_CURVE('',#1600,#1598,#727,.T.);
#2048=EDGE_CURVE('',#1600,#1599,#728,.T.);
#2049=EDGE_CURVE('',#1601,#1599,#1325,.T.);
#2050=EDGE_CURVE('',#1602,#1600,#1326,.T.);
#2051=EDGE_CURVE('',#1602,#1601,#729,.T.);
#2052=EDGE_CURVE('',#1603,#1601,#730,.T.);
#2053=EDGE_CURVE('',#1604,#1602,#731,.T.);
#2054=EDGE_CURVE('',#1604,#1603,#732,.T.);
#2055=EDGE_CURVE('',#1605,#1603,#1327,.T.);
#2056=EDGE_CURVE('',#1606,#1604,#1328,.T.);
#2057=EDGE_CURVE('',#1606,#1605,#733,.T.);
#2058=EDGE_CURVE('',#1607,#1605,#734,.T.);
#2059=EDGE_CURVE('',#1608,#1606,#735,.T.);
#2060=EDGE_CURVE('',#1608,#1607,#736,.T.);
#2061=EDGE_CURVE('',#1609,#1607,#1329,.T.);
#2062=EDGE_CURVE('',#1610,#1608,#1330,.T.);
#2063=EDGE_CURVE('',#1610,#1609,#737,.T.);
#2064=EDGE_CURVE('',#1611,#1609,#738,.T.);
#2065=EDGE_CURVE('',#1612,#1610,#739,.T.);
#2066=EDGE_CURVE('',#1612,#1611,#740,.T.);
#2067=EDGE_CURVE('',#1613,#1611,#1331,.T.);
#2068=EDGE_CURVE('',#1614,#1612,#1332,.T.);
#2069=EDGE_CURVE('',#1614,#1613,#741,.T.);
#2070=EDGE_CURVE('',#1615,#1613,#742,.T.);
#2071=EDGE_CURVE('',#1616,#1614,#743,.T.);
#2072=EDGE_CURVE('',#1616,#1615,#744,.T.);
#2073=EDGE_CURVE('',#1617,#1615,#745,.T.);
#2074=EDGE_CURVE('',#1618,#1616,#746,.T.);
#2075=EDGE_CURVE('',#1618,#1617,#747,.T.);
#2076=EDGE_CURVE('',#1619,#1617,#748,.T.);
#2077=EDGE_CURVE('',#1620,#1618,#749,.T.);
#2078=EDGE_CURVE('',#1620,#1619,#750,.T.);
#2079=EDGE_CURVE('',#1621,#1619,#751,.T.);
#2080=EDGE_CURVE('',#1622,#1620,#752,.T.);
#2081=EDGE_CURVE('',#1622,#1621,#753,.T.);
#2082=EDGE_CURVE('',#1623,#1621,#754,.T.);
#2083=EDGE_CURVE('',#1624,#1622,#755,.T.);
#2084=EDGE_CURVE('',#1624,#1623,#756,.T.);
#2085=EDGE_CURVE('',#1625,#1623,#1333,.T.);
#2086=EDGE_CURVE('',#1626,#1624,#1334,.T.);
#2087=EDGE_CURVE('',#1626,#1625,#757,.T.);
#2088=EDGE_CURVE('',#1627,#1625,#758,.T.);
#2089=EDGE_CURVE('',#1628,#1626,#759,.T.);
#2090=EDGE_CURVE('',#1628,#1627,#760,.T.);
#2091=EDGE_CURVE('',#1629,#1627,#761,.T.);
#2092=EDGE_CURVE('',#1630,#1628,#762,.T.);
#2093=EDGE_CURVE('',#1630,#1629,#763,.T.);
#2094=EDGE_CURVE('',#1631,#1629,#764,.T.);
#2095=EDGE_CURVE('',#1632,#1630,#765,.T.);
#2096=EDGE_CURVE('',#1632,#1631,#766,.T.);
#2097=EDGE_CURVE('',#1633,#1631,#767,.T.);
#2098=EDGE_CURVE('',#1634,#1632,#768,.T.);
#2099=EDGE_CURVE('',#1634,#1633,#769,.T.);
#2100=EDGE_CURVE('',#1635,#1633,#770,.T.);
#2101=EDGE_CURVE('',#1636,#1634,#771,.T.);
#2102=EDGE_CURVE('',#1636,#1635,#772,.T.);
#2103=EDGE_CURVE('',#1637,#1635,#1335,.T.);
#2104=EDGE_CURVE('',#1638,#1636,#1336,.T.);
#2105=EDGE_CURVE('',#1638,#1637,#773,.T.);
#2106=EDGE_CURVE('',#1639,#1637,#774,.T.);
#2107=EDGE_CURVE('',#1640,#1638,#775,.T.);
#2108=EDGE_CURVE('',#1640,#1639,#776,.T.);
#2109=EDGE_CURVE('',#1641,#1639,#1337,.T.);
#2110=EDGE_CURVE('',#1642,#1640,#1338,.T.);
#2111=EDGE_CURVE('',#1642,#1641,#777,.T.);
#2112=EDGE_CURVE('',#1643,#1641,#778,.T.);
#2113=EDGE_CURVE('',#1644,#1642,#779,.T.);
#2114=EDGE_CURVE('',#1644,#1643,#780,.T.);
#2115=EDGE_CURVE('',#1645,#1643,#1339,.T.);
#2116=EDGE_CURVE('',#1646,#1644,#1340,.T.);
#2117=EDGE_CURVE('',#1646,#1645,#781,.T.);
#2118=EDGE_CURVE('',#1647,#1645,#782,.T.);
#2119=EDGE_CURVE('',#1648,#1646,#783,.T.);
#2120=EDGE_CURVE('',#1648,#1647,#784,.T.);
#2121=EDGE_CURVE('',#1649,#1647,#1341,.T.);
#2122=EDGE_CURVE('',#1650,#1648,#1342,.T.);
#2123=EDGE_CURVE('',#1650,#1649,#785,.T.);
#2124=EDGE_CURVE('',#1651,#1649,#786,.T.);
#2125=EDGE_CURVE('',#1652,#1650,#787,.T.);
#2126=EDGE_CURVE('',#1652,#1651,#788,.T.);
#2127=EDGE_CURVE('',#1653,#1651,#1343,.T.);
#2128=EDGE_CURVE('',#1654,#1652,#1344,.T.);
#2129=EDGE_CURVE('',#1654,#1653,#789,.T.);
#2130=EDGE_CURVE('',#1655,#1653,#790,.T.);
#2131=EDGE_CURVE('',#1656,#1654,#791,.T.);
#2132=EDGE_CURVE('',#1656,#1655,#792,.T.);
#2133=EDGE_CURVE('',#1657,#1655,#1345,.T.);
#2134=EDGE_CURVE('',#1658,#1656,#1346,.T.);
#2135=EDGE_CURVE('',#1658,#1657,#793,.T.);
#2136=EDGE_CURVE('',#1659,#1657,#794,.T.);
#2137=EDGE_CURVE('',#1660,#1658,#795,.T.);
#2138=EDGE_CURVE('',#1660,#1659,#796,.T.);
#2139=EDGE_CURVE('',#1661,#1659,#797,.T.);
#2140=EDGE_CURVE('',#1662,#1660,#798,.T.);
#2141=EDGE_CURVE('',#1662,#1661,#799,.T.);
#2142=EDGE_CURVE('',#1663,#1661,#800,.T.);
#2143=EDGE_CURVE('',#1664,#1662,#801,.T.);
#2144=EDGE_CURVE('',#1664,#1663,#802,.T.);
#2145=EDGE_CURVE('',#1665,#1663,#803,.T.);
#2146=EDGE_CURVE('',#1666,#1664,#804,.T.);
#2147=EDGE_CURVE('',#1666,#1665,#805,.T.);
#2148=EDGE_CURVE('',#1667,#1665,#806,.T.);
#2149=EDGE_CURVE('',#1668,#1666,#807,.T.);
#2150=EDGE_CURVE('',#1668,#1667,#808,.T.);
#2151=EDGE_CURVE('',#1669,#1667,#1347,.T.);
#2152=EDGE_CURVE('',#1670,#1668,#1348,.T.);
#2153=EDGE_CURVE('',#1670,#1669,#809,.T.);
#2154=EDGE_CURVE('',#1671,#1669,#810,.T.);
#2155=EDGE_CURVE('',#1672,#1670,#811,.T.);
#2156=EDGE_CURVE('',#1672,#1671,#812,.T.);
#2157=EDGE_CURVE('',#1673,#1671,#813,.T.);
#2158=EDGE_CURVE('',#1674,#1672,#814,.T.);
#2159=EDGE_CURVE('',#1674,#1673,#815,.T.);
#2160=EDGE_CURVE('',#1675,#1673,#816,.T.);
#2161=EDGE_CURVE('',#1676,#1674,#817,.T.);
#2162=EDGE_CURVE('',#1676,#1675,#818,.T.);
#2163=EDGE_CURVE('',#1677,#1675,#819,.T.);
#2164=EDGE_CURVE('',#1678,#1676,#820,.T.);
#2165=EDGE_CURVE('',#1678,#1677,#821,.T.);
#2166=EDGE_CURVE('',#1679,#1677,#822,.T.);
#2167=EDGE_CURVE('',#1680,#1678,#823,.T.);
#2168=EDGE_CURVE('',#1680,#1679,#824,.T.);
#2169=EDGE_CURVE('',#1681,#1679,#1349,.T.);
#2170=EDGE_CURVE('',#1682,#1680,#1350,.T.);
#2171=EDGE_CURVE('',#1682,#1681,#825,.T.);
#2172=EDGE_CURVE('',#1683,#1681,#826,.T.);
#2173=EDGE_CURVE('',#1684,#1682,#827,.T.);
#2174=EDGE_CURVE('',#1684,#1683,#828,.T.);
#2175=EDGE_CURVE('',#1685,#1683,#1351,.T.);
#2176=EDGE_CURVE('',#1686,#1684,#1352,.T.);
#2177=EDGE_CURVE('',#1686,#1685,#829,.T.);
#2178=EDGE_CURVE('',#1687,#1685,#830,.T.);
#2179=EDGE_CURVE('',#1688,#1686,#831,.T.);
#2180=EDGE_CURVE('',#1688,#1687,#832,.T.);
#2181=EDGE_CURVE('',#1689,#1687,#1353,.T.);
#2182=EDGE_CURVE('',#1690,#1688,#1354,.T.);
#2183=EDGE_CURVE('',#1690,#1689,#833,.T.);
#2184=EDGE_CURVE('',#1691,#1689,#834,.T.);
#2185=EDGE_CURVE('',#1692,#1690,#835,.T.);
#2186=EDGE_CURVE('',#1692,#1691,#836,.T.);
#2187=EDGE_CURVE('',#1693,#1691,#1355,.T.);
#2188=EDGE_CURVE('',#1694,#1692,#1356,.T.);
#2189=EDGE_CURVE('',#1694,#1693,#837,.T.);
#2190=EDGE_CURVE('',#1695,#1693,#838,.T.);
#2191=EDGE_CURVE('',#1696,#1694,#839,.T.);
#2192=EDGE_CURVE('',#1696,#1695,#840,.T.);
#2193=EDGE_CURVE('',#1697,#1695,#1357,.T.);
#2194=EDGE_CURVE('',#1698,#1696,#1358,.T.);
#2195=EDGE_CURVE('',#1698,#1697,#841,.T.);
#2196=EDGE_CURVE('',#1699,#1697,#842,.T.);
#2197=EDGE_CURVE('',#1700,#1698,#843,.T.);
#2198=EDGE_CURVE('',#1700,#1699,#844,.T.);
#2199=EDGE_CURVE('',#1701,#1699,#1359,.T.);
#2200=EDGE_CURVE('',#1702,#1700,#1360,.T.);
#2201=EDGE_CURVE('',#1702,#1701,#845,.T.);
#2202=EDGE_CURVE('',#1703,#1701,#846,.T.);
#2203=EDGE_CURVE('',#1704,#1702,#847,.T.);
#2204=EDGE_CURVE('',#1704,#1703,#848,.T.);
#2205=EDGE_CURVE('',#1705,#1703,#849,.T.);
#2206=EDGE_CURVE('',#1706,#1704,#850,.T.);
#2207=EDGE_CURVE('',#1706,#1705,#851,.T.);
#2208=EDGE_CURVE('',#1707,#1705,#852,.T.);
#2209=EDGE_CURVE('',#1708,#1706,#853,.T.);
#2210=EDGE_CURVE('',#1708,#1707,#854,.T.);
#2211=EDGE_CURVE('',#1454,#1707,#855,.T.);
#2212=EDGE_CURVE('',#1455,#1708,#856,.T.);
#2213=EDGE_CURVE('',#1709,#1709,#1361,.T.);
#2214=EDGE_CURVE('',#1710,#1710,#1362,.T.);
#2215=EDGE_CURVE('',#1402,#1711,#1363,.T.);
#2216=EDGE_CURVE('',#1711,#1712,#1364,.T.);
#2217=EDGE_CURVE('',#1712,#1399,#1365,.T.);
#2218=EDGE_CURVE('',#1382,#1713,#1366,.T.);
#2219=EDGE_CURVE('',#1713,#1714,#1367,.T.);
#2220=EDGE_CURVE('',#1714,#1391,#1368,.T.);
#2221=EDGE_CURVE('',#1715,#1715,#1369,.T.);
#2222=EDGE_CURVE('',#1716,#1716,#1370,.T.);
#2223=EDGE_CURVE('',#1717,#1717,#1371,.T.);
#2224=EDGE_CURVE('',#1718,#1718,#1372,.T.);
#2225=EDGE_CURVE('',#1719,#1400,#1373,.T.);
#2226=EDGE_CURVE('',#1720,#1719,#1374,.T.);
#2227=EDGE_CURVE('',#1404,#1720,#1375,.T.);
#2228=EDGE_CURVE('',#1721,#1722,#1376,.T.);
#2229=EDGE_CURVE('',#1384,#1721,#1377,.T.);
#2230=EDGE_CURVE('',#1722,#1392,#1378,.T.);
#2231=EDGE_CURVE('',#1723,#1723,#1379,.T.);
#2232=EDGE_CURVE('',#1724,#1724,#1380,.T.);
#2233=EDGE_CURVE('',#1717,#1709,#857,.T.);
#2234=EDGE_CURVE('',#1724,#1716,#858,.T.);
#2235=EDGE_CURVE('',#1718,#1710,#859,.T.);
#2236=EDGE_CURVE('',#1723,#1715,#860,.T.);
#2237=EDGE_CURVE('',#1720,#1711,#861,.T.);
#2238=EDGE_CURVE('',#1719,#1712,#862,.T.);
#2239=EDGE_CURVE('',#1721,#1713,#863,.T.);
#2240=EDGE_CURVE('',#1722,#1714,#864,.T.);
#2241=ORIENTED_EDGE('',*,*,#1725,.F.);
#2242=ORIENTED_EDGE('',*,*,#1726,.F.);
#2243=ORIENTED_EDGE('',*,*,#1727,.T.);
#2244=ORIENTED_EDGE('',*,*,#1728,.T.);
#2245=ORIENTED_EDGE('',*,*,#1729,.F.);
#2246=ORIENTED_EDGE('',*,*,#1730,.F.);
#2247=ORIENTED_EDGE('',*,*,#1731,.T.);
#2248=ORIENTED_EDGE('',*,*,#1726,.T.);
#2249=ORIENTED_EDGE('',*,*,#1732,.F.);
#2250=ORIENTED_EDGE('',*,*,#1733,.F.);
#2251=ORIENTED_EDGE('',*,*,#1734,.T.);
#2252=ORIENTED_EDGE('',*,*,#1730,.T.);
#2253=ORIENTED_EDGE('',*,*,#1735,.F.);
#2254=ORIENTED_EDGE('',*,*,#1736,.F.);
#2255=ORIENTED_EDGE('',*,*,#1737,.T.);
#2256=ORIENTED_EDGE('',*,*,#1733,.T.);
#2257=ORIENTED_EDGE('',*,*,#1738,.F.);
#2258=ORIENTED_EDGE('',*,*,#1739,.F.);
#2259=ORIENTED_EDGE('',*,*,#1740,.T.);
#2260=ORIENTED_EDGE('',*,*,#1736,.T.);
#2261=ORIENTED_EDGE('',*,*,#1741,.F.);
#2262=ORIENTED_EDGE('',*,*,#1742,.F.);
#2263=ORIENTED_EDGE('',*,*,#1743,.T.);
#2264=ORIENTED_EDGE('',*,*,#1744,.T.);
#2265=ORIENTED_EDGE('',*,*,#1745,.F.);
#2266=ORIENTED_EDGE('',*,*,#1746,.F.);
#2267=ORIENTED_EDGE('',*,*,#1747,.T.);
#2268=ORIENTED_EDGE('',*,*,#1742,.T.);
#2269=ORIENTED_EDGE('',*,*,#1748,.F.);
#2270=ORIENTED_EDGE('',*,*,#1749,.F.);
#2271=ORIENTED_EDGE('',*,*,#1750,.T.);
#2272=ORIENTED_EDGE('',*,*,#1746,.T.);
#2273=ORIENTED_EDGE('',*,*,#1751,.F.);
#2274=ORIENTED_EDGE('',*,*,#1752,.F.);
#2275=ORIENTED_EDGE('',*,*,#1753,.T.);
#2276=ORIENTED_EDGE('',*,*,#1754,.T.);
#2277=ORIENTED_EDGE('',*,*,#1755,.F.);
#2278=ORIENTED_EDGE('',*,*,#1744,.F.);
#2279=ORIENTED_EDGE('',*,*,#1756,.T.);
#2280=ORIENTED_EDGE('',*,*,#1752,.T.);
#2281=ORIENTED_EDGE('',*,*,#1757,.F.);
#2282=ORIENTED_EDGE('',*,*,#1758,.F.);
#2283=ORIENTED_EDGE('',*,*,#1759,.T.);
#2284=ORIENTED_EDGE('',*,*,#1760,.T.);
#2285=ORIENTED_EDGE('',*,*,#1761,.F.);
#2286=ORIENTED_EDGE('',*,*,#1762,.F.);
#2287=ORIENTED_EDGE('',*,*,#1763,.T.);
#2288=ORIENTED_EDGE('',*,*,#1758,.T.);
#2289=ORIENTED_EDGE('',*,*,#1764,.F.);
#2290=ORIENTED_EDGE('',*,*,#1765,.F.);
#2291=ORIENTED_EDGE('',*,*,#1766,.T.);
#2292=ORIENTED_EDGE('',*,*,#1762,.T.);
#2293=ORIENTED_EDGE('',*,*,#1767,.F.);
#2294=ORIENTED_EDGE('',*,*,#1768,.F.);
#2295=ORIENTED_EDGE('',*,*,#1769,.T.);
#2296=ORIENTED_EDGE('',*,*,#1765,.T.);
#2297=ORIENTED_EDGE('',*,*,#1770,.F.);
#2298=ORIENTED_EDGE('',*,*,#1771,.F.);
#2299=ORIENTED_EDGE('',*,*,#1772,.T.);
#2300=ORIENTED_EDGE('',*,*,#1768,.T.);
#2301=ORIENTED_EDGE('',*,*,#1773,.F.);
#2302=ORIENTED_EDGE('',*,*,#1774,.F.);
#2303=ORIENTED_EDGE('',*,*,#1775,.T.);
#2304=ORIENTED_EDGE('',*,*,#1771,.T.);
#2305=ORIENTED_EDGE('',*,*,#1776,.F.);
#2306=ORIENTED_EDGE('',*,*,#1777,.F.);
#2307=ORIENTED_EDGE('',*,*,#1778,.T.);
#2308=ORIENTED_EDGE('',*,*,#1774,.T.);
#2309=ORIENTED_EDGE('',*,*,#1779,.F.);
#2310=ORIENTED_EDGE('',*,*,#1780,.F.);
#2311=ORIENTED_EDGE('',*,*,#1781,.T.);
#2312=ORIENTED_EDGE('',*,*,#1777,.T.);
#2313=ORIENTED_EDGE('',*,*,#1782,.F.);
#2314=ORIENTED_EDGE('',*,*,#1783,.F.);
#2315=ORIENTED_EDGE('',*,*,#1784,.T.);
#2316=ORIENTED_EDGE('',*,*,#1780,.T.);
#2317=ORIENTED_EDGE('',*,*,#1785,.F.);
#2318=ORIENTED_EDGE('',*,*,#1786,.F.);
#2319=ORIENTED_EDGE('',*,*,#1787,.T.);
#2320=ORIENTED_EDGE('',*,*,#1783,.T.);
#2321=ORIENTED_EDGE('',*,*,#1788,.F.);
#2322=ORIENTED_EDGE('',*,*,#1789,.F.);
#2323=ORIENTED_EDGE('',*,*,#1790,.T.);
#2324=ORIENTED_EDGE('',*,*,#1786,.T.);
#2325=ORIENTED_EDGE('',*,*,#1791,.F.);
#2326=ORIENTED_EDGE('',*,*,#1792,.F.);
#2327=ORIENTED_EDGE('',*,*,#1793,.T.);
#2328=ORIENTED_EDGE('',*,*,#1789,.T.);
#2329=ORIENTED_EDGE('',*,*,#1794,.F.);
#2330=ORIENTED_EDGE('',*,*,#1795,.F.);
#2331=ORIENTED_EDGE('',*,*,#1796,.T.);
#2332=ORIENTED_EDGE('',*,*,#1792,.T.);
#2333=ORIENTED_EDGE('',*,*,#1797,.F.);
#2334=ORIENTED_EDGE('',*,*,#1798,.F.);
#2335=ORIENTED_EDGE('',*,*,#1799,.T.);
#2336=ORIENTED_EDGE('',*,*,#1795,.T.);
#2337=ORIENTED_EDGE('',*,*,#1800,.F.);
#2338=ORIENTED_EDGE('',*,*,#1801,.F.);
#2339=ORIENTED_EDGE('',*,*,#1802,.T.);
#2340=ORIENTED_EDGE('',*,*,#1798,.T.);
#2341=ORIENTED_EDGE('',*,*,#1803,.F.);
#2342=ORIENTED_EDGE('',*,*,#1804,.F.);
#2343=ORIENTED_EDGE('',*,*,#1805,.T.);
#2344=ORIENTED_EDGE('',*,*,#1801,.T.);
#2345=ORIENTED_EDGE('',*,*,#1806,.F.);
#2346=ORIENTED_EDGE('',*,*,#1807,.F.);
#2347=ORIENTED_EDGE('',*,*,#1808,.T.);
#2348=ORIENTED_EDGE('',*,*,#1804,.T.);
#2349=ORIENTED_EDGE('',*,*,#1809,.F.);
#2350=ORIENTED_EDGE('',*,*,#1810,.F.);
#2351=ORIENTED_EDGE('',*,*,#1811,.T.);
#2352=ORIENTED_EDGE('',*,*,#1807,.T.);
#2353=ORIENTED_EDGE('',*,*,#1812,.F.);
#2354=ORIENTED_EDGE('',*,*,#1813,.F.);
#2355=ORIENTED_EDGE('',*,*,#1814,.T.);
#2356=ORIENTED_EDGE('',*,*,#1810,.T.);
#2357=ORIENTED_EDGE('',*,*,#1815,.F.);
#2358=ORIENTED_EDGE('',*,*,#1816,.F.);
#2359=ORIENTED_EDGE('',*,*,#1817,.T.);
#2360=ORIENTED_EDGE('',*,*,#1813,.T.);
#2361=ORIENTED_EDGE('',*,*,#1818,.F.);
#2362=ORIENTED_EDGE('',*,*,#1819,.F.);
#2363=ORIENTED_EDGE('',*,*,#1820,.T.);
#2364=ORIENTED_EDGE('',*,*,#1816,.T.);
#2365=ORIENTED_EDGE('',*,*,#1821,.F.);
#2366=ORIENTED_EDGE('',*,*,#1822,.F.);
#2367=ORIENTED_EDGE('',*,*,#1823,.T.);
#2368=ORIENTED_EDGE('',*,*,#1819,.T.);
#2369=ORIENTED_EDGE('',*,*,#1824,.F.);
#2370=ORIENTED_EDGE('',*,*,#1825,.F.);
#2371=ORIENTED_EDGE('',*,*,#1826,.T.);
#2372=ORIENTED_EDGE('',*,*,#1822,.T.);
#2373=ORIENTED_EDGE('',*,*,#1827,.F.);
#2374=ORIENTED_EDGE('',*,*,#1760,.F.);
#2375=ORIENTED_EDGE('',*,*,#1828,.T.);
#2376=ORIENTED_EDGE('',*,*,#1825,.T.);
#2377=ORIENTED_EDGE('',*,*,#1829,.T.);
#2378=ORIENTED_EDGE('',*,*,#1830,.F.);
#2379=ORIENTED_EDGE('',*,*,#1831,.F.);
#2380=ORIENTED_EDGE('',*,*,#1832,.T.);
#2381=ORIENTED_EDGE('',*,*,#1833,.T.);
#2382=ORIENTED_EDGE('',*,*,#1832,.F.);
#2383=ORIENTED_EDGE('',*,*,#1834,.F.);
#2384=ORIENTED_EDGE('',*,*,#1835,.T.);
#2385=ORIENTED_EDGE('',*,*,#1836,.T.);
#2386=ORIENTED_EDGE('',*,*,#1835,.F.);
#2387=ORIENTED_EDGE('',*,*,#1837,.F.);
#2388=ORIENTED_EDGE('',*,*,#1838,.T.);
#2389=ORIENTED_EDGE('',*,*,#1839,.T.);
#2390=ORIENTED_EDGE('',*,*,#1838,.F.);
#2391=ORIENTED_EDGE('',*,*,#1840,.F.);
#2392=ORIENTED_EDGE('',*,*,#1841,.T.);
#2393=ORIENTED_EDGE('',*,*,#1842,.T.);
#2394=ORIENTED_EDGE('',*,*,#1841,.F.);
#2395=ORIENTED_EDGE('',*,*,#1843,.F.);
#2396=ORIENTED_EDGE('',*,*,#1844,.T.);
#2397=ORIENTED_EDGE('',*,*,#1845,.T.);
#2398=ORIENTED_EDGE('',*,*,#1844,.F.);
#2399=ORIENTED_EDGE('',*,*,#1846,.F.);
#2400=ORIENTED_EDGE('',*,*,#1847,.T.);
#2401=ORIENTED_EDGE('',*,*,#1848,.T.);
#2402=ORIENTED_EDGE('',*,*,#1847,.F.);
#2403=ORIENTED_EDGE('',*,*,#1849,.F.);
#2404=ORIENTED_EDGE('',*,*,#1850,.T.);
#2405=ORIENTED_EDGE('',*,*,#1851,.T.);
#2406=ORIENTED_EDGE('',*,*,#1850,.F.);
#2407=ORIENTED_EDGE('',*,*,#1852,.F.);
#2408=ORIENTED_EDGE('',*,*,#1853,.T.);
#2409=ORIENTED_EDGE('',*,*,#1854,.T.);
#2410=ORIENTED_EDGE('',*,*,#1853,.F.);
#2411=ORIENTED_EDGE('',*,*,#1855,.F.);
#2412=ORIENTED_EDGE('',*,*,#1856,.T.);
#2413=ORIENTED_EDGE('',*,*,#1857,.T.);
#2414=ORIENTED_EDGE('',*,*,#1856,.F.);
#2415=ORIENTED_EDGE('',*,*,#1858,.F.);
#2416=ORIENTED_EDGE('',*,*,#1859,.T.);
#2417=ORIENTED_EDGE('',*,*,#1860,.T.);
#2418=ORIENTED_EDGE('',*,*,#1859,.F.);
#2419=ORIENTED_EDGE('',*,*,#1861,.F.);
#2420=ORIENTED_EDGE('',*,*,#1862,.T.);
#2421=ORIENTED_EDGE('',*,*,#1863,.T.);
#2422=ORIENTED_EDGE('',*,*,#1862,.F.);
#2423=ORIENTED_EDGE('',*,*,#1864,.F.);
#2424=ORIENTED_EDGE('',*,*,#1865,.T.);
#2425=ORIENTED_EDGE('',*,*,#1866,.T.);
#2426=ORIENTED_EDGE('',*,*,#1865,.F.);
#2427=ORIENTED_EDGE('',*,*,#1867,.F.);
#2428=ORIENTED_EDGE('',*,*,#1868,.T.);
#2429=ORIENTED_EDGE('',*,*,#1869,.T.);
#2430=ORIENTED_EDGE('',*,*,#1868,.F.);
#2431=ORIENTED_EDGE('',*,*,#1870,.F.);
#2432=ORIENTED_EDGE('',*,*,#1871,.T.);
#2433=ORIENTED_EDGE('',*,*,#1872,.T.);
#2434=ORIENTED_EDGE('',*,*,#1871,.F.);
#2435=ORIENTED_EDGE('',*,*,#1873,.F.);
#2436=ORIENTED_EDGE('',*,*,#1874,.T.);
#2437=ORIENTED_EDGE('',*,*,#1875,.T.);
#2438=ORIENTED_EDGE('',*,*,#1874,.F.);
#2439=ORIENTED_EDGE('',*,*,#1876,.F.);
#2440=ORIENTED_EDGE('',*,*,#1877,.T.);
#2441=ORIENTED_EDGE('',*,*,#1878,.T.);
#2442=ORIENTED_EDGE('',*,*,#1877,.F.);
#2443=ORIENTED_EDGE('',*,*,#1879,.F.);
#2444=ORIENTED_EDGE('',*,*,#1880,.T.);
#2445=ORIENTED_EDGE('',*,*,#1881,.T.);
#2446=ORIENTED_EDGE('',*,*,#1880,.F.);
#2447=ORIENTED_EDGE('',*,*,#1882,.F.);
#2448=ORIENTED_EDGE('',*,*,#1883,.T.);
#2449=ORIENTED_EDGE('',*,*,#1884,.T.);
#2450=ORIENTED_EDGE('',*,*,#1883,.F.);
#2451=ORIENTED_EDGE('',*,*,#1885,.F.);
#2452=ORIENTED_EDGE('',*,*,#1886,.T.);
#2453=ORIENTED_EDGE('',*,*,#1887,.T.);
#2454=ORIENTED_EDGE('',*,*,#1886,.F.);
#2455=ORIENTED_EDGE('',*,*,#1888,.F.);
#2456=ORIENTED_EDGE('',*,*,#1889,.T.);
#2457=ORIENTED_EDGE('',*,*,#1890,.T.);
#2458=ORIENTED_EDGE('',*,*,#1889,.F.);
#2459=ORIENTED_EDGE('',*,*,#1891,.F.);
#2460=ORIENTED_EDGE('',*,*,#1892,.T.);
#2461=ORIENTED_EDGE('',*,*,#1893,.T.);
#2462=ORIENTED_EDGE('',*,*,#1892,.F.);
#2463=ORIENTED_EDGE('',*,*,#1894,.F.);
#2464=ORIENTED_EDGE('',*,*,#1895,.T.);
#2465=ORIENTED_EDGE('',*,*,#1896,.T.);
#2466=ORIENTED_EDGE('',*,*,#1895,.F.);
#2467=ORIENTED_EDGE('',*,*,#1897,.F.);
#2468=ORIENTED_EDGE('',*,*,#1898,.T.);
#2469=ORIENTED_EDGE('',*,*,#1899,.T.);
#2470=ORIENTED_EDGE('',*,*,#1898,.F.);
#2471=ORIENTED_EDGE('',*,*,#1900,.F.);
#2472=ORIENTED_EDGE('',*,*,#1901,.T.);
#2473=ORIENTED_EDGE('',*,*,#1902,.T.);
#2474=ORIENTED_EDGE('',*,*,#1901,.F.);
#2475=ORIENTED_EDGE('',*,*,#1903,.F.);
#2476=ORIENTED_EDGE('',*,*,#1904,.T.);
#2477=ORIENTED_EDGE('',*,*,#1905,.T.);
#2478=ORIENTED_EDGE('',*,*,#1904,.F.);
#2479=ORIENTED_EDGE('',*,*,#1906,.F.);
#2480=ORIENTED_EDGE('',*,*,#1907,.T.);
#2481=ORIENTED_EDGE('',*,*,#1908,.T.);
#2482=ORIENTED_EDGE('',*,*,#1907,.F.);
#2483=ORIENTED_EDGE('',*,*,#1909,.F.);
#2484=ORIENTED_EDGE('',*,*,#1910,.T.);
#2485=ORIENTED_EDGE('',*,*,#1911,.T.);
#2486=ORIENTED_EDGE('',*,*,#1910,.F.);
#2487=ORIENTED_EDGE('',*,*,#1912,.F.);
#2488=ORIENTED_EDGE('',*,*,#1913,.T.);
#2489=ORIENTED_EDGE('',*,*,#1914,.T.);
#2490=ORIENTED_EDGE('',*,*,#1913,.F.);
#2491=ORIENTED_EDGE('',*,*,#1915,.F.);
#2492=ORIENTED_EDGE('',*,*,#1916,.T.);
#2493=ORIENTED_EDGE('',*,*,#1917,.T.);
#2494=ORIENTED_EDGE('',*,*,#1916,.F.);
#2495=ORIENTED_EDGE('',*,*,#1918,.F.);
#2496=ORIENTED_EDGE('',*,*,#1919,.T.);
#2497=ORIENTED_EDGE('',*,*,#1920,.T.);
#2498=ORIENTED_EDGE('',*,*,#1919,.F.);
#2499=ORIENTED_EDGE('',*,*,#1921,.F.);
#2500=ORIENTED_EDGE('',*,*,#1922,.T.);
#2501=ORIENTED_EDGE('',*,*,#1923,.T.);
#2502=ORIENTED_EDGE('',*,*,#1922,.F.);
#2503=ORIENTED_EDGE('',*,*,#1924,.F.);
#2504=ORIENTED_EDGE('',*,*,#1925,.T.);
#2505=ORIENTED_EDGE('',*,*,#1926,.T.);
#2506=ORIENTED_EDGE('',*,*,#1925,.F.);
#2507=ORIENTED_EDGE('',*,*,#1927,.F.);
#2508=ORIENTED_EDGE('',*,*,#1928,.T.);
#2509=ORIENTED_EDGE('',*,*,#1929,.T.);
#2510=ORIENTED_EDGE('',*,*,#1928,.F.);
#2511=ORIENTED_EDGE('',*,*,#1930,.F.);
#2512=ORIENTED_EDGE('',*,*,#1931,.T.);
#2513=ORIENTED_EDGE('',*,*,#1932,.T.);
#2514=ORIENTED_EDGE('',*,*,#1931,.F.);
#2515=ORIENTED_EDGE('',*,*,#1933,.F.);
#2516=ORIENTED_EDGE('',*,*,#1934,.T.);
#2517=ORIENTED_EDGE('',*,*,#1935,.T.);
#2518=ORIENTED_EDGE('',*,*,#1934,.F.);
#2519=ORIENTED_EDGE('',*,*,#1936,.F.);
#2520=ORIENTED_EDGE('',*,*,#1937,.T.);
#2521=ORIENTED_EDGE('',*,*,#1938,.T.);
#2522=ORIENTED_EDGE('',*,*,#1937,.F.);
#2523=ORIENTED_EDGE('',*,*,#1939,.F.);
#2524=ORIENTED_EDGE('',*,*,#1940,.T.);
#2525=ORIENTED_EDGE('',*,*,#1941,.T.);
#2526=ORIENTED_EDGE('',*,*,#1940,.F.);
#2527=ORIENTED_EDGE('',*,*,#1942,.F.);
#2528=ORIENTED_EDGE('',*,*,#1943,.T.);
#2529=ORIENTED_EDGE('',*,*,#1944,.T.);
#2530=ORIENTED_EDGE('',*,*,#1943,.F.);
#2531=ORIENTED_EDGE('',*,*,#1945,.F.);
#2532=ORIENTED_EDGE('',*,*,#1946,.T.);
#2533=ORIENTED_EDGE('',*,*,#1947,.T.);
#2534=ORIENTED_EDGE('',*,*,#1946,.F.);
#2535=ORIENTED_EDGE('',*,*,#1948,.F.);
#2536=ORIENTED_EDGE('',*,*,#1949,.T.);
#2537=ORIENTED_EDGE('',*,*,#1950,.T.);
#2538=ORIENTED_EDGE('',*,*,#1949,.F.);
#2539=ORIENTED_EDGE('',*,*,#1951,.F.);
#2540=ORIENTED_EDGE('',*,*,#1952,.T.);
#2541=ORIENTED_EDGE('',*,*,#1953,.T.);
#2542=ORIENTED_EDGE('',*,*,#1952,.F.);
#2543=ORIENTED_EDGE('',*,*,#1954,.F.);
#2544=ORIENTED_EDGE('',*,*,#1955,.T.);
#2545=ORIENTED_EDGE('',*,*,#1956,.T.);
#2546=ORIENTED_EDGE('',*,*,#1955,.F.);
#2547=ORIENTED_EDGE('',*,*,#1957,.F.);
#2548=ORIENTED_EDGE('',*,*,#1958,.T.);
#2549=ORIENTED_EDGE('',*,*,#1959,.T.);
#2550=ORIENTED_EDGE('',*,*,#1958,.F.);
#2551=ORIENTED_EDGE('',*,*,#1960,.F.);
#2552=ORIENTED_EDGE('',*,*,#1961,.T.);
#2553=ORIENTED_EDGE('',*,*,#1962,.T.);
#2554=ORIENTED_EDGE('',*,*,#1961,.F.);
#2555=ORIENTED_EDGE('',*,*,#1963,.F.);
#2556=ORIENTED_EDGE('',*,*,#1964,.T.);
#2557=ORIENTED_EDGE('',*,*,#1965,.T.);
#2558=ORIENTED_EDGE('',*,*,#1964,.F.);
#2559=ORIENTED_EDGE('',*,*,#1966,.F.);
#2560=ORIENTED_EDGE('',*,*,#1967,.T.);
#2561=ORIENTED_EDGE('',*,*,#1968,.T.);
#2562=ORIENTED_EDGE('',*,*,#1967,.F.);
#2563=ORIENTED_EDGE('',*,*,#1969,.F.);
#2564=ORIENTED_EDGE('',*,*,#1970,.T.);
#2565=ORIENTED_EDGE('',*,*,#1971,.T.);
#2566=ORIENTED_EDGE('',*,*,#1970,.F.);
#2567=ORIENTED_EDGE('',*,*,#1972,.F.);
#2568=ORIENTED_EDGE('',*,*,#1973,.T.);
#2569=ORIENTED_EDGE('',*,*,#1974,.T.);
#2570=ORIENTED_EDGE('',*,*,#1973,.F.);
#2571=ORIENTED_EDGE('',*,*,#1975,.F.);
#2572=ORIENTED_EDGE('',*,*,#1976,.T.);
#2573=ORIENTED_EDGE('',*,*,#1977,.T.);
#2574=ORIENTED_EDGE('',*,*,#1976,.F.);
#2575=ORIENTED_EDGE('',*,*,#1978,.F.);
#2576=ORIENTED_EDGE('',*,*,#1979,.T.);
#2577=ORIENTED_EDGE('',*,*,#1980,.T.);
#2578=ORIENTED_EDGE('',*,*,#1979,.F.);
#2579=ORIENTED_EDGE('',*,*,#1981,.F.);
#2580=ORIENTED_EDGE('',*,*,#1982,.T.);
#2581=ORIENTED_EDGE('',*,*,#1983,.T.);
#2582=ORIENTED_EDGE('',*,*,#1982,.F.);
#2583=ORIENTED_EDGE('',*,*,#1984,.F.);
#2584=ORIENTED_EDGE('',*,*,#1985,.T.);
#2585=ORIENTED_EDGE('',*,*,#1986,.T.);
#2586=ORIENTED_EDGE('',*,*,#1985,.F.);
#2587=ORIENTED_EDGE('',*,*,#1987,.F.);
#2588=ORIENTED_EDGE('',*,*,#1988,.T.);
#2589=ORIENTED_EDGE('',*,*,#1989,.T.);
#2590=ORIENTED_EDGE('',*,*,#1988,.F.);
#2591=ORIENTED_EDGE('',*,*,#1990,.F.);
#2592=ORIENTED_EDGE('',*,*,#1991,.T.);
#2593=ORIENTED_EDGE('',*,*,#1992,.T.);
#2594=ORIENTED_EDGE('',*,*,#1991,.F.);
#2595=ORIENTED_EDGE('',*,*,#1993,.F.);
#2596=ORIENTED_EDGE('',*,*,#1994,.T.);
#2597=ORIENTED_EDGE('',*,*,#1995,.T.);
#2598=ORIENTED_EDGE('',*,*,#1994,.F.);
#2599=ORIENTED_EDGE('',*,*,#1996,.F.);
#2600=ORIENTED_EDGE('',*,*,#1997,.T.);
#2601=ORIENTED_EDGE('',*,*,#1998,.T.);
#2602=ORIENTED_EDGE('',*,*,#1997,.F.);
#2603=ORIENTED_EDGE('',*,*,#1999,.F.);
#2604=ORIENTED_EDGE('',*,*,#2000,.T.);
#2605=ORIENTED_EDGE('',*,*,#2001,.T.);
#2606=ORIENTED_EDGE('',*,*,#2000,.F.);
#2607=ORIENTED_EDGE('',*,*,#2002,.F.);
#2608=ORIENTED_EDGE('',*,*,#2003,.T.);
#2609=ORIENTED_EDGE('',*,*,#2004,.T.);
#2610=ORIENTED_EDGE('',*,*,#2003,.F.);
#2611=ORIENTED_EDGE('',*,*,#2005,.F.);
#2612=ORIENTED_EDGE('',*,*,#2006,.T.);
#2613=ORIENTED_EDGE('',*,*,#2007,.T.);
#2614=ORIENTED_EDGE('',*,*,#2006,.F.);
#2615=ORIENTED_EDGE('',*,*,#2008,.F.);
#2616=ORIENTED_EDGE('',*,*,#2009,.T.);
#2617=ORIENTED_EDGE('',*,*,#2010,.T.);
#2618=ORIENTED_EDGE('',*,*,#2009,.F.);
#2619=ORIENTED_EDGE('',*,*,#2011,.F.);
#2620=ORIENTED_EDGE('',*,*,#2012,.T.);
#2621=ORIENTED_EDGE('',*,*,#2013,.T.);
#2622=ORIENTED_EDGE('',*,*,#2012,.F.);
#2623=ORIENTED_EDGE('',*,*,#2014,.F.);
#2624=ORIENTED_EDGE('',*,*,#2015,.T.);
#2625=ORIENTED_EDGE('',*,*,#2016,.T.);
#2626=ORIENTED_EDGE('',*,*,#2015,.F.);
#2627=ORIENTED_EDGE('',*,*,#2017,.F.);
#2628=ORIENTED_EDGE('',*,*,#2018,.T.);
#2629=ORIENTED_EDGE('',*,*,#2019,.T.);
#2630=ORIENTED_EDGE('',*,*,#2018,.F.);
#2631=ORIENTED_EDGE('',*,*,#2020,.F.);
#2632=ORIENTED_EDGE('',*,*,#2021,.T.);
#2633=ORIENTED_EDGE('',*,*,#2022,.T.);
#2634=ORIENTED_EDGE('',*,*,#2021,.F.);
#2635=ORIENTED_EDGE('',*,*,#2023,.F.);
#2636=ORIENTED_EDGE('',*,*,#2024,.T.);
#2637=ORIENTED_EDGE('',*,*,#2025,.T.);
#2638=ORIENTED_EDGE('',*,*,#2024,.F.);
#2639=ORIENTED_EDGE('',*,*,#2026,.F.);
#2640=ORIENTED_EDGE('',*,*,#2027,.T.);
#2641=ORIENTED_EDGE('',*,*,#2028,.T.);
#2642=ORIENTED_EDGE('',*,*,#2027,.F.);
#2643=ORIENTED_EDGE('',*,*,#2029,.F.);
#2644=ORIENTED_EDGE('',*,*,#2030,.T.);
#2645=ORIENTED_EDGE('',*,*,#2031,.T.);
#2646=ORIENTED_EDGE('',*,*,#2030,.F.);
#2647=ORIENTED_EDGE('',*,*,#2032,.F.);
#2648=ORIENTED_EDGE('',*,*,#2033,.T.);
#2649=ORIENTED_EDGE('',*,*,#2034,.T.);
#2650=ORIENTED_EDGE('',*,*,#2033,.F.);
#2651=ORIENTED_EDGE('',*,*,#2035,.F.);
#2652=ORIENTED_EDGE('',*,*,#2036,.T.);
#2653=ORIENTED_EDGE('',*,*,#2037,.T.);
#2654=ORIENTED_EDGE('',*,*,#2036,.F.);
#2655=ORIENTED_EDGE('',*,*,#2038,.F.);
#2656=ORIENTED_EDGE('',*,*,#2039,.T.);
#2657=ORIENTED_EDGE('',*,*,#2040,.T.);
#2658=ORIENTED_EDGE('',*,*,#2039,.F.);
#2659=ORIENTED_EDGE('',*,*,#2041,.F.);
#2660=ORIENTED_EDGE('',*,*,#2042,.T.);
#2661=ORIENTED_EDGE('',*,*,#2043,.T.);
#2662=ORIENTED_EDGE('',*,*,#2042,.F.);
#2663=ORIENTED_EDGE('',*,*,#2044,.F.);
#2664=ORIENTED_EDGE('',*,*,#2045,.T.);
#2665=ORIENTED_EDGE('',*,*,#2046,.T.);
#2666=ORIENTED_EDGE('',*,*,#2045,.F.);
#2667=ORIENTED_EDGE('',*,*,#2047,.F.);
#2668=ORIENTED_EDGE('',*,*,#2048,.T.);
#2669=ORIENTED_EDGE('',*,*,#2049,.T.);
#2670=ORIENTED_EDGE('',*,*,#2048,.F.);
#2671=ORIENTED_EDGE('',*,*,#2050,.F.);
#2672=ORIENTED_EDGE('',*,*,#2051,.T.);
#2673=ORIENTED_EDGE('',*,*,#2052,.T.);
#2674=ORIENTED_EDGE('',*,*,#2051,.F.);
#2675=ORIENTED_EDGE('',*,*,#2053,.F.);
#2676=ORIENTED_EDGE('',*,*,#2054,.T.);
#2677=ORIENTED_EDGE('',*,*,#2055,.T.);
#2678=ORIENTED_EDGE('',*,*,#2054,.F.);
#2679=ORIENTED_EDGE('',*,*,#2056,.F.);
#2680=ORIENTED_EDGE('',*,*,#2057,.T.);
#2681=ORIENTED_EDGE('',*,*,#2058,.T.);
#2682=ORIENTED_EDGE('',*,*,#2057,.F.);
#2683=ORIENTED_EDGE('',*,*,#2059,.F.);
#2684=ORIENTED_EDGE('',*,*,#2060,.T.);
#2685=ORIENTED_EDGE('',*,*,#2061,.T.);
#2686=ORIENTED_EDGE('',*,*,#2060,.F.);
#2687=ORIENTED_EDGE('',*,*,#2062,.F.);
#2688=ORIENTED_EDGE('',*,*,#2063,.T.);
#2689=ORIENTED_EDGE('',*,*,#2064,.T.);
#2690=ORIENTED_EDGE('',*,*,#2063,.F.);
#2691=ORIENTED_EDGE('',*,*,#2065,.F.);
#2692=ORIENTED_EDGE('',*,*,#2066,.T.);
#2693=ORIENTED_EDGE('',*,*,#2067,.T.);
#2694=ORIENTED_EDGE('',*,*,#2066,.F.);
#2695=ORIENTED_EDGE('',*,*,#2068,.F.);
#2696=ORIENTED_EDGE('',*,*,#2069,.T.);
#2697=ORIENTED_EDGE('',*,*,#2070,.T.);
#2698=ORIENTED_EDGE('',*,*,#2069,.F.);
#2699=ORIENTED_EDGE('',*,*,#2071,.F.);
#2700=ORIENTED_EDGE('',*,*,#2072,.T.);
#2701=ORIENTED_EDGE('',*,*,#2073,.T.);
#2702=ORIENTED_EDGE('',*,*,#2072,.F.);
#2703=ORIENTED_EDGE('',*,*,#2074,.F.);
#2704=ORIENTED_EDGE('',*,*,#2075,.T.);
#2705=ORIENTED_EDGE('',*,*,#2076,.T.);
#2706=ORIENTED_EDGE('',*,*,#2075,.F.);
#2707=ORIENTED_EDGE('',*,*,#2077,.F.);
#2708=ORIENTED_EDGE('',*,*,#2078,.T.);
#2709=ORIENTED_EDGE('',*,*,#2079,.T.);
#2710=ORIENTED_EDGE('',*,*,#2078,.F.);
#2711=ORIENTED_EDGE('',*,*,#2080,.F.);
#2712=ORIENTED_EDGE('',*,*,#2081,.T.);
#2713=ORIENTED_EDGE('',*,*,#2082,.T.);
#2714=ORIENTED_EDGE('',*,*,#2081,.F.);
#2715=ORIENTED_EDGE('',*,*,#2083,.F.);
#2716=ORIENTED_EDGE('',*,*,#2084,.T.);
#2717=ORIENTED_EDGE('',*,*,#2085,.T.);
#2718=ORIENTED_EDGE('',*,*,#2084,.F.);
#2719=ORIENTED_EDGE('',*,*,#2086,.F.);
#2720=ORIENTED_EDGE('',*,*,#2087,.T.);
#2721=ORIENTED_EDGE('',*,*,#2088,.T.);
#2722=ORIENTED_EDGE('',*,*,#2087,.F.);
#2723=ORIENTED_EDGE('',*,*,#2089,.F.);
#2724=ORIENTED_EDGE('',*,*,#2090,.T.);
#2725=ORIENTED_EDGE('',*,*,#2091,.T.);
#2726=ORIENTED_EDGE('',*,*,#2090,.F.);
#2727=ORIENTED_EDGE('',*,*,#2092,.F.);
#2728=ORIENTED_EDGE('',*,*,#2093,.T.);
#2729=ORIENTED_EDGE('',*,*,#2094,.T.);
#2730=ORIENTED_EDGE('',*,*,#2093,.F.);
#2731=ORIENTED_EDGE('',*,*,#2095,.F.);
#2732=ORIENTED_EDGE('',*,*,#2096,.T.);
#2733=ORIENTED_EDGE('',*,*,#2097,.T.);
#2734=ORIENTED_EDGE('',*,*,#2096,.F.);
#2735=ORIENTED_EDGE('',*,*,#2098,.F.);
#2736=ORIENTED_EDGE('',*,*,#2099,.T.);
#2737=ORIENTED_EDGE('',*,*,#2100,.T.);
#2738=ORIENTED_EDGE('',*,*,#2099,.F.);
#2739=ORIENTED_EDGE('',*,*,#2101,.F.);
#2740=ORIENTED_EDGE('',*,*,#2102,.T.);
#2741=ORIENTED_EDGE('',*,*,#2103,.T.);
#2742=ORIENTED_EDGE('',*,*,#2102,.F.);
#2743=ORIENTED_EDGE('',*,*,#2104,.F.);
#2744=ORIENTED_EDGE('',*,*,#2105,.T.);
#2745=ORIENTED_EDGE('',*,*,#2106,.T.);
#2746=ORIENTED_EDGE('',*,*,#2105,.F.);
#2747=ORIENTED_EDGE('',*,*,#2107,.F.);
#2748=ORIENTED_EDGE('',*,*,#2108,.T.);
#2749=ORIENTED_EDGE('',*,*,#2109,.T.);
#2750=ORIENTED_EDGE('',*,*,#2108,.F.);
#2751=ORIENTED_EDGE('',*,*,#2110,.F.);
#2752=ORIENTED_EDGE('',*,*,#2111,.T.);
#2753=ORIENTED_EDGE('',*,*,#2112,.T.);
#2754=ORIENTED_EDGE('',*,*,#2111,.F.);
#2755=ORIENTED_EDGE('',*,*,#2113,.F.);
#2756=ORIENTED_EDGE('',*,*,#2114,.T.);
#2757=ORIENTED_EDGE('',*,*,#2115,.T.);
#2758=ORIENTED_EDGE('',*,*,#2114,.F.);
#2759=ORIENTED_EDGE('',*,*,#2116,.F.);
#2760=ORIENTED_EDGE('',*,*,#2117,.T.);
#2761=ORIENTED_EDGE('',*,*,#2118,.T.);
#2762=ORIENTED_EDGE('',*,*,#2117,.F.);
#2763=ORIENTED_EDGE('',*,*,#2119,.F.);
#2764=ORIENTED_EDGE('',*,*,#2120,.T.);
#2765=ORIENTED_EDGE('',*,*,#2121,.T.);
#2766=ORIENTED_EDGE('',*,*,#2120,.F.);
#2767=ORIENTED_EDGE('',*,*,#2122,.F.);
#2768=ORIENTED_EDGE('',*,*,#2123,.T.);
#2769=ORIENTED_EDGE('',*,*,#2124,.T.);
#2770=ORIENTED_EDGE('',*,*,#2123,.F.);
#2771=ORIENTED_EDGE('',*,*,#2125,.F.);
#2772=ORIENTED_EDGE('',*,*,#2126,.T.);
#2773=ORIENTED_EDGE('',*,*,#2127,.T.);
#2774=ORIENTED_EDGE('',*,*,#2126,.F.);
#2775=ORIENTED_EDGE('',*,*,#2128,.F.);
#2776=ORIENTED_EDGE('',*,*,#2129,.T.);
#2777=ORIENTED_EDGE('',*,*,#2130,.T.);
#2778=ORIENTED_EDGE('',*,*,#2129,.F.);
#2779=ORIENTED_EDGE('',*,*,#2131,.F.);
#2780=ORIENTED_EDGE('',*,*,#2132,.T.);
#2781=ORIENTED_EDGE('',*,*,#2133,.T.);
#2782=ORIENTED_EDGE('',*,*,#2132,.F.);
#2783=ORIENTED_EDGE('',*,*,#2134,.F.);
#2784=ORIENTED_EDGE('',*,*,#2135,.T.);
#2785=ORIENTED_EDGE('',*,*,#2136,.T.);
#2786=ORIENTED_EDGE('',*,*,#2135,.F.);
#2787=ORIENTED_EDGE('',*,*,#2137,.F.);
#2788=ORIENTED_EDGE('',*,*,#2138,.T.);
#2789=ORIENTED_EDGE('',*,*,#2139,.T.);
#2790=ORIENTED_EDGE('',*,*,#2138,.F.);
#2791=ORIENTED_EDGE('',*,*,#2140,.F.);
#2792=ORIENTED_EDGE('',*,*,#2141,.T.);
#2793=ORIENTED_EDGE('',*,*,#2142,.T.);
#2794=ORIENTED_EDGE('',*,*,#2141,.F.);
#2795=ORIENTED_EDGE('',*,*,#2143,.F.);
#2796=ORIENTED_EDGE('',*,*,#2144,.T.);
#2797=ORIENTED_EDGE('',*,*,#2145,.T.);
#2798=ORIENTED_EDGE('',*,*,#2144,.F.);
#2799=ORIENTED_EDGE('',*,*,#2146,.F.);
#2800=ORIENTED_EDGE('',*,*,#2147,.T.);
#2801=ORIENTED_EDGE('',*,*,#2148,.T.);
#2802=ORIENTED_EDGE('',*,*,#2147,.F.);
#2803=ORIENTED_EDGE('',*,*,#2149,.F.);
#2804=ORIENTED_EDGE('',*,*,#2150,.T.);
#2805=ORIENTED_EDGE('',*,*,#2151,.T.);
#2806=ORIENTED_EDGE('',*,*,#2150,.F.);
#2807=ORIENTED_EDGE('',*,*,#2152,.F.);
#2808=ORIENTED_EDGE('',*,*,#2153,.T.);
#2809=ORIENTED_EDGE('',*,*,#2154,.T.);
#2810=ORIENTED_EDGE('',*,*,#2153,.F.);
#2811=ORIENTED_EDGE('',*,*,#2155,.F.);
#2812=ORIENTED_EDGE('',*,*,#2156,.T.);
#2813=ORIENTED_EDGE('',*,*,#2157,.T.);
#2814=ORIENTED_EDGE('',*,*,#2156,.F.);
#2815=ORIENTED_EDGE('',*,*,#2158,.F.);
#2816=ORIENTED_EDGE('',*,*,#2159,.T.);
#2817=ORIENTED_EDGE('',*,*,#2160,.T.);
#2818=ORIENTED_EDGE('',*,*,#2159,.F.);
#2819=ORIENTED_EDGE('',*,*,#2161,.F.);
#2820=ORIENTED_EDGE('',*,*,#2162,.T.);
#2821=ORIENTED_EDGE('',*,*,#2163,.T.);
#2822=ORIENTED_EDGE('',*,*,#2162,.F.);
#2823=ORIENTED_EDGE('',*,*,#2164,.F.);
#2824=ORIENTED_EDGE('',*,*,#2165,.T.);
#2825=ORIENTED_EDGE('',*,*,#2166,.T.);
#2826=ORIENTED_EDGE('',*,*,#2165,.F.);
#2827=ORIENTED_EDGE('',*,*,#2167,.F.);
#2828=ORIENTED_EDGE('',*,*,#2168,.T.);
#2829=ORIENTED_EDGE('',*,*,#2169,.T.);
#2830=ORIENTED_EDGE('',*,*,#2168,.F.);
#2831=ORIENTED_EDGE('',*,*,#2170,.F.);
#2832=ORIENTED_EDGE('',*,*,#2171,.T.);
#2833=ORIENTED_EDGE('',*,*,#2172,.T.);
#2834=ORIENTED_EDGE('',*,*,#2171,.F.);
#2835=ORIENTED_EDGE('',*,*,#2173,.F.);
#2836=ORIENTED_EDGE('',*,*,#2174,.T.);
#2837=ORIENTED_EDGE('',*,*,#2175,.T.);
#2838=ORIENTED_EDGE('',*,*,#2174,.F.);
#2839=ORIENTED_EDGE('',*,*,#2176,.F.);
#2840=ORIENTED_EDGE('',*,*,#2177,.T.);
#2841=ORIENTED_EDGE('',*,*,#2178,.T.);
#2842=ORIENTED_EDGE('',*,*,#2177,.F.);
#2843=ORIENTED_EDGE('',*,*,#2179,.F.);
#2844=ORIENTED_EDGE('',*,*,#2180,.T.);
#2845=ORIENTED_EDGE('',*,*,#2181,.T.);
#2846=ORIENTED_EDGE('',*,*,#2180,.F.);
#2847=ORIENTED_EDGE('',*,*,#2182,.F.);
#2848=ORIENTED_EDGE('',*,*,#2183,.T.);
#2849=ORIENTED_EDGE('',*,*,#2184,.T.);
#2850=ORIENTED_EDGE('',*,*,#2183,.F.);
#2851=ORIENTED_EDGE('',*,*,#2185,.F.);
#2852=ORIENTED_EDGE('',*,*,#2186,.T.);
#2853=ORIENTED_EDGE('',*,*,#2187,.T.);
#2854=ORIENTED_EDGE('',*,*,#2186,.F.);
#2855=ORIENTED_EDGE('',*,*,#2188,.F.);
#2856=ORIENTED_EDGE('',*,*,#2189,.T.);
#2857=ORIENTED_EDGE('',*,*,#2190,.T.);
#2858=ORIENTED_EDGE('',*,*,#2189,.F.);
#2859=ORIENTED_EDGE('',*,*,#2191,.F.);
#2860=ORIENTED_EDGE('',*,*,#2192,.T.);
#2861=ORIENTED_EDGE('',*,*,#2193,.T.);
#2862=ORIENTED_EDGE('',*,*,#2192,.F.);
#2863=ORIENTED_EDGE('',*,*,#2194,.F.);
#2864=ORIENTED_EDGE('',*,*,#2195,.T.);
#2865=ORIENTED_EDGE('',*,*,#2196,.T.);
#2866=ORIENTED_EDGE('',*,*,#2195,.F.);
#2867=ORIENTED_EDGE('',*,*,#2197,.F.);
#2868=ORIENTED_EDGE('',*,*,#2198,.T.);
#2869=ORIENTED_EDGE('',*,*,#2199,.T.);
#2870=ORIENTED_EDGE('',*,*,#2198,.F.);
#2871=ORIENTED_EDGE('',*,*,#2200,.F.);
#2872=ORIENTED_EDGE('',*,*,#2201,.T.);
#2873=ORIENTED_EDGE('',*,*,#2202,.T.);
#2874=ORIENTED_EDGE('',*,*,#2201,.F.);
#2875=ORIENTED_EDGE('',*,*,#2203,.F.);
#2876=ORIENTED_EDGE('',*,*,#2204,.T.);
#2877=ORIENTED_EDGE('',*,*,#2205,.T.);
#2878=ORIENTED_EDGE('',*,*,#2204,.F.);
#2879=ORIENTED_EDGE('',*,*,#2206,.F.);
#2880=ORIENTED_EDGE('',*,*,#2207,.T.);
#2881=ORIENTED_EDGE('',*,*,#2208,.T.);
#2882=ORIENTED_EDGE('',*,*,#2207,.F.);
#2883=ORIENTED_EDGE('',*,*,#2209,.F.);
#2884=ORIENTED_EDGE('',*,*,#2210,.T.);
#2885=ORIENTED_EDGE('',*,*,#2211,.T.);
#2886=ORIENTED_EDGE('',*,*,#2210,.F.);
#2887=ORIENTED_EDGE('',*,*,#2212,.F.);
#2888=ORIENTED_EDGE('',*,*,#1830,.T.);
#2889=ORIENTED_EDGE('',*,*,#2211,.F.);
#2890=ORIENTED_EDGE('',*,*,#1829,.F.);
#2891=ORIENTED_EDGE('',*,*,#1833,.F.);
#2892=ORIENTED_EDGE('',*,*,#1836,.F.);
#2893=ORIENTED_EDGE('',*,*,#1839,.F.);
#2894=ORIENTED_EDGE('',*,*,#1842,.F.);
#2895=ORIENTED_EDGE('',*,*,#1845,.F.);
#2896=ORIENTED_EDGE('',*,*,#1848,.F.);
#2897=ORIENTED_EDGE('',*,*,#1851,.F.);
#2898=ORIENTED_EDGE('',*,*,#1854,.F.);
#2899=ORIENTED_EDGE('',*,*,#1857,.F.);
#2900=ORIENTED_EDGE('',*,*,#1860,.F.);
#2901=ORIENTED_EDGE('',*,*,#1863,.F.);
#2902=ORIENTED_EDGE('',*,*,#1866,.F.);
#2903=ORIENTED_EDGE('',*,*,#1869,.F.);
#2904=ORIENTED_EDGE('',*,*,#1872,.F.);
#2905=ORIENTED_EDGE('',*,*,#1875,.F.);
#2906=ORIENTED_EDGE('',*,*,#1878,.F.);
#2907=ORIENTED_EDGE('',*,*,#1881,.F.);
#2908=ORIENTED_EDGE('',*,*,#1884,.F.);
#2909=ORIENTED_EDGE('',*,*,#1887,.F.);
#2910=ORIENTED_EDGE('',*,*,#1890,.F.);
#2911=ORIENTED_EDGE('',*,*,#1893,.F.);
#2912=ORIENTED_EDGE('',*,*,#1896,.F.);
#2913=ORIENTED_EDGE('',*,*,#1899,.F.);
#2914=ORIENTED_EDGE('',*,*,#1902,.F.);
#2915=ORIENTED_EDGE('',*,*,#1905,.F.);
#2916=ORIENTED_EDGE('',*,*,#1908,.F.);
#2917=ORIENTED_EDGE('',*,*,#1911,.F.);
#2918=ORIENTED_EDGE('',*,*,#1914,.F.);
#2919=ORIENTED_EDGE('',*,*,#1917,.F.);
#2920=ORIENTED_EDGE('',*,*,#1920,.F.);
#2921=ORIENTED_EDGE('',*,*,#1923,.F.);
#2922=ORIENTED_EDGE('',*,*,#1926,.F.);
#2923=ORIENTED_EDGE('',*,*,#1929,.F.);
#2924=ORIENTED_EDGE('',*,*,#1932,.F.);
#2925=ORIENTED_EDGE('',*,*,#1935,.F.);
#2926=ORIENTED_EDGE('',*,*,#1938,.F.);
#2927=ORIENTED_EDGE('',*,*,#1941,.F.);
#2928=ORIENTED_EDGE('',*,*,#1944,.F.);
#2929=ORIENTED_EDGE('',*,*,#1947,.F.);
#2930=ORIENTED_EDGE('',*,*,#1950,.F.);
#2931=ORIENTED_EDGE('',*,*,#1953,.F.);
#2932=ORIENTED_EDGE('',*,*,#1956,.F.);
#2933=ORIENTED_EDGE('',*,*,#1959,.F.);
#2934=ORIENTED_EDGE('',*,*,#1962,.F.);
#2935=ORIENTED_EDGE('',*,*,#1965,.F.);
#2936=ORIENTED_EDGE('',*,*,#1968,.F.);
#2937=ORIENTED_EDGE('',*,*,#1971,.F.);
#2938=ORIENTED_EDGE('',*,*,#1974,.F.);
#2939=ORIENTED_EDGE('',*,*,#1977,.F.);
#2940=ORIENTED_EDGE('',*,*,#1980,.F.);
#2941=ORIENTED_EDGE('',*,*,#1983,.F.);
#2942=ORIENTED_EDGE('',*,*,#1986,.F.);
#2943=ORIENTED_EDGE('',*,*,#1989,.F.);
#2944=ORIENTED_EDGE('',*,*,#1992,.F.);
#2945=ORIENTED_EDGE('',*,*,#1995,.F.);
#2946=ORIENTED_EDGE('',*,*,#1998,.F.);
#2947=ORIENTED_EDGE('',*,*,#2001,.F.);
#2948=ORIENTED_EDGE('',*,*,#2004,.F.);
#2949=ORIENTED_EDGE('',*,*,#2007,.F.);
#2950=ORIENTED_EDGE('',*,*,#2010,.F.);
#2951=ORIENTED_EDGE('',*,*,#2013,.F.);
#2952=ORIENTED_EDGE('',*,*,#2016,.F.);
#2953=ORIENTED_EDGE('',*,*,#2019,.F.);
#2954=ORIENTED_EDGE('',*,*,#2022,.F.);
#2955=ORIENTED_EDGE('',*,*,#2025,.F.);
#2956=ORIENTED_EDGE('',*,*,#2028,.F.);
#2957=ORIENTED_EDGE('',*,*,#2031,.F.);
#2958=ORIENTED_EDGE('',*,*,#2034,.F.);
#2959=ORIENTED_EDGE('',*,*,#2037,.F.);
#2960=ORIENTED_EDGE('',*,*,#2040,.F.);
#2961=ORIENTED_EDGE('',*,*,#2043,.F.);
#2962=ORIENTED_EDGE('',*,*,#2046,.F.);
#2963=ORIENTED_EDGE('',*,*,#2049,.F.);
#2964=ORIENTED_EDGE('',*,*,#2052,.F.);
#2965=ORIENTED_EDGE('',*,*,#2055,.F.);
#2966=ORIENTED_EDGE('',*,*,#2058,.F.);
#2967=ORIENTED_EDGE('',*,*,#2061,.F.);
#2968=ORIENTED_EDGE('',*,*,#2064,.F.);
#2969=ORIENTED_EDGE('',*,*,#2067,.F.);
#2970=ORIENTED_EDGE('',*,*,#2070,.F.);
#2971=ORIENTED_EDGE('',*,*,#2073,.F.);
#2972=ORIENTED_EDGE('',*,*,#2076,.F.);
#2973=ORIENTED_EDGE('',*,*,#2079,.F.);
#2974=ORIENTED_EDGE('',*,*,#2082,.F.);
#2975=ORIENTED_EDGE('',*,*,#2085,.F.);
#2976=ORIENTED_EDGE('',*,*,#2088,.F.);
#2977=ORIENTED_EDGE('',*,*,#2091,.F.);
#2978=ORIENTED_EDGE('',*,*,#2094,.F.);
#2979=ORIENTED_EDGE('',*,*,#2097,.F.);
#2980=ORIENTED_EDGE('',*,*,#2100,.F.);
#2981=ORIENTED_EDGE('',*,*,#2103,.F.);
#2982=ORIENTED_EDGE('',*,*,#2106,.F.);
#2983=ORIENTED_EDGE('',*,*,#2109,.F.);
#2984=ORIENTED_EDGE('',*,*,#2112,.F.);
#2985=ORIENTED_EDGE('',*,*,#2115,.F.);
#2986=ORIENTED_EDGE('',*,*,#2118,.F.);
#2987=ORIENTED_EDGE('',*,*,#2121,.F.);
#2988=ORIENTED_EDGE('',*,*,#2124,.F.);
#2989=ORIENTED_EDGE('',*,*,#2127,.F.);
#2990=ORIENTED_EDGE('',*,*,#2130,.F.);
#2991=ORIENTED_EDGE('',*,*,#2133,.F.);
#2992=ORIENTED_EDGE('',*,*,#2136,.F.);
#2993=ORIENTED_EDGE('',*,*,#2139,.F.);
#2994=ORIENTED_EDGE('',*,*,#2142,.F.);
#2995=ORIENTED_EDGE('',*,*,#2145,.F.);
#2996=ORIENTED_EDGE('',*,*,#2148,.F.);
#2997=ORIENTED_EDGE('',*,*,#2151,.F.);
#2998=ORIENTED_EDGE('',*,*,#2154,.F.);
#2999=ORIENTED_EDGE('',*,*,#2157,.F.);
#3000=ORIENTED_EDGE('',*,*,#2160,.F.);
#3001=ORIENTED_EDGE('',*,*,#2163,.F.);
#3002=ORIENTED_EDGE('',*,*,#2166,.F.);
#3003=ORIENTED_EDGE('',*,*,#2169,.F.);
#3004=ORIENTED_EDGE('',*,*,#2172,.F.);
#3005=ORIENTED_EDGE('',*,*,#2175,.F.);
#3006=ORIENTED_EDGE('',*,*,#2178,.F.);
#3007=ORIENTED_EDGE('',*,*,#2181,.F.);
#3008=ORIENTED_EDGE('',*,*,#2184,.F.);
#3009=ORIENTED_EDGE('',*,*,#2187,.F.);
#3010=ORIENTED_EDGE('',*,*,#2190,.F.);
#3011=ORIENTED_EDGE('',*,*,#2193,.F.);
#3012=ORIENTED_EDGE('',*,*,#2196,.F.);
#3013=ORIENTED_EDGE('',*,*,#2199,.F.);
#3014=ORIENTED_EDGE('',*,*,#2202,.F.);
#3015=ORIENTED_EDGE('',*,*,#2205,.F.);
#3016=ORIENTED_EDGE('',*,*,#2208,.F.);
#3017=ORIENTED_EDGE('',*,*,#2213,.T.);
#3018=ORIENTED_EDGE('',*,*,#2214,.T.);
#3019=ORIENTED_EDGE('',*,*,#1755,.T.);
#3020=ORIENTED_EDGE('',*,*,#1751,.T.);
#3021=ORIENTED_EDGE('',*,*,#2215,.T.);
#3022=ORIENTED_EDGE('',*,*,#2216,.T.);
#3023=ORIENTED_EDGE('',*,*,#2217,.T.);
#3024=ORIENTED_EDGE('',*,*,#1748,.T.);
#3025=ORIENTED_EDGE('',*,*,#1745,.T.);
#3026=ORIENTED_EDGE('',*,*,#1741,.T.);
#3027=ORIENTED_EDGE('',*,*,#2218,.T.);
#3028=ORIENTED_EDGE('',*,*,#2219,.T.);
#3029=ORIENTED_EDGE('',*,*,#2220,.T.);
#3030=ORIENTED_EDGE('',*,*,#1738,.T.);
#3031=ORIENTED_EDGE('',*,*,#1735,.T.);
#3032=ORIENTED_EDGE('',*,*,#1732,.T.);
#3033=ORIENTED_EDGE('',*,*,#1729,.T.);
#3034=ORIENTED_EDGE('',*,*,#1725,.T.);
#3035=ORIENTED_EDGE('',*,*,#2221,.T.);
#3036=ORIENTED_EDGE('',*,*,#2222,.T.);
#3037=ORIENTED_EDGE('',*,*,#1827,.T.);
#3038=ORIENTED_EDGE('',*,*,#1824,.T.);
#3039=ORIENTED_EDGE('',*,*,#1821,.T.);
#3040=ORIENTED_EDGE('',*,*,#1818,.T.);
#3041=ORIENTED_EDGE('',*,*,#1815,.T.);
#3042=ORIENTED_EDGE('',*,*,#1812,.T.);
#3043=ORIENTED_EDGE('',*,*,#1809,.T.);
#3044=ORIENTED_EDGE('',*,*,#1806,.T.);
#3045=ORIENTED_EDGE('',*,*,#1803,.T.);
#3046=ORIENTED_EDGE('',*,*,#1800,.T.);
#3047=ORIENTED_EDGE('',*,*,#1797,.T.);
#3048=ORIENTED_EDGE('',*,*,#1794,.T.);
#3049=ORIENTED_EDGE('',*,*,#1791,.T.);
#3050=ORIENTED_EDGE('',*,*,#1788,.T.);
#3051=ORIENTED_EDGE('',*,*,#1785,.T.);
#3052=ORIENTED_EDGE('',*,*,#1782,.T.);
#3053=ORIENTED_EDGE('',*,*,#1779,.T.);
#3054=ORIENTED_EDGE('',*,*,#1776,.T.);
#3055=ORIENTED_EDGE('',*,*,#1773,.T.);
#3056=ORIENTED_EDGE('',*,*,#1770,.T.);
#3057=ORIENTED_EDGE('',*,*,#1767,.T.);
#3058=ORIENTED_EDGE('',*,*,#1764,.T.);
#3059=ORIENTED_EDGE('',*,*,#1761,.T.);
#3060=ORIENTED_EDGE('',*,*,#1757,.T.);
#3061=ORIENTED_EDGE('',*,*,#2212,.T.);
#3062=ORIENTED_EDGE('',*,*,#2209,.T.);
#3063=ORIENTED_EDGE('',*,*,#2206,.T.);
#3064=ORIENTED_EDGE('',*,*,#2203,.T.);
#3065=ORIENTED_EDGE('',*,*,#2200,.T.);
#3066=ORIENTED_EDGE('',*,*,#2197,.T.);
#3067=ORIENTED_EDGE('',*,*,#2194,.T.);
#3068=ORIENTED_EDGE('',*,*,#2191,.T.);
#3069=ORIENTED_EDGE('',*,*,#2188,.T.);
#3070=ORIENTED_EDGE('',*,*,#2185,.T.);
#3071=ORIENTED_EDGE('',*,*,#2182,.T.);
#3072=ORIENTED_EDGE('',*,*,#2179,.T.);
#3073=ORIENTED_EDGE('',*,*,#2176,.T.);
#3074=ORIENTED_EDGE('',*,*,#2173,.T.);
#3075=ORIENTED_EDGE('',*,*,#2170,.T.);
#3076=ORIENTED_EDGE('',*,*,#2167,.T.);
#3077=ORIENTED_EDGE('',*,*,#2164,.T.);
#3078=ORIENTED_EDGE('',*,*,#2161,.T.);
#3079=ORIENTED_EDGE('',*,*,#2158,.T.);
#3080=ORIENTED_EDGE('',*,*,#2155,.T.);
#3081=ORIENTED_EDGE('',*,*,#2152,.T.);
#3082=ORIENTED_EDGE('',*,*,#2149,.T.);
#3083=ORIENTED_EDGE('',*,*,#2146,.T.);
#3084=ORIENTED_EDGE('',*,*,#2143,.T.);
#3085=ORIENTED_EDGE('',*,*,#2140,.T.);
#3086=ORIENTED_EDGE('',*,*,#2137,.T.);
#3087=ORIENTED_EDGE('',*,*,#2134,.T.);
#3088=ORIENTED_EDGE('',*,*,#2131,.T.);
#3089=ORIENTED_EDGE('',*,*,#2128,.T.);
#3090=ORIENTED_EDGE('',*,*,#2125,.T.);
#3091=ORIENTED_EDGE('',*,*,#2122,.T.);
#3092=ORIENTED_EDGE('',*,*,#2119,.T.);
#3093=ORIENTED_EDGE('',*,*,#2116,.T.);
#3094=ORIENTED_EDGE('',*,*,#2113,.T.);
#3095=ORIENTED_EDGE('',*,*,#2110,.T.);
#3096=ORIENTED_EDGE('',*,*,#2107,.T.);
#3097=ORIENTED_EDGE('',*,*,#2104,.T.);
#3098=ORIENTED_EDGE('',*,*,#2101,.T.);
#3099=ORIENTED_EDGE('',*,*,#2098,.T.);
#3100=ORIENTED_EDGE('',*,*,#2095,.T.);
#3101=ORIENTED_EDGE('',*,*,#2092,.T.);
#3102=ORIENTED_EDGE('',*,*,#2089,.T.);
#3103=ORIENTED_EDGE('',*,*,#2086,.T.);
#3104=ORIENTED_EDGE('',*,*,#2083,.T.);
#3105=ORIENTED_EDGE('',*,*,#2080,.T.);
#3106=ORIENTED_EDGE('',*,*,#2077,.T.);
#3107=ORIENTED_EDGE('',*,*,#2074,.T.);
#3108=ORIENTED_EDGE('',*,*,#2071,.T.);
#3109=ORIENTED_EDGE('',*,*,#2068,.T.);
#3110=ORIENTED_EDGE('',*,*,#2065,.T.);
#3111=ORIENTED_EDGE('',*,*,#2062,.T.);
#3112=ORIENTED_EDGE('',*,*,#2059,.T.);
#3113=ORIENTED_EDGE('',*,*,#2056,.T.);
#3114=ORIENTED_EDGE('',*,*,#2053,.T.);
#3115=ORIENTED_EDGE('',*,*,#2050,.T.);
#3116=ORIENTED_EDGE('',*,*,#2047,.T.);
#3117=ORIENTED_EDGE('',*,*,#2044,.T.);
#3118=ORIENTED_EDGE('',*,*,#2041,.T.);
#3119=ORIENTED_EDGE('',*,*,#2038,.T.);
#3120=ORIENTED_EDGE('',*,*,#2035,.T.);
#3121=ORIENTED_EDGE('',*,*,#2032,.T.);
#3122=ORIENTED_EDGE('',*,*,#2029,.T.);
#3123=ORIENTED_EDGE('',*,*,#2026,.T.);
#3124=ORIENTED_EDGE('',*,*,#2023,.T.);
#3125=ORIENTED_EDGE('',*,*,#2020,.T.);
#3126=ORIENTED_EDGE('',*,*,#2017,.T.);
#3127=ORIENTED_EDGE('',*,*,#2014,.T.);
#3128=ORIENTED_EDGE('',*,*,#2011,.T.);
#3129=ORIENTED_EDGE('',*,*,#2008,.T.);
#3130=ORIENTED_EDGE('',*,*,#2005,.T.);
#3131=ORIENTED_EDGE('',*,*,#2002,.T.);
#3132=ORIENTED_EDGE('',*,*,#1999,.T.);
#3133=ORIENTED_EDGE('',*,*,#1996,.T.);
#3134=ORIENTED_EDGE('',*,*,#1993,.T.);
#3135=ORIENTED_EDGE('',*,*,#1990,.T.);
#3136=ORIENTED_EDGE('',*,*,#1987,.T.);
#3137=ORIENTED_EDGE('',*,*,#1984,.T.);
#3138=ORIENTED_EDGE('',*,*,#1981,.T.);
#3139=ORIENTED_EDGE('',*,*,#1978,.T.);
#3140=ORIENTED_EDGE('',*,*,#1975,.T.);
#3141=ORIENTED_EDGE('',*,*,#1972,.T.);
#3142=ORIENTED_EDGE('',*,*,#1969,.T.);
#3143=ORIENTED_EDGE('',*,*,#1966,.T.);
#3144=ORIENTED_EDGE('',*,*,#1963,.T.);
#3145=ORIENTED_EDGE('',*,*,#1960,.T.);
#3146=ORIENTED_EDGE('',*,*,#1957,.T.);
#3147=ORIENTED_EDGE('',*,*,#1954,.T.);
#3148=ORIENTED_EDGE('',*,*,#1951,.T.);
#3149=ORIENTED_EDGE('',*,*,#1948,.T.);
#3150=ORIENTED_EDGE('',*,*,#1945,.T.);
#3151=ORIENTED_EDGE('',*,*,#1942,.T.);
#3152=ORIENTED_EDGE('',*,*,#1939,.T.);
#3153=ORIENTED_EDGE('',*,*,#1936,.T.);
#3154=ORIENTED_EDGE('',*,*,#1933,.T.);
#3155=ORIENTED_EDGE('',*,*,#1930,.T.);
#3156=ORIENTED_EDGE('',*,*,#1927,.T.);
#3157=ORIENTED_EDGE('',*,*,#1924,.T.);
#3158=ORIENTED_EDGE('',*,*,#1921,.T.);
#3159=ORIENTED_EDGE('',*,*,#1918,.T.);
#3160=ORIENTED_EDGE('',*,*,#1915,.T.);
#3161=ORIENTED_EDGE('',*,*,#1912,.T.);
#3162=ORIENTED_EDGE('',*,*,#1909,.T.);
#3163=ORIENTED_EDGE('',*,*,#1906,.T.);
#3164=ORIENTED_EDGE('',*,*,#1903,.T.);
#3165=ORIENTED_EDGE('',*,*,#1900,.T.);
#3166=ORIENTED_EDGE('',*,*,#1897,.T.);
#3167=ORIENTED_EDGE('',*,*,#1894,.T.);
#3168=ORIENTED_EDGE('',*,*,#1891,.T.);
#3169=ORIENTED_EDGE('',*,*,#1888,.T.);
#3170=ORIENTED_EDGE('',*,*,#1885,.T.);
#3171=ORIENTED_EDGE('',*,*,#1882,.T.);
#3172=ORIENTED_EDGE('',*,*,#1879,.T.);
#3173=ORIENTED_EDGE('',*,*,#1876,.T.);
#3174=ORIENTED_EDGE('',*,*,#1873,.T.);
#3175=ORIENTED_EDGE('',*,*,#1870,.T.);
#3176=ORIENTED_EDGE('',*,*,#1867,.T.);
#3177=ORIENTED_EDGE('',*,*,#1864,.T.);
#3178=ORIENTED_EDGE('',*,*,#1861,.T.);
#3179=ORIENTED_EDGE('',*,*,#1858,.T.);
#3180=ORIENTED_EDGE('',*,*,#1855,.T.);
#3181=ORIENTED_EDGE('',*,*,#1852,.T.);
#3182=ORIENTED_EDGE('',*,*,#1849,.T.);
#3183=ORIENTED_EDGE('',*,*,#1846,.T.);
#3184=ORIENTED_EDGE('',*,*,#1843,.T.);
#3185=ORIENTED_EDGE('',*,*,#1840,.T.);
#3186=ORIENTED_EDGE('',*,*,#1837,.T.);
#3187=ORIENTED_EDGE('',*,*,#1834,.T.);
#3188=ORIENTED_EDGE('',*,*,#1831,.T.);
#3189=ORIENTED_EDGE('',*,*,#2223,.F.);
#3190=ORIENTED_EDGE('',*,*,#2224,.F.);
#3191=ORIENTED_EDGE('',*,*,#1753,.F.);
#3192=ORIENTED_EDGE('',*,*,#1756,.F.);
#3193=ORIENTED_EDGE('',*,*,#1743,.F.);
#3194=ORIENTED_EDGE('',*,*,#1747,.F.);
#3195=ORIENTED_EDGE('',*,*,#1750,.F.);
#3196=ORIENTED_EDGE('',*,*,#2225,.F.);
#3197=ORIENTED_EDGE('',*,*,#2226,.F.);
#3198=ORIENTED_EDGE('',*,*,#2227,.F.);
#3199=ORIENTED_EDGE('',*,*,#2228,.F.);
#3200=ORIENTED_EDGE('',*,*,#2229,.F.);
#3201=ORIENTED_EDGE('',*,*,#1727,.F.);
#3202=ORIENTED_EDGE('',*,*,#1731,.F.);
#3203=ORIENTED_EDGE('',*,*,#1734,.F.);
#3204=ORIENTED_EDGE('',*,*,#1737,.F.);
#3205=ORIENTED_EDGE('',*,*,#1740,.F.);
#3206=ORIENTED_EDGE('',*,*,#2230,.F.);
#3207=ORIENTED_EDGE('',*,*,#2231,.F.);
#3208=ORIENTED_EDGE('',*,*,#2232,.F.);
#3209=ORIENTED_EDGE('',*,*,#1826,.F.);
#3210=ORIENTED_EDGE('',*,*,#1828,.F.);
#3211=ORIENTED_EDGE('',*,*,#1759,.F.);
#3212=ORIENTED_EDGE('',*,*,#1763,.F.);
#3213=ORIENTED_EDGE('',*,*,#1766,.F.);
#3214=ORIENTED_EDGE('',*,*,#1769,.F.);
#3215=ORIENTED_EDGE('',*,*,#1772,.F.);
#3216=ORIENTED_EDGE('',*,*,#1775,.F.);
#3217=ORIENTED_EDGE('',*,*,#1778,.F.);
#3218=ORIENTED_EDGE('',*,*,#1781,.F.);
#3219=ORIENTED_EDGE('',*,*,#1784,.F.);
#3220=ORIENTED_EDGE('',*,*,#1787,.F.);
#3221=ORIENTED_EDGE('',*,*,#1790,.F.);
#3222=ORIENTED_EDGE('',*,*,#1793,.F.);
#3223=ORIENTED_EDGE('',*,*,#1796,.F.);
#3224=ORIENTED_EDGE('',*,*,#1799,.F.);
#3225=ORIENTED_EDGE('',*,*,#1802,.F.);
#3226=ORIENTED_EDGE('',*,*,#1805,.F.);
#3227=ORIENTED_EDGE('',*,*,#1808,.F.);
#3228=ORIENTED_EDGE('',*,*,#1811,.F.);
#3229=ORIENTED_EDGE('',*,*,#1814,.F.);
#3230=ORIENTED_EDGE('',*,*,#1817,.F.);
#3231=ORIENTED_EDGE('',*,*,#1820,.F.);
#3232=ORIENTED_EDGE('',*,*,#1823,.F.);
#3233=ORIENTED_EDGE('',*,*,#2223,.T.);
#3234=ORIENTED_EDGE('',*,*,#2233,.T.);
#3235=ORIENTED_EDGE('',*,*,#2213,.F.);
#3236=ORIENTED_EDGE('',*,*,#2233,.F.);
#3237=ORIENTED_EDGE('',*,*,#2232,.T.);
#3238=ORIENTED_EDGE('',*,*,#2234,.T.);
#3239=ORIENTED_EDGE('',*,*,#2222,.F.);
#3240=ORIENTED_EDGE('',*,*,#2234,.F.);
#3241=ORIENTED_EDGE('',*,*,#2224,.T.);
#3242=ORIENTED_EDGE('',*,*,#2235,.T.);
#3243=ORIENTED_EDGE('',*,*,#2214,.F.);
#3244=ORIENTED_EDGE('',*,*,#2235,.F.);
#3245=ORIENTED_EDGE('',*,*,#2231,.T.);
#3246=ORIENTED_EDGE('',*,*,#2236,.T.);
#3247=ORIENTED_EDGE('',*,*,#2221,.F.);
#3248=ORIENTED_EDGE('',*,*,#2236,.F.);
#3249=ORIENTED_EDGE('',*,*,#2227,.T.);
#3250=ORIENTED_EDGE('',*,*,#2237,.T.);
#3251=ORIENTED_EDGE('',*,*,#2215,.F.);
#3252=ORIENTED_EDGE('',*,*,#1754,.F.);
#3253=ORIENTED_EDGE('',*,*,#2226,.T.);
#3254=ORIENTED_EDGE('',*,*,#2238,.T.);
#3255=ORIENTED_EDGE('',*,*,#2216,.F.);
#3256=ORIENTED_EDGE('',*,*,#2237,.F.);
#3257=ORIENTED_EDGE('',*,*,#2225,.T.);
#3258=ORIENTED_EDGE('',*,*,#1749,.T.);
#3259=ORIENTED_EDGE('',*,*,#2217,.F.);
#3260=ORIENTED_EDGE('',*,*,#2238,.F.);
#3261=ORIENTED_EDGE('',*,*,#2229,.T.);
#3262=ORIENTED_EDGE('',*,*,#2239,.T.);
#3263=ORIENTED_EDGE('',*,*,#2218,.F.);
#3264=ORIENTED_EDGE('',*,*,#1728,.F.);
#3265=ORIENTED_EDGE('',*,*,#2228,.T.);
#3266=ORIENTED_EDGE('',*,*,#2240,.T.);
#3267=ORIENTED_EDGE('',*,*,#2219,.F.);
#3268=ORIENTED_EDGE('',*,*,#2239,.F.);
#3269=ORIENTED_EDGE('',*,*,#2230,.T.);
#3270=ORIENTED_EDGE('',*,*,#1739,.T.);
#3271=ORIENTED_EDGE('',*,*,#2220,.F.);
#3272=ORIENTED_EDGE('',*,*,#2240,.F.);
#3273=CYLINDRICAL_SURFACE('',#3542,0.00499999999999844);
#3274=CYLINDRICAL_SURFACE('',#3545,0.00149999999999995);
#3275=CYLINDRICAL_SURFACE('',#3548,0.00499999999999855);
#3276=CYLINDRICAL_SURFACE('',#3551,0.00149999999999993);
#3277=CYLINDRICAL_SURFACE('',#3554,0.00499999999999752);
#3278=CYLINDRICAL_SURFACE('',#3557,0.00500000000000018);
#3279=CYLINDRICAL_SURFACE('',#3560,0.00149999999999998);
#3280=CYLINDRICAL_SURFACE('',#3563,0.00499999999999689);
#3281=CYLINDRICAL_SURFACE('',#3566,0.00499999999999844);
#3282=CYLINDRICAL_SURFACE('',#3569,0.00149999999999999);
#3283=CYLINDRICAL_SURFACE('',#3573,0.000999999999999768);
#3284=CYLINDRICAL_SURFACE('',#3577,0.00100000000000009);
#3285=CYLINDRICAL_SURFACE('',#3581,0.000999999999999761);
#3286=CYLINDRICAL_SURFACE('',#3585,0.000999999999999994);
#3287=CYLINDRICAL_SURFACE('',#3589,0.000999999999999994);
#3288=CYLINDRICAL_SURFACE('',#3593,0.000999999999999772);
#3289=CYLINDRICAL_SURFACE('',#3597,0.00100000000000008);
#3290=CYLINDRICAL_SURFACE('',#3601,0.000999999999999765);
#3291=CYLINDRICAL_SURFACE('',#3605,0.000999999999999772);
#3292=CYLINDRICAL_SURFACE('',#3609,0.001);
#3293=CYLINDRICAL_SURFACE('',#3613,0.000999999999999997);
#3294=CYLINDRICAL_SURFACE('',#3617,0.000999999999999959);
#3295=CYLINDRICAL_SURFACE('',#3625,0.000999999999999997);
#3296=CYLINDRICAL_SURFACE('',#3629,0.00100000000000009);
#3297=CYLINDRICAL_SURFACE('',#3633,0.00100000000000008);
#3298=CYLINDRICAL_SURFACE('',#3637,0.00100000000000008);
#3299=CYLINDRICAL_SURFACE('',#3641,0.00100000000000008);
#3300=CYLINDRICAL_SURFACE('',#3645,0.000999999999999996);
#3301=CYLINDRICAL_SURFACE('',#3653,0.002);
#3302=CYLINDRICAL_SURFACE('',#3661,0.001);
#3303=CYLINDRICAL_SURFACE('',#3665,0.00100000000000008);
#3304=CYLINDRICAL_SURFACE('',#3669,0.00100000000000009);
#3305=CYLINDRICAL_SURFACE('',#3673,0.000999999999999752);
#3306=CYLINDRICAL_SURFACE('',#3677,0.00100000000000009);
#3307=CYLINDRICAL_SURFACE('',#3681,0.001);
#3308=CYLINDRICAL_SURFACE('',#3689,0.002);
#3309=CYLINDRICAL_SURFACE('',#3697,0.001);
#3310=CYLINDRICAL_SURFACE('',#3701,0.00100000000000009);
#3311=CYLINDRICAL_SURFACE('',#3705,0.00100000000000007);
#3312=CYLINDRICAL_SURFACE('',#3709,0.000999999999999775);
#3313=CYLINDRICAL_SURFACE('',#3713,0.00100000000000041);
#3314=CYLINDRICAL_SURFACE('',#3717,0.001);
#3315=CYLINDRICAL_SURFACE('',#3729,0.00100000000000001);
#3316=CYLINDRICAL_SURFACE('',#3733,0.0010000000000001);
#3317=CYLINDRICAL_SURFACE('',#3737,0.000999999999999779);
#3318=CYLINDRICAL_SURFACE('',#3741,0.00100000000000008);
#3319=CYLINDRICAL_SURFACE('',#3745,0.00100000000000009);
#3320=CYLINDRICAL_SURFACE('',#3749,0.001);
#3321=CYLINDRICAL_SURFACE('',#3757,0.00199999999999999);
#3322=CYLINDRICAL_SURFACE('',#3765,0.001);
#3323=CYLINDRICAL_SURFACE('',#3769,0.00100000000000008);
#3324=CYLINDRICAL_SURFACE('',#3773,0.000999999999999765);
#3325=CYLINDRICAL_SURFACE('',#3777,0.00100000000000007);
#3326=CYLINDRICAL_SURFACE('',#3781,0.00100000000000009);
#3327=CYLINDRICAL_SURFACE('',#3785,0.001);
#3328=CYLINDRICAL_SURFACE('',#3793,0.002);
#3329=CYLINDRICAL_SURFACE('',#3801,0.001);
#3330=CYLINDRICAL_SURFACE('',#3805,0.00100000000000009);
#3331=CYLINDRICAL_SURFACE('',#3809,0.00100000000000008);
#3332=CYLINDRICAL_SURFACE('',#3813,0.00100000000000009);
#3333=CYLINDRICAL_SURFACE('',#3817,0.00100000000000009);
#3334=CYLINDRICAL_SURFACE('',#3821,0.001);
#3335=CYLINDRICAL_SURFACE('',#3850,0.00225);
#3336=CYLINDRICAL_SURFACE('',#3851,0.00225);
#3337=CYLINDRICAL_SURFACE('',#3852,0.00225);
#3338=CYLINDRICAL_SURFACE('',#3853,0.00225);
#3339=CYLINDRICAL_SURFACE('',#3854,0.00150000000000036);
#3340=CYLINDRICAL_SURFACE('',#3855,0.00499999999999915);
#3341=CYLINDRICAL_SURFACE('',#3856,0.00150000000000009);
#3342=CYLINDRICAL_SURFACE('',#3857,0.00149999999999997);
#3343=CYLINDRICAL_SURFACE('',#3858,0.00499999999999784);
#3344=CYLINDRICAL_SURFACE('',#3859,0.00149999999999984);
#3345=ADVANCED_FACE('',(#131),#3273,.F.);
#3346=ADVANCED_FACE('',(#132),#3274,.F.);
#3347=ADVANCED_FACE('',(#133),#3275,.F.);
#3348=ADVANCED_FACE('',(#134),#3276,.F.);
#3349=ADVANCED_FACE('',(#135),#3277,.F.);
#3350=ADVANCED_FACE('',(#136),#3278,.F.);
#3351=ADVANCED_FACE('',(#137),#3279,.F.);
#3352=ADVANCED_FACE('',(#138),#3280,.F.);
#3353=ADVANCED_FACE('',(#139),#3281,.F.);
#3354=ADVANCED_FACE('',(#140),#3282,.F.);
#3355=ADVANCED_FACE('',(#141),#29,.T.);
#3356=ADVANCED_FACE('',(#142),#3283,.F.);
#3357=ADVANCED_FACE('',(#143),#30,.T.);
#3358=ADVANCED_FACE('',(#144),#3284,.F.);
#3359=ADVANCED_FACE('',(#145),#31,.T.);
#3360=ADVANCED_FACE('',(#146),#3285,.T.);
#3361=ADVANCED_FACE('',(#147),#32,.T.);
#3362=ADVANCED_FACE('',(#148),#3286,.F.);
#3363=ADVANCED_FACE('',(#149),#33,.T.);
#3364=ADVANCED_FACE('',(#150),#3287,.F.);
#3365=ADVANCED_FACE('',(#151),#34,.T.);
#3366=ADVANCED_FACE('',(#152),#3288,.T.);
#3367=ADVANCED_FACE('',(#153),#35,.T.);
#3368=ADVANCED_FACE('',(#154),#3289,.F.);
#3369=ADVANCED_FACE('',(#155),#36,.T.);
#3370=ADVANCED_FACE('',(#156),#3290,.F.);
#3371=ADVANCED_FACE('',(#157),#37,.T.);
#3372=ADVANCED_FACE('',(#158),#3291,.T.);
#3373=ADVANCED_FACE('',(#159),#38,.T.);
#3374=ADVANCED_FACE('',(#160),#3292,.F.);
#3375=ADVANCED_FACE('',(#161),#39,.T.);
#3376=ADVANCED_FACE('',(#162),#3293,.F.);
#3377=ADVANCED_FACE('',(#163),#40,.T.);
#3378=ADVANCED_FACE('',(#164),#3294,.T.);
#3379=ADVANCED_FACE('',(#165),#41,.F.);
#3380=ADVANCED_FACE('',(#166),#42,.F.);
#3381=ADVANCED_FACE('',(#167),#43,.F.);
#3382=ADVANCED_FACE('',(#168),#44,.F.);
#3383=ADVANCED_FACE('',(#169),#45,.F.);
#3384=ADVANCED_FACE('',(#170),#3295,.F.);
#3385=ADVANCED_FACE('',(#171),#46,.F.);
#3386=ADVANCED_FACE('',(#172),#3296,.F.);
#3387=ADVANCED_FACE('',(#173),#47,.F.);
#3388=ADVANCED_FACE('',(#174),#3297,.F.);
#3389=ADVANCED_FACE('',(#175),#48,.F.);
#3390=ADVANCED_FACE('',(#176),#3298,.F.);
#3391=ADVANCED_FACE('',(#177),#49,.F.);
#3392=ADVANCED_FACE('',(#178),#3299,.F.);
#3393=ADVANCED_FACE('',(#179),#50,.F.);
#3394=ADVANCED_FACE('',(#180),#3300,.F.);
#3395=ADVANCED_FACE('',(#181),#51,.F.);
#3396=ADVANCED_FACE('',(#182),#52,.F.);
#3397=ADVANCED_FACE('',(#183),#53,.F.);
#3398=ADVANCED_FACE('',(#184),#54,.F.);
#3399=ADVANCED_FACE('',(#185),#55,.F.);
#3400=ADVANCED_FACE('',(#186),#3301,.T.);
#3401=ADVANCED_FACE('',(#187),#56,.F.);
#3402=ADVANCED_FACE('',(#188),#57,.F.);
#3403=ADVANCED_FACE('',(#189),#58,.F.);
#3404=ADVANCED_FACE('',(#190),#59,.F.);
#3405=ADVANCED_FACE('',(#191),#60,.F.);
#3406=ADVANCED_FACE('',(#192),#3302,.F.);
#3407=ADVANCED_FACE('',(#193),#61,.F.);
#3408=ADVANCED_FACE('',(#194),#3303,.F.);
#3409=ADVANCED_FACE('',(#195),#62,.F.);
#3410=ADVANCED_FACE('',(#196),#3304,.F.);
#3411=ADVANCED_FACE('',(#197),#63,.F.);
#3412=ADVANCED_FACE('',(#198),#3305,.F.);
#3413=ADVANCED_FACE('',(#199),#64,.F.);
#3414=ADVANCED_FACE('',(#200),#3306,.F.);
#3415=ADVANCED_FACE('',(#201),#65,.F.);
#3416=ADVANCED_FACE('',(#202),#3307,.F.);
#3417=ADVANCED_FACE('',(#203),#66,.F.);
#3418=ADVANCED_FACE('',(#204),#67,.F.);
#3419=ADVANCED_FACE('',(#205),#68,.F.);
#3420=ADVANCED_FACE('',(#206),#69,.F.);
#3421=ADVANCED_FACE('',(#207),#70,.F.);
#3422=ADVANCED_FACE('',(#208),#3308,.T.);
#3423=ADVANCED_FACE('',(#209),#71,.F.);
#3424=ADVANCED_FACE('',(#210),#72,.F.);
#3425=ADVANCED_FACE('',(#211),#73,.F.);
#3426=ADVANCED_FACE('',(#212),#74,.F.);
#3427=ADVANCED_FACE('',(#213),#75,.F.);
#3428=ADVANCED_FACE('',(#214),#3309,.F.);
#3429=ADVANCED_FACE('',(#215),#76,.F.);
#3430=ADVANCED_FACE('',(#216),#3310,.F.);
#3431=ADVANCED_FACE('',(#217),#77,.F.);
#3432=ADVANCED_FACE('',(#218),#3311,.F.);
#3433=ADVANCED_FACE('',(#219),#78,.F.);
#3434=ADVANCED_FACE('',(#220),#3312,.F.);
#3435=ADVANCED_FACE('',(#221),#79,.F.);
#3436=ADVANCED_FACE('',(#222),#3313,.F.);
#3437=ADVANCED_FACE('',(#223),#80,.F.);
#3438=ADVANCED_FACE('',(#224),#3314,.F.);
#3439=ADVANCED_FACE('',(#225),#81,.F.);
#3440=ADVANCED_FACE('',(#226),#82,.F.);
#3441=ADVANCED_FACE('',(#227),#83,.F.);
#3442=ADVANCED_FACE('',(#228),#84,.F.);
#3443=ADVANCED_FACE('',(#229),#85,.F.);
#3444=ADVANCED_FACE('',(#230),#86,.F.);
#3445=ADVANCED_FACE('',(#231),#87,.F.);
#3446=ADVANCED_FACE('',(#232),#88,.F.);
#3447=ADVANCED_FACE('',(#233),#89,.F.);
#3448=ADVANCED_FACE('',(#234),#3315,.F.);
#3449=ADVANCED_FACE('',(#235),#90,.F.);
#3450=ADVANCED_FACE('',(#236),#3316,.F.);
#3451=ADVANCED_FACE('',(#237),#91,.F.);
#3452=ADVANCED_FACE('',(#238),#3317,.F.);
#3453=ADVANCED_FACE('',(#239),#92,.F.);
#3454=ADVANCED_FACE('',(#240),#3318,.F.);
#3455=ADVANCED_FACE('',(#241),#93,.F.);
#3456=ADVANCED_FACE('',(#242),#3319,.F.);
#3457=ADVANCED_FACE('',(#243),#94,.F.);
#3458=ADVANCED_FACE('',(#244),#3320,.F.);
#3459=ADVANCED_FACE('',(#245),#95,.F.);
#3460=ADVANCED_FACE('',(#246),#96,.F.);
#3461=ADVANCED_FACE('',(#247),#97,.F.);
#3462=ADVANCED_FACE('',(#248),#98,.F.);
#3463=ADVANCED_FACE('',(#249),#99,.F.);
#3464=ADVANCED_FACE('',(#250),#3321,.T.);
#3465=ADVANCED_FACE('',(#251),#100,.F.);
#3466=ADVANCED_FACE('',(#252),#101,.F.);
#3467=ADVANCED_FACE('',(#253),#102,.F.);
#3468=ADVANCED_FACE('',(#254),#103,.F.);
#3469=ADVANCED_FACE('',(#255),#104,.F.);
#3470=ADVANCED_FACE('',(#256),#3322,.F.);
#3471=ADVANCED_FACE('',(#257),#105,.F.);
#3472=ADVANCED_FACE('',(#258),#3323,.F.);
#3473=ADVANCED_FACE('',(#259),#106,.F.);
#3474=ADVANCED_FACE('',(#260),#3324,.F.);
#3475=ADVANCED_FACE('',(#261),#107,.F.);
#3476=ADVANCED_FACE('',(#262),#3325,.F.);
#3477=ADVANCED_FACE('',(#263),#108,.F.);
#3478=ADVANCED_FACE('',(#264),#3326,.F.);
#3479=ADVANCED_FACE('',(#265),#109,.F.);
#3480=ADVANCED_FACE('',(#266),#3327,.F.);
#3481=ADVANCED_FACE('',(#267),#110,.F.);
#3482=ADVANCED_FACE('',(#268),#111,.F.);
#3483=ADVANCED_FACE('',(#269),#112,.F.);
#3484=ADVANCED_FACE('',(#270),#113,.F.);
#3485=ADVANCED_FACE('',(#271),#114,.F.);
#3486=ADVANCED_FACE('',(#272),#3328,.T.);
#3487=ADVANCED_FACE('',(#273),#115,.F.);
#3488=ADVANCED_FACE('',(#274),#116,.F.);
#3489=ADVANCED_FACE('',(#275),#117,.F.);
#3490=ADVANCED_FACE('',(#276),#118,.F.);
#3491=ADVANCED_FACE('',(#277),#119,.F.);
#3492=ADVANCED_FACE('',(#278),#3329,.F.);
#3493=ADVANCED_FACE('',(#279),#120,.F.);
#3494=ADVANCED_FACE('',(#280),#3330,.F.);
#3495=ADVANCED_FACE('',(#281),#121,.F.);
#3496=ADVANCED_FACE('',(#282),#3331,.F.);
#3497=ADVANCED_FACE('',(#283),#122,.F.);
#3498=ADVANCED_FACE('',(#284),#3332,.F.);
#3499=ADVANCED_FACE('',(#285),#123,.F.);
#3500=ADVANCED_FACE('',(#286),#3333,.F.);
#3501=ADVANCED_FACE('',(#287),#124,.F.);
#3502=ADVANCED_FACE('',(#288),#3334,.F.);
#3503=ADVANCED_FACE('',(#289),#125,.F.);
#3504=ADVANCED_FACE('',(#290),#126,.F.);
#3505=ADVANCED_FACE('',(#291),#127,.F.);
#3506=ADVANCED_FACE('',(#292),#128,.F.);
#3507=ADVANCED_FACE('',(#293,#15,#16,#17,#18,#19,#20,#21),#129,.F.);
#3508=ADVANCED_FACE('',(#294,#22,#23,#24,#25,#26,#27,#28),#130,.T.);
#3509=ADVANCED_FACE('',(#295),#3335,.F.);
#3510=ADVANCED_FACE('',(#296),#3336,.F.);
#3511=ADVANCED_FACE('',(#297),#3337,.F.);
#3512=ADVANCED_FACE('',(#298),#3338,.F.);
#3513=ADVANCED_FACE('',(#299),#3339,.F.);
#3514=ADVANCED_FACE('',(#300),#3340,.F.);
#3515=ADVANCED_FACE('',(#301),#3341,.F.);
#3516=ADVANCED_FACE('',(#302),#3342,.F.);
#3517=ADVANCED_FACE('',(#303),#3343,.F.);
#3518=ADVANCED_FACE('',(#304),#3344,.F.);
#3519=CLOSED_SHELL('',(#3345,#3346,#3347,#3348,#3349,#3350,#3351,#3352,
#3353,#3354,#3355,#3356,#3357,#3358,#3359,#3360,#3361,#3362,#3363,#3364,
#3365,#3366,#3367,#3368,#3369,#3370,#3371,#3372,#3373,#3374,#3375,#3376,
#3377,#3378,#3379,#3380,#3381,#3382,#3383,#3384,#3385,#3386,#3387,#3388,
#3389,#3390,#3391,#3392,#3393,#3394,#3395,#3396,#3397,#3398,#3399,#3400,
#3401,#3402,#3403,#3404,#3405,#3406,#3407,#3408,#3409,#3410,#3411,#3412,
#3413,#3414,#3415,#3416,#3417,#3418,#3419,#3420,#3421,#3422,#3423,#3424,
#3425,#3426,#3427,#3428,#3429,#3430,#3431,#3432,#3433,#3434,#3435,#3436,
#3437,#3438,#3439,#3440,#3441,#3442,#3443,#3444,#3445,#3446,#3447,#3448,
#3449,#3450,#3451,#3452,#3453,#3454,#3455,#3456,#3457,#3458,#3459,#3460,
#3461,#3462,#3463,#3464,#3465,#3466,#3467,#3468,#3469,#3470,#3471,#3472,
#3473,#3474,#3475,#3476,#3477,#3478,#3479,#3480,#3481,#3482,#3483,#3484,
#3485,#3486,#3487,#3488,#3489,#3490,#3491,#3492,#3493,#3494,#3495,#3496,
#3497,#3498,#3499,#3500,#3501,#3502,#3503,#3504,#3505,#3506,#3507,#3508,
#3509,#3510,#3511,#3512,#3513,#3514,#3515,#3516,#3517,#3518));
#3520=DERIVED_UNIT_ELEMENT(#3523,1.);
#3521=DERIVED_UNIT_ELEMENT(#5910,-3.);
#3522=DIMENSIONAL_EXPONENTS(1.,0.,0.,0.,0.,0.,0.);
#3523=(
CONVERSION_BASED_UNIT('gram',#3525)
MASS_UNIT()
NAMED_UNIT(#3522)
);
#3524=(
MASS_UNIT()
NAMED_UNIT(*)
SI_UNIT(.KILO.,.GRAM.)
);
#3525=MASS_MEASURE_WITH_UNIT(MASS_MEASURE(0.001),#3524);
#3526=DERIVED_UNIT((#3520,#3521));
#3527=MEASURE_REPRESENTATION_ITEM('density measure',
POSITIVE_RATIO_MEASURE(2.712),#3526);
#3528=PROPERTY_DEFINITION_REPRESENTATION(#3533,#3530);
#3529=PROPERTY_DEFINITION_REPRESENTATION(#3534,#3531);
#3530=REPRESENTATION('material name',(#3532),#5907);
#3531=REPRESENTATION('density',(#3527),#5907);
#3532=DESCRIPTIVE_REPRESENTATION_ITEM('SolidEdge_Aluminum, 6061-T6',
'SolidEdge_Aluminum, 6061-T6');
#3533=PROPERTY_DEFINITION('material property','material name',#5917);
#3534=PROPERTY_DEFINITION('material property','density of part',#5917);
#3535=DATE_TIME_ROLE('creation_date');
#3536=APPLIED_DATE_AND_TIME_ASSIGNMENT(#3537,#3535,(#5917));
#3537=DATE_AND_TIME(#3538,#3539);
#3538=CALENDAR_DATE(2018,8,1);
#3539=LOCAL_TIME(8,46,15.,#3540);
#3540=COORDINATED_UNIVERSAL_TIME_OFFSET(0,0,.BEHIND.);
#3541=AXIS2_PLACEMENT_3D('placement',#4870,#3860,#3861);
#3542=AXIS2_PLACEMENT_3D('',#4871,#3862,#3863);
#3543=AXIS2_PLACEMENT_3D('',#4874,#3864,#3865);
#3544=AXIS2_PLACEMENT_3D('',#4878,#3867,#3868);
#3545=AXIS2_PLACEMENT_3D('',#4880,#3870,#3871);
#3546=AXIS2_PLACEMENT_3D('',#4882,#3872,#3873);
#3547=AXIS2_PLACEMENT_3D('',#4885,#3875,#3876);
#3548=AXIS2_PLACEMENT_3D('',#4886,#3877,#3878);
#3549=AXIS2_PLACEMENT_3D('',#4888,#3879,#3880);
#3550=AXIS2_PLACEMENT_3D('',#4891,#3882,#3883);
#3551=AXIS2_PLACEMENT_3D('',#4892,#3884,#3885);
#3552=AXIS2_PLACEMENT_3D('',#4894,#3886,#3887);
#3553=AXIS2_PLACEMENT_3D('',#4897,#3889,#3890);
#3554=AXIS2_PLACEMENT_3D('',#4898,#3891,#3892);
#3555=AXIS2_PLACEMENT_3D('',#4900,#3893,#3894);
#3556=AXIS2_PLACEMENT_3D('',#4903,#3896,#3897);
#3557=AXIS2_PLACEMENT_3D('',#4904,#3898,#3899);
#3558=AXIS2_PLACEMENT_3D('',#4907,#3900,#3901);
#3559=AXIS2_PLACEMENT_3D('',#4911,#3903,#3904);
#3560=AXIS2_PLACEMENT_3D('',#4913,#3906,#3907);
#3561=AXIS2_PLACEMENT_3D('',#4915,#3908,#3909);
#3562=AXIS2_PLACEMENT_3D('',#4918,#3911,#3912);
#3563=AXIS2_PLACEMENT_3D('',#4919,#3913,#3914);
#3564=AXIS2_PLACEMENT_3D('',#4921,#3915,#3916);
#3565=AXIS2_PLACEMENT_3D('',#4924,#3918,#3919);
#3566=AXIS2_PLACEMENT_3D('',#4925,#3920,#3921);
#3567=AXIS2_PLACEMENT_3D('',#4928,#3922,#3923);
#3568=AXIS2_PLACEMENT_3D('',#4932,#3925,#3926);
#3569=AXIS2_PLACEMENT_3D('',#4934,#3928,#3929);
#3570=AXIS2_PLACEMENT_3D('',#4935,#3930,#3931);
#3571=AXIS2_PLACEMENT_3D('',#4936,#3932,#3933);
#3572=AXIS2_PLACEMENT_3D('',#4937,#3934,#3935);
#3573=AXIS2_PLACEMENT_3D('',#4946,#3940,#3941);
#3574=AXIS2_PLACEMENT_3D('',#4948,#3942,#3943);
#3575=AXIS2_PLACEMENT_3D('',#4951,#3945,#3946);
#3576=AXIS2_PLACEMENT_3D('',#4952,#3947,#3948);
#3577=AXIS2_PLACEMENT_3D('',#4958,#3952,#3953);
#3578=AXIS2_PLACEMENT_3D('',#4960,#3954,#3955);
#3579=AXIS2_PLACEMENT_3D('',#4963,#3957,#3958);
#3580=AXIS2_PLACEMENT_3D('',#4964,#3959,#3960);
#3581=AXIS2_PLACEMENT_3D('',#4970,#3964,#3965);
#3582=AXIS2_PLACEMENT_3D('',#4972,#3966,#3967);
#3583=AXIS2_PLACEMENT_3D('',#4975,#3969,#3970);
#3584=AXIS2_PLACEMENT_3D('',#4976,#3971,#3972);
#3585=AXIS2_PLACEMENT_3D('',#4982,#3976,#3977);
#3586=AXIS2_PLACEMENT_3D('',#4984,#3978,#3979);
#3587=AXIS2_PLACEMENT_3D('',#4987,#3981,#3982);
#3588=AXIS2_PLACEMENT_3D('',#4988,#3983,#3984);
#3589=AXIS2_PLACEMENT_3D('',#4994,#3988,#3989);
#3590=AXIS2_PLACEMENT_3D('',#4996,#3990,#3991);
#3591=AXIS2_PLACEMENT_3D('',#4999,#3993,#3994);
#3592=AXIS2_PLACEMENT_3D('',#5000,#3995,#3996);
#3593=AXIS2_PLACEMENT_3D('',#5006,#4000,#4001);
#3594=AXIS2_PLACEMENT_3D('',#5008,#4002,#4003);
#3595=AXIS2_PLACEMENT_3D('',#5011,#4005,#4006);
#3596=AXIS2_PLACEMENT_3D('',#5012,#4007,#4008);
#3597=AXIS2_PLACEMENT_3D('',#5018,#4012,#4013);
#3598=AXIS2_PLACEMENT_3D('',#5020,#4014,#4015);
#3599=AXIS2_PLACEMENT_3D('',#5023,#4017,#4018);
#3600=AXIS2_PLACEMENT_3D('',#5024,#4019,#4020);
#3601=AXIS2_PLACEMENT_3D('',#5030,#4024,#4025);
#3602=AXIS2_PLACEMENT_3D('',#5032,#4026,#4027);
#3603=AXIS2_PLACEMENT_3D('',#5035,#4029,#4030);
#3604=AXIS2_PLACEMENT_3D('',#5036,#4031,#4032);
#3605=AXIS2_PLACEMENT_3D('',#5042,#4036,#4037);
#3606=AXIS2_PLACEMENT_3D('',#5044,#4038,#4039);
#3607=AXIS2_PLACEMENT_3D('',#5047,#4041,#4042);
#3608=AXIS2_PLACEMENT_3D('',#5048,#4043,#4044);
#3609=AXIS2_PLACEMENT_3D('',#5054,#4048,#4049);
#3610=AXIS2_PLACEMENT_3D('',#5056,#4050,#4051);
#3611=AXIS2_PLACEMENT_3D('',#5059,#4053,#4054);
#3612=AXIS2_PLACEMENT_3D('',#5060,#4055,#4056);
#3613=AXIS2_PLACEMENT_3D('',#5066,#4060,#4061);
#3614=AXIS2_PLACEMENT_3D('',#5068,#4062,#4063);
#3615=AXIS2_PLACEMENT_3D('',#5071,#4065,#4066);
#3616=AXIS2_PLACEMENT_3D('',#5072,#4067,#4068);
#3617=AXIS2_PLACEMENT_3D('',#5078,#4072,#4073);
#3618=AXIS2_PLACEMENT_3D('',#5079,#4074,#4075);
#3619=AXIS2_PLACEMENT_3D('',#5080,#4076,#4077);
#3620=AXIS2_PLACEMENT_3D('',#5081,#4078,#4079);
#3621=AXIS2_PLACEMENT_3D('',#5090,#4084,#4085);
#3622=AXIS2_PLACEMENT_3D('',#5096,#4089,#4090);
#3623=AXIS2_PLACEMENT_3D('',#5102,#4094,#4095);
#3624=AXIS2_PLACEMENT_3D('',#5108,#4099,#4100);
#3625=AXIS2_PLACEMENT_3D('',#5114,#4104,#4105);
#3626=AXIS2_PLACEMENT_3D('',#5116,#4106,#4107);
#3627=AXIS2_PLACEMENT_3D('',#5118,#4108,#4109);
#3628=AXIS2_PLACEMENT_3D('',#5120,#4111,#4112);
#3629=AXIS2_PLACEMENT_3D('',#5126,#4116,#4117);
#3630=AXIS2_PLACEMENT_3D('',#5128,#4118,#4119);
#3631=AXIS2_PLACEMENT_3D('',#5130,#4120,#4121);
#3632=AXIS2_PLACEMENT_3D('',#5132,#4123,#4124);
#3633=AXIS2_PLACEMENT_3D('',#5138,#4128,#4129);
#3634=AXIS2_PLACEMENT_3D('',#5140,#4130,#4131);
#3635=AXIS2_PLACEMENT_3D('',#5142,#4132,#4133);
#3636=AXIS2_PLACEMENT_3D('',#5144,#4135,#4136);
#3637=AXIS2_PLACEMENT_3D('',#5150,#4140,#4141);
#3638=AXIS2_PLACEMENT_3D('',#5152,#4142,#4143);
#3639=AXIS2_PLACEMENT_3D('',#5154,#4144,#4145);
#3640=AXIS2_PLACEMENT_3D('',#5156,#4147,#4148);
#3641=AXIS2_PLACEMENT_3D('',#5162,#4152,#4153);
#3642=AXIS2_PLACEMENT_3D('',#5164,#4154,#4155);
#3643=AXIS2_PLACEMENT_3D('',#5166,#4156,#4157);
#3644=AXIS2_PLACEMENT_3D('',#5168,#4159,#4160);
#3645=AXIS2_PLACEMENT_3D('',#5174,#4164,#4165);
#3646=AXIS2_PLACEMENT_3D('',#5176,#4166,#4167);
#3647=AXIS2_PLACEMENT_3D('',#5178,#4168,#4169);
#3648=AXIS2_PLACEMENT_3D('',#5180,#4171,#4172);
#3649=AXIS2_PLACEMENT_3D('',#5186,#4176,#4177);
#3650=AXIS2_PLACEMENT_3D('',#5192,#4181,#4182);
#3651=AXIS2_PLACEMENT_3D('',#5198,#4186,#4187);
#3652=AXIS2_PLACEMENT_3D('',#5204,#4191,#4192);
#3653=AXIS2_PLACEMENT_3D('',#5210,#4196,#4197);
#3654=AXIS2_PLACEMENT_3D('',#5212,#4198,#4199);
#3655=AXIS2_PLACEMENT_3D('',#5214,#4200,#4201);
#3656=AXIS2_PLACEMENT_3D('',#5216,#4203,#4204);
#3657=AXIS2_PLACEMENT_3D('',#5222,#4208,#4209);
#3658=AXIS2_PLACEMENT_3D('',#5228,#4213,#4214);
#3659=AXIS2_PLACEMENT_3D('',#5234,#4218,#4219);
#3660=AXIS2_PLACEMENT_3D('',#5240,#4223,#4224);
#3661=AXIS2_PLACEMENT_3D('',#5246,#4228,#4229);
#3662=AXIS2_PLACEMENT_3D('',#5248,#4230,#4231);
#3663=AXIS2_PLACEMENT_3D('',#5250,#4232,#4233);
#3664=AXIS2_PLACEMENT_3D('',#5252,#4235,#4236);
#3665=AXIS2_PLACEMENT_3D('',#5258,#4240,#4241);
#3666=AXIS2_PLACEMENT_3D('',#5260,#4242,#4243);
#3667=AXIS2_PLACEMENT_3D('',#5262,#4244,#4245);
#3668=AXIS2_PLACEMENT_3D('',#5264,#4247,#4248);
#3669=AXIS2_PLACEMENT_3D('',#5270,#4252,#4253);
#3670=AXIS2_PLACEMENT_3D('',#5272,#4254,#4255);
#3671=AXIS2_PLACEMENT_3D('',#5274,#4256,#4257);
#3672=AXIS2_PLACEMENT_3D('',#5276,#4259,#4260);
#3673=AXIS2_PLACEMENT_3D('',#5282,#4264,#4265);
#3674=AXIS2_PLACEMENT_3D('',#5284,#4266,#4267);
#3675=AXIS2_PLACEMENT_3D('',#5286,#4268,#4269);
#3676=AXIS2_PLACEMENT_3D('',#5288,#4271,#4272);
#3677=AXIS2_PLACEMENT_3D('',#5294,#4276,#4277);
#3678=AXIS2_PLACEMENT_3D('',#5296,#4278,#4279);
#3679=AXIS2_PLACEMENT_3D('',#5298,#4280,#4281);
#3680=AXIS2_PLACEMENT_3D('',#5300,#4283,#4284);
#3681=AXIS2_PLACEMENT_3D('',#5306,#4288,#4289);
#3682=AXIS2_PLACEMENT_3D('',#5308,#4290,#4291);
#3683=AXIS2_PLACEMENT_3D('',#5310,#4292,#4293);
#3684=AXIS2_PLACEMENT_3D('',#5312,#4295,#4296);
#3685=AXIS2_PLACEMENT_3D('',#5318,#4300,#4301);
#3686=AXIS2_PLACEMENT_3D('',#5324,#4305,#4306);
#3687=AXIS2_PLACEMENT_3D('',#5330,#4310,#4311);
#3688=AXIS2_PLACEMENT_3D('',#5336,#4315,#4316);
#3689=AXIS2_PLACEMENT_3D('',#5342,#4320,#4321);
#3690=AXIS2_PLACEMENT_3D('',#5344,#4322,#4323);
#3691=AXIS2_PLACEMENT_3D('',#5346,#4324,#4325);
#3692=AXIS2_PLACEMENT_3D('',#5348,#4327,#4328);
#3693=AXIS2_PLACEMENT_3D('',#5354,#4332,#4333);
#3694=AXIS2_PLACEMENT_3D('',#5360,#4337,#4338);
#3695=AXIS2_PLACEMENT_3D('',#5366,#4342,#4343);
#3696=AXIS2_PLACEMENT_3D('',#5372,#4347,#4348);
#3697=AXIS2_PLACEMENT_3D('',#5378,#4352,#4353);
#3698=AXIS2_PLACEMENT_3D('',#5380,#4354,#4355);
#3699=AXIS2_PLACEMENT_3D('',#5382,#4356,#4357);
#3700=AXIS2_PLACEMENT_3D('',#5384,#4359,#4360);
#3701=AXIS2_PLACEMENT_3D('',#5390,#4364,#4365);
#3702=AXIS2_PLACEMENT_3D('',#5392,#4366,#4367);
#3703=AXIS2_PLACEMENT_3D('',#5394,#4368,#4369);
#3704=AXIS2_PLACEMENT_3D('',#5396,#4371,#4372);
#3705=AXIS2_PLACEMENT_3D('',#5402,#4376,#4377);
#3706=AXIS2_PLACEMENT_3D('',#5404,#4378,#4379);
#3707=AXIS2_PLACEMENT_3D('',#5406,#4380,#4381);
#3708=AXIS2_PLACEMENT_3D('',#5408,#4383,#4384);
#3709=AXIS2_PLACEMENT_3D('',#5414,#4388,#4389);
#3710=AXIS2_PLACEMENT_3D('',#5416,#4390,#4391);
#3711=AXIS2_PLACEMENT_3D('',#5418,#4392,#4393);
#3712=AXIS2_PLACEMENT_3D('',#5420,#4395,#4396);
#3713=AXIS2_PLACEMENT_3D('',#5426,#4400,#4401);
#3714=AXIS2_PLACEMENT_3D('',#5428,#4402,#4403);
#3715=AXIS2_PLACEMENT_3D('',#5430,#4404,#4405);
#3716=AXIS2_PLACEMENT_3D('',#5432,#4407,#4408);
#3717=AXIS2_PLACEMENT_3D('',#5438,#4412,#4413);
#3718=AXIS2_PLACEMENT_3D('',#5440,#4414,#4415);
#3719=AXIS2_PLACEMENT_3D('',#5442,#4416,#4417);
#3720=AXIS2_PLACEMENT_3D('',#5444,#4419,#4420);
#3721=AXIS2_PLACEMENT_3D('',#5450,#4424,#4425);
#3722=AXIS2_PLACEMENT_3D('',#5456,#4429,#4430);
#3723=AXIS2_PLACEMENT_3D('',#5462,#4434,#4435);
#3724=AXIS2_PLACEMENT_3D('',#5468,#4439,#4440);
#3725=AXIS2_PLACEMENT_3D('',#5474,#4444,#4445);
#3726=AXIS2_PLACEMENT_3D('',#5480,#4449,#4450);
#3727=AXIS2_PLACEMENT_3D('',#5486,#4454,#4455);
#3728=AXIS2_PLACEMENT_3D('',#5492,#4459,#4460);
#3729=AXIS2_PLACEMENT_3D('',#5498,#4464,#4465);
#3730=AXIS2_PLACEMENT_3D('',#5500,#4466,#4467);
#3731=AXIS2_PLACEMENT_3D('',#5502,#4468,#4469);
#3732=AXIS2_PLACEMENT_3D('',#5504,#4471,#4472);
#3733=AXIS2_PLACEMENT_3D('',#5510,#4476,#4477);
#3734=AXIS2_PLACEMENT_3D('',#5512,#4478,#4479);
#3735=AXIS2_PLACEMENT_3D('',#5514,#4480,#4481);
#3736=AXIS2_PLACEMENT_3D('',#5516,#4483,#4484);
#3737=AXIS2_PLACEMENT_3D('',#5522,#4488,#4489);
#3738=AXIS2_PLACEMENT_3D('',#5524,#4490,#4491);
#3739=AXIS2_PLACEMENT_3D('',#5526,#4492,#4493);
#3740=AXIS2_PLACEMENT_3D('',#5528,#4495,#4496);
#3741=AXIS2_PLACEMENT_3D('',#5534,#4500,#4501);
#3742=AXIS2_PLACEMENT_3D('',#5536,#4502,#4503);
#3743=AXIS2_PLACEMENT_3D('',#5538,#4504,#4505);
#3744=AXIS2_PLACEMENT_3D('',#5540,#4507,#4508);
#3745=AXIS2_PLACEMENT_3D('',#5546,#4512,#4513);
#3746=AXIS2_PLACEMENT_3D('',#5548,#4514,#4515);
#3747=AXIS2_PLACEMENT_3D('',#5550,#4516,#4517);
#3748=AXIS2_PLACEMENT_3D('',#5552,#4519,#4520);
#3749=AXIS2_PLACEMENT_3D('',#5558,#4524,#4525);
#3750=AXIS2_PLACEMENT_3D('',#5560,#4526,#4527);
#3751=AXIS2_PLACEMENT_3D('',#5562,#4528,#4529);
#3752=AXIS2_PLACEMENT_3D('',#5564,#4531,#4532);
#3753=AXIS2_PLACEMENT_3D('',#5570,#4536,#4537);
#3754=AXIS2_PLACEMENT_3D('',#5576,#4541,#4542);
#3755=AXIS2_PLACEMENT_3D('',#5582,#4546,#4547);
#3756=AXIS2_PLACEMENT_3D('',#5588,#4551,#4552);
#3757=AXIS2_PLACEMENT_3D('',#5594,#4556,#4557);
#3758=AXIS2_PLACEMENT_3D('',#5596,#4558,#4559);
#3759=AXIS2_PLACEMENT_3D('',#5598,#4560,#4561);
#3760=AXIS2_PLACEMENT_3D('',#5600,#4563,#4564);
#3761=AXIS2_PLACEMENT_3D('',#5606,#4568,#4569);
#3762=AXIS2_PLACEMENT_3D('',#5612,#4573,#4574);
#3763=AXIS2_PLACEMENT_3D('',#5618,#4578,#4579);
#3764=AXIS2_PLACEMENT_3D('',#5624,#4583,#4584);
#3765=AXIS2_PLACEMENT_3D('',#5630,#4588,#4589);
#3766=AXIS2_PLACEMENT_3D('',#5632,#4590,#4591);
#3767=AXIS2_PLACEMENT_3D('',#5634,#4592,#4593);
#3768=AXIS2_PLACEMENT_3D('',#5636,#4595,#4596);
#3769=AXIS2_PLACEMENT_3D('',#5642,#4600,#4601);
#3770=AXIS2_PLACEMENT_3D('',#5644,#4602,#4603);
#3771=AXIS2_PLACEMENT_3D('',#5646,#4604,#4605);
#3772=AXIS2_PLACEMENT_3D('',#5648,#4607,#4608);
#3773=AXIS2_PLACEMENT_3D('',#5654,#4612,#4613);
#3774=AXIS2_PLACEMENT_3D('',#5656,#4614,#4615);
#3775=AXIS2_PLACEMENT_3D('',#5658,#4616,#4617);
#3776=AXIS2_PLACEMENT_3D('',#5660,#4619,#4620);
#3777=AXIS2_PLACEMENT_3D('',#5666,#4624,#4625);
#3778=AXIS2_PLACEMENT_3D('',#5668,#4626,#4627);
#3779=AXIS2_PLACEMENT_3D('',#5670,#4628,#4629);
#3780=AXIS2_PLACEMENT_3D('',#5672,#4631,#4632);
#3781=AXIS2_PLACEMENT_3D('',#5678,#4636,#4637);
#3782=AXIS2_PLACEMENT_3D('',#5680,#4638,#4639);
#3783=AXIS2_PLACEMENT_3D('',#5682,#4640,#4641);
#3784=AXIS2_PLACEMENT_3D('',#5684,#4643,#4644);
#3785=AXIS2_PLACEMENT_3D('',#5690,#4648,#4649);
#3786=AXIS2_PLACEMENT_3D('',#5692,#4650,#4651);
#3787=AXIS2_PLACEMENT_3D('',#5694,#4652,#4653);
#3788=AXIS2_PLACEMENT_3D('',#5696,#4655,#4656);
#3789=AXIS2_PLACEMENT_3D('',#5702,#4660,#4661);
#3790=AXIS2_PLACEMENT_3D('',#5708,#4665,#4666);
#3791=AXIS2_PLACEMENT_3D('',#5714,#4670,#4671);
#3792=AXIS2_PLACEMENT_3D('',#5720,#4675,#4676);
#3793=AXIS2_PLACEMENT_3D('',#5726,#4680,#4681);
#3794=AXIS2_PLACEMENT_3D('',#5728,#4682,#4683);
#3795=AXIS2_PLACEMENT_3D('',#5730,#4684,#4685);
#3796=AXIS2_PLACEMENT_3D('',#5732,#4687,#4688);
#3797=AXIS2_PLACEMENT_3D('',#5738,#4692,#4693);
#3798=AXIS2_PLACEMENT_3D('',#5744,#4697,#4698);
#3799=AXIS2_PLACEMENT_3D('',#5750,#4702,#4703);
#3800=AXIS2_PLACEMENT_3D('',#5756,#4707,#4708);
#3801=AXIS2_PLACEMENT_3D('',#5762,#4712,#4713);
#3802=AXIS2_PLACEMENT_3D('',#5764,#4714,#4715);
#3803=AXIS2_PLACEMENT_3D('',#5766,#4716,#4717);
#3804=AXIS2_PLACEMENT_3D('',#5768,#4719,#4720);
#3805=AXIS2_PLACEMENT_3D('',#5774,#4724,#4725);
#3806=AXIS2_PLACEMENT_3D('',#5776,#4726,#4727);
#3807=AXIS2_PLACEMENT_3D('',#5778,#4728,#4729);
#3808=AXIS2_PLACEMENT_3D('',#5780,#4731,#4732);
#3809=AXIS2_PLACEMENT_3D('',#5786,#4736,#4737);
#3810=AXIS2_PLACEMENT_3D('',#5788,#4738,#4739);
#3811=AXIS2_PLACEMENT_3D('',#5790,#4740,#4741);
#3812=AXIS2_PLACEMENT_3D('',#5792,#4743,#4744);
#3813=AXIS2_PLACEMENT_3D('',#5798,#4748,#4749);
#3814=AXIS2_PLACEMENT_3D('',#5800,#4750,#4751);
#3815=AXIS2_PLACEMENT_3D('',#5802,#4752,#4753);
#3816=AXIS2_PLACEMENT_3D('',#5804,#4755,#4756);
#3817=AXIS2_PLACEMENT_3D('',#5810,#4760,#4761);
#3818=AXIS2_PLACEMENT_3D('',#5812,#4762,#4763);
#3819=AXIS2_PLACEMENT_3D('',#5814,#4764,#4765);
#3820=AXIS2_PLACEMENT_3D('',#5816,#4767,#4768);
#3821=AXIS2_PLACEMENT_3D('',#5822,#4772,#4773);
#3822=AXIS2_PLACEMENT_3D('',#5824,#4774,#4775);
#3823=AXIS2_PLACEMENT_3D('',#5826,#4776,#4777);
#3824=AXIS2_PLACEMENT_3D('',#5828,#4779,#4780);
#3825=AXIS2_PLACEMENT_3D('',#5834,#4784,#4785);
#3826=AXIS2_PLACEMENT_3D('',#5840,#4789,#4790);
#3827=AXIS2_PLACEMENT_3D('',#5846,#4794,#4795);
#3828=AXIS2_PLACEMENT_3D('',#5849,#4798,#4799);
#3829=AXIS2_PLACEMENT_3D('',#5851,#4800,#4801);
#3830=AXIS2_PLACEMENT_3D('',#5853,#4802,#4803);
#3831=AXIS2_PLACEMENT_3D('',#5855,#4804,#4805);
#3832=AXIS2_PLACEMENT_3D('',#5857,#4806,#4807);
#3833=AXIS2_PLACEMENT_3D('',#5858,#4808,#4809);
#3834=AXIS2_PLACEMENT_3D('',#5860,#4810,#4811);
#3835=AXIS2_PLACEMENT_3D('',#5862,#4812,#4813);
#3836=AXIS2_PLACEMENT_3D('',#5863,#4814,#4815);
#3837=AXIS2_PLACEMENT_3D('',#5865,#4816,#4817);
#3838=AXIS2_PLACEMENT_3D('',#5867,#4818,#4819);
#3839=AXIS2_PLACEMENT_3D('',#5868,#4820,#4821);
#3840=AXIS2_PLACEMENT_3D('',#5870,#4822,#4823);
#3841=AXIS2_PLACEMENT_3D('',#5872,#4824,#4825);
#3842=AXIS2_PLACEMENT_3D('',#5874,#4826,#4827);
#3843=AXIS2_PLACEMENT_3D('',#5876,#4828,#4829);
#3844=AXIS2_PLACEMENT_3D('',#5877,#4830,#4831);
#3845=AXIS2_PLACEMENT_3D('',#5880,#4832,#4833);
#3846=AXIS2_PLACEMENT_3D('',#5881,#4834,#4835);
#3847=AXIS2_PLACEMENT_3D('',#5882,#4836,#4837);
#3848=AXIS2_PLACEMENT_3D('',#5884,#4838,#4839);
#3849=AXIS2_PLACEMENT_3D('',#5886,#4840,#4841);
#3850=AXIS2_PLACEMENT_3D('',#5887,#4842,#4843);
#3851=AXIS2_PLACEMENT_3D('',#5889,#4845,#4846);
#3852=AXIS2_PLACEMENT_3D('',#5891,#4848,#4849);
#3853=AXIS2_PLACEMENT_3D('',#5893,#4851,#4852);
#3854=AXIS2_PLACEMENT_3D('',#5895,#4854,#4855);
#3855=AXIS2_PLACEMENT_3D('',#5897,#4857,#4858);
#3856=AXIS2_PLACEMENT_3D('',#5899,#4860,#4861);
#3857=AXIS2_PLACEMENT_3D('',#5900,#4862,#4863);
#3858=AXIS2_PLACEMENT_3D('',#5902,#4865,#4866);
#3859=AXIS2_PLACEMENT_3D('',#5904,#4868,#4869);
#3860=DIRECTION('axis',(0.,0.,1.));
#3861=DIRECTION('refdir',(1.,0.,0.));
#3862=DIRECTION('center_axis',(0.,1.,0.));
#3863=DIRECTION('ref_axis',(-1.,0.,0.));
#3864=DIRECTION('center_axis',(0.,-1.,0.));
#3865=DIRECTION('ref_axis',(1.,0.,0.));
#3866=DIRECTION('',(0.,1.,0.));
#3867=DIRECTION('center_axis',(0.,-1.,0.));
#3868=DIRECTION('ref_axis',(1.,0.,0.));
#3869=DIRECTION('',(0.,1.,0.));
#3870=DIRECTION('center_axis',(0.,1.,0.));
#3871=DIRECTION('ref_axis',(0.707106781186345,0.,0.70710678118675));
#3872=DIRECTION('center_axis',(0.,-1.,0.));
#3873=DIRECTION('ref_axis',(1.,0.,0.));
#3874=DIRECTION('',(0.,1.,0.));
#3875=DIRECTION('center_axis',(0.,-1.,0.));
#3876=DIRECTION('ref_axis',(1.,0.,0.));
#3877=DIRECTION('center_axis',(0.,1.,0.));
#3878=DIRECTION('ref_axis',(1.,0.,5.51681263313693E-13));
#3879=DIRECTION('center_axis',(0.,-1.,0.));
#3880=DIRECTION('ref_axis',(1.,0.,0.));
#3881=DIRECTION('',(0.,1.,0.));
#3882=DIRECTION('center_axis',(0.,-1.,0.));
#3883=DIRECTION('ref_axis',(1.,0.,0.));
#3884=DIRECTION('center_axis',(0.,1.,0.));
#3885=DIRECTION('ref_axis',(0.707106781186463,0.,-0.707106781186632));
#3886=DIRECTION('center_axis',(0.,-1.,0.));
#3887=DIRECTION('ref_axis',(1.,0.,0.));
#3888=DIRECTION('',(0.,1.,0.));
#3889=DIRECTION('center_axis',(0.,-1.,0.));
#3890=DIRECTION('ref_axis',(1.,0.,0.));
#3891=DIRECTION('center_axis',(0.,1.,0.));
#3892=DIRECTION('ref_axis',(-1.,0.,0.));
#3893=DIRECTION('center_axis',(0.,-1.,0.));
#3894=DIRECTION('ref_axis',(1.,0.,0.));
#3895=DIRECTION('',(0.,1.,0.));
#3896=DIRECTION('center_axis',(0.,-1.,0.));
#3897=DIRECTION('ref_axis',(1.,0.,0.));
#3898=DIRECTION('center_axis',(0.,1.,0.));
#3899=DIRECTION('ref_axis',(1.,0.,1.01064309961486E-15));
#3900=DIRECTION('center_axis',(0.,-1.,0.));
#3901=DIRECTION('ref_axis',(1.,0.,0.));
#3902=DIRECTION('',(0.,1.,0.));
#3903=DIRECTION('center_axis',(0.,-1.,0.));
#3904=DIRECTION('ref_axis',(1.,0.,0.));
#3905=DIRECTION('',(0.,1.,0.));
#3906=DIRECTION('center_axis',(0.,1.,0.));
#3907=DIRECTION('ref_axis',(0.707106781185887,0.,-0.707106781187208));
#3908=DIRECTION('center_axis',(0.,-1.,0.));
#3909=DIRECTION('ref_axis',(1.,0.,0.));
#3910=DIRECTION('',(0.,1.,0.));
#3911=DIRECTION('center_axis',(0.,-1.,0.));
#3912=DIRECTION('ref_axis',(1.,0.,0.));
#3913=DIRECTION('center_axis',(0.,1.,0.));
#3914=DIRECTION('ref_axis',(-1.,0.,0.));
#3915=DIRECTION('center_axis',(0.,-1.,0.));
#3916=DIRECTION('ref_axis',(1.,0.,0.));
#3917=DIRECTION('',(0.,1.,0.));
#3918=DIRECTION('center_axis',(0.,-1.,0.));
#3919=DIRECTION('ref_axis',(1.,0.,0.));
#3920=DIRECTION('center_axis',(0.,1.,0.));
#3921=DIRECTION('ref_axis',(-1.,0.,0.));
#3922=DIRECTION('center_axis',(0.,-1.,0.));
#3923=DIRECTION('ref_axis',(1.,0.,0.));
#3924=DIRECTION('',(0.,1.,0.));
#3925=DIRECTION('center_axis',(0.,-1.,0.));
#3926=DIRECTION('ref_axis',(1.,0.,0.));
#3927=DIRECTION('',(0.,1.,0.));
#3928=DIRECTION('center_axis',(0.,1.,0.));
#3929=DIRECTION('ref_axis',(0.707106781186245,0.,0.70710678118685));
#3930=DIRECTION('center_axis',(0.,-1.,0.));
#3931=DIRECTION('ref_axis',(1.,0.,0.));
#3932=DIRECTION('center_axis',(0.,-1.,0.));
#3933=DIRECTION('ref_axis',(1.,0.,0.));
#3934=DIRECTION('center_axis',(0.707106781186547,0.,0.707106781186548));
#3935=DIRECTION('ref_axis',(0.707106781186548,0.,-0.707106781186547));
#3936=DIRECTION('',(0.707106781186547,0.,-0.707106781186548));
#3937=DIRECTION('',(0.,1.,0.));
#3938=DIRECTION('',(0.707106781186547,0.,-0.707106781186547));
#3939=DIRECTION('',(0.,1.,0.));
#3940=DIRECTION('center_axis',(0.,1.,0.));
#3941=DIRECTION('ref_axis',(-1.,0.,0.));
#3942=DIRECTION('center_axis',(0.,-1.,0.));
#3943=DIRECTION('ref_axis',(1.,0.,0.));
#3944=DIRECTION('',(0.,1.,0.));
#3945=DIRECTION('center_axis',(0.,-1.,0.));
#3946=DIRECTION('ref_axis',(1.,0.,0.));
#3947=DIRECTION('center_axis',(1.,0.,0.));
#3948=DIRECTION('ref_axis',(0.,0.,-1.));
#3949=DIRECTION('',(0.,0.,-1.));
#3950=DIRECTION('',(0.,1.,0.));
#3951=DIRECTION('',(0.,0.,-1.));
#3952=DIRECTION('center_axis',(0.,1.,0.));
#3953=DIRECTION('ref_axis',(-1.,0.,0.));
#3954=DIRECTION('center_axis',(0.,-1.,0.));
#3955=DIRECTION('ref_axis',(1.,0.,0.));
#3956=DIRECTION('',(0.,1.,0.));
#3957=DIRECTION('center_axis',(0.,-1.,0.));
#3958=DIRECTION('ref_axis',(1.,0.,0.));
#3959=DIRECTION('center_axis',(0.707106781186514,0.,-0.707106781186581));
#3960=DIRECTION('ref_axis',(-0.707106781186581,0.,-0.707106781186514));
#3961=DIRECTION('',(-0.707106781186581,0.,-0.707106781186514));
#3962=DIRECTION('',(0.,1.,0.));
#3963=DIRECTION('',(-0.707106781186583,0.,-0.707106781186512));
#3964=DIRECTION('center_axis',(0.,1.,0.));
#3965=DIRECTION('ref_axis',(-1.,0.,0.));
#3966=DIRECTION('center_axis',(0.,1.,0.));
#3967=DIRECTION('ref_axis',(1.,0.,0.));
#3968=DIRECTION('',(0.,1.,0.));
#3969=DIRECTION('center_axis',(0.,1.,0.));
#3970=DIRECTION('ref_axis',(1.,0.,0.));
#3971=DIRECTION('center_axis',(1.,0.,0.));
#3972=DIRECTION('ref_axis',(0.,0.,-1.));
#3973=DIRECTION('',(0.,0.,-1.));
#3974=DIRECTION('',(0.,1.,0.));
#3975=DIRECTION('',(0.,0.,-1.));
#3976=DIRECTION('center_axis',(0.,1.,0.));
#3977=DIRECTION('ref_axis',(-1.,0.,0.));
#3978=DIRECTION('center_axis',(0.,-1.,0.));
#3979=DIRECTION('ref_axis',(1.,0.,0.));
#3980=DIRECTION('',(0.,1.,0.));
#3981=DIRECTION('center_axis',(0.,-1.,0.));
#3982=DIRECTION('ref_axis',(1.,0.,0.));
#3983=DIRECTION('center_axis',(0.,0.,-1.));
#3984=DIRECTION('ref_axis',(-1.,0.,0.));
#3985=DIRECTION('',(-1.,0.,0.));
#3986=DIRECTION('',(0.,1.,0.));
#3987=DIRECTION('',(-1.,0.,0.));
#3988=DIRECTION('center_axis',(0.,1.,0.));
#3989=DIRECTION('ref_axis',(-1.,0.,0.));
#3990=DIRECTION('center_axis',(0.,-1.,0.));
#3991=DIRECTION('ref_axis',(1.,0.,0.));
#3992=DIRECTION('',(0.,1.,0.));
#3993=DIRECTION('center_axis',(0.,-1.,0.));
#3994=DIRECTION('ref_axis',(1.,0.,0.));
#3995=DIRECTION('center_axis',(-1.,0.,0.));
#3996=DIRECTION('ref_axis',(0.,0.,1.));
#3997=DIRECTION('',(0.,0.,1.));
#3998=DIRECTION('',(0.,1.,0.));
#3999=DIRECTION('',(0.,0.,1.));
#4000=DIRECTION('center_axis',(0.,1.,0.));
#4001=DIRECTION('ref_axis',(-1.,0.,0.));
#4002=DIRECTION('center_axis',(0.,1.,0.));
#4003=DIRECTION('ref_axis',(1.,0.,0.));
#4004=DIRECTION('',(0.,1.,0.));
#4005=DIRECTION('center_axis',(0.,1.,0.));
#4006=DIRECTION('ref_axis',(1.,0.,0.));
#4007=DIRECTION('center_axis',(-0.707106781186549,0.,-0.707106781186546));
#4008=DIRECTION('ref_axis',(-0.707106781186546,0.,0.707106781186549));
#4009=DIRECTION('',(-0.707106781186547,0.,0.707106781186548));
#4010=DIRECTION('',(0.,1.,0.));
#4011=DIRECTION('',(-0.707106781186548,0.,0.707106781186547));
#4012=DIRECTION('center_axis',(0.,1.,0.));
#4013=DIRECTION('ref_axis',(-1.,0.,0.));
#4014=DIRECTION('center_axis',(0.,-1.,0.));
#4015=DIRECTION('ref_axis',(1.,0.,0.));
#4016=DIRECTION('',(0.,1.,0.));
#4017=DIRECTION('center_axis',(0.,-1.,0.));
#4018=DIRECTION('ref_axis',(1.,0.,0.));
#4019=DIRECTION('center_axis',(-1.,0.,0.));
#4020=DIRECTION('ref_axis',(0.,0.,1.));
#4021=DIRECTION('',(0.,0.,1.));
#4022=DIRECTION('',(0.,1.,0.));
#4023=DIRECTION('',(0.,0.,1.));
#4024=DIRECTION('center_axis',(0.,1.,0.));
#4025=DIRECTION('ref_axis',(-1.,0.,0.));
#4026=DIRECTION('center_axis',(0.,-1.,0.));
#4027=DIRECTION('ref_axis',(1.,0.,0.));
#4028=DIRECTION('',(0.,1.,0.));
#4029=DIRECTION('center_axis',(0.,-1.,0.));
#4030=DIRECTION('ref_axis',(1.,0.,0.));
#4031=DIRECTION('center_axis',(-0.707106781186549,0.,0.707106781186546));
#4032=DIRECTION('ref_axis',(0.707106781186546,0.,0.707106781186549));
#4033=DIRECTION('',(0.707106781186544,0.,0.707106781186551));
#4034=DIRECTION('',(0.,1.,0.));
#4035=DIRECTION('',(0.707106781186544,0.,0.707106781186551));
#4036=DIRECTION('center_axis',(0.,1.,0.));
#4037=DIRECTION('ref_axis',(-1.,0.,0.));
#4038=DIRECTION('center_axis',(0.,1.,0.));
#4039=DIRECTION('ref_axis',(1.,0.,0.));
#4040=DIRECTION('',(0.,1.,0.));
#4041=DIRECTION('center_axis',(0.,1.,0.));
#4042=DIRECTION('ref_axis',(1.,0.,0.));
#4043=DIRECTION('center_axis',(-1.,0.,0.));
#4044=DIRECTION('ref_axis',(0.,0.,1.));
#4045=DIRECTION('',(0.,0.,1.));
#4046=DIRECTION('',(0.,1.,0.));
#4047=DIRECTION('',(0.,0.,1.));
#4048=DIRECTION('center_axis',(0.,1.,0.));
#4049=DIRECTION('ref_axis',(-1.,0.,0.));
#4050=DIRECTION('center_axis',(0.,-1.,0.));
#4051=DIRECTION('ref_axis',(1.,0.,0.));
#4052=DIRECTION('',(0.,1.,0.));
#4053=DIRECTION('center_axis',(0.,-1.,0.));
#4054=DIRECTION('ref_axis',(1.,0.,0.));
#4055=DIRECTION('center_axis',(0.,0.,1.));
#4056=DIRECTION('ref_axis',(1.,0.,0.));
#4057=DIRECTION('',(1.,0.,0.));
#4058=DIRECTION('',(0.,1.,0.));
#4059=DIRECTION('',(1.,0.,0.));
#4060=DIRECTION('center_axis',(0.,1.,0.));
#4061=DIRECTION('ref_axis',(-1.,0.,0.));
#4062=DIRECTION('center_axis',(0.,-1.,0.));
#4063=DIRECTION('ref_axis',(1.,0.,0.));
#4064=DIRECTION('',(0.,1.,0.));
#4065=DIRECTION('center_axis',(0.,-1.,0.));
#4066=DIRECTION('ref_axis',(1.,0.,0.));
#4067=DIRECTION('center_axis',(1.,0.,0.));
#4068=DIRECTION('ref_axis',(0.,0.,-1.));
#4069=DIRECTION('',(0.,0.,-1.));
#4070=DIRECTION('',(0.,1.,0.));
#4071=DIRECTION('',(0.,0.,-1.));
#4072=DIRECTION('center_axis',(0.,1.,0.));
#4073=DIRECTION('ref_axis',(-1.,0.,0.));
#4074=DIRECTION('center_axis',(0.,1.,0.));
#4075=DIRECTION('ref_axis',(1.,0.,0.));
#4076=DIRECTION('center_axis',(0.,1.,0.));
#4077=DIRECTION('ref_axis',(1.,0.,0.));
#4078=DIRECTION('center_axis',(0.,0.,1.));
#4079=DIRECTION('ref_axis',(1.,0.,0.));
#4080=DIRECTION('',(1.,0.,0.));
#4081=DIRECTION('',(0.,1.,0.));
#4082=DIRECTION('',(1.,0.,0.));
#4083=DIRECTION('',(0.,1.,0.));
#4084=DIRECTION('center_axis',(1.,0.,0.));
#4085=DIRECTION('ref_axis',(0.,0.,-1.));
#4086=DIRECTION('',(0.,0.,-1.));
#4087=DIRECTION('',(0.,0.,-1.));
#4088=DIRECTION('',(0.,1.,0.));
#4089=DIRECTION('center_axis',(0.,0.,1.));
#4090=DIRECTION('ref_axis',(1.,0.,0.));
#4091=DIRECTION('',(1.,0.,0.));
#4092=DIRECTION('',(1.,0.,0.));
#4093=DIRECTION('',(0.,1.,0.));
#4094=DIRECTION('center_axis',(1.,0.,0.));
#4095=DIRECTION('ref_axis',(0.,0.,-1.));
#4096=DIRECTION('',(0.,0.,-1.));
#4097=DIRECTION('',(0.,0.,-1.));
#4098=DIRECTION('',(0.,1.,0.));
#4099=DIRECTION('center_axis',(0.,0.,-1.));
#4100=DIRECTION('ref_axis',(-1.,0.,0.));
#4101=DIRECTION('',(-1.,0.,0.));
#4102=DIRECTION('',(-1.,0.,0.));
#4103=DIRECTION('',(0.,1.,0.));
#4104=DIRECTION('center_axis',(0.,1.,0.));
#4105=DIRECTION('ref_axis',(-1.,0.,0.));
#4106=DIRECTION('center_axis',(0.,1.,0.));
#4107=DIRECTION('ref_axis',(1.,0.,0.));
#4108=DIRECTION('center_axis',(0.,1.,0.));
#4109=DIRECTION('ref_axis',(1.,0.,0.));
#4110=DIRECTION('',(0.,1.,0.));
#4111=DIRECTION('center_axis',(1.,0.,0.));
#4112=DIRECTION('ref_axis',(0.,0.,-1.));
#4113=DIRECTION('',(0.,0.,-1.));
#4114=DIRECTION('',(0.,0.,-1.));
#4115=DIRECTION('',(0.,1.,0.));
#4116=DIRECTION('center_axis',(0.,1.,0.));
#4117=DIRECTION('ref_axis',(-1.,0.,0.));
#4118=DIRECTION('center_axis',(0.,1.,0.));
#4119=DIRECTION('ref_axis',(1.,0.,0.));
#4120=DIRECTION('center_axis',(0.,1.,0.));
#4121=DIRECTION('ref_axis',(1.,0.,0.));
#4122=DIRECTION('',(0.,1.,0.));
#4123=DIRECTION('center_axis',(0.707106781186547,0.,0.707106781186548));
#4124=DIRECTION('ref_axis',(0.707106781186548,0.,-0.707106781186547));
#4125=DIRECTION('',(0.707106781186551,0.,-0.707106781186544));
#4126=DIRECTION('',(0.707106781186551,0.,-0.707106781186544));
#4127=DIRECTION('',(0.,1.,0.));
#4128=DIRECTION('center_axis',(0.,1.,0.));
#4129=DIRECTION('ref_axis',(-1.,0.,0.));
#4130=DIRECTION('center_axis',(0.,1.,0.));
#4131=DIRECTION('ref_axis',(1.,0.,0.));
#4132=DIRECTION('center_axis',(0.,1.,0.));
#4133=DIRECTION('ref_axis',(1.,0.,0.));
#4134=DIRECTION('',(0.,1.,0.));
#4135=DIRECTION('center_axis',(0.,0.,1.));
#4136=DIRECTION('ref_axis',(1.,0.,0.));
#4137=DIRECTION('',(1.,0.,0.));
#4138=DIRECTION('',(1.,0.,0.));
#4139=DIRECTION('',(0.,1.,0.));
#4140=DIRECTION('center_axis',(0.,1.,0.));
#4141=DIRECTION('ref_axis',(-1.,0.,0.));
#4142=DIRECTION('center_axis',(0.,1.,0.));
#4143=DIRECTION('ref_axis',(1.,0.,0.));
#4144=DIRECTION('center_axis',(0.,1.,0.));
#4145=DIRECTION('ref_axis',(1.,0.,0.));
#4146=DIRECTION('',(0.,1.,0.));
#4147=DIRECTION('center_axis',(-0.707106781186547,0.,0.707106781186548));
#4148=DIRECTION('ref_axis',(0.707106781186548,0.,0.707106781186547));
#4149=DIRECTION('',(0.70710678118655,0.,0.707106781186545));
#4150=DIRECTION('',(0.70710678118655,0.,0.707106781186545));
#4151=DIRECTION('',(0.,1.,0.));
#4152=DIRECTION('center_axis',(0.,1.,0.));
#4153=DIRECTION('ref_axis',(-1.,0.,0.));
#4154=DIRECTION('center_axis',(0.,1.,0.));
#4155=DIRECTION('ref_axis',(1.,0.,0.));
#4156=DIRECTION('center_axis',(0.,1.,0.));
#4157=DIRECTION('ref_axis',(1.,0.,0.));
#4158=DIRECTION('',(0.,1.,0.));
#4159=DIRECTION('center_axis',(-1.,0.,0.));
#4160=DIRECTION('ref_axis',(0.,0.,1.));
#4161=DIRECTION('',(0.,0.,1.));
#4162=DIRECTION('',(0.,0.,1.));
#4163=DIRECTION('',(0.,1.,0.));
#4164=DIRECTION('center_axis',(0.,1.,0.));
#4165=DIRECTION('ref_axis',(-1.,0.,0.));
#4166=DIRECTION('center_axis',(0.,1.,0.));
#4167=DIRECTION('ref_axis',(1.,0.,0.));
#4168=DIRECTION('center_axis',(0.,1.,0.));
#4169=DIRECTION('ref_axis',(1.,0.,0.));
#4170=DIRECTION('',(0.,1.,0.));
#4171=DIRECTION('center_axis',(0.,0.,-1.));
#4172=DIRECTION('ref_axis',(-1.,0.,0.));
#4173=DIRECTION('',(-1.,0.,0.));
#4174=DIRECTION('',(-1.,0.,0.));
#4175=DIRECTION('',(0.,1.,0.));
#4176=DIRECTION('center_axis',(-1.,0.,0.));
#4177=DIRECTION('ref_axis',(0.,0.,1.));
#4178=DIRECTION('',(0.,0.,1.));
#4179=DIRECTION('',(0.,0.,1.));
#4180=DIRECTION('',(0.,1.,0.));
#4181=DIRECTION('center_axis',(0.,0.,1.));
#4182=DIRECTION('ref_axis',(1.,0.,0.));
#4183=DIRECTION('',(1.,0.,0.));
#4184=DIRECTION('',(1.,0.,0.));
#4185=DIRECTION('',(0.,1.,0.));
#4186=DIRECTION('center_axis',(-1.,0.,0.));
#4187=DIRECTION('ref_axis',(0.,0.,1.));
#4188=DIRECTION('',(0.,0.,1.));
#4189=DIRECTION('',(0.,0.,1.));
#4190=DIRECTION('',(0.,1.,0.));
#4191=DIRECTION('center_axis',(0.,0.,1.));
#4192=DIRECTION('ref_axis',(1.,0.,0.));
#4193=DIRECTION('',(1.,0.,0.));
#4194=DIRECTION('',(1.,0.,0.));
#4195=DIRECTION('',(0.,1.,0.));
#4196=DIRECTION('center_axis',(0.,1.,0.));
#4197=DIRECTION('ref_axis',(-1.,0.,0.));
#4198=DIRECTION('center_axis',(0.,-1.,0.));
#4199=DIRECTION('ref_axis',(1.,0.,0.));
#4200=DIRECTION('center_axis',(0.,-1.,0.));
#4201=DIRECTION('ref_axis',(1.,0.,0.));
#4202=DIRECTION('',(0.,1.,0.));
#4203=DIRECTION('center_axis',(1.,0.,0.));
#4204=DIRECTION('ref_axis',(0.,0.,-1.));
#4205=DIRECTION('',(0.,0.,-1.));
#4206=DIRECTION('',(0.,0.,-1.));
#4207=DIRECTION('',(0.,1.,0.));
#4208=DIRECTION('center_axis',(0.,0.,-1.));
#4209=DIRECTION('ref_axis',(-1.,0.,0.));
#4210=DIRECTION('',(-1.,0.,0.));
#4211=DIRECTION('',(-1.,0.,0.));
#4212=DIRECTION('',(0.,1.,0.));
#4213=DIRECTION('center_axis',(1.,0.,0.));
#4214=DIRECTION('ref_axis',(0.,0.,-1.));
#4215=DIRECTION('',(0.,0.,-1.));
#4216=DIRECTION('',(0.,0.,-1.));
#4217=DIRECTION('',(0.,1.,0.));
#4218=DIRECTION('center_axis',(0.,0.,-1.));
#4219=DIRECTION('ref_axis',(-1.,0.,0.));
#4220=DIRECTION('',(-1.,0.,0.));
#4221=DIRECTION('',(-1.,0.,0.));
#4222=DIRECTION('',(0.,1.,0.));
#4223=DIRECTION('center_axis',(-1.,0.,0.));
#4224=DIRECTION('ref_axis',(0.,0.,1.));
#4225=DIRECTION('',(0.,0.,1.));
#4226=DIRECTION('',(0.,0.,1.));
#4227=DIRECTION('',(0.,1.,0.));
#4228=DIRECTION('center_axis',(0.,1.,0.));
#4229=DIRECTION('ref_axis',(-1.,0.,0.));
#4230=DIRECTION('center_axis',(0.,1.,0.));
#4231=DIRECTION('ref_axis',(1.,0.,0.));
#4232=DIRECTION('center_axis',(0.,1.,0.));
#4233=DIRECTION('ref_axis',(1.,0.,0.));
#4234=DIRECTION('',(0.,1.,0.));
#4235=DIRECTION('center_axis',(0.,0.,-1.));
#4236=DIRECTION('ref_axis',(-1.,0.,0.));
#4237=DIRECTION('',(-1.,0.,0.));
#4238=DIRECTION('',(-1.,0.,0.));
#4239=DIRECTION('',(0.,1.,0.));
#4240=DIRECTION('center_axis',(0.,1.,0.));
#4241=DIRECTION('ref_axis',(-1.,0.,0.));
#4242=DIRECTION('center_axis',(0.,1.,0.));
#4243=DIRECTION('ref_axis',(1.,0.,0.));
#4244=DIRECTION('center_axis',(0.,1.,0.));
#4245=DIRECTION('ref_axis',(1.,0.,0.));
#4246=DIRECTION('',(0.,1.,0.));
#4247=DIRECTION('center_axis',(0.707106781186547,0.,-0.707106781186548));
#4248=DIRECTION('ref_axis',(-0.707106781186548,0.,-0.707106781186547));
#4249=DIRECTION('',(-0.707106781186547,0.,-0.707106781186548));
#4250=DIRECTION('',(-0.707106781186547,0.,-0.707106781186548));
#4251=DIRECTION('',(0.,1.,0.));
#4252=DIRECTION('center_axis',(0.,1.,0.));
#4253=DIRECTION('ref_axis',(-1.,0.,0.));
#4254=DIRECTION('center_axis',(0.,1.,0.));
#4255=DIRECTION('ref_axis',(1.,0.,0.));
#4256=DIRECTION('center_axis',(0.,1.,0.));
#4257=DIRECTION('ref_axis',(1.,0.,0.));
#4258=DIRECTION('',(0.,1.,0.));
#4259=DIRECTION('center_axis',(1.,0.,0.));
#4260=DIRECTION('ref_axis',(0.,0.,-1.));
#4261=DIRECTION('',(0.,0.,-1.));
#4262=DIRECTION('',(0.,0.,-1.));
#4263=DIRECTION('',(0.,1.,0.));
#4264=DIRECTION('center_axis',(0.,1.,0.));
#4265=DIRECTION('ref_axis',(-1.,0.,0.));
#4266=DIRECTION('center_axis',(0.,1.,0.));
#4267=DIRECTION('ref_axis',(1.,0.,0.));
#4268=DIRECTION('center_axis',(0.,1.,0.));
#4269=DIRECTION('ref_axis',(1.,0.,0.));
#4270=DIRECTION('',(0.,1.,0.));
#4271=DIRECTION('center_axis',(0.707106781186546,0.,0.707106781186549));
#4272=DIRECTION('ref_axis',(0.707106781186549,0.,-0.707106781186546));
#4273=DIRECTION('',(0.707106781186547,0.,-0.707106781186548));
#4274=DIRECTION('',(0.707106781186547,0.,-0.707106781186548));
#4275=DIRECTION('',(0.,1.,0.));
#4276=DIRECTION('center_axis',(0.,1.,0.));
#4277=DIRECTION('ref_axis',(-1.,0.,0.));
#4278=DIRECTION('center_axis',(0.,1.,0.));
#4279=DIRECTION('ref_axis',(1.,0.,0.));
#4280=DIRECTION('center_axis',(0.,1.,0.));
#4281=DIRECTION('ref_axis',(1.,0.,0.));
#4282=DIRECTION('',(0.,1.,0.));
#4283=DIRECTION('center_axis',(0.,0.,1.));
#4284=DIRECTION('ref_axis',(1.,0.,0.));
#4285=DIRECTION('',(1.,0.,0.));
#4286=DIRECTION('',(1.,0.,0.));
#4287=DIRECTION('',(0.,1.,0.));
#4288=DIRECTION('center_axis',(0.,1.,0.));
#4289=DIRECTION('ref_axis',(-1.,0.,0.));
#4290=DIRECTION('center_axis',(0.,1.,0.));
#4291=DIRECTION('ref_axis',(1.,0.,0.));
#4292=DIRECTION('center_axis',(0.,1.,0.));
#4293=DIRECTION('ref_axis',(1.,0.,0.));
#4294=DIRECTION('',(0.,1.,0.));
#4295=DIRECTION('center_axis',(-1.,0.,0.));
#4296=DIRECTION('ref_axis',(0.,0.,1.));
#4297=DIRECTION('',(0.,0.,1.));
#4298=DIRECTION('',(0.,0.,1.));
#4299=DIRECTION('',(0.,1.,0.));
#4300=DIRECTION('center_axis',(0.,0.,1.));
#4301=DIRECTION('ref_axis',(1.,0.,0.));
#4302=DIRECTION('',(1.,0.,0.));
#4303=DIRECTION('',(1.,0.,0.));
#4304=DIRECTION('',(0.,1.,0.));
#4305=DIRECTION('center_axis',(1.,0.,0.));
#4306=DIRECTION('ref_axis',(0.,0.,-1.));
#4307=DIRECTION('',(0.,0.,-1.));
#4308=DIRECTION('',(0.,0.,-1.));
#4309=DIRECTION('',(0.,1.,0.));
#4310=DIRECTION('center_axis',(0.,0.,1.));
#4311=DIRECTION('ref_axis',(1.,0.,0.));
#4312=DIRECTION('',(1.,0.,0.));
#4313=DIRECTION('',(1.,0.,0.));
#4314=DIRECTION('',(0.,1.,0.));
#4315=DIRECTION('center_axis',(1.,0.,0.));
#4316=DIRECTION('ref_axis',(0.,0.,-1.));
#4317=DIRECTION('',(0.,0.,-1.));
#4318=DIRECTION('',(0.,0.,-1.));
#4319=DIRECTION('',(0.,1.,0.));
#4320=DIRECTION('center_axis',(0.,1.,0.));
#4321=DIRECTION('ref_axis',(-1.,0.,0.));
#4322=DIRECTION('center_axis',(0.,-1.,0.));
#4323=DIRECTION('ref_axis',(1.,0.,0.));
#4324=DIRECTION('center_axis',(0.,-1.,0.));
#4325=DIRECTION('ref_axis',(1.,0.,0.));
#4326=DIRECTION('',(0.,1.,0.));
#4327=DIRECTION('center_axis',(0.,0.,-1.));
#4328=DIRECTION('ref_axis',(-1.,0.,0.));
#4329=DIRECTION('',(-1.,0.,0.));
#4330=DIRECTION('',(-1.,0.,0.));
#4331=DIRECTION('',(0.,1.,0.));
#4332=DIRECTION('center_axis',(-1.,0.,0.));
#4333=DIRECTION('ref_axis',(0.,0.,1.));
#4334=DIRECTION('',(0.,0.,1.));
#4335=DIRECTION('',(0.,0.,1.));
#4336=DIRECTION('',(0.,1.,0.));
#4337=DIRECTION('center_axis',(0.,0.,-1.));
#4338=DIRECTION('ref_axis',(-1.,0.,0.));
#4339=DIRECTION('',(-1.,0.,0.));
#4340=DIRECTION('',(-1.,0.,0.));
#4341=DIRECTION('',(0.,1.,0.));
#4342=DIRECTION('center_axis',(-1.,0.,0.));
#4343=DIRECTION('ref_axis',(0.,0.,1.));
#4344=DIRECTION('',(0.,0.,1.));
#4345=DIRECTION('',(0.,0.,1.));
#4346=DIRECTION('',(0.,1.,0.));
#4347=DIRECTION('center_axis',(0.,0.,1.));
#4348=DIRECTION('ref_axis',(1.,0.,0.));
#4349=DIRECTION('',(1.,0.,0.));
#4350=DIRECTION('',(1.,0.,0.));
#4351=DIRECTION('',(0.,1.,0.));
#4352=DIRECTION('center_axis',(0.,1.,0.));
#4353=DIRECTION('ref_axis',(-1.,0.,0.));
#4354=DIRECTION('center_axis',(0.,1.,0.));
#4355=DIRECTION('ref_axis',(1.,0.,0.));
#4356=DIRECTION('center_axis',(0.,1.,0.));
#4357=DIRECTION('ref_axis',(1.,0.,0.));
#4358=DIRECTION('',(0.,1.,0.));
#4359=DIRECTION('center_axis',(-1.,0.,0.));
#4360=DIRECTION('ref_axis',(0.,0.,1.));
#4361=DIRECTION('',(0.,0.,1.));
#4362=DIRECTION('',(0.,0.,1.));
#4363=DIRECTION('',(0.,1.,0.));
#4364=DIRECTION('center_axis',(0.,1.,0.));
#4365=DIRECTION('ref_axis',(-1.,0.,0.));
#4366=DIRECTION('center_axis',(0.,1.,0.));
#4367=DIRECTION('ref_axis',(1.,0.,0.));
#4368=DIRECTION('center_axis',(0.,1.,0.));
#4369=DIRECTION('ref_axis',(1.,0.,0.));
#4370=DIRECTION('',(0.,1.,0.));
#4371=DIRECTION('center_axis',(-0.707106781186547,0.,-0.707106781186549));
#4372=DIRECTION('ref_axis',(-0.707106781186549,0.,0.707106781186547));
#4373=DIRECTION('',(-0.707106781186547,0.,0.707106781186548));
#4374=DIRECTION('',(-0.707106781186547,0.,0.707106781186548));
#4375=DIRECTION('',(0.,1.,0.));
#4376=DIRECTION('center_axis',(0.,1.,0.));
#4377=DIRECTION('ref_axis',(-1.,0.,0.));
#4378=DIRECTION('center_axis',(0.,1.,0.));
#4379=DIRECTION('ref_axis',(1.,0.,0.));
#4380=DIRECTION('center_axis',(0.,1.,0.));
#4381=DIRECTION('ref_axis',(1.,0.,0.));
#4382=DIRECTION('',(0.,1.,0.));
#4383=DIRECTION('center_axis',(0.,0.,-1.));
#4384=DIRECTION('ref_axis',(-1.,0.,0.));
#4385=DIRECTION('',(-1.,0.,0.));
#4386=DIRECTION('',(-1.,0.,0.));
#4387=DIRECTION('',(0.,1.,0.));
#4388=DIRECTION('center_axis',(0.,1.,0.));
#4389=DIRECTION('ref_axis',(-1.,0.,0.));
#4390=DIRECTION('center_axis',(0.,1.,0.));
#4391=DIRECTION('ref_axis',(1.,0.,0.));
#4392=DIRECTION('center_axis',(0.,1.,0.));
#4393=DIRECTION('ref_axis',(1.,0.,0.));
#4394=DIRECTION('',(0.,1.,0.));
#4395=DIRECTION('center_axis',(0.707106781186548,0.,-0.707106781186547));
#4396=DIRECTION('ref_axis',(-0.707106781186547,0.,-0.707106781186548));
#4397=DIRECTION('',(-0.707106781186546,0.,-0.707106781186549));
#4398=DIRECTION('',(-0.707106781186547,0.,-0.707106781186548));
#4399=DIRECTION('',(0.,1.,0.));
#4400=DIRECTION('center_axis',(0.,1.,0.));
#4401=DIRECTION('ref_axis',(-1.,0.,0.));
#4402=DIRECTION('center_axis',(0.,1.,0.));
#4403=DIRECTION('ref_axis',(1.,0.,0.));
#4404=DIRECTION('center_axis',(0.,1.,0.));
#4405=DIRECTION('ref_axis',(1.,0.,0.));
#4406=DIRECTION('',(0.,1.,0.));
#4407=DIRECTION('center_axis',(1.,0.,0.));
#4408=DIRECTION('ref_axis',(0.,0.,-1.));
#4409=DIRECTION('',(0.,0.,-1.));
#4410=DIRECTION('',(0.,0.,-1.));
#4411=DIRECTION('',(0.,1.,0.));
#4412=DIRECTION('center_axis',(0.,1.,0.));
#4413=DIRECTION('ref_axis',(-1.,0.,0.));
#4414=DIRECTION('center_axis',(0.,1.,0.));
#4415=DIRECTION('ref_axis',(1.,0.,0.));
#4416=DIRECTION('center_axis',(0.,1.,0.));
#4417=DIRECTION('ref_axis',(1.,0.,0.));
#4418=DIRECTION('',(0.,1.,0.));
#4419=DIRECTION('center_axis',(0.,0.,1.));
#4420=DIRECTION('ref_axis',(1.,0.,0.));
#4421=DIRECTION('',(1.,0.,0.));
#4422=DIRECTION('',(1.,0.,0.));
#4423=DIRECTION('',(0.,1.,0.));
#4424=DIRECTION('center_axis',(1.,0.,0.));
#4425=DIRECTION('ref_axis',(0.,0.,-1.));
#4426=DIRECTION('',(0.,0.,-1.));
#4427=DIRECTION('',(0.,0.,-1.));
#4428=DIRECTION('',(0.,1.,0.));
#4429=DIRECTION('center_axis',(0.,0.,-1.));
#4430=DIRECTION('ref_axis',(-1.,0.,0.));
#4431=DIRECTION('',(-1.,0.,0.));
#4432=DIRECTION('',(-1.,0.,0.));
#4433=DIRECTION('',(0.,1.,0.));
#4434=DIRECTION('center_axis',(1.,0.,0.));
#4435=DIRECTION('ref_axis',(0.,0.,-1.));
#4436=DIRECTION('',(0.,0.,-1.));
#4437=DIRECTION('',(0.,0.,-1.));
#4438=DIRECTION('',(0.,1.,0.));
#4439=DIRECTION('center_axis',(0.,0.,-1.));
#4440=DIRECTION('ref_axis',(-1.,0.,0.));
#4441=DIRECTION('',(-1.,0.,0.));
#4442=DIRECTION('',(-1.,0.,0.));
#4443=DIRECTION('',(0.,1.,0.));
#4444=DIRECTION('center_axis',(-1.,0.,0.));
#4445=DIRECTION('ref_axis',(0.,0.,1.));
#4446=DIRECTION('',(0.,0.,1.));
#4447=DIRECTION('',(0.,0.,1.));
#4448=DIRECTION('',(0.,1.,0.));
#4449=DIRECTION('center_axis',(0.,0.,-1.));
#4450=DIRECTION('ref_axis',(-1.,0.,0.));
#4451=DIRECTION('',(-1.,0.,0.));
#4452=DIRECTION('',(-1.,0.,0.));
#4453=DIRECTION('',(0.,1.,0.));
#4454=DIRECTION('center_axis',(-1.,0.,0.));
#4455=DIRECTION('ref_axis',(0.,0.,1.));
#4456=DIRECTION('',(0.,0.,1.));
#4457=DIRECTION('',(0.,0.,1.));
#4458=DIRECTION('',(0.,1.,0.));
#4459=DIRECTION('center_axis',(0.,0.,1.));
#4460=DIRECTION('ref_axis',(1.,0.,0.));
#4461=DIRECTION('',(1.,0.,0.));
#4462=DIRECTION('',(1.,0.,0.));
#4463=DIRECTION('',(0.,1.,0.));
#4464=DIRECTION('center_axis',(0.,1.,0.));
#4465=DIRECTION('ref_axis',(-1.,0.,0.));
#4466=DIRECTION('center_axis',(0.,1.,0.));
#4467=DIRECTION('ref_axis',(1.,0.,0.));
#4468=DIRECTION('center_axis',(0.,1.,0.));
#4469=DIRECTION('ref_axis',(1.,0.,0.));
#4470=DIRECTION('',(0.,1.,0.));
#4471=DIRECTION('center_axis',(-1.,0.,0.));
#4472=DIRECTION('ref_axis',(0.,0.,1.));
#4473=DIRECTION('',(0.,0.,1.));
#4474=DIRECTION('',(0.,0.,1.));
#4475=DIRECTION('',(0.,1.,0.));
#4476=DIRECTION('center_axis',(0.,1.,0.));
#4477=DIRECTION('ref_axis',(-1.,0.,0.));
#4478=DIRECTION('center_axis',(0.,1.,0.));
#4479=DIRECTION('ref_axis',(1.,0.,0.));
#4480=DIRECTION('center_axis',(0.,1.,0.));
#4481=DIRECTION('ref_axis',(1.,0.,0.));
#4482=DIRECTION('',(0.,1.,0.));
#4483=DIRECTION('center_axis',(-0.707106781186548,0.,-0.707106781186548));
#4484=DIRECTION('ref_axis',(-0.707106781186547,0.,0.707106781186547));
#4485=DIRECTION('',(-0.707106781186546,0.,0.707106781186549));
#4486=DIRECTION('',(-0.707106781186546,0.,0.707106781186549));
#4487=DIRECTION('',(0.,1.,0.));
#4488=DIRECTION('center_axis',(0.,1.,0.));
#4489=DIRECTION('ref_axis',(-1.,0.,0.));
#4490=DIRECTION('center_axis',(0.,1.,0.));
#4491=DIRECTION('ref_axis',(1.,0.,0.));
#4492=DIRECTION('center_axis',(0.,1.,0.));
#4493=DIRECTION('ref_axis',(1.,0.,0.));
#4494=DIRECTION('',(0.,1.,0.));
#4495=DIRECTION('center_axis',(0.,0.,-1.));
#4496=DIRECTION('ref_axis',(-1.,0.,0.));
#4497=DIRECTION('',(-1.,0.,0.));
#4498=DIRECTION('',(-1.,0.,0.));
#4499=DIRECTION('',(0.,1.,0.));
#4500=DIRECTION('center_axis',(0.,1.,0.));
#4501=DIRECTION('ref_axis',(-1.,0.,0.));
#4502=DIRECTION('center_axis',(0.,1.,0.));
#4503=DIRECTION('ref_axis',(1.,0.,0.));
#4504=DIRECTION('center_axis',(0.,1.,0.));
#4505=DIRECTION('ref_axis',(1.,0.,0.));
#4506=DIRECTION('',(0.,1.,0.));
#4507=DIRECTION('center_axis',(0.707106781186548,0.,-0.707106781186548));
#4508=DIRECTION('ref_axis',(-0.707106781186547,0.,-0.707106781186547));
#4509=DIRECTION('',(-0.707106781186548,0.,-0.707106781186548));
#4510=DIRECTION('',(-0.707106781186549,0.,-0.707106781186546));
#4511=DIRECTION('',(0.,1.,0.));
#4512=DIRECTION('center_axis',(0.,1.,0.));
#4513=DIRECTION('ref_axis',(-1.,0.,0.));
#4514=DIRECTION('center_axis',(0.,1.,0.));
#4515=DIRECTION('ref_axis',(1.,0.,0.));
#4516=DIRECTION('center_axis',(0.,1.,0.));
#4517=DIRECTION('ref_axis',(1.,0.,0.));
#4518=DIRECTION('',(0.,1.,0.));
#4519=DIRECTION('center_axis',(1.,0.,0.));
#4520=DIRECTION('ref_axis',(0.,0.,-1.));
#4521=DIRECTION('',(0.,0.,-1.));
#4522=DIRECTION('',(0.,0.,-1.));
#4523=DIRECTION('',(0.,1.,0.));
#4524=DIRECTION('center_axis',(0.,1.,0.));
#4525=DIRECTION('ref_axis',(-1.,0.,0.));
#4526=DIRECTION('center_axis',(0.,1.,0.));
#4527=DIRECTION('ref_axis',(1.,0.,0.));
#4528=DIRECTION('center_axis',(0.,1.,0.));
#4529=DIRECTION('ref_axis',(1.,0.,0.));
#4530=DIRECTION('',(0.,1.,0.));
#4531=DIRECTION('center_axis',(0.,0.,1.));
#4532=DIRECTION('ref_axis',(1.,0.,0.));
#4533=DIRECTION('',(1.,0.,0.));
#4534=DIRECTION('',(1.,0.,0.));
#4535=DIRECTION('',(0.,1.,0.));
#4536=DIRECTION('center_axis',(1.,0.,0.));
#4537=DIRECTION('ref_axis',(0.,0.,-1.));
#4538=DIRECTION('',(0.,0.,-1.));
#4539=DIRECTION('',(0.,0.,-1.));
#4540=DIRECTION('',(0.,1.,0.));
#4541=DIRECTION('center_axis',(0.,0.,-1.));
#4542=DIRECTION('ref_axis',(-1.,0.,0.));
#4543=DIRECTION('',(-1.,0.,0.));
#4544=DIRECTION('',(-1.,0.,0.));
#4545=DIRECTION('',(0.,1.,0.));
#4546=DIRECTION('center_axis',(1.,0.,0.));
#4547=DIRECTION('ref_axis',(0.,0.,-1.));
#4548=DIRECTION('',(0.,0.,-1.));
#4549=DIRECTION('',(0.,0.,-1.));
#4550=DIRECTION('',(0.,1.,0.));
#4551=DIRECTION('center_axis',(0.,0.,-1.));
#4552=DIRECTION('ref_axis',(-1.,0.,0.));
#4553=DIRECTION('',(-1.,0.,0.));
#4554=DIRECTION('',(-1.,0.,0.));
#4555=DIRECTION('',(0.,1.,0.));
#4556=DIRECTION('center_axis',(0.,1.,0.));
#4557=DIRECTION('ref_axis',(-1.,0.,0.));
#4558=DIRECTION('center_axis',(0.,-1.,0.));
#4559=DIRECTION('ref_axis',(1.,0.,0.));
#4560=DIRECTION('center_axis',(0.,-1.,0.));
#4561=DIRECTION('ref_axis',(1.,0.,0.));
#4562=DIRECTION('',(0.,1.,0.));
#4563=DIRECTION('center_axis',(-1.,0.,0.));
#4564=DIRECTION('ref_axis',(0.,0.,1.));
#4565=DIRECTION('',(0.,0.,1.));
#4566=DIRECTION('',(0.,0.,1.));
#4567=DIRECTION('',(0.,1.,0.));
#4568=DIRECTION('center_axis',(0.,0.,1.));
#4569=DIRECTION('ref_axis',(1.,0.,0.));
#4570=DIRECTION('',(1.,0.,0.));
#4571=DIRECTION('',(1.,0.,0.));
#4572=DIRECTION('',(0.,1.,0.));
#4573=DIRECTION('center_axis',(-1.,0.,0.));
#4574=DIRECTION('ref_axis',(0.,0.,1.));
#4575=DIRECTION('',(0.,0.,1.));
#4576=DIRECTION('',(0.,0.,1.));
#4577=DIRECTION('',(0.,1.,0.));
#4578=DIRECTION('center_axis',(0.,0.,1.));
#4579=DIRECTION('ref_axis',(1.,0.,0.));
#4580=DIRECTION('',(1.,0.,0.));
#4581=DIRECTION('',(1.,0.,0.));
#4582=DIRECTION('',(0.,1.,0.));
#4583=DIRECTION('center_axis',(1.,0.,0.));
#4584=DIRECTION('ref_axis',(0.,0.,-1.));
#4585=DIRECTION('',(0.,0.,-1.));
#4586=DIRECTION('',(0.,0.,-1.));
#4587=DIRECTION('',(0.,1.,0.));
#4588=DIRECTION('center_axis',(0.,1.,0.));
#4589=DIRECTION('ref_axis',(-1.,0.,0.));
#4590=DIRECTION('center_axis',(0.,1.,0.));
#4591=DIRECTION('ref_axis',(1.,0.,0.));
#4592=DIRECTION('center_axis',(0.,1.,0.));
#4593=DIRECTION('ref_axis',(1.,0.,0.));
#4594=DIRECTION('',(0.,1.,0.));
#4595=DIRECTION('center_axis',(0.,0.,1.));
#4596=DIRECTION('ref_axis',(1.,0.,0.));
#4597=DIRECTION('',(1.,0.,0.));
#4598=DIRECTION('',(1.,0.,0.));
#4599=DIRECTION('',(0.,1.,0.));
#4600=DIRECTION('center_axis',(0.,1.,0.));
#4601=DIRECTION('ref_axis',(-1.,0.,0.));
#4602=DIRECTION('center_axis',(0.,1.,0.));
#4603=DIRECTION('ref_axis',(1.,0.,0.));
#4604=DIRECTION('center_axis',(0.,1.,0.));
#4605=DIRECTION('ref_axis',(1.,0.,0.));
#4606=DIRECTION('',(0.,1.,0.));
#4607=DIRECTION('center_axis',(-0.707106781186546,0.,0.707106781186549));
#4608=DIRECTION('ref_axis',(0.707106781186549,0.,0.707106781186546));
#4609=DIRECTION('',(0.707106781186549,0.,0.707106781186546));
#4610=DIRECTION('',(0.707106781186551,0.,0.707106781186544));
#4611=DIRECTION('',(0.,1.,0.));
#4612=DIRECTION('center_axis',(0.,1.,0.));
#4613=DIRECTION('ref_axis',(-1.,0.,0.));
#4614=DIRECTION('center_axis',(0.,1.,0.));
#4615=DIRECTION('ref_axis',(1.,0.,0.));
#4616=DIRECTION('center_axis',(0.,1.,0.));
#4617=DIRECTION('ref_axis',(1.,0.,0.));
#4618=DIRECTION('',(0.,1.,0.));
#4619=DIRECTION('center_axis',(-1.,0.,0.));
#4620=DIRECTION('ref_axis',(0.,0.,1.));
#4621=DIRECTION('',(0.,0.,1.));
#4622=DIRECTION('',(0.,0.,1.));
#4623=DIRECTION('',(0.,1.,0.));
#4624=DIRECTION('center_axis',(0.,1.,0.));
#4625=DIRECTION('ref_axis',(-1.,0.,0.));
#4626=DIRECTION('center_axis',(0.,1.,0.));
#4627=DIRECTION('ref_axis',(1.,0.,0.));
#4628=DIRECTION('center_axis',(0.,1.,0.));
#4629=DIRECTION('ref_axis',(1.,0.,0.));
#4630=DIRECTION('',(0.,1.,0.));
#4631=DIRECTION('center_axis',(-0.707106781186548,0.,-0.707106781186548));
#4632=DIRECTION('ref_axis',(-0.707106781186547,0.,0.707106781186547));
#4633=DIRECTION('',(-0.707106781186551,0.,0.707106781186544));
#4634=DIRECTION('',(-0.707106781186551,0.,0.707106781186544));
#4635=DIRECTION('',(0.,1.,0.));
#4636=DIRECTION('center_axis',(0.,1.,0.));
#4637=DIRECTION('ref_axis',(-1.,0.,0.));
#4638=DIRECTION('center_axis',(0.,1.,0.));
#4639=DIRECTION('ref_axis',(1.,0.,0.));
#4640=DIRECTION('center_axis',(0.,1.,0.));
#4641=DIRECTION('ref_axis',(1.,0.,0.));
#4642=DIRECTION('',(0.,1.,0.));
#4643=DIRECTION('center_axis',(0.,0.,-1.));
#4644=DIRECTION('ref_axis',(-1.,0.,0.));
#4645=DIRECTION('',(-1.,0.,0.));
#4646=DIRECTION('',(-1.,0.,0.));
#4647=DIRECTION('',(0.,1.,0.));
#4648=DIRECTION('center_axis',(0.,1.,0.));
#4649=DIRECTION('ref_axis',(-1.,0.,0.));
#4650=DIRECTION('center_axis',(0.,1.,0.));
#4651=DIRECTION('ref_axis',(1.,0.,0.));
#4652=DIRECTION('center_axis',(0.,1.,0.));
#4653=DIRECTION('ref_axis',(1.,0.,0.));
#4654=DIRECTION('',(0.,1.,0.));
#4655=DIRECTION('center_axis',(1.,0.,0.));
#4656=DIRECTION('ref_axis',(0.,0.,-1.));
#4657=DIRECTION('',(0.,0.,-1.));
#4658=DIRECTION('',(0.,0.,-1.));
#4659=DIRECTION('',(0.,1.,0.));
#4660=DIRECTION('center_axis',(0.,0.,-1.));
#4661=DIRECTION('ref_axis',(-1.,0.,0.));
#4662=DIRECTION('',(-1.,0.,0.));
#4663=DIRECTION('',(-1.,0.,0.));
#4664=DIRECTION('',(0.,1.,0.));
#4665=DIRECTION('center_axis',(-1.,0.,0.));
#4666=DIRECTION('ref_axis',(0.,0.,1.));
#4667=DIRECTION('',(0.,0.,1.));
#4668=DIRECTION('',(0.,0.,1.));
#4669=DIRECTION('',(0.,1.,0.));
#4670=DIRECTION('center_axis',(0.,0.,-1.));
#4671=DIRECTION('ref_axis',(-1.,0.,0.));
#4672=DIRECTION('',(-1.,0.,0.));
#4673=DIRECTION('',(-1.,0.,0.));
#4674=DIRECTION('',(0.,1.,0.));
#4675=DIRECTION('center_axis',(-1.,0.,0.));
#4676=DIRECTION('ref_axis',(0.,0.,1.));
#4677=DIRECTION('',(0.,0.,1.));
#4678=DIRECTION('',(0.,0.,1.));
#4679=DIRECTION('',(0.,1.,0.));
#4680=DIRECTION('center_axis',(0.,1.,0.));
#4681=DIRECTION('ref_axis',(-1.,0.,0.));
#4682=DIRECTION('center_axis',(0.,-1.,0.));
#4683=DIRECTION('ref_axis',(1.,0.,0.));
#4684=DIRECTION('center_axis',(0.,-1.,0.));
#4685=DIRECTION('ref_axis',(1.,0.,0.));
#4686=DIRECTION('',(0.,1.,0.));
#4687=DIRECTION('center_axis',(0.,0.,1.));
#4688=DIRECTION('ref_axis',(1.,0.,0.));
#4689=DIRECTION('',(1.,0.,0.));
#4690=DIRECTION('',(1.,0.,0.));
#4691=DIRECTION('',(0.,1.,0.));
#4692=DIRECTION('center_axis',(1.,0.,0.));
#4693=DIRECTION('ref_axis',(0.,0.,-1.));
#4694=DIRECTION('',(0.,0.,-1.));
#4695=DIRECTION('',(0.,0.,-1.));
#4696=DIRECTION('',(0.,1.,0.));
#4697=DIRECTION('center_axis',(0.,0.,1.));
#4698=DIRECTION('ref_axis',(1.,0.,0.));
#4699=DIRECTION('',(1.,0.,0.));
#4700=DIRECTION('',(1.,0.,0.));
#4701=DIRECTION('',(0.,1.,0.));
#4702=DIRECTION('center_axis',(1.,0.,0.));
#4703=DIRECTION('ref_axis',(0.,0.,-1.));
#4704=DIRECTION('',(0.,0.,-1.));
#4705=DIRECTION('',(0.,0.,-1.));
#4706=DIRECTION('',(0.,1.,0.));
#4707=DIRECTION('center_axis',(0.,0.,-1.));
#4708=DIRECTION('ref_axis',(-1.,0.,0.));
#4709=DIRECTION('',(-1.,0.,0.));
#4710=DIRECTION('',(-1.,0.,0.));
#4711=DIRECTION('',(0.,1.,0.));
#4712=DIRECTION('center_axis',(0.,1.,0.));
#4713=DIRECTION('ref_axis',(-1.,0.,0.));
#4714=DIRECTION('center_axis',(0.,1.,0.));
#4715=DIRECTION('ref_axis',(1.,0.,0.));
#4716=DIRECTION('center_axis',(0.,1.,0.));
#4717=DIRECTION('ref_axis',(1.,0.,0.));
#4718=DIRECTION('',(0.,1.,0.));
#4719=DIRECTION('center_axis',(1.,0.,0.));
#4720=DIRECTION('ref_axis',(0.,0.,-1.));
#4721=DIRECTION('',(0.,0.,-1.));
#4722=DIRECTION('',(0.,0.,-1.));
#4723=DIRECTION('',(0.,1.,0.));
#4724=DIRECTION('center_axis',(0.,1.,0.));
#4725=DIRECTION('ref_axis',(-1.,0.,0.));
#4726=DIRECTION('center_axis',(0.,1.,0.));
#4727=DIRECTION('ref_axis',(1.,0.,0.));
#4728=DIRECTION('center_axis',(0.,1.,0.));
#4729=DIRECTION('ref_axis',(1.,0.,0.));
#4730=DIRECTION('',(0.,1.,0.));
#4731=DIRECTION('center_axis',(0.707106781186548,0.,0.707106781186548));
#4732=DIRECTION('ref_axis',(0.707106781186547,0.,-0.707106781186547));
#4733=DIRECTION('',(0.707106781186549,0.,-0.707106781186546));
#4734=DIRECTION('',(0.707106781186548,0.,-0.707106781186548));
#4735=DIRECTION('',(0.,1.,0.));
#4736=DIRECTION('center_axis',(0.,1.,0.));
#4737=DIRECTION('ref_axis',(-1.,0.,0.));
#4738=DIRECTION('center_axis',(0.,1.,0.));
#4739=DIRECTION('ref_axis',(1.,0.,0.));
#4740=DIRECTION('center_axis',(0.,1.,0.));
#4741=DIRECTION('ref_axis',(1.,0.,0.));
#4742=DIRECTION('',(0.,1.,0.));
#4743=DIRECTION('center_axis',(0.,0.,1.));
#4744=DIRECTION('ref_axis',(1.,0.,0.));
#4745=DIRECTION('',(1.,0.,0.));
#4746=DIRECTION('',(1.,0.,0.));
#4747=DIRECTION('',(0.,1.,0.));
#4748=DIRECTION('center_axis',(0.,1.,0.));
#4749=DIRECTION('ref_axis',(-1.,0.,0.));
#4750=DIRECTION('center_axis',(0.,1.,0.));
#4751=DIRECTION('ref_axis',(1.,0.,0.));
#4752=DIRECTION('center_axis',(0.,1.,0.));
#4753=DIRECTION('ref_axis',(1.,0.,0.));
#4754=DIRECTION('',(0.,1.,0.));
#4755=DIRECTION('center_axis',(-0.707106781186548,0.,0.707106781186548));
#4756=DIRECTION('ref_axis',(0.707106781186547,0.,0.707106781186547));
#4757=DIRECTION('',(0.707106781186547,0.,0.707106781186547));
#4758=DIRECTION('',(0.70710678118655,0.,0.707106781186545));
#4759=DIRECTION('',(0.,1.,0.));
#4760=DIRECTION('center_axis',(0.,1.,0.));
#4761=DIRECTION('ref_axis',(-1.,0.,0.));
#4762=DIRECTION('center_axis',(0.,1.,0.));
#4763=DIRECTION('ref_axis',(1.,0.,0.));
#4764=DIRECTION('center_axis',(0.,1.,0.));
#4765=DIRECTION('ref_axis',(1.,0.,0.));
#4766=DIRECTION('',(0.,1.,0.));
#4767=DIRECTION('center_axis',(-1.,0.,0.));
#4768=DIRECTION('ref_axis',(0.,0.,1.));
#4769=DIRECTION('',(0.,0.,1.));
#4770=DIRECTION('',(0.,0.,1.));
#4771=DIRECTION('',(0.,1.,0.));
#4772=DIRECTION('center_axis',(0.,1.,0.));
#4773=DIRECTION('ref_axis',(-1.,0.,0.));
#4774=DIRECTION('center_axis',(0.,1.,0.));
#4775=DIRECTION('ref_axis',(1.,0.,0.));
#4776=DIRECTION('center_axis',(0.,1.,0.));
#4777=DIRECTION('ref_axis',(1.,0.,0.));
#4778=DIRECTION('',(0.,1.,0.));
#4779=DIRECTION('center_axis',(0.,0.,-1.));
#4780=DIRECTION('ref_axis',(-1.,0.,0.));
#4781=DIRECTION('',(-1.,0.,0.));
#4782=DIRECTION('',(-1.,0.,0.));
#4783=DIRECTION('',(0.,1.,0.));
#4784=DIRECTION('center_axis',(-1.,0.,0.));
#4785=DIRECTION('ref_axis',(0.,0.,1.));
#4786=DIRECTION('',(0.,0.,1.));
#4787=DIRECTION('',(0.,0.,1.));
#4788=DIRECTION('',(0.,1.,0.));
#4789=DIRECTION('center_axis',(0.,0.,1.));
#4790=DIRECTION('ref_axis',(1.,0.,0.));
#4791=DIRECTION('',(1.,0.,0.));
#4792=DIRECTION('',(1.,0.,0.));
#4793=DIRECTION('',(0.,1.,0.));
#4794=DIRECTION('center_axis',(-1.,0.,0.));
#4795=DIRECTION('ref_axis',(0.,0.,1.));
#4796=DIRECTION('',(0.,0.,1.));
#4797=DIRECTION('',(0.,0.,1.));
#4798=DIRECTION('center_axis',(0.,-1.,0.));
#4799=DIRECTION('ref_axis',(0.,0.,-1.));
#4800=DIRECTION('center_axis',(0.,-1.,0.));
#4801=DIRECTION('ref_axis',(1.,0.,0.));
#4802=DIRECTION('center_axis',(0.,-1.,0.));
#4803=DIRECTION('ref_axis',(1.,0.,0.));
#4804=DIRECTION('center_axis',(0.,-1.,0.));
#4805=DIRECTION('ref_axis',(1.,0.,0.));
#4806=DIRECTION('center_axis',(0.,-1.,0.));
#4807=DIRECTION('ref_axis',(1.,0.,0.));
#4808=DIRECTION('center_axis',(0.,-1.,0.));
#4809=DIRECTION('ref_axis',(1.,0.,0.));
#4810=DIRECTION('center_axis',(0.,-1.,0.));
#4811=DIRECTION('ref_axis',(1.,0.,0.));
#4812=DIRECTION('center_axis',(0.,-1.,0.));
#4813=DIRECTION('ref_axis',(1.,0.,0.));
#4814=DIRECTION('center_axis',(0.,-1.,0.));
#4815=DIRECTION('ref_axis',(1.,0.,0.));
#4816=DIRECTION('center_axis',(0.,-1.,0.));
#4817=DIRECTION('ref_axis',(1.,0.,0.));
#4818=DIRECTION('center_axis',(0.,-1.,0.));
#4819=DIRECTION('ref_axis',(1.,0.,0.));
#4820=DIRECTION('center_axis',(0.,-1.,0.));
#4821=DIRECTION('ref_axis',(0.,0.,-1.));
#4822=DIRECTION('center_axis',(0.,-1.,0.));
#4823=DIRECTION('ref_axis',(1.,0.,0.));
#4824=DIRECTION('center_axis',(0.,-1.,0.));
#4825=DIRECTION('ref_axis',(1.,0.,0.));
#4826=DIRECTION('center_axis',(0.,-1.,0.));
#4827=DIRECTION('ref_axis',(1.,0.,0.));
#4828=DIRECTION('center_axis',(0.,-1.,0.));
#4829=DIRECTION('ref_axis',(1.,0.,0.));
#4830=DIRECTION('center_axis',(0.,-1.,0.));
#4831=DIRECTION('ref_axis',(1.,0.,0.));
#4832=DIRECTION('center_axis',(0.,-1.,0.));
#4833=DIRECTION('ref_axis',(1.,0.,0.));
#4834=DIRECTION('center_axis',(0.,-1.,0.));
#4835=DIRECTION('ref_axis',(1.,0.,0.));
#4836=DIRECTION('center_axis',(0.,-1.,0.));
#4837=DIRECTION('ref_axis',(1.,0.,0.));
#4838=DIRECTION('center_axis',(0.,-1.,0.));
#4839=DIRECTION('ref_axis',(1.,0.,0.));
#4840=DIRECTION('center_axis',(0.,-1.,0.));
#4841=DIRECTION('ref_axis',(1.,0.,0.));
#4842=DIRECTION('center_axis',(0.,1.,0.));
#4843=DIRECTION('ref_axis',(-1.,0.,0.));
#4844=DIRECTION('',(0.,1.,0.));
#4845=DIRECTION('center_axis',(0.,1.,0.));
#4846=DIRECTION('ref_axis',(-1.,0.,0.));
#4847=DIRECTION('',(0.,1.,0.));
#4848=DIRECTION('center_axis',(0.,1.,0.));
#4849=DIRECTION('ref_axis',(-1.,0.,0.));
#4850=DIRECTION('',(0.,1.,0.));
#4851=DIRECTION('center_axis',(0.,1.,0.));
#4852=DIRECTION('ref_axis',(-1.,0.,0.));
#4853=DIRECTION('',(0.,1.,0.));
#4854=DIRECTION('center_axis',(0.,1.,0.));
#4855=DIRECTION('ref_axis',(-1.,0.,0.));
#4856=DIRECTION('',(0.,1.,0.));
#4857=DIRECTION('center_axis',(0.,1.,0.));
#4858=DIRECTION('ref_axis',(-1.,0.,0.));
#4859=DIRECTION('',(0.,1.,0.));
#4860=DIRECTION('center_axis',(0.,1.,0.));
#4861=DIRECTION('ref_axis',(-1.,0.,0.));
#4862=DIRECTION('center_axis',(0.,1.,0.));
#4863=DIRECTION('ref_axis',(-1.,0.,0.));
#4864=DIRECTION('',(0.,1.,0.));
#4865=DIRECTION('center_axis',(0.,1.,0.));
#4866=DIRECTION('ref_axis',(-1.,0.,0.));
#4867=DIRECTION('',(0.,1.,0.));
#4868=DIRECTION('center_axis',(0.,1.,0.));
#4869=DIRECTION('ref_axis',(-1.,0.,0.));
#4870=CARTESIAN_POINT('',(0.,0.,0.));
#4871=CARTESIAN_POINT('Origin',(0.0463693970487053,-0.875395087194627,0.114999999999991));
#4872=CARTESIAN_POINT('',(0.0486971720698128,0.124604912805373,0.119425094739214));
#4873=CARTESIAN_POINT('',(0.044041622027599,0.124604912805373,0.119425094739214));
#4874=CARTESIAN_POINT('Origin',(0.0463693970487053,0.124604912805373,0.114999999999991));
#4875=CARTESIAN_POINT('',(0.0486971720698128,0.0246049128053728,0.119425094739214));
#4876=CARTESIAN_POINT('',(0.0486971720698128,0.0246049128053728,0.119425094739214));
#4877=CARTESIAN_POINT('',(0.044041622027599,0.0246049128053728,0.119425094739214));
#4878=CARTESIAN_POINT('Origin',(0.0463693970487053,0.0246049128053728,0.114999999999991));
#4879=CARTESIAN_POINT('',(0.044041622027599,0.0246049128053728,0.119425094739214));
#4880=CARTESIAN_POINT('Origin',(0.0499049309546472,-0.875395087194627,0.118535533905935));
#4881=CARTESIAN_POINT('',(0.0507944917879265,0.124604912805373,0.117327775021101));
#4882=CARTESIAN_POINT('Origin',(0.0499049309546472,0.124604912805373,0.118535533905935));
#4883=CARTESIAN_POINT('',(0.0507944917879265,0.0246049128053728,0.117327775021101));
#4884=CARTESIAN_POINT('',(0.0507944917879265,0.0246049128053728,0.117327775021101));
#4885=CARTESIAN_POINT('Origin',(0.0499049309546472,0.0246049128053728,0.118535533905935));
#4886=CARTESIAN_POINT('Origin',(0.0463693970487053,-0.875395087194627,0.114999999999991));
#4887=CARTESIAN_POINT('',(0.0507944917879291,0.124604912805373,0.112672224978886));
#4888=CARTESIAN_POINT('Origin',(0.0463693970487053,0.124604912805373,0.114999999999991));
#4889=CARTESIAN_POINT('',(0.0507944917879291,0.0246049128053728,0.112672224978886));
#4890=CARTESIAN_POINT('',(0.0507944917879291,0.0246049128053728,0.112672224978886));
#4891=CARTESIAN_POINT('Origin',(0.0463693970487053,0.0246049128053728,0.114999999999991));
#4892=CARTESIAN_POINT('Origin',(0.0499049309546343,-0.875395087194627,0.111464466094064));
#4893=CARTESIAN_POINT('',(0.0486971720698116,0.124604912805373,0.110574905260769));
#4894=CARTESIAN_POINT('Origin',(0.0499049309546343,0.124604912805373,0.111464466094064));
#4895=CARTESIAN_POINT('',(0.0486971720698116,0.0246049128053728,0.110574905260769));
#4896=CARTESIAN_POINT('',(0.0486971720698116,0.0246049128053728,0.110574905260769));
#4897=CARTESIAN_POINT('Origin',(0.0499049309546343,0.0246049128053728,0.111464466094064));
#4898=CARTESIAN_POINT('Origin',(0.0463693970487053,-0.875395087194627,0.114999999999991));
#4899=CARTESIAN_POINT('',(0.0440416220275982,0.124604912805373,0.11057490526077));
#4900=CARTESIAN_POINT('Origin',(0.0463693970487053,0.124604912805373,0.114999999999991));
#4901=CARTESIAN_POINT('',(0.0440416220275982,0.0246049128053728,0.11057490526077));
#4902=CARTESIAN_POINT('',(0.0440416220275982,0.0246049128053728,0.11057490526077));
#4903=CARTESIAN_POINT('Origin',(0.0463693970487053,0.0246049128053728,0.114999999999991));
#4904=CARTESIAN_POINT('Origin',(0.0163693970487172,-0.875395087194627,0.114999999999994));
#4905=CARTESIAN_POINT('',(0.0207944917879416,0.124604912805373,0.112672224978887));
#4906=CARTESIAN_POINT('',(0.0207944917879416,0.124604912805373,0.117327775021102));
#4907=CARTESIAN_POINT('Origin',(0.0163693970487172,0.124604912805373,0.114999999999994));
#4908=CARTESIAN_POINT('',(0.0207944917879416,0.0246049128053728,0.112672224978887));
#4909=CARTESIAN_POINT('',(0.0207944917879416,0.0246049128053728,0.112672224978887));
#4910=CARTESIAN_POINT('',(0.0207944917879416,0.0246049128053728,0.117327775021102));
#4911=CARTESIAN_POINT('Origin',(0.0163693970487172,0.0246049128053728,0.114999999999994));
#4912=CARTESIAN_POINT('',(0.0207944917879416,0.0246049128053728,0.117327775021102));
#4913=CARTESIAN_POINT('Origin',(0.0199049309546517,-0.875395087194627,0.111464466094061));
#4914=CARTESIAN_POINT('',(0.0186971720698238,0.124604912805373,0.110574905260773));
#4915=CARTESIAN_POINT('Origin',(0.0199049309546517,0.124604912805373,0.111464466094061));
#4916=CARTESIAN_POINT('',(0.0186971720698238,0.0246049128053728,0.110574905260773));
#4917=CARTESIAN_POINT('',(0.0186971720698238,0.0246049128053728,0.110574905260773));
#4918=CARTESIAN_POINT('Origin',(0.0199049309546517,0.0246049128053728,0.111464466094061));
#4919=CARTESIAN_POINT('Origin',(0.0163693970487172,-0.875395087194627,0.114999999999994));
#4920=CARTESIAN_POINT('',(0.0140416220276097,0.124604912805373,0.110574905260774));
#4921=CARTESIAN_POINT('Origin',(0.0163693970487172,0.124604912805373,0.114999999999994));
#4922=CARTESIAN_POINT('',(0.0140416220276097,0.0246049128053728,0.110574905260774));
#4923=CARTESIAN_POINT('',(0.0140416220276097,0.0246049128053728,0.110574905260774));
#4924=CARTESIAN_POINT('Origin',(0.0163693970487172,0.0246049128053728,0.114999999999994));
#4925=CARTESIAN_POINT('Origin',(0.0163693970487172,-0.875395087194627,0.114999999999994));
#4926=CARTESIAN_POINT('',(0.0186971720698246,0.124604912805373,0.119425094739217));
#4927=CARTESIAN_POINT('',(0.0140416220276106,0.124604912805373,0.119425094739217));
#4928=CARTESIAN_POINT('Origin',(0.0163693970487172,0.124604912805373,0.114999999999994));
#4929=CARTESIAN_POINT('',(0.0186971720698246,0.0246049128053728,0.119425094739217));
#4930=CARTESIAN_POINT('',(0.0186971720698246,0.0246049128053728,0.119425094739217));
#4931=CARTESIAN_POINT('',(0.0140416220276106,0.0246049128053728,0.119425094739217));
#4932=CARTESIAN_POINT('Origin',(0.0163693970487172,0.0246049128053728,0.114999999999994));
#4933=CARTESIAN_POINT('',(0.0140416220276106,0.0246049128053728,0.119425094739217));
#4934=CARTESIAN_POINT('Origin',(0.0199049309546512,-0.875395087194627,0.118535533905927));
#4935=CARTESIAN_POINT('Origin',(0.0199049309546512,0.124604912805373,0.118535533905927));
#4936=CARTESIAN_POINT('Origin',(0.0199049309546512,0.0246049128053728,0.118535533905927));
#4937=CARTESIAN_POINT('Origin',(0.023662290267524,-0.875395087194627,0.108838477631086));
#4938=CARTESIAN_POINT('',(0.0236622902675238,0.124604912805373,0.108838477631086));
#4939=CARTESIAN_POINT('',(0.025876503829908,0.124604912805373,0.106624264068702));
#4940=CARTESIAN_POINT('',(0.023662290267524,0.124604912805373,0.108838477631086));
#4941=CARTESIAN_POINT('',(0.0236622902675238,0.0246049128053728,0.108838477631086));
#4942=CARTESIAN_POINT('',(0.0236622902675238,0.0246049128053728,0.108838477631086));
#4943=CARTESIAN_POINT('',(0.025876503829908,0.0246049128053728,0.106624264068702));
#4944=CARTESIAN_POINT('',(0.023662290267524,0.0246049128053728,0.108838477631086));
#4945=CARTESIAN_POINT('',(0.025876503829908,0.0246049128053728,0.106624264068702));
#4946=CARTESIAN_POINT('Origin',(0.0243693970487102,-0.875395087194627,0.109545584412273));
#4947=CARTESIAN_POINT('',(0.0233693970487102,0.124604912805373,0.109545584412273));
#4948=CARTESIAN_POINT('Origin',(0.0243693970487102,0.124604912805373,0.109545584412273));
#4949=CARTESIAN_POINT('',(0.0233693970487102,0.0246049128053728,0.109545584412273));
#4950=CARTESIAN_POINT('',(0.0233693970487102,0.0246049128053728,0.109545584412273));
#4951=CARTESIAN_POINT('Origin',(0.0243693970487102,0.0246049128053728,0.109545584412273));
#4952=CARTESIAN_POINT('Origin',(0.0233693970487102,-0.875395087194627,0.120454415587716));
#4953=CARTESIAN_POINT('',(0.0233693970487101,0.124604912805373,0.120454415587716));
#4954=CARTESIAN_POINT('',(0.0233693970487102,0.124604912805373,0.120454415587716));
#4955=CARTESIAN_POINT('',(0.0233693970487101,0.0246049128053728,0.120454415587716));
#4956=CARTESIAN_POINT('',(0.0233693970487101,0.0246049128053728,0.120454415587716));
#4957=CARTESIAN_POINT('',(0.0233693970487102,0.0246049128053728,0.120454415587716));
#4958=CARTESIAN_POINT('Origin',(0.0243693970487102,-0.875395087194627,0.120454415587716));
#4959=CARTESIAN_POINT('',(0.0236622902675235,0.124604912805373,0.121161522368902));
#4960=CARTESIAN_POINT('Origin',(0.0243693970487102,0.124604912805373,0.120454415587716));
#4961=CARTESIAN_POINT('',(0.0236622902675235,0.0246049128053728,0.121161522368902));
#4962=CARTESIAN_POINT('',(0.0236622902675235,0.0246049128053728,0.121161522368902));
#4963=CARTESIAN_POINT('Origin',(0.0243693970487102,0.0246049128053728,0.120454415587716));
#4964=CARTESIAN_POINT('Origin',(0.0258765038299076,-0.875395087194627,0.123375735931286));
#4965=CARTESIAN_POINT('',(0.0258765038299076,0.124604912805373,0.123375735931286));
#4966=CARTESIAN_POINT('',(0.0258765038299076,0.124604912805373,0.123375735931286));
#4967=CARTESIAN_POINT('',(0.0258765038299076,0.0246049128053728,0.123375735931286));
#4968=CARTESIAN_POINT('',(0.0258765038299076,0.0246049128053728,0.123375735931286));
#4969=CARTESIAN_POINT('',(0.0258765038299076,0.0246049128053728,0.123375735931286));
#4970=CARTESIAN_POINT('Origin',(0.0251693970487212,-0.875395087194627,0.124082842712473));
#4971=CARTESIAN_POINT('',(0.026169397048721,0.124604912805373,0.124082842712473));
#4972=CARTESIAN_POINT('Origin',(0.0251693970487212,0.124604912805373,0.124082842712473));
#4973=CARTESIAN_POINT('',(0.026169397048721,0.0246049128053728,0.124082842712473));
#4974=CARTESIAN_POINT('',(0.026169397048721,0.0246049128053728,0.124082842712473));
#4975=CARTESIAN_POINT('Origin',(0.0251693970487212,0.0246049128053728,0.124082842712473));
#4976=CARTESIAN_POINT('Origin',(0.026169397048721,-0.875395087194627,0.127199999998195));
#4977=CARTESIAN_POINT('',(0.026169397048721,0.124604912805373,0.127199999998195));
#4978=CARTESIAN_POINT('',(0.026169397048721,0.124604912805373,0.127199999998195));
#4979=CARTESIAN_POINT('',(0.026169397048721,0.0246049128053728,0.127199999998195));
#4980=CARTESIAN_POINT('',(0.026169397048721,0.0246049128053728,0.127199999998195));
#4981=CARTESIAN_POINT('',(0.026169397048721,0.0246049128053728,0.127199999998195));
#4982=CARTESIAN_POINT('Origin',(0.027169397048721,-0.875395087194627,0.127199999998195));
#4983=CARTESIAN_POINT('',(0.027169397048721,0.124604912805373,0.128199999998195));
#4984=CARTESIAN_POINT('Origin',(0.027169397048721,0.124604912805373,0.127199999998195));
#4985=CARTESIAN_POINT('',(0.027169397048721,0.0246049128053728,0.128199999998195));
#4986=CARTESIAN_POINT('',(0.027169397048721,0.0246049128053728,0.128199999998195));
#4987=CARTESIAN_POINT('Origin',(0.027169397048721,0.0246049128053728,0.127199999998195));
#4988=CARTESIAN_POINT('Origin',(0.0355693970487015,-0.875395087194627,0.128199999998195));
#4989=CARTESIAN_POINT('',(0.0355693970487015,0.124604912805373,0.128199999998195));
#4990=CARTESIAN_POINT('',(0.0355693970487015,0.124604912805373,0.128199999998195));
#4991=CARTESIAN_POINT('',(0.0355693970487015,0.0246049128053728,0.128199999998195));
#4992=CARTESIAN_POINT('',(0.0355693970487015,0.0246049128053728,0.128199999998195));
#4993=CARTESIAN_POINT('',(0.0355693970487015,0.0246049128053728,0.128199999998195));
#4994=CARTESIAN_POINT('Origin',(0.0355693970487015,-0.875395087194627,0.127199999998195));
#4995=CARTESIAN_POINT('',(0.0365693970487015,0.124604912805373,0.127199999998195));
#4996=CARTESIAN_POINT('Origin',(0.0355693970487015,0.124604912805373,0.127199999998195));
#4997=CARTESIAN_POINT('',(0.0365693970487015,0.0246049128053728,0.127199999998195));
#4998=CARTESIAN_POINT('',(0.0365693970487015,0.0246049128053728,0.127199999998195));
#4999=CARTESIAN_POINT('Origin',(0.0355693970487015,0.0246049128053728,0.127199999998195));
#5000=CARTESIAN_POINT('Origin',(0.0365693970487015,-0.875395087194627,0.124082842712473));
#5001=CARTESIAN_POINT('',(0.0365693970487015,0.124604912805373,0.124082842712473));
#5002=CARTESIAN_POINT('',(0.0365693970487015,0.124604912805373,0.124082842712473));
#5003=CARTESIAN_POINT('',(0.0365693970487015,0.0246049128053728,0.124082842712473));
#5004=CARTESIAN_POINT('',(0.0365693970487015,0.0246049128053728,0.124082842712473));
#5005=CARTESIAN_POINT('',(0.0365693970487015,0.0246049128053728,0.124082842712473));
#5006=CARTESIAN_POINT('Origin',(0.0375693970487013,-0.875395087194627,0.124082842712473));
#5007=CARTESIAN_POINT('',(0.0368622902675149,0.124604912805373,0.123375735931286));
#5008=CARTESIAN_POINT('Origin',(0.0375693970487013,0.124604912805373,0.124082842712473));
#5009=CARTESIAN_POINT('',(0.0368622902675149,0.0246049128053728,0.123375735931286));
#5010=CARTESIAN_POINT('',(0.0368622902675149,0.0246049128053728,0.123375735931286));
#5011=CARTESIAN_POINT('Origin',(0.0375693970487013,0.0246049128053728,0.124082842712473));
#5012=CARTESIAN_POINT('Origin',(0.0390765038298993,-0.875395087194627,0.121161522368902));
#5013=CARTESIAN_POINT('',(0.0390765038298993,0.124604912805373,0.121161522368902));
#5014=CARTESIAN_POINT('',(0.0390765038298993,0.124604912805373,0.121161522368902));
#5015=CARTESIAN_POINT('',(0.0390765038298993,0.0246049128053728,0.121161522368902));
#5016=CARTESIAN_POINT('',(0.0390765038298993,0.0246049128053728,0.121161522368902));
#5017=CARTESIAN_POINT('',(0.0390765038298993,0.0246049128053728,0.121161522368902));
#5018=CARTESIAN_POINT('Origin',(0.0383693970487127,-0.875395087194627,0.120454415587715));
#5019=CARTESIAN_POINT('',(0.0393693970487128,0.124604912805373,0.120454415587715));
#5020=CARTESIAN_POINT('Origin',(0.0383693970487127,0.124604912805373,0.120454415587715));
#5021=CARTESIAN_POINT('',(0.0393693970487128,0.0246049128053728,0.120454415587715));
#5022=CARTESIAN_POINT('',(0.0393693970487128,0.0246049128053728,0.120454415587715));
#5023=CARTESIAN_POINT('Origin',(0.0383693970487127,0.0246049128053728,0.120454415587715));
#5024=CARTESIAN_POINT('Origin',(0.0393693970487128,-0.875395087194627,0.109545584412273));
#5025=CARTESIAN_POINT('',(0.0393693970487128,0.124604912805373,0.109545584412273));
#5026=CARTESIAN_POINT('',(0.0393693970487128,0.124604912805373,0.109545584412273));
#5027=CARTESIAN_POINT('',(0.0393693970487128,0.0246049128053728,0.109545584412273));
#5028=CARTESIAN_POINT('',(0.0393693970487128,0.0246049128053728,0.109545584412273));
#5029=CARTESIAN_POINT('',(0.0393693970487128,0.0246049128053728,0.109545584412273));
#5030=CARTESIAN_POINT('Origin',(0.038369397048713,-0.875395087194627,0.109545584412273));
#5031=CARTESIAN_POINT('',(0.0390765038298994,0.124604912805373,0.108838477631087));
#5032=CARTESIAN_POINT('Origin',(0.038369397048713,0.124604912805373,0.109545584412273));
#5033=CARTESIAN_POINT('',(0.0390765038298994,0.0246049128053728,0.108838477631087));
#5034=CARTESIAN_POINT('',(0.0390765038298994,0.0246049128053728,0.108838477631087));
#5035=CARTESIAN_POINT('Origin',(0.038369397048713,0.0246049128053728,0.109545584412273));
#5036=CARTESIAN_POINT('Origin',(0.036862290267515,-0.875395087194627,0.106624264068702));
#5037=CARTESIAN_POINT('',(0.036862290267515,0.124604912805373,0.106624264068702));
#5038=CARTESIAN_POINT('',(0.036862290267515,0.124604912805373,0.106624264068702));
#5039=CARTESIAN_POINT('',(0.036862290267515,0.0246049128053728,0.106624264068702));
#5040=CARTESIAN_POINT('',(0.036862290267515,0.0246049128053728,0.106624264068702));
#5041=CARTESIAN_POINT('',(0.036862290267515,0.0246049128053728,0.106624264068702));
#5042=CARTESIAN_POINT('Origin',(0.0375693970487014,-0.875395087194627,0.105917157287516));
#5043=CARTESIAN_POINT('',(0.0365693970487016,0.124604912805373,0.105917157287516));
#5044=CARTESIAN_POINT('Origin',(0.0375693970487014,0.124604912805373,0.105917157287516));
#5045=CARTESIAN_POINT('',(0.0365693970487016,0.0246049128053728,0.105917157287516));
#5046=CARTESIAN_POINT('',(0.0365693970487016,0.0246049128053728,0.105917157287516));
#5047=CARTESIAN_POINT('Origin',(0.0375693970487014,0.0246049128053728,0.105917157287516));
#5048=CARTESIAN_POINT('Origin',(0.0365693970487016,-0.875395087194627,0.102800000001786));
#5049=CARTESIAN_POINT('',(0.0365693970487016,0.124604912805373,0.102800000001786));
#5050=CARTESIAN_POINT('',(0.0365693970487016,0.124604912805373,0.102800000001786));
#5051=CARTESIAN_POINT('',(0.0365693970487016,0.0246049128053728,0.102800000001786));
#5052=CARTESIAN_POINT('',(0.0365693970487016,0.0246049128053728,0.102800000001786));
#5053=CARTESIAN_POINT('',(0.0365693970487016,0.0246049128053728,0.102800000001786));
#5054=CARTESIAN_POINT('Origin',(0.0355693970487016,-0.875395087194627,0.102800000001786));
#5055=CARTESIAN_POINT('',(0.0355693970487016,0.124604912805373,0.101800000001786));
#5056=CARTESIAN_POINT('Origin',(0.0355693970487016,0.124604912805373,0.102800000001786));
#5057=CARTESIAN_POINT('',(0.0355693970487016,0.0246049128053728,0.101800000001786));
#5058=CARTESIAN_POINT('',(0.0355693970487016,0.0246049128053728,0.101800000001786));
#5059=CARTESIAN_POINT('Origin',(0.0355693970487016,0.0246049128053728,0.102800000001786));
#5060=CARTESIAN_POINT('Origin',(0.0271693970487211,-0.875395087194627,0.101800000001786));
#5061=CARTESIAN_POINT('',(0.0271693970487211,0.124604912805373,0.101800000001786));
#5062=CARTESIAN_POINT('',(0.0271693970487211,0.124604912805373,0.101800000001786));
#5063=CARTESIAN_POINT('',(0.0271693970487211,0.0246049128053728,0.101800000001786));
#5064=CARTESIAN_POINT('',(0.0271693970487211,0.0246049128053728,0.101800000001786));
#5065=CARTESIAN_POINT('',(0.0271693970487211,0.0246049128053728,0.101800000001786));
#5066=CARTESIAN_POINT('Origin',(0.0271693970487211,-0.875395087194627,0.102800000001786));
#5067=CARTESIAN_POINT('',(0.0261693970487211,0.124604912805373,0.102800000001786));
#5068=CARTESIAN_POINT('Origin',(0.0271693970487211,0.124604912805373,0.102800000001786));
#5069=CARTESIAN_POINT('',(0.0261693970487211,0.0246049128053728,0.102800000001786));
#5070=CARTESIAN_POINT('',(0.0261693970487211,0.0246049128053728,0.102800000001786));
#5071=CARTESIAN_POINT('Origin',(0.0271693970487211,0.0246049128053728,0.102800000001786));
#5072=CARTESIAN_POINT('Origin',(0.0261693970487211,-0.875395087194627,0.105917157287516));
#5073=CARTESIAN_POINT('',(0.0261693970487211,0.124604912805373,0.105917157287516));
#5074=CARTESIAN_POINT('',(0.0261693970487211,0.124604912805373,0.105917157287516));
#5075=CARTESIAN_POINT('',(0.0261693970487211,0.0246049128053728,0.105917157287516));
#5076=CARTESIAN_POINT('',(0.0261693970487211,0.0246049128053728,0.105917157287516));
#5077=CARTESIAN_POINT('',(0.0261693970487211,0.0246049128053728,0.105917157287516));
#5078=CARTESIAN_POINT('Origin',(0.0251693970487213,-0.875395087194627,0.105917157287516));
#5079=CARTESIAN_POINT('Origin',(0.0251693970487213,0.124604912805373,0.105917157287516));
#5080=CARTESIAN_POINT('Origin',(0.0251693970487213,0.0246049128053728,0.105917157287516));
#5081=CARTESIAN_POINT('Origin',(0.0414693970451219,-0.875395087194627,0.1));
#5082=CARTESIAN_POINT('',(0.0212693970523016,0.124604912805373,0.1));
#5083=CARTESIAN_POINT('',(0.0414693970451219,0.124604912805373,0.1));
#5084=CARTESIAN_POINT('',(0.0212693970523016,0.124604912805373,0.1));
#5085=CARTESIAN_POINT('',(0.0414693970451219,0.0246049128053728,0.1));
#5086=CARTESIAN_POINT('',(0.0414693970451219,0.0246049128053728,0.1));
#5087=CARTESIAN_POINT('',(0.0212693970523016,0.0246049128053728,0.1));
#5088=CARTESIAN_POINT('',(0.0212693970523016,0.0246049128053728,0.1));
#5089=CARTESIAN_POINT('',(0.0212693970523016,0.0246049128053728,0.1));
#5090=CARTESIAN_POINT('Origin',(0.0212693970523016,-0.875395087194627,0.1));
#5091=CARTESIAN_POINT('',(0.0212693970523016,0.124604912805373,0.100799999999994));
#5092=CARTESIAN_POINT('',(0.0212693970523016,0.124604912805373,0.100799999999994));
#5093=CARTESIAN_POINT('',(0.0212693970523016,0.0246049128053728,0.100799999999994));
#5094=CARTESIAN_POINT('',(0.0212693970523016,0.0246049128053728,0.100799999999994));
#5095=CARTESIAN_POINT('',(0.0212693970523016,0.0246049128053728,0.100799999999994));
#5096=CARTESIAN_POINT('Origin',(0.0212693970523016,-0.875395087194627,0.100799999999994));
#5097=CARTESIAN_POINT('',(0.0204693970523014,0.124604912805373,0.100799999999994));
#5098=CARTESIAN_POINT('',(0.0204693970523014,0.124604912805373,0.100799999999994));
#5099=CARTESIAN_POINT('',(0.0204693970523014,0.0246049128053728,0.100799999999994));
#5100=CARTESIAN_POINT('',(0.0204693970523014,0.0246049128053728,0.100799999999994));
#5101=CARTESIAN_POINT('',(0.0204693970523014,0.0246049128053728,0.100799999999994));
#5102=CARTESIAN_POINT('Origin',(0.0204693970523014,-0.875395087194627,0.100799999999994));
#5103=CARTESIAN_POINT('',(0.0204693970523014,0.124604912805373,0.102199999999994));
#5104=CARTESIAN_POINT('',(0.0204693970523014,0.124604912805373,0.102199999999994));
#5105=CARTESIAN_POINT('',(0.0204693970523014,0.0246049128053728,0.102199999999994));
#5106=CARTESIAN_POINT('',(0.0204693970523014,0.0246049128053728,0.102199999999994));
#5107=CARTESIAN_POINT('',(0.0204693970523014,0.0246049128053728,0.102199999999994));
#5108=CARTESIAN_POINT('Origin',(0.0204693970523014,-0.875395087194627,0.102199999999994));
#5109=CARTESIAN_POINT('',(0.0233693970487222,0.124604912805373,0.102199999999994));
#5110=CARTESIAN_POINT('',(0.0233693970487222,0.124604912805373,0.102199999999994));
#5111=CARTESIAN_POINT('',(0.0233693970487222,0.0246049128053728,0.102199999999994));
#5112=CARTESIAN_POINT('',(0.0233693970487222,0.0246049128053728,0.102199999999994));
#5113=CARTESIAN_POINT('',(0.0233693970487222,0.0246049128053728,0.102199999999994));
#5114=CARTESIAN_POINT('Origin',(0.0233693970487222,-0.875395087194627,0.103199999999994));
#5115=CARTESIAN_POINT('',(0.0243693970487222,0.124604912805373,0.103199999999994));
#5116=CARTESIAN_POINT('Origin',(0.0233693970487222,0.124604912805373,0.103199999999994));
#5117=CARTESIAN_POINT('',(0.0243693970487222,0.0246049128053728,0.103199999999994));
#5118=CARTESIAN_POINT('Origin',(0.0233693970487222,0.0246049128053728,0.103199999999994));
#5119=CARTESIAN_POINT('',(0.0243693970487222,0.0246049128053728,0.103199999999994));
#5120=CARTESIAN_POINT('Origin',(0.0243693970487222,-0.875395087194627,0.103199999999994));
#5121=CARTESIAN_POINT('',(0.0243693970487222,0.124604912805373,0.105171572873459));
#5122=CARTESIAN_POINT('',(0.0243693970487222,0.124604912805373,0.105171572873459));
#5123=CARTESIAN_POINT('',(0.0243693970487222,0.0246049128053728,0.105171572873459));
#5124=CARTESIAN_POINT('',(0.0243693970487222,0.0246049128053728,0.105171572873459));
#5125=CARTESIAN_POINT('',(0.0243693970487222,0.0246049128053728,0.105171572873459));
#5126=CARTESIAN_POINT('Origin',(0.0233693970487221,-0.875395087194627,0.105171572873459));
#5127=CARTESIAN_POINT('',(0.0240765038299087,0.124604912805373,0.105878679654645));
#5128=CARTESIAN_POINT('Origin',(0.0233693970487221,0.124604912805373,0.105171572873459));
#5129=CARTESIAN_POINT('',(0.0240765038299087,0.0246049128053728,0.105878679654645));
#5130=CARTESIAN_POINT('Origin',(0.0233693970487221,0.0246049128053728,0.105171572873459));
#5131=CARTESIAN_POINT('',(0.0240765038299087,0.0246049128053728,0.105878679654645));
#5132=CARTESIAN_POINT('Origin',(0.0240765038299087,-0.875395087194627,0.105878679654645));
#5133=CARTESIAN_POINT('',(0.0222480767051616,0.124604912805373,0.107707106779393));
#5134=CARTESIAN_POINT('',(0.0222480767051616,0.124604912805373,0.107707106779393));
#5135=CARTESIAN_POINT('',(0.0222480767051616,0.0246049128053728,0.107707106779393));
#5136=CARTESIAN_POINT('',(0.0222480767051616,0.0246049128053728,0.107707106779393));
#5137=CARTESIAN_POINT('',(0.0222480767051616,0.0246049128053728,0.107707106779393));
#5138=CARTESIAN_POINT('Origin',(0.021540969923975,-0.875395087194627,0.106999999998206));
#5139=CARTESIAN_POINT('',(0.021540969923975,0.124604912805373,0.107999999998206));
#5140=CARTESIAN_POINT('Origin',(0.021540969923975,0.124604912805373,0.106999999998206));
#5141=CARTESIAN_POINT('',(0.021540969923975,0.0246049128053728,0.107999999998206));
#5142=CARTESIAN_POINT('Origin',(0.021540969923975,0.0246049128053728,0.106999999998206));
#5143=CARTESIAN_POINT('',(0.021540969923975,0.0246049128053728,0.107999999998206));
#5144=CARTESIAN_POINT('Origin',(0.021540969923975,-0.875395087194627,0.107999999998206));
#5145=CARTESIAN_POINT('',(0.0111978241734765,0.124604912805373,0.107999999998206));
#5146=CARTESIAN_POINT('',(0.0111978241734765,0.124604912805373,0.107999999998206));
#5147=CARTESIAN_POINT('',(0.0111978241734765,0.0246049128053728,0.107999999998206));
#5148=CARTESIAN_POINT('',(0.0111978241734765,0.0246049128053728,0.107999999998206));
#5149=CARTESIAN_POINT('',(0.0111978241734765,0.0246049128053728,0.107999999998206));
#5150=CARTESIAN_POINT('Origin',(0.0111978241734765,-0.875395087194627,0.106999999998206));
#5151=CARTESIAN_POINT('',(0.0104907173922899,0.124604912805373,0.107707106779393));
#5152=CARTESIAN_POINT('Origin',(0.0111978241734765,0.124604912805373,0.106999999998206));
#5153=CARTESIAN_POINT('',(0.0104907173922899,0.0246049128053728,0.107707106779393));
#5154=CARTESIAN_POINT('Origin',(0.0111978241734765,0.0246049128053728,0.106999999998206));
#5155=CARTESIAN_POINT('',(0.0104907173922899,0.0246049128053728,0.107707106779393));
#5156=CARTESIAN_POINT('Origin',(0.0104907173922899,-0.875395087194627,0.107707106779393));
#5157=CARTESIAN_POINT('',(0.00866229026754187,0.124604912805373,0.105878679654645));
#5158=CARTESIAN_POINT('',(0.00866229026754187,0.124604912805373,0.105878679654645));
#5159=CARTESIAN_POINT('',(0.00866229026754187,0.0246049128053728,0.105878679654645));
#5160=CARTESIAN_POINT('',(0.00866229026754187,0.0246049128053728,0.105878679654645));
#5161=CARTESIAN_POINT('',(0.00866229026754187,0.0246049128053728,0.105878679654645));
#5162=CARTESIAN_POINT('Origin',(0.00936939704872847,-0.875395087194627,
0.105171572873458));
#5163=CARTESIAN_POINT('',(0.00836939704872839,0.124604912805373,0.105171572873458));
#5164=CARTESIAN_POINT('Origin',(0.00936939704872847,0.124604912805373,0.105171572873458));
#5165=CARTESIAN_POINT('',(0.00836939704872839,0.0246049128053728,0.105171572873458));
#5166=CARTESIAN_POINT('Origin',(0.00936939704872847,0.0246049128053728,
0.105171572873458));
#5167=CARTESIAN_POINT('',(0.00836939704872839,0.0246049128053728,0.105171572873458));
#5168=CARTESIAN_POINT('Origin',(0.00836939704872839,-0.875395087194627,
0.105171572873458));
#5169=CARTESIAN_POINT('',(0.00836939704872839,0.124604912805373,0.103199999999993));
#5170=CARTESIAN_POINT('',(0.00836939704872839,0.124604912805373,0.103199999999993));
#5171=CARTESIAN_POINT('',(0.00836939704872839,0.0246049128053728,0.103199999999993));
#5172=CARTESIAN_POINT('',(0.00836939704872839,0.0246049128053728,0.103199999999993));
#5173=CARTESIAN_POINT('',(0.00836939704872839,0.0246049128053728,0.103199999999993));
#5174=CARTESIAN_POINT('Origin',(0.00936939704872838,-0.875395087194627,
0.103199999999993));
#5175=CARTESIAN_POINT('',(0.00936939704872838,0.124604912805373,0.102199999999993));
#5176=CARTESIAN_POINT('Origin',(0.00936939704872838,0.124604912805373,0.103199999999993));
#5177=CARTESIAN_POINT('',(0.00936939704872838,0.0246049128053728,0.102199999999993));
#5178=CARTESIAN_POINT('Origin',(0.00936939704872838,0.0246049128053728,
0.103199999999993));
#5179=CARTESIAN_POINT('',(0.00936939704872838,0.0246049128053728,0.102199999999993));
#5180=CARTESIAN_POINT('Origin',(0.00936939704872838,-0.875395087194627,
0.102199999999993));
#5181=CARTESIAN_POINT('',(0.0122693970451492,0.124604912805373,0.102199999999993));
#5182=CARTESIAN_POINT('',(0.0122693970451492,0.124604912805373,0.102199999999993));
#5183=CARTESIAN_POINT('',(0.0122693970451492,0.0246049128053728,0.102199999999993));
#5184=CARTESIAN_POINT('',(0.0122693970451492,0.0246049128053728,0.102199999999993));
#5185=CARTESIAN_POINT('',(0.0122693970451492,0.0246049128053728,0.102199999999993));
#5186=CARTESIAN_POINT('Origin',(0.0122693970451492,-0.875395087194627,0.102199999999993));
#5187=CARTESIAN_POINT('',(0.0122693970451492,0.124604912805373,0.100799999999994));
#5188=CARTESIAN_POINT('',(0.0122693970451492,0.124604912805373,0.100799999999994));
#5189=CARTESIAN_POINT('',(0.0122693970451492,0.0246049128053728,0.100799999999994));
#5190=CARTESIAN_POINT('',(0.0122693970451492,0.0246049128053728,0.100799999999994));
#5191=CARTESIAN_POINT('',(0.0122693970451492,0.0246049128053728,0.100799999999994));
#5192=CARTESIAN_POINT('Origin',(0.0122693970451492,-0.875395087194627,0.100799999999994));
#5193=CARTESIAN_POINT('',(0.011469397045149,0.124604912805373,0.100799999999994));
#5194=CARTESIAN_POINT('',(0.011469397045149,0.124604912805373,0.100799999999994));
#5195=CARTESIAN_POINT('',(0.011469397045149,0.0246049128053728,0.100799999999994));
#5196=CARTESIAN_POINT('',(0.011469397045149,0.0246049128053728,0.100799999999994));
#5197=CARTESIAN_POINT('',(0.011469397045149,0.0246049128053728,0.100799999999994));
#5198=CARTESIAN_POINT('Origin',(0.011469397045149,-0.875395087194627,0.100799999999994));
#5199=CARTESIAN_POINT('',(0.011469397045149,0.124604912805373,0.0999999999999936));
#5200=CARTESIAN_POINT('',(0.011469397045149,0.124604912805373,0.0999999999999936));
#5201=CARTESIAN_POINT('',(0.011469397045149,0.0246049128053728,0.0999999999999936));
#5202=CARTESIAN_POINT('',(0.011469397045149,0.0246049128053728,0.0999999999999936));
#5203=CARTESIAN_POINT('',(0.011469397045149,0.0246049128053728,0.0999999999999936));
#5204=CARTESIAN_POINT('Origin',(0.011469397045149,-0.875395087194627,0.0999999999999936));
#5205=CARTESIAN_POINT('',(0.00336939704872293,0.124604912805373,0.0999999999999936));
#5206=CARTESIAN_POINT('',(0.00336939704872293,0.124604912805373,0.0999999999999936));
#5207=CARTESIAN_POINT('',(0.00336939704872293,0.0246049128053728,0.0999999999999936));
#5208=CARTESIAN_POINT('',(0.00336939704872293,0.0246049128053728,0.0999999999999936));
#5209=CARTESIAN_POINT('',(0.00336939704872293,0.0246049128053728,0.0999999999999936));
#5210=CARTESIAN_POINT('Origin',(0.00336939704872293,-0.875395087194627,
0.101999999999994));
#5211=CARTESIAN_POINT('',(0.00136939704872293,0.124604912805373,0.101999999999994));
#5212=CARTESIAN_POINT('Origin',(0.00336939704872293,0.124604912805373,0.101999999999994));
#5213=CARTESIAN_POINT('',(0.00136939704872293,0.0246049128053728,0.101999999999994));
#5214=CARTESIAN_POINT('Origin',(0.00336939704872293,0.0246049128053728,
0.101999999999994));
#5215=CARTESIAN_POINT('',(0.00136939704872293,0.0246049128053728,0.101999999999994));
#5216=CARTESIAN_POINT('Origin',(0.00136939704872293,-0.875395087194627,
0.101999999999994));
#5217=CARTESIAN_POINT('',(0.00136939704872293,0.124604912805373,0.11009999999641));
#5218=CARTESIAN_POINT('',(0.00136939704872293,0.124604912805373,0.11009999999641));
#5219=CARTESIAN_POINT('',(0.00136939704872293,0.0246049128053728,0.11009999999641));
#5220=CARTESIAN_POINT('',(0.00136939704872293,0.0246049128053728,0.11009999999641));
#5221=CARTESIAN_POINT('',(0.00136939704872293,0.0246049128053728,0.11009999999641));
#5222=CARTESIAN_POINT('Origin',(0.00136939704872293,-0.875395087194627,
0.11009999999641));
#5223=CARTESIAN_POINT('',(0.00216939704583819,0.124604912805373,0.11009999999641));
#5224=CARTESIAN_POINT('',(0.00216939704583819,0.124604912805373,0.11009999999641));
#5225=CARTESIAN_POINT('',(0.00216939704583819,0.0246049128053728,0.11009999999641));
#5226=CARTESIAN_POINT('',(0.00216939704583819,0.0246049128053728,0.11009999999641));
#5227=CARTESIAN_POINT('',(0.00216939704583819,0.0246049128053728,0.11009999999641));
#5228=CARTESIAN_POINT('Origin',(0.00216939704583819,-0.875395087194627,
0.11009999999641));
#5229=CARTESIAN_POINT('',(0.00216939704583819,0.124604912805373,0.11089999999641));
#5230=CARTESIAN_POINT('',(0.00216939704583819,0.124604912805373,0.11089999999641));
#5231=CARTESIAN_POINT('',(0.00216939704583819,0.0246049128053728,0.11089999999641));
#5232=CARTESIAN_POINT('',(0.00216939704583819,0.0246049128053728,0.11089999999641));
#5233=CARTESIAN_POINT('',(0.00216939704583819,0.0246049128053728,0.11089999999641));
#5234=CARTESIAN_POINT('Origin',(0.00216939704583819,-0.875395087194627,
0.11089999999641));
#5235=CARTESIAN_POINT('',(0.00356939704583874,0.124604912805373,0.11089999999641));
#5236=CARTESIAN_POINT('',(0.00356939704583874,0.124604912805373,0.11089999999641));
#5237=CARTESIAN_POINT('',(0.00356939704583874,0.0246049128053728,0.11089999999641));
#5238=CARTESIAN_POINT('',(0.00356939704583874,0.0246049128053728,0.11089999999641));
#5239=CARTESIAN_POINT('',(0.00356939704583874,0.0246049128053728,0.11089999999641));
#5240=CARTESIAN_POINT('Origin',(0.00356939704583874,-0.875395087194627,
0.11089999999641));
#5241=CARTESIAN_POINT('',(0.00356939704583874,0.124604912805373,0.10799999999999));
#5242=CARTESIAN_POINT('',(0.00356939704583874,0.124604912805373,0.10799999999999));
#5243=CARTESIAN_POINT('',(0.00356939704583874,0.0246049128053728,0.10799999999999));
#5244=CARTESIAN_POINT('',(0.00356939704583874,0.0246049128053728,0.10799999999999));
#5245=CARTESIAN_POINT('',(0.00356939704583874,0.0246049128053728,0.10799999999999));
#5246=CARTESIAN_POINT('Origin',(0.00456939704583874,-0.875395087194627,
0.10799999999999));
#5247=CARTESIAN_POINT('',(0.00456939704583874,0.124604912805373,0.10699999999999));
#5248=CARTESIAN_POINT('Origin',(0.00456939704583874,0.124604912805373,0.10799999999999));
#5249=CARTESIAN_POINT('',(0.00456939704583874,0.0246049128053728,0.10699999999999));
#5250=CARTESIAN_POINT('Origin',(0.00456939704583874,0.0246049128053728,
0.10799999999999));
#5251=CARTESIAN_POINT('',(0.00456939704583874,0.0246049128053728,0.10699999999999));
#5252=CARTESIAN_POINT('Origin',(0.00456939704583874,-0.875395087194627,
0.10699999999999));
#5253=CARTESIAN_POINT('',(0.00654096991930328,0.124604912805373,0.10699999999999));
#5254=CARTESIAN_POINT('',(0.00654096991930328,0.124604912805373,0.10699999999999));
#5255=CARTESIAN_POINT('',(0.00654096991930328,0.0246049128053728,0.10699999999999));
#5256=CARTESIAN_POINT('',(0.00654096991930328,0.0246049128053728,0.10699999999999));
#5257=CARTESIAN_POINT('',(0.00654096991930328,0.0246049128053728,0.10699999999999));
#5258=CARTESIAN_POINT('Origin',(0.00654096991930328,-0.875395087194627,
0.10799999999999));
#5259=CARTESIAN_POINT('',(0.00724807670048988,0.124604912805373,0.107292893218803));
#5260=CARTESIAN_POINT('Origin',(0.00654096991930328,0.124604912805373,0.10799999999999));
#5261=CARTESIAN_POINT('',(0.00724807670048988,0.0246049128053728,0.107292893218803));
#5262=CARTESIAN_POINT('Origin',(0.00654096991930328,0.0246049128053728,
0.10799999999999));
#5263=CARTESIAN_POINT('',(0.00724807670048988,0.0246049128053728,0.107292893218803));
#5264=CARTESIAN_POINT('Origin',(0.00724807670048988,-0.875395087194627,
0.107292893218803));
#5265=CARTESIAN_POINT('',(0.00907650382523701,0.124604912805373,0.109121320343551));
#5266=CARTESIAN_POINT('',(0.00907650382523701,0.124604912805373,0.109121320343551));
#5267=CARTESIAN_POINT('',(0.00907650382523701,0.0246049128053728,0.109121320343551));
#5268=CARTESIAN_POINT('',(0.00907650382523701,0.0246049128053728,0.109121320343551));
#5269=CARTESIAN_POINT('',(0.00907650382523701,0.0246049128053728,0.109121320343551));
#5270=CARTESIAN_POINT('Origin',(0.0083693970440504,-0.875395087194627,0.109828427124737));
#5271=CARTESIAN_POINT('',(0.00936939704405048,0.124604912805373,0.109828427124737));
#5272=CARTESIAN_POINT('Origin',(0.0083693970440504,0.124604912805373,0.109828427124737));
#5273=CARTESIAN_POINT('',(0.00936939704405048,0.0246049128053728,0.109828427124737));
#5274=CARTESIAN_POINT('Origin',(0.0083693970440504,0.0246049128053728,0.109828427124737));
#5275=CARTESIAN_POINT('',(0.00936939704405048,0.0246049128053728,0.109828427124737));
#5276=CARTESIAN_POINT('Origin',(0.00936939704405048,-0.875395087194627,
0.109828427124737));
#5277=CARTESIAN_POINT('',(0.00936939704405048,0.124604912805373,0.120171572875236));
#5278=CARTESIAN_POINT('',(0.00936939704405048,0.124604912805373,0.120171572875236));
#5279=CARTESIAN_POINT('',(0.00936939704405048,0.0246049128053728,0.120171572875236));
#5280=CARTESIAN_POINT('',(0.00936939704405048,0.0246049128053728,0.120171572875236));
#5281=CARTESIAN_POINT('',(0.00936939704405048,0.0246049128053728,0.120171572875236));
#5282=CARTESIAN_POINT('Origin',(0.00836939704405073,-0.875395087194627,
0.120171572875236));
#5283=CARTESIAN_POINT('',(0.00907650382523666,0.124604912805373,0.120878679656422));
#5284=CARTESIAN_POINT('Origin',(0.00836939704405073,0.124604912805373,0.120171572875236));
#5285=CARTESIAN_POINT('',(0.00907650382523666,0.0246049128053728,0.120878679656422));
#5286=CARTESIAN_POINT('Origin',(0.00836939704405073,0.0246049128053728,
0.120171572875236));
#5287=CARTESIAN_POINT('',(0.00907650382523666,0.0246049128053728,0.120878679656422));
#5288=CARTESIAN_POINT('Origin',(0.00907650382523666,-0.875395087194627,
0.120878679656422));
#5289=CARTESIAN_POINT('',(0.00724807670048953,0.124604912805373,0.12270710678117));
#5290=CARTESIAN_POINT('',(0.00724807670048953,0.124604912805373,0.12270710678117));
#5291=CARTESIAN_POINT('',(0.00724807670048953,0.0246049128053728,0.12270710678117));
#5292=CARTESIAN_POINT('',(0.00724807670048953,0.0246049128053728,0.12270710678117));
#5293=CARTESIAN_POINT('',(0.00724807670048953,0.0246049128053728,0.12270710678117));
#5294=CARTESIAN_POINT('Origin',(0.00654096991930293,-0.875395087194627,
0.121999999999983));
#5295=CARTESIAN_POINT('',(0.00654096991930293,0.124604912805373,0.122999999999983));
#5296=CARTESIAN_POINT('Origin',(0.00654096991930293,0.124604912805373,0.121999999999983));
#5297=CARTESIAN_POINT('',(0.00654096991930293,0.0246049128053728,0.122999999999983));
#5298=CARTESIAN_POINT('Origin',(0.00654096991930293,0.0246049128053728,
0.121999999999983));
#5299=CARTESIAN_POINT('',(0.00654096991930293,0.0246049128053728,0.122999999999983));
#5300=CARTESIAN_POINT('Origin',(0.00654096991930293,-0.875395087194627,
0.122999999999983));
#5301=CARTESIAN_POINT('',(0.00456939704583839,0.124604912805373,0.122999999999983));
#5302=CARTESIAN_POINT('',(0.00456939704583839,0.124604912805373,0.122999999999983));
#5303=CARTESIAN_POINT('',(0.00456939704583839,0.0246049128053728,0.122999999999983));
#5304=CARTESIAN_POINT('',(0.00456939704583839,0.0246049128053728,0.122999999999983));
#5305=CARTESIAN_POINT('',(0.00456939704583839,0.0246049128053728,0.122999999999983));
#5306=CARTESIAN_POINT('Origin',(0.00456939704583839,-0.875395087194627,
0.121999999999983));
#5307=CARTESIAN_POINT('',(0.00356939704583839,0.124604912805373,0.121999999999983));
#5308=CARTESIAN_POINT('Origin',(0.00456939704583839,0.124604912805373,0.121999999999983));
#5309=CARTESIAN_POINT('',(0.00356939704583839,0.0246049128053728,0.121999999999983));
#5310=CARTESIAN_POINT('Origin',(0.00456939704583839,0.0246049128053728,
0.121999999999983));
#5311=CARTESIAN_POINT('',(0.00356939704583839,0.0246049128053728,0.121999999999983));
#5312=CARTESIAN_POINT('Origin',(0.00356939704583839,-0.875395087194627,
0.121999999999983));
#5313=CARTESIAN_POINT('',(0.00356939704583839,0.124604912805373,0.119100000003563));
#5314=CARTESIAN_POINT('',(0.00356939704583839,0.124604912805373,0.119100000003563));
#5315=CARTESIAN_POINT('',(0.00356939704583839,0.0246049128053728,0.119100000003563));
#5316=CARTESIAN_POINT('',(0.00356939704583839,0.0246049128053728,0.119100000003563));
#5317=CARTESIAN_POINT('',(0.00356939704583839,0.0246049128053728,0.119100000003563));
#5318=CARTESIAN_POINT('Origin',(0.00356939704583839,-0.875395087194627,
0.119100000003563));
#5319=CARTESIAN_POINT('',(0.00216939704583876,0.124604912805373,0.119100000003563));
#5320=CARTESIAN_POINT('',(0.00216939704583876,0.124604912805373,0.119100000003563));
#5321=CARTESIAN_POINT('',(0.00216939704583876,0.0246049128053728,0.119100000003563));
#5322=CARTESIAN_POINT('',(0.00216939704583876,0.0246049128053728,0.119100000003563));
#5323=CARTESIAN_POINT('',(0.00216939704583876,0.0246049128053728,0.119100000003563));
#5324=CARTESIAN_POINT('Origin',(0.00216939704583876,-0.875395087194627,
0.119100000003563));
#5325=CARTESIAN_POINT('',(0.00216939704583876,0.124604912805373,0.119900000003563));
#5326=CARTESIAN_POINT('',(0.00216939704583876,0.124604912805373,0.119900000003563));
#5327=CARTESIAN_POINT('',(0.00216939704583876,0.0246049128053728,0.119900000003563));
#5328=CARTESIAN_POINT('',(0.00216939704583876,0.0246049128053728,0.119900000003563));
#5329=CARTESIAN_POINT('',(0.00216939704583876,0.0246049128053728,0.119900000003563));
#5330=CARTESIAN_POINT('Origin',(0.00216939704583876,-0.875395087194627,
0.119900000003563));
#5331=CARTESIAN_POINT('',(0.00136939704872258,0.124604912805373,0.119900000003563));
#5332=CARTESIAN_POINT('',(0.00136939704872258,0.124604912805373,0.119900000003563));
#5333=CARTESIAN_POINT('',(0.00136939704872258,0.0246049128053728,0.119900000003563));
#5334=CARTESIAN_POINT('',(0.00136939704872258,0.0246049128053728,0.119900000003563));
#5335=CARTESIAN_POINT('',(0.00136939704872258,0.0246049128053728,0.119900000003563));
#5336=CARTESIAN_POINT('Origin',(0.00136939704872258,-0.875395087194627,
0.119900000003563));
#5337=CARTESIAN_POINT('',(0.00136939704872258,0.124604912805373,0.127999999999979));
#5338=CARTESIAN_POINT('',(0.00136939704872258,0.124604912805373,0.127999999999979));
#5339=CARTESIAN_POINT('',(0.00136939704872258,0.0246049128053728,0.127999999999979));
#5340=CARTESIAN_POINT('',(0.00136939704872258,0.0246049128053728,0.127999999999979));
#5341=CARTESIAN_POINT('',(0.00136939704872258,0.0246049128053728,0.127999999999979));
#5342=CARTESIAN_POINT('Origin',(0.00336939704872258,-0.875395087194627,
0.127999999999979));
#5343=CARTESIAN_POINT('',(0.00336939704872258,0.124604912805373,0.129999999999979));
#5344=CARTESIAN_POINT('Origin',(0.00336939704872258,0.124604912805373,0.127999999999979));
#5345=CARTESIAN_POINT('',(0.00336939704872258,0.0246049128053728,0.129999999999979));
#5346=CARTESIAN_POINT('Origin',(0.00336939704872258,0.0246049128053728,
0.127999999999979));
#5347=CARTESIAN_POINT('',(0.00336939704872258,0.0246049128053728,0.129999999999979));
#5348=CARTESIAN_POINT('Origin',(0.00336939704872258,-0.875395087194627,
0.129999999999979));
#5349=CARTESIAN_POINT('',(0.011469397045135,0.124604912805373,0.129999999999979));
#5350=CARTESIAN_POINT('',(0.011469397045135,0.124604912805373,0.129999999999979));
#5351=CARTESIAN_POINT('',(0.011469397045135,0.0246049128053728,0.129999999999979));
#5352=CARTESIAN_POINT('',(0.011469397045135,0.0246049128053728,0.129999999999979));
#5353=CARTESIAN_POINT('',(0.011469397045135,0.0246049128053728,0.129999999999979));
#5354=CARTESIAN_POINT('Origin',(0.011469397045135,-0.875395087194627,0.129999999999979));
#5355=CARTESIAN_POINT('',(0.011469397045135,0.124604912805373,0.129199999999983));
#5356=CARTESIAN_POINT('',(0.011469397045135,0.124604912805373,0.129199999999983));
#5357=CARTESIAN_POINT('',(0.011469397045135,0.0246049128053728,0.129199999999983));
#5358=CARTESIAN_POINT('',(0.011469397045135,0.0246049128053728,0.129199999999983));
#5359=CARTESIAN_POINT('',(0.011469397045135,0.0246049128053728,0.129199999999983));
#5360=CARTESIAN_POINT('Origin',(0.011469397045135,-0.875395087194627,0.129199999999983));
#5361=CARTESIAN_POINT('',(0.0122693970451343,0.124604912805373,0.129199999999983));
#5362=CARTESIAN_POINT('',(0.0122693970451343,0.124604912805373,0.129199999999983));
#5363=CARTESIAN_POINT('',(0.0122693970451343,0.0246049128053728,0.129199999999983));
#5364=CARTESIAN_POINT('',(0.0122693970451343,0.0246049128053728,0.129199999999983));
#5365=CARTESIAN_POINT('',(0.0122693970451343,0.0246049128053728,0.129199999999983));
#5366=CARTESIAN_POINT('Origin',(0.0122693970451343,-0.875395087194627,0.129199999999983));
#5367=CARTESIAN_POINT('',(0.0122693970451343,0.124604912805373,0.127799999999983));
#5368=CARTESIAN_POINT('',(0.0122693970451343,0.124604912805373,0.127799999999983));
#5369=CARTESIAN_POINT('',(0.0122693970451343,0.0246049128053728,0.127799999999983));
#5370=CARTESIAN_POINT('',(0.0122693970451343,0.0246049128053728,0.127799999999983));
#5371=CARTESIAN_POINT('',(0.0122693970451343,0.0246049128053728,0.127799999999983));
#5372=CARTESIAN_POINT('Origin',(0.0122693970451343,-0.875395087194627,0.127799999999983));
#5373=CARTESIAN_POINT('',(0.0093693970487144,0.124604912805373,0.127799999999983));
#5374=CARTESIAN_POINT('',(0.0093693970487144,0.124604912805373,0.127799999999983));
#5375=CARTESIAN_POINT('',(0.0093693970487144,0.0246049128053728,0.127799999999983));
#5376=CARTESIAN_POINT('',(0.0093693970487144,0.0246049128053728,0.127799999999983));
#5377=CARTESIAN_POINT('',(0.0093693970487144,0.0246049128053728,0.127799999999983));
#5378=CARTESIAN_POINT('Origin',(0.0093693970487144,-0.875395087194627,0.126799999999983));
#5379=CARTESIAN_POINT('',(0.0083693970487144,0.124604912805373,0.126799999999983));
#5380=CARTESIAN_POINT('Origin',(0.0093693970487144,0.124604912805373,0.126799999999983));
#5381=CARTESIAN_POINT('',(0.0083693970487144,0.0246049128053728,0.126799999999983));
#5382=CARTESIAN_POINT('Origin',(0.0093693970487144,0.0246049128053728,0.126799999999983));
#5383=CARTESIAN_POINT('',(0.0083693970487144,0.0246049128053728,0.126799999999983));
#5384=CARTESIAN_POINT('Origin',(0.0083693970487144,-0.875395087194627,0.126799999999983));
#5385=CARTESIAN_POINT('',(0.0083693970487144,0.124604912805373,0.124828427126519));
#5386=CARTESIAN_POINT('',(0.0083693970487144,0.124604912805373,0.124828427126519));
#5387=CARTESIAN_POINT('',(0.0083693970487144,0.0246049128053728,0.124828427126519));
#5388=CARTESIAN_POINT('',(0.0083693970487144,0.0246049128053728,0.124828427126519));
#5389=CARTESIAN_POINT('',(0.0083693970487144,0.0246049128053728,0.124828427126519));
#5390=CARTESIAN_POINT('Origin',(0.00936939704871449,-0.875395087194627,
0.124828427126519));
#5391=CARTESIAN_POINT('',(0.00866229026752788,0.124604912805373,0.124121320345332));
#5392=CARTESIAN_POINT('Origin',(0.00936939704871449,0.124604912805373,0.124828427126519));
#5393=CARTESIAN_POINT('',(0.00866229026752788,0.0246049128053728,0.124121320345332));
#5394=CARTESIAN_POINT('Origin',(0.00936939704871449,0.0246049128053728,
0.124828427126519));
#5395=CARTESIAN_POINT('',(0.00866229026752788,0.0246049128053728,0.124121320345332));
#5396=CARTESIAN_POINT('Origin',(0.00866229026752788,-0.875395087194627,
0.124121320345332));
#5397=CARTESIAN_POINT('',(0.010490717392275,0.124604912805373,0.122292893220585));
#5398=CARTESIAN_POINT('',(0.010490717392275,0.124604912805373,0.122292893220585));
#5399=CARTESIAN_POINT('',(0.010490717392275,0.0246049128053728,0.122292893220585));
#5400=CARTESIAN_POINT('',(0.010490717392275,0.0246049128053728,0.122292893220585));
#5401=CARTESIAN_POINT('',(0.010490717392275,0.0246049128053728,0.122292893220585));
#5402=CARTESIAN_POINT('Origin',(0.0111978241734616,-0.875395087194627,0.123000000001772));
#5403=CARTESIAN_POINT('',(0.0111978241734616,0.124604912805373,0.122000000001772));
#5404=CARTESIAN_POINT('Origin',(0.0111978241734616,0.124604912805373,0.123000000001772));
#5405=CARTESIAN_POINT('',(0.0111978241734616,0.0246049128053728,0.122000000001772));
#5406=CARTESIAN_POINT('Origin',(0.0111978241734616,0.0246049128053728,0.123000000001772));
#5407=CARTESIAN_POINT('',(0.0111978241734616,0.0246049128053728,0.122000000001772));
#5408=CARTESIAN_POINT('Origin',(0.0111978241734616,-0.875395087194627,0.122000000001772));
#5409=CARTESIAN_POINT('',(0.0215409699239601,0.124604912805373,0.122000000001772));
#5410=CARTESIAN_POINT('',(0.0215409699239601,0.124604912805373,0.122000000001772));
#5411=CARTESIAN_POINT('',(0.0215409699239601,0.0246049128053728,0.122000000001772));
#5412=CARTESIAN_POINT('',(0.0215409699239601,0.0246049128053728,0.122000000001772));
#5413=CARTESIAN_POINT('',(0.0215409699239601,0.0246049128053728,0.122000000001772));
#5414=CARTESIAN_POINT('Origin',(0.0215409699239601,-0.875395087194627,0.123000000001771));
#5415=CARTESIAN_POINT('',(0.0222480767051469,0.124604912805373,0.122292893220585));
#5416=CARTESIAN_POINT('Origin',(0.0215409699239601,0.124604912805373,0.123000000001771));
#5417=CARTESIAN_POINT('',(0.0222480767051469,0.0246049128053728,0.122292893220585));
#5418=CARTESIAN_POINT('Origin',(0.0215409699239601,0.0246049128053728,0.123000000001771));
#5419=CARTESIAN_POINT('',(0.0222480767051469,0.0246049128053728,0.122292893220585));
#5420=CARTESIAN_POINT('Origin',(0.0222480767051469,-0.875395087194627,0.122292893220585));
#5421=CARTESIAN_POINT('',(0.0240765038298945,0.124604912805373,0.124121320345333));
#5422=CARTESIAN_POINT('',(0.0240765038298945,0.124604912805373,0.124121320345333));
#5423=CARTESIAN_POINT('',(0.0240765038298945,0.0246049128053728,0.124121320345333));
#5424=CARTESIAN_POINT('',(0.0240765038298945,0.0246049128053728,0.124121320345333));
#5425=CARTESIAN_POINT('',(0.0240765038298945,0.0246049128053728,0.124121320345333));
#5426=CARTESIAN_POINT('Origin',(0.0233693970487072,-0.875395087194627,0.124828427126519));
#5427=CARTESIAN_POINT('',(0.0243693970487076,0.124604912805373,0.124828427126519));
#5428=CARTESIAN_POINT('Origin',(0.0233693970487072,0.124604912805373,0.124828427126519));
#5429=CARTESIAN_POINT('',(0.0243693970487076,0.0246049128053728,0.124828427126519));
#5430=CARTESIAN_POINT('Origin',(0.0233693970487072,0.0246049128053728,0.124828427126519));
#5431=CARTESIAN_POINT('',(0.0243693970487076,0.0246049128053728,0.124828427126519));
#5432=CARTESIAN_POINT('Origin',(0.0243693970487076,-0.875395087194627,0.124828427126519));
#5433=CARTESIAN_POINT('',(0.0243693970487076,0.124604912805373,0.126799999999984));
#5434=CARTESIAN_POINT('',(0.0243693970487076,0.124604912805373,0.126799999999984));
#5435=CARTESIAN_POINT('',(0.0243693970487076,0.0246049128053728,0.126799999999984));
#5436=CARTESIAN_POINT('',(0.0243693970487076,0.0246049128053728,0.126799999999984));
#5437=CARTESIAN_POINT('',(0.0243693970487076,0.0246049128053728,0.126799999999984));
#5438=CARTESIAN_POINT('Origin',(0.0233693970487076,-0.875395087194627,0.126799999999984));
#5439=CARTESIAN_POINT('',(0.0233693970487076,0.124604912805373,0.127799999999984));
#5440=CARTESIAN_POINT('Origin',(0.0233693970487076,0.124604912805373,0.126799999999984));
#5441=CARTESIAN_POINT('',(0.0233693970487076,0.0246049128053728,0.127799999999984));
#5442=CARTESIAN_POINT('Origin',(0.0233693970487076,0.0246049128053728,0.126799999999984));
#5443=CARTESIAN_POINT('',(0.0233693970487076,0.0246049128053728,0.127799999999984));
#5444=CARTESIAN_POINT('Origin',(0.0233693970487076,-0.875395087194627,0.127799999999984));
#5445=CARTESIAN_POINT('',(0.0204693970522878,0.124604912805373,0.127799999999984));
#5446=CARTESIAN_POINT('',(0.0204693970522878,0.124604912805373,0.127799999999984));
#5447=CARTESIAN_POINT('',(0.0204693970522878,0.0246049128053728,0.127799999999984));
#5448=CARTESIAN_POINT('',(0.0204693970522878,0.0246049128053728,0.127799999999984));
#5449=CARTESIAN_POINT('',(0.0204693970522878,0.0246049128053728,0.127799999999984));
#5450=CARTESIAN_POINT('Origin',(0.0204693970522878,-0.875395087194627,0.127799999999984));
#5451=CARTESIAN_POINT('',(0.0204693970522878,0.124604912805373,0.129199999999983));
#5452=CARTESIAN_POINT('',(0.0204693970522878,0.124604912805373,0.129199999999983));
#5453=CARTESIAN_POINT('',(0.0204693970522878,0.0246049128053728,0.129199999999983));
#5454=CARTESIAN_POINT('',(0.0204693970522878,0.0246049128053728,0.129199999999983));
#5455=CARTESIAN_POINT('',(0.0204693970522878,0.0246049128053728,0.129199999999983));
#5456=CARTESIAN_POINT('Origin',(0.0204693970522878,-0.875395087194627,0.129199999999983));
#5457=CARTESIAN_POINT('',(0.021269397052288,0.124604912805373,0.129199999999983));
#5458=CARTESIAN_POINT('',(0.021269397052288,0.124604912805373,0.129199999999983));
#5459=CARTESIAN_POINT('',(0.021269397052288,0.0246049128053728,0.129199999999983));
#5460=CARTESIAN_POINT('',(0.021269397052288,0.0246049128053728,0.129199999999983));
#5461=CARTESIAN_POINT('',(0.021269397052288,0.0246049128053728,0.129199999999983));
#5462=CARTESIAN_POINT('Origin',(0.021269397052288,-0.875395087194627,0.129199999999983));
#5463=CARTESIAN_POINT('',(0.021269397052288,0.124604912805373,0.129999999999984));
#5464=CARTESIAN_POINT('',(0.021269397052288,0.124604912805373,0.129999999999984));
#5465=CARTESIAN_POINT('',(0.021269397052288,0.0246049128053728,0.129999999999984));
#5466=CARTESIAN_POINT('',(0.021269397052288,0.0246049128053728,0.129999999999984));
#5467=CARTESIAN_POINT('',(0.021269397052288,0.0246049128053728,0.129999999999984));
#5468=CARTESIAN_POINT('Origin',(0.021269397052288,-0.875395087194627,0.129999999999984));
#5469=CARTESIAN_POINT('',(0.0414693970451346,0.124604912805373,0.129999999999984));
#5470=CARTESIAN_POINT('',(0.0414693970451346,0.124604912805373,0.129999999999984));
#5471=CARTESIAN_POINT('',(0.0414693970451346,0.0246049128053728,0.129999999999984));
#5472=CARTESIAN_POINT('',(0.0414693970451346,0.0246049128053728,0.129999999999984));
#5473=CARTESIAN_POINT('',(0.0414693970451346,0.0246049128053728,0.129999999999984));
#5474=CARTESIAN_POINT('Origin',(0.0414693970451346,-0.875395087194627,0.129999999999984));
#5475=CARTESIAN_POINT('',(0.0414693970451346,0.124604912805373,0.129199999999983));
#5476=CARTESIAN_POINT('',(0.0414693970451346,0.124604912805373,0.129199999999983));
#5477=CARTESIAN_POINT('',(0.0414693970451346,0.0246049128053728,0.129199999999983));
#5478=CARTESIAN_POINT('',(0.0414693970451346,0.0246049128053728,0.129199999999983));
#5479=CARTESIAN_POINT('',(0.0414693970451346,0.0246049128053728,0.129199999999983));
#5480=CARTESIAN_POINT('Origin',(0.0414693970451346,-0.875395087194627,0.129199999999983));
#5481=CARTESIAN_POINT('',(0.0422693970451339,0.124604912805373,0.129199999999983));
#5482=CARTESIAN_POINT('',(0.0422693970451339,0.124604912805373,0.129199999999983));
#5483=CARTESIAN_POINT('',(0.0422693970451339,0.0246049128053728,0.129199999999983));
#5484=CARTESIAN_POINT('',(0.0422693970451339,0.0246049128053728,0.129199999999983));
#5485=CARTESIAN_POINT('',(0.0422693970451339,0.0246049128053728,0.129199999999983));
#5486=CARTESIAN_POINT('Origin',(0.0422693970451339,-0.875395087194627,0.129199999999983));
#5487=CARTESIAN_POINT('',(0.0422693970451339,0.124604912805373,0.127799999999984));
#5488=CARTESIAN_POINT('',(0.0422693970451339,0.124604912805373,0.127799999999984));
#5489=CARTESIAN_POINT('',(0.0422693970451339,0.0246049128053728,0.127799999999984));
#5490=CARTESIAN_POINT('',(0.0422693970451339,0.0246049128053728,0.127799999999984));
#5491=CARTESIAN_POINT('',(0.0422693970451339,0.0246049128053728,0.127799999999984));
#5492=CARTESIAN_POINT('Origin',(0.0422693970451339,-0.875395087194627,0.127799999999984));
#5493=CARTESIAN_POINT('',(0.039369397048714,0.124604912805373,0.127799999999984));
#5494=CARTESIAN_POINT('',(0.039369397048714,0.124604912805373,0.127799999999984));
#5495=CARTESIAN_POINT('',(0.039369397048714,0.0246049128053728,0.127799999999984));
#5496=CARTESIAN_POINT('',(0.039369397048714,0.0246049128053728,0.127799999999984));
#5497=CARTESIAN_POINT('',(0.039369397048714,0.0246049128053728,0.127799999999984));
#5498=CARTESIAN_POINT('Origin',(0.039369397048714,-0.875395087194627,0.126799999999984));
#5499=CARTESIAN_POINT('',(0.038369397048714,0.124604912805373,0.126799999999984));
#5500=CARTESIAN_POINT('Origin',(0.039369397048714,0.124604912805373,0.126799999999984));
#5501=CARTESIAN_POINT('',(0.038369397048714,0.0246049128053728,0.126799999999984));
#5502=CARTESIAN_POINT('Origin',(0.039369397048714,0.0246049128053728,0.126799999999984));
#5503=CARTESIAN_POINT('',(0.038369397048714,0.0246049128053728,0.126799999999984));
#5504=CARTESIAN_POINT('Origin',(0.038369397048714,-0.875395087194627,0.126799999999984));
#5505=CARTESIAN_POINT('',(0.038369397048714,0.124604912805373,0.124828427126519));
#5506=CARTESIAN_POINT('',(0.038369397048714,0.124604912805373,0.124828427126519));
#5507=CARTESIAN_POINT('',(0.038369397048714,0.0246049128053728,0.124828427126519));
#5508=CARTESIAN_POINT('',(0.038369397048714,0.0246049128053728,0.124828427126519));
#5509=CARTESIAN_POINT('',(0.038369397048714,0.0246049128053728,0.124828427126519));
#5510=CARTESIAN_POINT('Origin',(0.0393693970487141,-0.875395087194627,0.124828427126519));
#5511=CARTESIAN_POINT('',(0.0386622902675275,0.124604912805373,0.124121320345333));
#5512=CARTESIAN_POINT('Origin',(0.0393693970487141,0.124604912805373,0.124828427126519));
#5513=CARTESIAN_POINT('',(0.0386622902675275,0.0246049128053728,0.124121320345333));
#5514=CARTESIAN_POINT('Origin',(0.0393693970487141,0.0246049128053728,0.124828427126519));
#5515=CARTESIAN_POINT('',(0.0386622902675275,0.0246049128053728,0.124121320345333));
#5516=CARTESIAN_POINT('Origin',(0.0386622902675275,-0.875395087194627,0.124121320345333));
#5517=CARTESIAN_POINT('',(0.0404907173922746,0.124604912805373,0.122292893220586));
#5518=CARTESIAN_POINT('',(0.0404907173922746,0.124604912805373,0.122292893220586));
#5519=CARTESIAN_POINT('',(0.0404907173922746,0.0246049128053728,0.122292893220586));
#5520=CARTESIAN_POINT('',(0.0404907173922746,0.0246049128053728,0.122292893220586));
#5521=CARTESIAN_POINT('',(0.0404907173922746,0.0246049128053728,0.122292893220586));
#5522=CARTESIAN_POINT('Origin',(0.0411978241734614,-0.875395087194627,0.123000000001772));
#5523=CARTESIAN_POINT('',(0.0411978241734614,0.124604912805373,0.122000000001772));
#5524=CARTESIAN_POINT('Origin',(0.0411978241734614,0.124604912805373,0.123000000001772));
#5525=CARTESIAN_POINT('',(0.0411978241734614,0.0246049128053728,0.122000000001772));
#5526=CARTESIAN_POINT('Origin',(0.0411978241734614,0.0246049128053728,0.123000000001772));
#5527=CARTESIAN_POINT('',(0.0411978241734614,0.0246049128053728,0.122000000001772));
#5528=CARTESIAN_POINT('Origin',(0.0411978241734614,-0.875395087194627,0.122000000001772));
#5529=CARTESIAN_POINT('',(0.0515409699239599,0.124604912805373,0.122000000001772));
#5530=CARTESIAN_POINT('',(0.0515409699239599,0.124604912805373,0.122000000001772));
#5531=CARTESIAN_POINT('',(0.0515409699239599,0.0246049128053728,0.122000000001772));
#5532=CARTESIAN_POINT('',(0.0515409699239599,0.0246049128053728,0.122000000001772));
#5533=CARTESIAN_POINT('',(0.0515409699239599,0.0246049128053728,0.122000000001772));
#5534=CARTESIAN_POINT('Origin',(0.0515409699239599,-0.875395087194627,0.123000000001772));
#5535=CARTESIAN_POINT('',(0.0522480767051465,0.124604912805373,0.122292893220585));
#5536=CARTESIAN_POINT('Origin',(0.0515409699239599,0.124604912805373,0.123000000001772));
#5537=CARTESIAN_POINT('',(0.0522480767051465,0.0246049128053728,0.122292893220585));
#5538=CARTESIAN_POINT('Origin',(0.0515409699239599,0.0246049128053728,0.123000000001772));
#5539=CARTESIAN_POINT('',(0.0522480767051465,0.0246049128053728,0.122292893220585));
#5540=CARTESIAN_POINT('Origin',(0.0522480767051465,-0.875395087194627,0.122292893220585));
#5541=CARTESIAN_POINT('',(0.0540765038298937,0.124604912805373,0.124121320345332));
#5542=CARTESIAN_POINT('',(0.0540765038298937,0.124604912805373,0.124121320345332));
#5543=CARTESIAN_POINT('',(0.0540765038298937,0.0246049128053728,0.124121320345332));
#5544=CARTESIAN_POINT('',(0.0540765038298937,0.0246049128053728,0.124121320345332));
#5545=CARTESIAN_POINT('',(0.0540765038298937,0.0246049128053728,0.124121320345332));
#5546=CARTESIAN_POINT('Origin',(0.0533693970487071,-0.875395087194627,0.124828427126519));
#5547=CARTESIAN_POINT('',(0.0543693970487071,0.124604912805373,0.124828427126519));
#5548=CARTESIAN_POINT('Origin',(0.0533693970487071,0.124604912805373,0.124828427126519));
#5549=CARTESIAN_POINT('',(0.0543693970487071,0.0246049128053728,0.124828427126519));
#5550=CARTESIAN_POINT('Origin',(0.0533693970487071,0.0246049128053728,0.124828427126519));
#5551=CARTESIAN_POINT('',(0.0543693970487071,0.0246049128053728,0.124828427126519));
#5552=CARTESIAN_POINT('Origin',(0.0543693970487071,-0.875395087194627,0.124828427126519));
#5553=CARTESIAN_POINT('',(0.0543693970487071,0.124604912805373,0.126799999999984));
#5554=CARTESIAN_POINT('',(0.0543693970487071,0.124604912805373,0.126799999999984));
#5555=CARTESIAN_POINT('',(0.0543693970487071,0.0246049128053728,0.126799999999984));
#5556=CARTESIAN_POINT('',(0.0543693970487071,0.0246049128053728,0.126799999999984));
#5557=CARTESIAN_POINT('',(0.0543693970487071,0.0246049128053728,0.126799999999984));
#5558=CARTESIAN_POINT('Origin',(0.0533693970487071,-0.875395087194627,0.126799999999984));
#5559=CARTESIAN_POINT('',(0.0533693970487071,0.124604912805373,0.127799999999984));
#5560=CARTESIAN_POINT('Origin',(0.0533693970487071,0.124604912805373,0.126799999999984));
#5561=CARTESIAN_POINT('',(0.0533693970487071,0.0246049128053728,0.127799999999984));
#5562=CARTESIAN_POINT('Origin',(0.0533693970487071,0.0246049128053728,0.126799999999984));
#5563=CARTESIAN_POINT('',(0.0533693970487071,0.0246049128053728,0.127799999999984));
#5564=CARTESIAN_POINT('Origin',(0.0533693970487071,-0.875395087194627,0.127799999999984));
#5565=CARTESIAN_POINT('',(0.0504693970522873,0.124604912805373,0.127799999999984));
#5566=CARTESIAN_POINT('',(0.0504693970522873,0.124604912805373,0.127799999999984));
#5567=CARTESIAN_POINT('',(0.0504693970522873,0.0246049128053728,0.127799999999984));
#5568=CARTESIAN_POINT('',(0.0504693970522873,0.0246049128053728,0.127799999999984));
#5569=CARTESIAN_POINT('',(0.0504693970522873,0.0246049128053728,0.127799999999984));
#5570=CARTESIAN_POINT('Origin',(0.0504693970522873,-0.875395087194627,0.127799999999984));
#5571=CARTESIAN_POINT('',(0.0504693970522873,0.124604912805373,0.129199999999983));
#5572=CARTESIAN_POINT('',(0.0504693970522873,0.124604912805373,0.129199999999983));
#5573=CARTESIAN_POINT('',(0.0504693970522873,0.0246049128053728,0.129199999999983));
#5574=CARTESIAN_POINT('',(0.0504693970522873,0.0246049128053728,0.129199999999983));
#5575=CARTESIAN_POINT('',(0.0504693970522873,0.0246049128053728,0.129199999999983));
#5576=CARTESIAN_POINT('Origin',(0.0504693970522873,-0.875395087194627,0.129199999999983));
#5577=CARTESIAN_POINT('',(0.0512693970522875,0.124604912805373,0.129199999999983));
#5578=CARTESIAN_POINT('',(0.0512693970522875,0.124604912805373,0.129199999999983));
#5579=CARTESIAN_POINT('',(0.0512693970522875,0.0246049128053728,0.129199999999983));
#5580=CARTESIAN_POINT('',(0.0512693970522875,0.0246049128053728,0.129199999999983));
#5581=CARTESIAN_POINT('',(0.0512693970522875,0.0246049128053728,0.129199999999983));
#5582=CARTESIAN_POINT('Origin',(0.0512693970522875,-0.875395087194627,0.129199999999983));
#5583=CARTESIAN_POINT('',(0.0512693970522875,0.124604912805373,0.129999999997095));
#5584=CARTESIAN_POINT('',(0.0512693970522875,0.124604912805373,0.129999999997095));
#5585=CARTESIAN_POINT('',(0.0512693970522875,0.0246049128053728,0.129999999997095));
#5586=CARTESIAN_POINT('',(0.0512693970522875,0.0246049128053728,0.129999999997095));
#5587=CARTESIAN_POINT('',(0.0512693970522875,0.0246049128053728,0.129999999997095));
#5588=CARTESIAN_POINT('Origin',(0.0512693970522875,-0.875395087194627,0.129999999997095));
#5589=CARTESIAN_POINT('',(0.059369397048699,0.124604912805373,0.129999999997095));
#5590=CARTESIAN_POINT('',(0.059369397048699,0.124604912805373,0.129999999997095));
#5591=CARTESIAN_POINT('',(0.059369397048699,0.0246049128053728,0.129999999997095));
#5592=CARTESIAN_POINT('',(0.059369397048699,0.0246049128053728,0.129999999997095));
#5593=CARTESIAN_POINT('',(0.059369397048699,0.0246049128053728,0.129999999997095));
#5594=CARTESIAN_POINT('Origin',(0.059369397048699,-0.875395087194627,0.127999999997095));
#5595=CARTESIAN_POINT('',(0.061369397048699,0.124604912805373,0.127999999997095));
#5596=CARTESIAN_POINT('Origin',(0.059369397048699,0.124604912805373,0.127999999997095));
#5597=CARTESIAN_POINT('',(0.061369397048699,0.0246049128053728,0.127999999997095));
#5598=CARTESIAN_POINT('Origin',(0.059369397048699,0.0246049128053728,0.127999999997095));
#5599=CARTESIAN_POINT('',(0.061369397048699,0.0246049128053728,0.127999999997095));
#5600=CARTESIAN_POINT('Origin',(0.061369397048699,-0.875395087194627,0.127999999997095));
#5601=CARTESIAN_POINT('',(0.061369397048699,0.124604912805373,0.119900000006448));
#5602=CARTESIAN_POINT('',(0.061369397048699,0.124604912805373,0.119900000006448));
#5603=CARTESIAN_POINT('',(0.061369397048699,0.0246049128053728,0.119900000006448));
#5604=CARTESIAN_POINT('',(0.061369397048699,0.0246049128053728,0.119900000006448));
#5605=CARTESIAN_POINT('',(0.061369397048699,0.0246049128053728,0.119900000006448));
#5606=CARTESIAN_POINT('Origin',(0.061369397048699,-0.875395087194627,0.119900000006448));
#5607=CARTESIAN_POINT('',(0.0605693970486994,0.124604912805373,0.119900000006448));
#5608=CARTESIAN_POINT('',(0.0605693970486994,0.124604912805373,0.119900000006448));
#5609=CARTESIAN_POINT('',(0.0605693970486994,0.0246049128053728,0.119900000006448));
#5610=CARTESIAN_POINT('',(0.0605693970486994,0.0246049128053728,0.119900000006448));
#5611=CARTESIAN_POINT('',(0.0605693970486994,0.0246049128053728,0.119900000006448));
#5612=CARTESIAN_POINT('Origin',(0.0605693970486994,-0.875395087194627,0.119900000006448));
#5613=CARTESIAN_POINT('',(0.0605693970486994,0.124604912805373,0.119100000006448));
#5614=CARTESIAN_POINT('',(0.0605693970486994,0.124604912805373,0.119100000006448));
#5615=CARTESIAN_POINT('',(0.0605693970486994,0.0246049128053728,0.119100000006448));
#5616=CARTESIAN_POINT('',(0.0605693970486994,0.0246049128053728,0.119100000006448));
#5617=CARTESIAN_POINT('',(0.0605693970486994,0.0246049128053728,0.119100000006448));
#5618=CARTESIAN_POINT('Origin',(0.0605693970486994,-0.875395087194627,0.119100000006448));
#5619=CARTESIAN_POINT('',(0.0591693970486997,0.124604912805373,0.119100000006448));
#5620=CARTESIAN_POINT('',(0.0591693970486997,0.124604912805373,0.119100000006448));
#5621=CARTESIAN_POINT('',(0.0591693970486997,0.0246049128053728,0.119100000006448));
#5622=CARTESIAN_POINT('',(0.0591693970486997,0.0246049128053728,0.119100000006448));
#5623=CARTESIAN_POINT('',(0.0591693970486997,0.0246049128053728,0.119100000006448));
#5624=CARTESIAN_POINT('Origin',(0.0591693970486997,-0.875395087194627,0.119100000006448));
#5625=CARTESIAN_POINT('',(0.0591693970486997,0.124604912805373,0.122000000002868));
#5626=CARTESIAN_POINT('',(0.0591693970486997,0.124604912805373,0.122000000002868));
#5627=CARTESIAN_POINT('',(0.0591693970486997,0.0246049128053728,0.122000000002868));
#5628=CARTESIAN_POINT('',(0.0591693970486997,0.0246049128053728,0.122000000002868));
#5629=CARTESIAN_POINT('',(0.0591693970486997,0.0246049128053728,0.122000000002868));
#5630=CARTESIAN_POINT('Origin',(0.0581693970486997,-0.875395087194627,0.122000000002868));
#5631=CARTESIAN_POINT('',(0.0581693970486997,0.124604912805373,0.123000000002868));
#5632=CARTESIAN_POINT('Origin',(0.0581693970486997,0.124604912805373,0.122000000002868));
#5633=CARTESIAN_POINT('',(0.0581693970486997,0.0246049128053728,0.123000000002868));
#5634=CARTESIAN_POINT('Origin',(0.0581693970486997,0.0246049128053728,0.122000000002868));
#5635=CARTESIAN_POINT('',(0.0581693970486997,0.0246049128053728,0.123000000002868));
#5636=CARTESIAN_POINT('Origin',(0.0581693970486997,-0.875395087194627,0.123000000002868));
#5637=CARTESIAN_POINT('',(0.0561978241752352,0.124604912805373,0.123000000002868));
#5638=CARTESIAN_POINT('',(0.0561978241752352,0.124604912805373,0.123000000002868));
#5639=CARTESIAN_POINT('',(0.0561978241752352,0.0246049128053728,0.123000000002868));
#5640=CARTESIAN_POINT('',(0.0561978241752352,0.0246049128053728,0.123000000002868));
#5641=CARTESIAN_POINT('',(0.0561978241752352,0.0246049128053728,0.123000000002868));
#5642=CARTESIAN_POINT('Origin',(0.0561978241752352,-0.875395087194627,0.122000000002867));
#5643=CARTESIAN_POINT('',(0.0554907173940486,0.124604912805373,0.122707106784054));
#5644=CARTESIAN_POINT('Origin',(0.0561978241752352,0.124604912805373,0.122000000002867));
#5645=CARTESIAN_POINT('',(0.0554907173940486,0.0246049128053728,0.122707106784054));
#5646=CARTESIAN_POINT('Origin',(0.0561978241752352,0.0246049128053728,0.122000000002867));
#5647=CARTESIAN_POINT('',(0.0554907173940486,0.0246049128053728,0.122707106784054));
#5648=CARTESIAN_POINT('Origin',(0.0554907173940486,-0.875395087194627,0.122707106784054));
#5649=CARTESIAN_POINT('',(0.0536622902693015,0.124604912805373,0.120878679659307));
#5650=CARTESIAN_POINT('',(0.0536622902693015,0.124604912805373,0.120878679659307));
#5651=CARTESIAN_POINT('',(0.0536622902693015,0.0246049128053728,0.120878679659307));
#5652=CARTESIAN_POINT('',(0.0536622902693015,0.0246049128053728,0.120878679659307));
#5653=CARTESIAN_POINT('',(0.0536622902693015,0.0246049128053728,0.120878679659307));
#5654=CARTESIAN_POINT('Origin',(0.0543693970504874,-0.875395087194627,0.12017157287812));
#5655=CARTESIAN_POINT('',(0.0533693970504876,0.124604912805373,0.12017157287812));
#5656=CARTESIAN_POINT('Origin',(0.0543693970504874,0.124604912805373,0.12017157287812));
#5657=CARTESIAN_POINT('',(0.0533693970504876,0.0246049128053728,0.12017157287812));
#5658=CARTESIAN_POINT('Origin',(0.0543693970504874,0.0246049128053728,0.12017157287812));
#5659=CARTESIAN_POINT('',(0.0533693970504876,0.0246049128053728,0.12017157287812));
#5660=CARTESIAN_POINT('Origin',(0.0533693970504876,-0.875395087194627,0.12017157287812));
#5661=CARTESIAN_POINT('',(0.0533693970504876,0.124604912805373,0.109828427127622));
#5662=CARTESIAN_POINT('',(0.0533693970504876,0.124604912805373,0.109828427127622));
#5663=CARTESIAN_POINT('',(0.0533693970504876,0.0246049128053728,0.109828427127622));
#5664=CARTESIAN_POINT('',(0.0533693970504876,0.0246049128053728,0.109828427127622));
#5665=CARTESIAN_POINT('',(0.0533693970504876,0.0246049128053728,0.109828427127622));
#5666=CARTESIAN_POINT('Origin',(0.0543693970504877,-0.875395087194627,0.109828427127622));
#5667=CARTESIAN_POINT('',(0.0536622902693011,0.124604912805373,0.109121320346435));
#5668=CARTESIAN_POINT('Origin',(0.0543693970504877,0.124604912805373,0.109828427127622));
#5669=CARTESIAN_POINT('',(0.0536622902693011,0.0246049128053728,0.109121320346435));
#5670=CARTESIAN_POINT('Origin',(0.0543693970504877,0.0246049128053728,0.109828427127622));
#5671=CARTESIAN_POINT('',(0.0536622902693011,0.0246049128053728,0.109121320346435));
#5672=CARTESIAN_POINT('Origin',(0.0536622902693011,-0.875395087194627,0.109121320346435));
#5673=CARTESIAN_POINT('',(0.0554907173940482,0.124604912805373,0.107292893221688));
#5674=CARTESIAN_POINT('',(0.0554907173940482,0.124604912805373,0.107292893221688));
#5675=CARTESIAN_POINT('',(0.0554907173940482,0.0246049128053728,0.107292893221688));
#5676=CARTESIAN_POINT('',(0.0554907173940482,0.0246049128053728,0.107292893221688));
#5677=CARTESIAN_POINT('',(0.0554907173940482,0.0246049128053728,0.107292893221688));
#5678=CARTESIAN_POINT('Origin',(0.0561978241752348,-0.875395087194627,0.108000000002875));
#5679=CARTESIAN_POINT('',(0.0561978241752348,0.124604912805373,0.107000000002874));
#5680=CARTESIAN_POINT('Origin',(0.0561978241752348,0.124604912805373,0.108000000002875));
#5681=CARTESIAN_POINT('',(0.0561978241752348,0.0246049128053728,0.107000000002874));
#5682=CARTESIAN_POINT('Origin',(0.0561978241752348,0.0246049128053728,0.108000000002875));
#5683=CARTESIAN_POINT('',(0.0561978241752348,0.0246049128053728,0.107000000002874));
#5684=CARTESIAN_POINT('Origin',(0.0561978241752348,-0.875395087194627,0.107000000002874));
#5685=CARTESIAN_POINT('',(0.0581693970486994,0.124604912805373,0.107000000002874));
#5686=CARTESIAN_POINT('',(0.0581693970486994,0.124604912805373,0.107000000002874));
#5687=CARTESIAN_POINT('',(0.0581693970486994,0.0246049128053728,0.107000000002874));
#5688=CARTESIAN_POINT('',(0.0581693970486994,0.0246049128053728,0.107000000002874));
#5689=CARTESIAN_POINT('',(0.0581693970486994,0.0246049128053728,0.107000000002874));
#5690=CARTESIAN_POINT('Origin',(0.0581693970486994,-0.875395087194627,0.108000000002874));
#5691=CARTESIAN_POINT('',(0.0591693970486994,0.124604912805373,0.108000000002874));
#5692=CARTESIAN_POINT('Origin',(0.0581693970486994,0.124604912805373,0.108000000002874));
#5693=CARTESIAN_POINT('',(0.0591693970486994,0.0246049128053728,0.108000000002874));
#5694=CARTESIAN_POINT('Origin',(0.0581693970486994,0.0246049128053728,0.108000000002874));
#5695=CARTESIAN_POINT('',(0.0591693970486994,0.0246049128053728,0.108000000002874));
#5696=CARTESIAN_POINT('Origin',(0.0591693970486994,-0.875395087194627,0.108000000002874));
#5697=CARTESIAN_POINT('',(0.0591693970486994,0.124604912805373,0.110899999999294));
#5698=CARTESIAN_POINT('',(0.0591693970486994,0.124604912805373,0.110899999999294));
#5699=CARTESIAN_POINT('',(0.0591693970486994,0.0246049128053728,0.110899999999294));
#5700=CARTESIAN_POINT('',(0.0591693970486994,0.0246049128053728,0.110899999999294));
#5701=CARTESIAN_POINT('',(0.0591693970486994,0.0246049128053728,0.110899999999294));
#5702=CARTESIAN_POINT('Origin',(0.0591693970486994,-0.875395087194627,0.110899999999294));
#5703=CARTESIAN_POINT('',(0.0605693970486999,0.124604912805373,0.110899999999294));
#5704=CARTESIAN_POINT('',(0.0605693970486999,0.124604912805373,0.110899999999294));
#5705=CARTESIAN_POINT('',(0.0605693970486999,0.0246049128053728,0.110899999999294));
#5706=CARTESIAN_POINT('',(0.0605693970486999,0.0246049128053728,0.110899999999294));
#5707=CARTESIAN_POINT('',(0.0605693970486999,0.0246049128053728,0.110899999999294));
#5708=CARTESIAN_POINT('Origin',(0.0605693970486999,-0.875395087194627,0.110899999999294));
#5709=CARTESIAN_POINT('',(0.0605693970486999,0.124604912805373,0.110099999999294));
#5710=CARTESIAN_POINT('',(0.0605693970486999,0.124604912805373,0.110099999999294));
#5711=CARTESIAN_POINT('',(0.0605693970486999,0.0246049128053728,0.110099999999294));
#5712=CARTESIAN_POINT('',(0.0605693970486999,0.0246049128053728,0.110099999999294));
#5713=CARTESIAN_POINT('',(0.0605693970486999,0.0246049128053728,0.110099999999294));
#5714=CARTESIAN_POINT('Origin',(0.0605693970486999,-0.875395087194627,0.110099999999294));
#5715=CARTESIAN_POINT('',(0.0613693970487001,0.124604912805373,0.110099999999294));
#5716=CARTESIAN_POINT('',(0.0613693970487001,0.124604912805373,0.110099999999294));
#5717=CARTESIAN_POINT('',(0.0613693970487001,0.0246049128053728,0.110099999999294));
#5718=CARTESIAN_POINT('',(0.0613693970487001,0.0246049128053728,0.110099999999294));
#5719=CARTESIAN_POINT('',(0.0613693970487001,0.0246049128053728,0.110099999999294));
#5720=CARTESIAN_POINT('Origin',(0.0613693970487001,-0.875395087194627,0.110099999999294));
#5721=CARTESIAN_POINT('',(0.0613693970487001,0.124604912805373,0.102000000002878));
#5722=CARTESIAN_POINT('',(0.0613693970487001,0.124604912805373,0.102000000002878));
#5723=CARTESIAN_POINT('',(0.0613693970487001,0.0246049128053728,0.102000000002878));
#5724=CARTESIAN_POINT('',(0.0613693970487001,0.0246049128053728,0.102000000002878));
#5725=CARTESIAN_POINT('',(0.0613693970487001,0.0246049128053728,0.102000000002878));
#5726=CARTESIAN_POINT('Origin',(0.0593693970487001,-0.875395087194627,0.102000000002878));
#5727=CARTESIAN_POINT('',(0.0593693970487001,0.124604912805373,0.100000000002878));
#5728=CARTESIAN_POINT('Origin',(0.0593693970487001,0.124604912805373,0.102000000002878));
#5729=CARTESIAN_POINT('',(0.0593693970487001,0.0246049128053728,0.100000000002878));
#5730=CARTESIAN_POINT('Origin',(0.0593693970487001,0.0246049128053728,0.102000000002878));
#5731=CARTESIAN_POINT('',(0.0593693970487001,0.0246049128053728,0.100000000002878));
#5732=CARTESIAN_POINT('Origin',(0.0593693970487001,-0.875395087194627,0.100000000002878));
#5733=CARTESIAN_POINT('',(0.0512693970522741,0.124604912805373,0.100000000002878));
#5734=CARTESIAN_POINT('',(0.0512693970522741,0.124604912805373,0.100000000002878));
#5735=CARTESIAN_POINT('',(0.0512693970522741,0.0246049128053728,0.100000000002878));
#5736=CARTESIAN_POINT('',(0.0512693970522741,0.0246049128053728,0.100000000002878));
#5737=CARTESIAN_POINT('',(0.0512693970522741,0.0246049128053728,0.100000000002878));
#5738=CARTESIAN_POINT('Origin',(0.0512693970522741,-0.875395087194627,0.100000000002878));
#5739=CARTESIAN_POINT('',(0.0512693970522741,0.124604912805373,0.100799999999994));
#5740=CARTESIAN_POINT('',(0.0512693970522741,0.124604912805373,0.100799999999994));
#5741=CARTESIAN_POINT('',(0.0512693970522741,0.0246049128053728,0.100799999999994));
#5742=CARTESIAN_POINT('',(0.0512693970522741,0.0246049128053728,0.100799999999994));
#5743=CARTESIAN_POINT('',(0.0512693970522741,0.0246049128053728,0.100799999999994));
#5744=CARTESIAN_POINT('Origin',(0.0512693970522741,-0.875395087194627,0.100799999999994));
#5745=CARTESIAN_POINT('',(0.0504693970522739,0.124604912805373,0.100799999999994));
#5746=CARTESIAN_POINT('',(0.0504693970522739,0.124604912805373,0.100799999999994));
#5747=CARTESIAN_POINT('',(0.0504693970522739,0.0246049128053728,0.100799999999994));
#5748=CARTESIAN_POINT('',(0.0504693970522739,0.0246049128053728,0.100799999999994));
#5749=CARTESIAN_POINT('',(0.0504693970522739,0.0246049128053728,0.100799999999994));
#5750=CARTESIAN_POINT('Origin',(0.0504693970522739,-0.875395087194627,0.100799999999994));
#5751=CARTESIAN_POINT('',(0.0504693970522739,0.124604912805373,0.102199999999994));
#5752=CARTESIAN_POINT('',(0.0504693970522739,0.124604912805373,0.102199999999994));
#5753=CARTESIAN_POINT('',(0.0504693970522739,0.0246049128053728,0.102199999999994));
#5754=CARTESIAN_POINT('',(0.0504693970522739,0.0246049128053728,0.102199999999994));
#5755=CARTESIAN_POINT('',(0.0504693970522739,0.0246049128053728,0.102199999999994));
#5756=CARTESIAN_POINT('Origin',(0.0504693970522739,-0.875395087194627,0.102199999999994));
#5757=CARTESIAN_POINT('',(0.0533693970486946,0.124604912805373,0.102199999999994));
#5758=CARTESIAN_POINT('',(0.0533693970486946,0.124604912805373,0.102199999999994));
#5759=CARTESIAN_POINT('',(0.0533693970486946,0.0246049128053728,0.102199999999994));
#5760=CARTESIAN_POINT('',(0.0533693970486946,0.0246049128053728,0.102199999999994));
#5761=CARTESIAN_POINT('',(0.0533693970486946,0.0246049128053728,0.102199999999994));
#5762=CARTESIAN_POINT('Origin',(0.0533693970486946,-0.875395087194627,0.103199999999994));
#5763=CARTESIAN_POINT('',(0.0543693970486946,0.124604912805373,0.103199999999994));
#5764=CARTESIAN_POINT('Origin',(0.0533693970486946,0.124604912805373,0.103199999999994));
#5765=CARTESIAN_POINT('',(0.0543693970486946,0.0246049128053728,0.103199999999994));
#5766=CARTESIAN_POINT('Origin',(0.0533693970486946,0.0246049128053728,0.103199999999994));
#5767=CARTESIAN_POINT('',(0.0543693970486946,0.0246049128053728,0.103199999999994));
#5768=CARTESIAN_POINT('Origin',(0.0543693970486946,-0.875395087194627,0.103199999999994));
#5769=CARTESIAN_POINT('',(0.0543693970486946,0.124604912805373,0.105171572873458));
#5770=CARTESIAN_POINT('',(0.0543693970486946,0.124604912805373,0.105171572873458));
#5771=CARTESIAN_POINT('',(0.0543693970486946,0.0246049128053728,0.105171572873458));
#5772=CARTESIAN_POINT('',(0.0543693970486946,0.0246049128053728,0.105171572873458));
#5773=CARTESIAN_POINT('',(0.0543693970486946,0.0246049128053728,0.105171572873458));
#5774=CARTESIAN_POINT('Origin',(0.0533693970486945,-0.875395087194627,0.105171572873458));
#5775=CARTESIAN_POINT('',(0.0540765038298812,0.124604912805373,0.105878679654645));
#5776=CARTESIAN_POINT('Origin',(0.0533693970486945,0.124604912805373,0.105171572873458));
#5777=CARTESIAN_POINT('',(0.0540765038298812,0.0246049128053728,0.105878679654645));
#5778=CARTESIAN_POINT('Origin',(0.0533693970486945,0.0246049128053728,0.105171572873458));
#5779=CARTESIAN_POINT('',(0.0540765038298812,0.0246049128053728,0.105878679654645));
#5780=CARTESIAN_POINT('Origin',(0.0540765038298812,-0.875395087194627,0.105878679654645));
#5781=CARTESIAN_POINT('',(0.0522480767051336,0.124604912805373,0.107707106779393));
#5782=CARTESIAN_POINT('',(0.0522480767051336,0.124604912805373,0.107707106779393));
#5783=CARTESIAN_POINT('',(0.0522480767051336,0.0246049128053728,0.107707106779393));
#5784=CARTESIAN_POINT('',(0.0522480767051336,0.0246049128053728,0.107707106779393));
#5785=CARTESIAN_POINT('',(0.0522480767051336,0.0246049128053728,0.107707106779393));
#5786=CARTESIAN_POINT('Origin',(0.051540969923947,-0.875395087194627,0.106999999998206));
#5787=CARTESIAN_POINT('',(0.051540969923947,0.124604912805373,0.107999999998206));
#5788=CARTESIAN_POINT('Origin',(0.051540969923947,0.124604912805373,0.106999999998206));
#5789=CARTESIAN_POINT('',(0.051540969923947,0.0246049128053728,0.107999999998206));
#5790=CARTESIAN_POINT('Origin',(0.051540969923947,0.0246049128053728,0.106999999998206));
#5791=CARTESIAN_POINT('',(0.051540969923947,0.0246049128053728,0.107999999998206));
#5792=CARTESIAN_POINT('Origin',(0.051540969923947,-0.875395087194627,0.107999999998206));
#5793=CARTESIAN_POINT('',(0.0411978241734494,0.124604912805373,0.107999999998206));
#5794=CARTESIAN_POINT('',(0.0411978241734494,0.124604912805373,0.107999999998206));
#5795=CARTESIAN_POINT('',(0.0411978241734494,0.0246049128053728,0.107999999998206));
#5796=CARTESIAN_POINT('',(0.0411978241734494,0.0246049128053728,0.107999999998206));
#5797=CARTESIAN_POINT('',(0.0411978241734494,0.0246049128053728,0.107999999998206));
#5798=CARTESIAN_POINT('Origin',(0.0411978241734494,-0.875395087194627,0.106999999998206));
#5799=CARTESIAN_POINT('',(0.0404907173922628,0.124604912805373,0.107707106779393));
#5800=CARTESIAN_POINT('Origin',(0.0411978241734494,0.124604912805373,0.106999999998206));
#5801=CARTESIAN_POINT('',(0.0404907173922628,0.0246049128053728,0.107707106779393));
#5802=CARTESIAN_POINT('Origin',(0.0411978241734494,0.0246049128053728,0.106999999998206));
#5803=CARTESIAN_POINT('',(0.0404907173922628,0.0246049128053728,0.107707106779393));
#5804=CARTESIAN_POINT('Origin',(0.0404907173922628,-0.875395087194627,0.107707106779393));
#5805=CARTESIAN_POINT('',(0.0386622902675157,0.124604912805373,0.105878679654646));
#5806=CARTESIAN_POINT('',(0.0386622902675157,0.124604912805373,0.105878679654645));
#5807=CARTESIAN_POINT('',(0.0386622902675157,0.0246049128053728,0.105878679654646));
#5808=CARTESIAN_POINT('',(0.0386622902675157,0.0246049128053728,0.105878679654646));
#5809=CARTESIAN_POINT('',(0.0386622902675157,0.0246049128053728,0.105878679654646));
#5810=CARTESIAN_POINT('Origin',(0.0393693970487023,-0.875395087194627,0.105171572873459));
#5811=CARTESIAN_POINT('',(0.0383693970487022,0.124604912805373,0.105171572873459));
#5812=CARTESIAN_POINT('Origin',(0.0393693970487023,0.124604912805373,0.105171572873459));
#5813=CARTESIAN_POINT('',(0.0383693970487022,0.0246049128053728,0.105171572873459));
#5814=CARTESIAN_POINT('Origin',(0.0393693970487023,0.0246049128053728,0.105171572873459));
#5815=CARTESIAN_POINT('',(0.0383693970487022,0.0246049128053728,0.105171572873459));
#5816=CARTESIAN_POINT('Origin',(0.0383693970487022,-0.875395087194627,0.105171572873459));
#5817=CARTESIAN_POINT('',(0.0383693970487022,0.124604912805373,0.103199999999994));
#5818=CARTESIAN_POINT('',(0.0383693970487022,0.124604912805373,0.103199999999994));
#5819=CARTESIAN_POINT('',(0.0383693970487022,0.0246049128053728,0.103199999999994));
#5820=CARTESIAN_POINT('',(0.0383693970487022,0.0246049128053728,0.103199999999994));
#5821=CARTESIAN_POINT('',(0.0383693970487022,0.0246049128053728,0.103199999999994));
#5822=CARTESIAN_POINT('Origin',(0.0393693970487022,-0.875395087194627,0.103199999999994));
#5823=CARTESIAN_POINT('',(0.0393693970487022,0.124604912805373,0.102199999999994));
#5824=CARTESIAN_POINT('Origin',(0.0393693970487022,0.124604912805373,0.103199999999994));
#5825=CARTESIAN_POINT('',(0.0393693970487022,0.0246049128053728,0.102199999999994));
#5826=CARTESIAN_POINT('Origin',(0.0393693970487022,0.0246049128053728,0.103199999999994));
#5827=CARTESIAN_POINT('',(0.0393693970487022,0.0246049128053728,0.102199999999994));
#5828=CARTESIAN_POINT('Origin',(0.0393693970487022,-0.875395087194627,0.102199999999994));
#5829=CARTESIAN_POINT('',(0.0422693970451221,0.124604912805373,0.102199999999994));
#5830=CARTESIAN_POINT('',(0.0422693970451221,0.124604912805373,0.102199999999994));
#5831=CARTESIAN_POINT('',(0.0422693970451221,0.0246049128053728,0.102199999999994));
#5832=CARTESIAN_POINT('',(0.0422693970451221,0.0246049128053728,0.102199999999994));
#5833=CARTESIAN_POINT('',(0.0422693970451221,0.0246049128053728,0.102199999999994));
#5834=CARTESIAN_POINT('Origin',(0.0422693970451221,-0.875395087194627,0.102199999999994));
#5835=CARTESIAN_POINT('',(0.0422693970451221,0.124604912805373,0.100799999999994));
#5836=CARTESIAN_POINT('',(0.0422693970451221,0.124604912805373,0.100799999999994));
#5837=CARTESIAN_POINT('',(0.0422693970451221,0.0246049128053728,0.100799999999994));
#5838=CARTESIAN_POINT('',(0.0422693970451221,0.0246049128053728,0.100799999999994));
#5839=CARTESIAN_POINT('',(0.0422693970451221,0.0246049128053728,0.100799999999994));
#5840=CARTESIAN_POINT('Origin',(0.0422693970451221,-0.875395087194627,0.100799999999994));
#5841=CARTESIAN_POINT('',(0.0414693970451219,0.124604912805373,0.100799999999994));
#5842=CARTESIAN_POINT('',(0.0414693970451219,0.124604912805373,0.100799999999994));
#5843=CARTESIAN_POINT('',(0.0414693970451219,0.0246049128053728,0.100799999999994));
#5844=CARTESIAN_POINT('',(0.0414693970451219,0.0246049128053728,0.100799999999994));
#5845=CARTESIAN_POINT('',(0.0414693970451219,0.0246049128053728,0.100799999999994));
#5846=CARTESIAN_POINT('Origin',(0.0414693970451219,-0.875395087194627,0.100799999999994));
#5847=CARTESIAN_POINT('',(0.0414693970451219,0.124604912805373,0.1));
#5848=CARTESIAN_POINT('',(0.0414693970451219,0.0246049128053728,0.1));
#5849=CARTESIAN_POINT('Origin',(0.0233693970487222,0.124604912805373,0.103199999999994));
#5850=CARTESIAN_POINT('',(0.00711939704958149,0.124604912805373,0.126499999999125));
#5851=CARTESIAN_POINT('Origin',(0.00486939704958149,0.124604912805373,0.126499999999125));
#5852=CARTESIAN_POINT('',(0.0601193970478407,0.124604912805373,0.10350000000087));
#5853=CARTESIAN_POINT('Origin',(0.0578693970478407,0.124604912805373,0.10350000000087));
#5854=CARTESIAN_POINT('',(0.0119443023094951,0.124604912805373,0.117327775021104));
#5855=CARTESIAN_POINT('Origin',(0.0128338631427778,0.124604912805373,0.118535533905936));
#5856=CARTESIAN_POINT('',(0.0119443023094926,0.124604912805373,0.11267222497889));
#5857=CARTESIAN_POINT('Origin',(0.0163693970487172,0.124604912805373,0.114999999999994));
#5858=CARTESIAN_POINT('Origin',(0.0128338631427841,0.124604912805373,0.111464466094065));
#5859=CARTESIAN_POINT('',(0.041944302309483,0.124604912805373,0.117327775021097));
#5860=CARTESIAN_POINT('Origin',(0.0428338631427739,0.124604912805373,0.118535533905923));
#5861=CARTESIAN_POINT('',(0.0419443023094823,0.124604912805373,0.112672224978887));
#5862=CARTESIAN_POINT('Origin',(0.0463693970487053,0.124604912805373,0.114999999999991));
#5863=CARTESIAN_POINT('Origin',(0.0428338631427732,0.124604912805373,0.111464466094061));
#5864=CARTESIAN_POINT('',(0.0601193970478407,0.124604912805373,0.126499999999125));
#5865=CARTESIAN_POINT('Origin',(0.0578693970478407,0.124604912805373,0.126499999999125));
#5866=CARTESIAN_POINT('',(0.00711939704958149,0.124604912805373,0.10350000000087));
#5867=CARTESIAN_POINT('Origin',(0.00486939704958149,0.124604912805373,0.10350000000087));
#5868=CARTESIAN_POINT('Origin',(0.0233693970487222,0.0246049128053728,0.103199999999994));
#5869=CARTESIAN_POINT('',(0.00711939704958149,0.0246049128053728,0.126499999999125));
#5870=CARTESIAN_POINT('Origin',(0.00486939704958149,0.0246049128053728,
0.126499999999125));
#5871=CARTESIAN_POINT('',(0.0601193970478407,0.0246049128053728,0.10350000000087));
#5872=CARTESIAN_POINT('Origin',(0.0578693970478407,0.0246049128053728,0.10350000000087));
#5873=CARTESIAN_POINT('',(0.0119443023094926,0.0246049128053728,0.11267222497889));
#5874=CARTESIAN_POINT('Origin',(0.0128338631427841,0.0246049128053728,0.111464466094065));
#5875=CARTESIAN_POINT('',(0.0119443023094951,0.0246049128053728,0.117327775021104));
#5876=CARTESIAN_POINT('Origin',(0.0163693970487172,0.0246049128053728,0.114999999999994));
#5877=CARTESIAN_POINT('Origin',(0.0128338631427778,0.0246049128053728,0.118535533905936));
#5878=CARTESIAN_POINT('',(0.041944302309483,0.0246049128053728,0.117327775021097));
#5879=CARTESIAN_POINT('',(0.0419443023094823,0.0246049128053728,0.112672224978887));
#5880=CARTESIAN_POINT('Origin',(0.0463693970487053,0.0246049128053728,0.114999999999991));
#5881=CARTESIAN_POINT('Origin',(0.0428338631427739,0.0246049128053728,0.118535533905923));
#5882=CARTESIAN_POINT('Origin',(0.0428338631427732,0.0246049128053728,0.111464466094061));
#5883=CARTESIAN_POINT('',(0.0601193970478407,0.0246049128053728,0.126499999999125));
#5884=CARTESIAN_POINT('Origin',(0.0578693970478407,0.0246049128053728,0.126499999999125));
#5885=CARTESIAN_POINT('',(0.00711939704958149,0.0246049128053728,0.10350000000087));
#5886=CARTESIAN_POINT('Origin',(0.00486939704958149,0.0246049128053728,
0.10350000000087));
#5887=CARTESIAN_POINT('Origin',(0.00486939704958149,-0.875395087194627,
0.126499999999125));
#5888=CARTESIAN_POINT('',(0.00711939704958149,-0.875395087194627,0.126499999999125));
#5889=CARTESIAN_POINT('Origin',(0.00486939704958149,-0.875395087194627,
0.10350000000087));
#5890=CARTESIAN_POINT('',(0.00711939704958149,-0.875395087194627,0.10350000000087));
#5891=CARTESIAN_POINT('Origin',(0.0578693970478407,-0.875395087194627,0.10350000000087));
#5892=CARTESIAN_POINT('',(0.0601193970478407,-0.875395087194627,0.10350000000087));
#5893=CARTESIAN_POINT('Origin',(0.0578693970478407,-0.875395087194627,0.126499999999125));
#5894=CARTESIAN_POINT('',(0.0601193970478407,-0.875395087194627,0.126499999999125));
#5895=CARTESIAN_POINT('Origin',(0.0128338631427778,-0.875395087194627,0.118535533905936));
#5896=CARTESIAN_POINT('',(0.0119443023094951,0.0246049128053728,0.117327775021104));
#5897=CARTESIAN_POINT('Origin',(0.0163693970487172,-0.875395087194627,0.114999999999994));
#5898=CARTESIAN_POINT('',(0.0119443023094926,0.0246049128053728,0.11267222497889));
#5899=CARTESIAN_POINT('Origin',(0.0128338631427841,-0.875395087194627,0.111464466094065));
#5900=CARTESIAN_POINT('Origin',(0.0428338631427739,-0.875395087194627,0.118535533905923));
#5901=CARTESIAN_POINT('',(0.041944302309483,0.0246049128053728,0.117327775021097));
#5902=CARTESIAN_POINT('Origin',(0.0463693970487053,-0.875395087194627,0.114999999999991));
#5903=CARTESIAN_POINT('',(0.0419443023094823,0.0246049128053728,0.112672224978887));
#5904=CARTESIAN_POINT('Origin',(0.0428338631427732,-0.875395087194627,0.111464466094061));
#5905=UNCERTAINTY_MEASURE_WITH_UNIT(LENGTH_MEASURE(1.E-5),#5909,
'DISTANCE_ACCURACY_VALUE',
'Maximum model space distance between geometric entities at asserted c
onnectivities');
#5906=UNCERTAINTY_MEASURE_WITH_UNIT(LENGTH_MEASURE(1.E-5),#5909,
'DISTANCE_ACCURACY_VALUE',
'Maximum model space distance between geometric entities at asserted c
onnectivities');
#5907=(
GEOMETRIC_REPRESENTATION_CONTEXT(3)
GLOBAL_UNCERTAINTY_ASSIGNED_CONTEXT((#5905))
GLOBAL_UNIT_ASSIGNED_CONTEXT((#5909,#5911,#5912))
REPRESENTATION_CONTEXT('','3D')
);
#5908=(
GEOMETRIC_REPRESENTATION_CONTEXT(3)
GLOBAL_UNCERTAINTY_ASSIGNED_CONTEXT((#5906))
GLOBAL_UNIT_ASSIGNED_CONTEXT((#5909,#5911,#5912))
REPRESENTATION_CONTEXT('','3D')
);
#5909=(
LENGTH_UNIT()
NAMED_UNIT(*)
SI_UNIT($,.METRE.)
);
#5910=(
LENGTH_UNIT()
NAMED_UNIT(*)
SI_UNIT(.CENTI.,.METRE.)
);
#5911=(
NAMED_UNIT(*)
PLANE_ANGLE_UNIT()
SI_UNIT($,.RADIAN.)
);
#5912=(
NAMED_UNIT(*)
SI_UNIT($,.STERADIAN.)
SOLID_ANGLE_UNIT()
);
#5913=SHAPE_DEFINITION_REPRESENTATION(#5914,#5915);
#5914=PRODUCT_DEFINITION_SHAPE('',$,#5917);
#5915=SHAPE_REPRESENTATION('',(#3541),#5907);
#5916=PRODUCT_DEFINITION_CONTEXT('part definition',#5921,'design');
#5917=PRODUCT_DEFINITION('AST03006006','AST03006006',#5918,#5916);
#5918=PRODUCT_DEFINITION_FORMATION('',$,#5923);
#5919=PRODUCT_RELATED_PRODUCT_CATEGORY('AST03006006','AST03006006',(#5923));
#5920=APPLICATION_PROTOCOL_DEFINITION('international standard',
'automotive_design',2009,#5921);
#5921=APPLICATION_CONTEXT(
'Core Data for Automotive Mechanical Design Process');
#5922=PRODUCT_CONTEXT('part definition',#5921,'mechanical');
#5923=PRODUCT('AST03006006','AST03006006',$,(#5922));
#5924=PRESENTATION_STYLE_ASSIGNMENT((#5926));
#5925=PRESENTATION_STYLE_ASSIGNMENT((#5927));
#5926=SURFACE_STYLE_USAGE(.BOTH.,#5932);
#5927=SURFACE_STYLE_USAGE(.BOTH.,#5933);
#5928=SURFACE_STYLE_RENDERING_WITH_PROPERTIES($,#5940,(#5930));
#5929=SURFACE_STYLE_RENDERING_WITH_PROPERTIES($,#5941,(#5931));
#5930=SURFACE_STYLE_TRANSPARENT(0.);
#5931=SURFACE_STYLE_TRANSPARENT(0.);
#5932=SURFACE_SIDE_STYLE('',(#5934,#5928));
#5933=SURFACE_SIDE_STYLE('',(#5935,#5929));
#5934=SURFACE_STYLE_FILL_AREA(#5936);
#5935=SURFACE_STYLE_FILL_AREA(#5937);
#5936=FILL_AREA_STYLE('',(#5938));
#5937=FILL_AREA_STYLE('',(#5939));
#5938=FILL_AREA_STYLE_COLOUR('',#5940);
#5939=FILL_AREA_STYLE_COLOUR('',#5941);
#5940=COLOUR_RGB('',0.749019607843137,0.749019607843137,0.749019607843137);
#5941=COLOUR_RGB('',0.819607843137255,0.819607843137255,0.819607843137255);
ENDSEC;
END-ISO-10303-21;
