ISO-10303-21;
HEADER;
/* Generated by software containing ST-Developer
 * from STEP Tools, Inc. (www.steptools.com) 
 */

FILE_DESCRIPTION(
/* description */ (''),
/* implementation_level */ '2;1');

FILE_NAME(
/* name */ 
'C:\\Users\\Jo\X\E3o Tinoco\\Desktop\\Wolweiss - STEP\\C. Connecting\\
1. CAC\\CAC30UN.step',
/* time_stamp */ '2024-04-29T17:10:05+01:00',
/* author */ ('project'),
/* organization */ (''),
/* preprocessor_version */ 'ST-DEVELOPER v19',
/* originating_system */ 'Autodesk Inventor 2023',
/* authorisation */ '');

FILE_SCHEMA (('AUTOMOTIVE_DESIGN { 1 0 10303 214 3 1 1 }'));
ENDSEC;

DATA;
#10=MECHANICAL_DESIGN_GEOMETRIC_PRESENTATION_REPRESENTATION('',(#756,#757,
#758,#759,#760,#761,#762,#763,#764,#765,#766,#767,#768,#769,#770,#771,#772,
#773,#774,#775,#776,#777,#778,#779,#780,#781,#782,#783,#784,#785,#786,#787,
#788,#789,#790,#791,#792,#793,#794,#795,#796,#797,#798,#799,#800,#801,#802,
#803),#2205);
#11=APPLIED_GROUP_ASSIGNMENT(#12,(#856,#857,#858,#859));
#12=GROUP('Composto1',$);
#13=(
BOUNDED_SURFACE()
B_SPLINE_SURFACE(3,2,((#1549,#1550,#1551,#1552,#1553,#1554,#1555,#1556,
#1557,#1558,#1559,#1560,#1561,#1562,#1563,#1564,#1565,#1566,#1567,#1568,
#1569,#1570,#1571,#1572,#1573,#1574,#1575,#1576,#1577,#1578,#1579,#1580,
#1581,#1582,#1583,#1584,#1585,#1586,#1587,#1588,#1589,#1590,#1591,#1592,
#1593,#1594,#1595,#1596,#1597,#1598,#1599,#1600,#1601,#1602,#1603,#1604,
#1605,#1606,#1607,#1608,#1609),(#1610,#1611,#1612,#1613,#1614,#1615,#1616,
#1617,#1618,#1619,#1620,#1621,#1622,#1623,#1624,#1625,#1626,#1627,#1628,
#1629,#1630,#1631,#1632,#1633,#1634,#1635,#1636,#1637,#1638,#1639,#1640,
#1641,#1642,#1643,#1644,#1645,#1646,#1647,#1648,#1649,#1650,#1651,#1652,
#1653,#1654,#1655,#1656,#1657,#1658,#1659,#1660,#1661,#1662,#1663,#1664,
#1665,#1666,#1667,#1668,#1669,#1670),(#1671,#1672,#1673,#1674,#1675,#1676,
#1677,#1678,#1679,#1680,#1681,#1682,#1683,#1684,#1685,#1686,#1687,#1688,
#1689,#1690,#1691,#1692,#1693,#1694,#1695,#1696,#1697,#1698,#1699,#1700,
#1701,#1702,#1703,#1704,#1705,#1706,#1707,#1708,#1709,#1710,#1711,#1712,
#1713,#1714,#1715,#1716,#1717,#1718,#1719,#1720,#1721,#1722,#1723,#1724,
#1725,#1726,#1727,#1728,#1729,#1730,#1731),(#1732,#1733,#1734,#1735,#1736,
#1737,#1738,#1739,#1740,#1741,#1742,#1743,#1744,#1745,#1746,#1747,#1748,
#1749,#1750,#1751,#1752,#1753,#1754,#1755,#1756,#1757,#1758,#1759,#1760,
#1761,#1762,#1763,#1764,#1765,#1766,#1767,#1768,#1769,#1770,#1771,#1772,
#1773,#1774,#1775,#1776,#1777,#1778,#1779,#1780,#1781,#1782,#1783,#1784,
#1785,#1786,#1787,#1788,#1789,#1790,#1791,#1792),(#1793,#1794,#1795,#1796,
#1797,#1798,#1799,#1800,#1801,#1802,#1803,#1804,#1805,#1806,#1807,#1808,
#1809,#1810,#1811,#1812,#1813,#1814,#1815,#1816,#1817,#1818,#1819,#1820,
#1821,#1822,#1823,#1824,#1825,#1826,#1827,#1828,#1829,#1830,#1831,#1832,
#1833,#1834,#1835,#1836,#1837,#1838,#1839,#1840,#1841,#1842,#1843,#1844,
#1845,#1846,#1847,#1848,#1849,#1850,#1851,#1852,#1853),(#1854,#1855,#1856,
#1857,#1858,#1859,#1860,#1861,#1862,#1863,#1864,#1865,#1866,#1867,#1868,
#1869,#1870,#1871,#1872,#1873,#1874,#1875,#1876,#1877,#1878,#1879,#1880,
#1881,#1882,#1883,#1884,#1885,#1886,#1887,#1888,#1889,#1890,#1891,#1892,
#1893,#1894,#1895,#1896,#1897,#1898,#1899,#1900,#1901,#1902,#1903,#1904,
#1905,#1906,#1907,#1908,#1909,#1910,#1911,#1912,#1913,#1914),(#1915,#1916,
#1917,#1918,#1919,#1920,#1921,#1922,#1923,#1924,#1925,#1926,#1927,#1928,
#1929,#1930,#1931,#1932,#1933,#1934,#1935,#1936,#1937,#1938,#1939,#1940,
#1941,#1942,#1943,#1944,#1945,#1946,#1947,#1948,#1949,#1950,#1951,#1952,
#1953,#1954,#1955,#1956,#1957,#1958,#1959,#1960,#1961,#1962,#1963,#1964,
#1965,#1966,#1967,#1968,#1969,#1970,#1971,#1972,#1973,#1974,#1975)),
 .UNSPECIFIED.,.T.,.F.,.F.)
B_SPLINE_SURFACE_WITH_KNOTS((4,3,4),(3,2,2,2,2,2,2,2,2,2,2,2,2,2,2,2,2,
2,2,2,2,2,2,2,2,2,2,2,2,2,3),(0.,0.5,1.),(0.,0.0333333333333333,0.0666666666666667,
0.1,0.133333333333333,0.166666666666667,0.2,0.233333333333334,0.266666666666666,
0.3,0.333333333333334,0.366666666666666,0.4,0.433333333333334,0.466666666666667,
0.5,0.533333333333333,0.566666666666667,0.6,0.633333333333333,0.666666666666667,
0.7,0.733333333333333,0.766666666666667,0.8,0.833333333333333,0.866666666666667,
0.9,0.933333333333333,0.966666666666667,1.),.UNSPECIFIED.)
GEOMETRIC_REPRESENTATION_ITEM()
RATIONAL_B_SPLINE_SURFACE(((1.,0.866025403784439,1.,0.866025403784439,1.,
0.866025403784439,1.,0.866025403784439,1.,0.866025403784439,1.,0.866025403784439,
1.,0.866025403784439,1.,0.866025403784439,1.,0.866025403784439,1.,0.866025403784439,
1.,0.866025403784439,1.,0.866025403784439,1.,0.866025403784439,1.,0.866025403784439,
1.,0.866025403784439,1.,0.866025403784439,1.,0.866025403784439,1.,0.866025403784439,
1.,0.866025403784439,1.,0.866025403784439,1.,0.866025403784439,1.,0.866025403784439,
1.,0.866025403784439,1.,0.866025403784439,1.,0.866025403784439,1.,0.866025403784439,
1.,0.866025403784439,1.,0.866025403784439,1.,0.866025403784439,1.,0.866025403784439,
1.),(0.333333333333334,0.288675134594813,0.333333333333334,0.288675134594813,
0.333333333333334,0.288675134594813,0.333333333333334,0.288675134594813,
0.333333333333334,0.288675134594813,0.333333333333334,0.288675134594813,
0.333333333333334,0.288675134594813,0.333333333333334,0.288675134594813,
0.333333333333334,0.288675134594813,0.333333333333334,0.288675134594813,
0.333333333333334,0.288675134594813,0.333333333333334,0.288675134594813,
0.333333333333334,0.288675134594813,0.333333333333334,0.288675134594813,
0.333333333333334,0.288675134594813,0.333333333333334,0.288675134594813,
0.333333333333334,0.288675134594813,0.333333333333334,0.288675134594813,
0.333333333333334,0.288675134594813,0.333333333333334,0.288675134594813,
0.333333333333334,0.288675134594813,0.333333333333334,0.288675134594813,
0.333333333333334,0.288675134594813,0.333333333333334,0.288675134594813,
0.333333333333334,0.288675134594813,0.333333333333334,0.288675134594813,
0.333333333333334,0.288675134594813,0.333333333333334,0.288675134594813,
0.333333333333334,0.288675134594813,0.333333333333334,0.288675134594813,
0.333333333333334),(0.333333333333334,0.288675134594813,0.333333333333334,
0.288675134594813,0.333333333333334,0.288675134594813,0.333333333333334,
0.288675134594813,0.333333333333334,0.288675134594813,0.333333333333334,
0.288675134594813,0.333333333333334,0.288675134594813,0.333333333333334,
0.288675134594813,0.333333333333334,0.288675134594813,0.333333333333334,
0.288675134594813,0.333333333333334,0.288675134594813,0.333333333333334,
0.288675134594813,0.333333333333334,0.288675134594813,0.333333333333334,
0.288675134594813,0.333333333333334,0.288675134594813,0.333333333333334,
0.288675134594813,0.333333333333334,0.288675134594813,0.333333333333334,
0.288675134594813,0.333333333333334,0.288675134594813,0.333333333333334,
0.288675134594813,0.333333333333334,0.288675134594813,0.333333333333334,
0.288675134594813,0.333333333333334,0.288675134594813,0.333333333333334,
0.288675134594813,0.333333333333334,0.288675134594813,0.333333333333334,
0.288675134594813,0.333333333333334,0.288675134594813,0.333333333333334,
0.288675134594813,0.333333333333334,0.288675134594813,0.333333333333334,
0.288675134594813,0.333333333333334),(1.,0.866025403784439,1.,0.866025403784439,
1.,0.866025403784439,1.,0.866025403784439,1.,0.866025403784439,1.,0.866025403784439,
1.,0.866025403784439,1.,0.866025403784439,1.,0.866025403784439,1.,0.866025403784439,
1.,0.866025403784439,1.,0.866025403784439,1.,0.866025403784439,1.,0.866025403784439,
1.,0.866025403784439,1.,0.866025403784439,1.,0.866025403784439,1.,0.866025403784439,
1.,0.866025403784439,1.,0.866025403784439,1.,0.866025403784439,1.,0.866025403784439,
1.,0.866025403784439,1.,0.866025403784439,1.,0.866025403784439,1.,0.866025403784439,
1.,0.866025403784439,1.,0.866025403784439,1.,0.866025403784439,1.,0.866025403784439,
1.),(0.333333333333334,0.288675134594813,0.333333333333334,0.288675134594813,
0.333333333333334,0.288675134594813,0.333333333333334,0.288675134594813,
0.333333333333334,0.288675134594813,0.333333333333334,0.288675134594813,
0.333333333333334,0.288675134594813,0.333333333333334,0.288675134594813,
0.333333333333334,0.288675134594813,0.333333333333334,0.288675134594813,
0.333333333333334,0.288675134594813,0.333333333333334,0.288675134594813,
0.333333333333334,0.288675134594813,0.333333333333334,0.288675134594813,
0.333333333333334,0.288675134594813,0.333333333333334,0.288675134594813,
0.333333333333334,0.288675134594813,0.333333333333334,0.288675134594813,
0.333333333333334,0.288675134594813,0.333333333333334,0.288675134594813,
0.333333333333334,0.288675134594813,0.333333333333334,0.288675134594813,
0.333333333333334,0.288675134594813,0.333333333333334,0.288675134594813,
0.333333333333334,0.288675134594813,0.333333333333334,0.288675134594813,
0.333333333333334,0.288675134594813,0.333333333333334,0.288675134594813,
0.333333333333334,0.288675134594813,0.333333333333334,0.288675134594813,
0.333333333333334),(0.333333333333334,0.288675134594813,0.333333333333334,
0.288675134594813,0.333333333333334,0.288675134594813,0.333333333333334,
0.288675134594813,0.333333333333334,0.288675134594813,0.333333333333334,
0.288675134594813,0.333333333333334,0.288675134594813,0.333333333333334,
0.288675134594813,0.333333333333334,0.288675134594813,0.333333333333334,
0.288675134594813,0.333333333333334,0.288675134594813,0.333333333333334,
0.288675134594813,0.333333333333334,0.288675134594813,0.333333333333334,
0.288675134594813,0.333333333333334,0.288675134594813,0.333333333333334,
0.288675134594813,0.333333333333334,0.288675134594813,0.333333333333334,
0.288675134594813,0.333333333333334,0.288675134594813,0.333333333333334,
0.288675134594813,0.333333333333334,0.288675134594813,0.333333333333334,
0.288675134594813,0.333333333333334,0.288675134594813,0.333333333333334,
0.288675134594813,0.333333333333334,0.288675134594813,0.333333333333334,
0.288675134594813,0.333333333333334,0.288675134594813,0.333333333333334,
0.288675134594813,0.333333333333334,0.288675134594813,0.333333333333334,
0.288675134594813,0.333333333333334),(1.,0.866025403784439,1.,0.866025403784439,
1.,0.866025403784439,1.,0.866025403784439,1.,0.866025403784439,1.,0.866025403784439,
1.,0.866025403784439,1.,0.866025403784439,1.,0.866025403784439,1.,0.866025403784439,
1.,0.866025403784439,1.,0.866025403784439,1.,0.866025403784439,1.,0.866025403784439,
1.,0.866025403784439,1.,0.866025403784439,1.,0.866025403784439,1.,0.866025403784439,
1.,0.866025403784439,1.,0.866025403784439,1.,0.866025403784439,1.,0.866025403784439,
1.,0.866025403784439,1.,0.866025403784439,1.,0.866025403784439,1.,0.866025403784439,
1.,0.866025403784439,1.,0.866025403784439,1.,0.866025403784439,1.,0.866025403784439,
1.)))
REPRESENTATION_ITEM('')
SURFACE()
);
#14=FACE_BOUND('',#255,.T.);
#15=FACE_BOUND('',#256,.T.);
#16=FACE_BOUND('',#267,.T.);
#17=FACE_BOUND('',#284,.T.);
#18=FACE_BOUND('',#287,.T.);
#19=FACE_BOUND('',#292,.T.);
#20=FACE_BOUND('',#296,.T.);
#21=CYLINDRICAL_SURFACE('',#909,0.006);
#22=CYLINDRICAL_SURFACE('',#910,0.00395);
#23=CYLINDRICAL_SURFACE('',#911,0.0034);
#24=CYLINDRICAL_SURFACE('',#936,0.007);
#25=CYLINDRICAL_SURFACE('',#942,0.004);
#26=CYLINDRICAL_SURFACE('',#949,0.00494999999999982);
#27=CYLINDRICAL_SURFACE('',#959,0.00394999999999982);
#28=B_SPLINE_CURVE_WITH_KNOTS('',3,(#1208,#1209,#1210,#1211),
 .UNSPECIFIED.,.F.,.F.,(4,4),(0.,0.000712609975298859),.UNSPECIFIED.);
#29=B_SPLINE_CURVE_WITH_KNOTS('',3,(#1215,#1216,#1217,#1218),
 .UNSPECIFIED.,.F.,.F.,(4,4),(0.,0.000712609975298843),.UNSPECIFIED.);
#30=B_SPLINE_CURVE_WITH_KNOTS('',3,(#1258,#1259,#1260,#1261),
 .UNSPECIFIED.,.F.,.F.,(4,4),(0.,0.000712609975298843),.UNSPECIFIED.);
#31=B_SPLINE_CURVE_WITH_KNOTS('',3,(#1265,#1266,#1267,#1268),
 .UNSPECIFIED.,.F.,.F.,(4,4),(0.,0.000712609975298859),.UNSPECIFIED.);
#32=B_SPLINE_CURVE_WITH_KNOTS('',3,(#1283,#1284,#1285,#1286,#1287,#1288,
#1289,#1290,#1291,#1292,#1293,#1294,#1295,#1296,#1297,#1298,#1299,#1300,
#1301),.UNSPECIFIED.,.F.,.F.,(4,2,2,2,3,2,2,2,4),(-0.619101832789716,-0.465127828319022,
-0.311153823848328,-0.155576911924164,0.,0.155576911924164,0.311153823848328,
0.465127828319022,0.619101832789716),.UNSPECIFIED.);
#33=B_SPLINE_CURVE_WITH_KNOTS('',3,(#1302,#1303,#1304,#1305,#1306,#1307,
#1308,#1309,#1310,#1311,#1312,#1313,#1314,#1315,#1316,#1317,#1318,#1319),
 .UNSPECIFIED.,.F.,.F.,(4,2,2,2,2,2,2,2,4),(0.619101832789716,0.773075837260409,
0.927049841731103,1.08262675365527,1.23820366557943,1.39378057750359,1.54935748942776,
1.70333149389845,1.85730549836915),.UNSPECIFIED.);
#34=B_SPLINE_CURVE_WITH_KNOTS('',3,(#1322,#1323,#1324,#1325,#1326,#1327,
#1328,#1329,#1330,#1331,#1332,#1333,#1334,#1335,#1336,#1337,#1338,#1339),
 .UNSPECIFIED.,.F.,.F.,(4,2,2,2,2,2,2,2,4),(-1.85730549836915,-1.70333149389845,
-1.54935748942776,-1.39378057750359,-1.23820366557943,-1.08262675365527,
-0.927049841731103,-0.77307583726041,-0.619101832789716),.UNSPECIFIED.);
#35=B_SPLINE_CURVE_WITH_KNOTS('',3,(#1340,#1341,#1342,#1343,#1344,#1345,
#1346,#1347,#1348,#1349,#1350,#1351,#1352,#1353,#1354,#1355,#1356,#1357,
#1358),.UNSPECIFIED.,.F.,.F.,(4,2,2,2,3,2,2,2,4),(-0.619101832789716,-0.465127828319022,
-0.311153823848328,-0.155576911924164,0.,0.155576911924164,0.311153823848328,
0.465127828319022,0.619101832789716),.UNSPECIFIED.);
#36=B_SPLINE_CURVE_WITH_KNOTS('',3,(#1363,#1364,#1365,#1366,#1367,#1368,
#1369,#1370,#1371,#1372,#1373,#1374),.UNSPECIFIED.,.F.,.F.,(4,2,2,2,2,4),
(1.6822472207445,1.81876491086924,1.95528260099398,2.09913944766,2.171067870993,
2.24299629432601),.UNSPECIFIED.);
#37=B_SPLINE_CURVE_WITH_KNOTS('',3,(#1376,#1377,#1378,#1379,#1380,#1381,
#1382,#1383,#1384,#1385,#1386,#1387),.UNSPECIFIED.,.F.,.F.,(4,2,2,2,2,4),
(0.,0.0719284233330056,0.143856846666011,0.287713693332022,0.424231383456762,
0.560749073581502),.UNSPECIFIED.);
#38=B_SPLINE_CURVE_WITH_KNOTS('',3,(#1390,#1391,#1392,#1393,#1394,#1395,
#1396,#1397,#1398,#1399,#1400,#1401),.UNSPECIFIED.,.F.,.F.,(4,2,2,2,2,4),
(0.560749073581502,0.697266763706242,0.833784453830982,0.977641300496993,
1.04956972383,1.121498147163),.UNSPECIFIED.);
#39=B_SPLINE_CURVE_WITH_KNOTS('',3,(#1402,#1403,#1404,#1405,#1406,#1407,
#1408,#1409,#1410,#1411,#1412,#1413),.UNSPECIFIED.,.F.,.F.,(4,2,2,2,2,4),
(1.121498147163,1.19342657049601,1.26535499382901,1.40921184049502,1.54572953061976,
1.6822472207445),.UNSPECIFIED.);
#40=B_SPLINE_CURVE_WITH_KNOTS('',3,(#1488,#1489,#1490,#1491,#1492,#1493,
#1494,#1495,#1496,#1497,#1498,#1499,#1500,#1501,#1502,#1503,#1504,#1505,
#1506,#1507,#1508,#1509,#1510,#1511,#1512,#1513,#1514,#1515,#1516,#1517,
#1518,#1519,#1520,#1521,#1522,#1523,#1524,#1525,#1526,#1527,#1528,#1529,
#1530,#1531,#1532,#1533,#1534,#1535,#1536,#1537,#1538,#1539,#1540,#1541,
#1542,#1543,#1544,#1545,#1546,#1547,#1548),.UNSPECIFIED.,.T.,.F.,(4,2,2,
2,2,2,2,2,2,2,2,2,2,2,2,3,2,2,2,2,2,2,2,2,2,2,2,2,2,4),(1.78124741078186,
1.8288489466263,2.14986838945846,2.48158092596241,2.63523744330754,2.73551545874641,
2.7680380066317,2.78576502381785,2.79734016802889,2.80773424794626,2.8207129340543,
2.84420793854839,2.89930212637907,3.07769412596118,3.26821534786214,3.39326327993509,
3.41266364333184,3.65851273690856,4.09533981359453,4.12260590128898,4.13866151018158,
4.15102082639957,4.16371033601268,4.182584176234,4.22223456242792,4.31940875027837,
4.5290512322108,4.84849964143524,5.14772650165013,5.17451069071695),
 .UNSPECIFIED.);
#41=B_SPLINE_CURVE_WITH_KNOTS('',3,(#2028,#2029,#2030,#2031,#2032,#2033,
#2034,#2035,#2036,#2037,#2038,#2039,#2040,#2041,#2042,#2043,#2044,#2045,
#2046,#2047,#2048,#2049,#2050,#2051,#2052,#2053,#2054,#2055,#2056,#2057,
#2058,#2059,#2060,#2061,#2062,#2063,#2064,#2065,#2066,#2067,#2068,#2069,
#2070,#2071,#2072,#2073,#2074,#2075,#2076,#2077,#2078,#2079,#2080,#2081,
#2082,#2083,#2084,#2085,#2086,#2087,#2088),.UNSPECIFIED.,.T.,.F.,(4,2,2,
2,2,2,2,2,2,2,2,2,2,2,2,3,2,2,2,2,2,2,2,2,2,2,2,2,2,4),(1.7812474082335,
1.82884894372,2.14986838552291,2.48158092107576,2.63523743807026,2.73551545335104,
2.76803800116567,2.78576501830972,2.79734016248595,2.80773424236581,2.82071292841615,
2.84420793278945,2.89930212028417,3.07769411850297,3.26821534044208,3.39326327266719,
3.41266363606254,3.65851272958969,4.09533980614101,4.12260589382798,4.13866150271227,
4.15102081891899,4.16371032851654,4.18258416870751,4.22223455481957,4.31940874243638,
4.52905122386537,4.84849963233692,5.14772649169052,5.17451068090068),
 .UNSPECIFIED.);
#42=B_SPLINE_CURVE_WITH_KNOTS('',3,(#2145,#2146,#2147,#2148,#2149,#2150,
#2151,#2152,#2153,#2154,#2155,#2156,#2157,#2158,#2159,#2160,#2161,#2162,
#2163,#2164,#2165,#2166,#2167,#2168,#2169,#2170,#2171,#2172,#2173,#2174,
#2175,#2176,#2177,#2178,#2179,#2180,#2181,#2182,#2183,#2184,#2185,#2186,
#2187,#2188),.UNSPECIFIED.,.F.,.F.,(4,2,2,2,2,2,2,2,2,2,2,2,2,2,2,2,2,2,
2,2,2,4),(-2.11840341747401,-2.10462225583649,-2.01906567610461,-1.93350909637272,
-1.84795251664084,-1.76239593690896,-1.66214566501741,-1.56189539312587,
-1.42552358538704,-1.28915177764822,-1.13554994650375,-0.981948115359284,
-0.890425377186375,-0.798902639013465,-0.721739263918786,-0.644575888824108,
-0.567412513729429,-0.49024913863475,-0.398726400461841,-0.307203662288931,
-0.153601831144466,0.),.UNSPECIFIED.);
#43=B_SPLINE_CURVE_WITH_KNOTS('',3,(#2189,#2190,#2191,#2192,#2193,#2194,
#2195,#2196,#2197,#2198),.UNSPECIFIED.,.F.,.F.,(4,2,2,2,4),(0.,0.136371807738825,
0.27274361547765,0.372993887369197,0.459462997623222),.UNSPECIFIED.);
#44=LINE('',#1201,#105);
#45=LINE('',#1204,#106);
#46=LINE('',#1222,#107);
#47=LINE('',#1225,#108);
#48=LINE('',#1231,#109);
#49=LINE('',#1232,#110);
#50=LINE('',#1241,#111);
#51=LINE('',#1243,#112);
#52=LINE('',#1244,#113);
#53=LINE('',#1253,#114);
#54=LINE('',#1276,#115);
#55=LINE('',#1278,#116);
#56=LINE('',#1279,#117);
#57=LINE('',#1280,#118);
#58=LINE('',#1361,#119);
#59=LINE('',#1388,#120);
#60=LINE('',#1415,#121);
#61=LINE('',#1416,#122);
#62=LINE('',#1417,#123);
#63=LINE('',#1419,#124);
#64=LINE('',#1421,#125);
#65=LINE('',#1426,#126);
#66=LINE('',#1428,#127);
#67=LINE('',#1430,#128);
#68=LINE('',#1431,#129);
#69=LINE('',#1434,#130);
#70=LINE('',#1436,#131);
#71=LINE('',#1437,#132);
#72=LINE('',#1440,#133);
#73=LINE('',#1442,#134);
#74=LINE('',#1443,#135);
#75=LINE('',#1447,#136);
#76=LINE('',#1448,#137);
#77=LINE('',#1449,#138);
#78=LINE('',#1454,#139);
#79=LINE('',#1455,#140);
#80=LINE('',#1458,#141);
#81=LINE('',#1459,#142);
#82=LINE('',#1461,#143);
#83=LINE('',#1464,#144);
#84=LINE('',#1466,#145);
#85=LINE('',#1467,#146);
#86=LINE('',#1470,#147);
#87=LINE('',#1471,#148);
#88=LINE('',#1474,#149);
#89=LINE('',#1475,#150);
#90=LINE('',#1478,#151);
#91=LINE('',#1479,#152);
#92=LINE('',#1482,#153);
#93=LINE('',#1483,#154);
#94=LINE('',#1485,#155);
#95=LINE('',#2098,#156);
#96=LINE('',#2101,#157);
#97=LINE('',#2105,#158);
#98=LINE('',#2112,#159);
#99=LINE('',#2122,#160);
#100=LINE('',#2125,#161);
#101=LINE('',#2129,#162);
#102=LINE('',#2140,#163);
#103=LINE('',#2142,#164);
#104=LINE('',#2201,#165);
#105=VECTOR('',#973,0.00266646442124525);
#106=VECTOR('',#976,0.00266646442124525);
#107=VECTOR('',#985,0.00163871154820183);
#108=VECTOR('',#988,0.00163871154820182);
#109=VECTOR('',#991,0.000499999999999969);
#110=VECTOR('',#992,0.000499999999999974);
#111=VECTOR('',#999,0.000499999999999974);
#112=VECTOR('',#1000,0.000499999999999965);
#113=VECTOR('',#1001,0.00266646442124522);
#114=VECTOR('',#1010,0.00266646442124522);
#115=VECTOR('',#1027,0.004);
#116=VECTOR('',#1030,0.000499999999999974);
#117=VECTOR('',#1031,0.000499999999999965);
#118=VECTOR('',#1032,0.006);
#119=VECTOR('',#1035,0.00395);
#120=VECTOR('',#1036,0.00395);
#121=VECTOR('',#1039,0.0034);
#122=VECTOR('',#1040,0.000499999999999974);
#123=VECTOR('',#1041,0.000499999999999969);
#124=VECTOR('',#1044,0.00163871154820183);
#125=VECTOR('',#1047,0.00163871154820183);
#126=VECTOR('',#1052,0.000152752523165194);
#127=VECTOR('',#1053,0.00242487113059643);
#128=VECTOR('',#1054,0.000152752523165204);
#129=VECTOR('',#1055,0.00230940107675851);
#130=VECTOR('',#1058,0.00242487113059643);
#131=VECTOR('',#1059,0.000152752523165217);
#132=VECTOR('',#1060,0.0023094010767585);
#133=VECTOR('',#1063,0.00242487113059643);
#134=VECTOR('',#1064,0.000152752523165198);
#135=VECTOR('',#1065,0.0023094010767585);
#136=VECTOR('',#1068,0.00015275252316519);
#137=VECTOR('',#1069,0.0023094010767585);
#138=VECTOR('',#1070,0.00242487113059643);
#139=VECTOR('',#1075,0.00242487113059643);
#140=VECTOR('',#1076,0.00242487113059642);
#141=VECTOR('',#1079,0.000152752523165206);
#142=VECTOR('',#1080,0.0023094010767585);
#143=VECTOR('',#1083,0.0023094010767585);
#144=VECTOR('',#1086,0.00490000000000002);
#145=VECTOR('',#1087,0.00489999999999997);
#146=VECTOR('',#1088,0.0023094010767585);
#147=VECTOR('',#1091,0.00490000000000002);
#148=VECTOR('',#1092,0.00230940107675851);
#149=VECTOR('',#1095,0.00489999999999997);
#150=VECTOR('',#1096,0.0023094010767585);
#151=VECTOR('',#1099,0.00489999999999997);
#152=VECTOR('',#1100,0.0023094010767585);
#153=VECTOR('',#1103,0.00490000000000001);
#154=VECTOR('',#1104,0.0023094010767585);
#155=VECTOR('',#1107,0.0023094010767585);
#156=VECTOR('',#1122,0.005);
#157=VECTOR('',#1125,0.007);
#158=VECTOR('',#1130,0.007);
#159=VECTOR('',#1139,0.004);
#160=VECTOR('',#1152,0.00444999999999982);
#161=VECTOR('',#1155,0.00494999999999982);
#162=VECTOR('',#1160,0.00494999999999982);
#163=VECTOR('',#1175,0.00394999999999982);
#164=VECTOR('',#1178,0.00394999999999982);
#165=VECTOR('',#1181,0.00495);
#166=PLANE('',#885);
#167=PLANE('',#891);
#168=PLANE('',#893);
#169=PLANE('',#896);
#170=PLANE('',#897);
#171=PLANE('',#905);
#172=PLANE('',#912);
#173=PLANE('',#913);
#174=PLANE('',#914);
#175=PLANE('',#915);
#176=PLANE('',#916);
#177=PLANE('',#917);
#178=PLANE('',#918);
#179=PLANE('',#919);
#180=PLANE('',#921);
#181=PLANE('',#922);
#182=PLANE('',#923);
#183=PLANE('',#924);
#184=PLANE('',#925);
#185=PLANE('',#926);
#186=PLANE('',#927);
#187=PLANE('',#928);
#188=PLANE('',#929);
#189=PLANE('',#930);
#190=PLANE('',#931);
#191=PLANE('',#940);
#192=PLANE('',#944);
#193=PLANE('',#953);
#194=PLANE('',#955);
#195=FACE_OUTER_BOUND('',#243,.T.);
#196=FACE_OUTER_BOUND('',#244,.T.);
#197=FACE_OUTER_BOUND('',#245,.T.);
#198=FACE_OUTER_BOUND('',#246,.T.);
#199=FACE_OUTER_BOUND('',#247,.T.);
#200=FACE_OUTER_BOUND('',#248,.T.);
#201=FACE_OUTER_BOUND('',#249,.T.);
#202=FACE_OUTER_BOUND('',#250,.T.);
#203=FACE_OUTER_BOUND('',#251,.T.);
#204=FACE_OUTER_BOUND('',#252,.T.);
#205=FACE_OUTER_BOUND('',#253,.T.);
#206=FACE_OUTER_BOUND('',#254,.T.);
#207=FACE_OUTER_BOUND('',#257,.T.);
#208=FACE_OUTER_BOUND('',#258,.T.);
#209=FACE_OUTER_BOUND('',#259,.T.);
#210=FACE_OUTER_BOUND('',#260,.T.);
#211=FACE_OUTER_BOUND('',#261,.T.);
#212=FACE_OUTER_BOUND('',#262,.T.);
#213=FACE_OUTER_BOUND('',#263,.T.);
#214=FACE_OUTER_BOUND('',#264,.T.);
#215=FACE_OUTER_BOUND('',#265,.T.);
#216=FACE_OUTER_BOUND('',#266,.T.);
#217=FACE_OUTER_BOUND('',#268,.T.);
#218=FACE_OUTER_BOUND('',#269,.T.);
#219=FACE_OUTER_BOUND('',#270,.T.);
#220=FACE_OUTER_BOUND('',#271,.T.);
#221=FACE_OUTER_BOUND('',#272,.T.);
#222=FACE_OUTER_BOUND('',#273,.T.);
#223=FACE_OUTER_BOUND('',#274,.T.);
#224=FACE_OUTER_BOUND('',#275,.T.);
#225=FACE_OUTER_BOUND('',#276,.T.);
#226=FACE_OUTER_BOUND('',#277,.T.);
#227=FACE_OUTER_BOUND('',#278,.T.);
#228=FACE_OUTER_BOUND('',#279,.T.);
#229=FACE_OUTER_BOUND('',#280,.T.);
#230=FACE_OUTER_BOUND('',#281,.T.);
#231=FACE_OUTER_BOUND('',#282,.T.);
#232=FACE_OUTER_BOUND('',#283,.T.);
#233=FACE_OUTER_BOUND('',#285,.T.);
#234=FACE_OUTER_BOUND('',#286,.T.);
#235=FACE_OUTER_BOUND('',#288,.T.);
#236=FACE_OUTER_BOUND('',#289,.T.);
#237=FACE_OUTER_BOUND('',#290,.T.);
#238=FACE_OUTER_BOUND('',#291,.T.);
#239=FACE_OUTER_BOUND('',#293,.T.);
#240=FACE_OUTER_BOUND('',#294,.T.);
#241=FACE_OUTER_BOUND('',#295,.T.);
#242=FACE_OUTER_BOUND('',#297,.T.);
#243=EDGE_LOOP('',(#524,#525,#526,#527));
#244=EDGE_LOOP('',(#528,#529,#530,#531));
#245=EDGE_LOOP('',(#532,#533,#534,#535));
#246=EDGE_LOOP('',(#536,#537,#538,#539));
#247=EDGE_LOOP('',(#540,#541,#542,#543,#544,#545));
#248=EDGE_LOOP('',(#546,#547,#548,#549));
#249=EDGE_LOOP('',(#550,#551,#552,#553,#554,#555));
#250=EDGE_LOOP('',(#556,#557,#558,#559,#560,#561));
#251=EDGE_LOOP('',(#562,#563,#564,#565));
#252=EDGE_LOOP('',(#566));
#253=EDGE_LOOP('',(#567,#568,#569,#570));
#254=EDGE_LOOP('',(#571,#572,#573,#574,#575,#576,#577,#578,#579,#580,#581,
#582));
#255=EDGE_LOOP('',(#583,#584));
#256=EDGE_LOOP('',(#585,#586));
#257=EDGE_LOOP('',(#587,#588,#589,#590,#591,#592,#593,#594,#595,#596,#597,
#598));
#258=EDGE_LOOP('',(#599,#600,#601,#602,#603,#604,#605,#606,#607,#608,#609,
#610,#611,#612,#613));
#259=EDGE_LOOP('',(#614,#615,#616,#617,#618,#619));
#260=EDGE_LOOP('',(#620,#621,#622,#623));
#261=EDGE_LOOP('',(#624,#625,#626,#627,#628,#629));
#262=EDGE_LOOP('',(#630,#631,#632,#633));
#263=EDGE_LOOP('',(#634,#635,#636,#637));
#264=EDGE_LOOP('',(#638,#639,#640,#641));
#265=EDGE_LOOP('',(#642,#643,#644,#645));
#266=EDGE_LOOP('',(#646));
#267=EDGE_LOOP('',(#647,#648,#649,#650,#651,#652));
#268=EDGE_LOOP('',(#653,#654,#655,#656));
#269=EDGE_LOOP('',(#657,#658,#659,#660));
#270=EDGE_LOOP('',(#661,#662,#663,#664));
#271=EDGE_LOOP('',(#665,#666,#667,#668));
#272=EDGE_LOOP('',(#669,#670,#671,#672));
#273=EDGE_LOOP('',(#673,#674,#675,#676));
#274=EDGE_LOOP('',(#677,#678,#679,#680));
#275=EDGE_LOOP('',(#681,#682,#683,#684));
#276=EDGE_LOOP('',(#685));
#277=EDGE_LOOP('',(#686,#687,#688,#689));
#278=EDGE_LOOP('',(#690));
#279=EDGE_LOOP('',(#691));
#280=EDGE_LOOP('',(#692,#693,#694,#695,#696));
#281=EDGE_LOOP('',(#697,#698,#699,#700,#701));
#282=EDGE_LOOP('',(#702,#703,#704,#705));
#283=EDGE_LOOP('',(#706));
#284=EDGE_LOOP('',(#707));
#285=EDGE_LOOP('',(#708,#709,#710,#711));
#286=EDGE_LOOP('',(#712));
#287=EDGE_LOOP('',(#713));
#288=EDGE_LOOP('',(#714,#715,#716,#717,#718));
#289=EDGE_LOOP('',(#719,#720,#721,#722,#723));
#290=EDGE_LOOP('',(#724,#725,#726,#727));
#291=EDGE_LOOP('',(#728));
#292=EDGE_LOOP('',(#729));
#293=EDGE_LOOP('',(#730));
#294=EDGE_LOOP('',(#731,#732,#733,#734));
#295=EDGE_LOOP('',(#735,#736,#737,#738));
#296=EDGE_LOOP('',(#739,#740));
#297=EDGE_LOOP('',(#741,#742,#743,#744));
#298=CIRCLE('',#883,0.0039);
#299=CIRCLE('',#884,0.0034);
#300=CIRCLE('',#886,0.0034);
#301=CIRCLE('',#887,0.006);
#302=CIRCLE('',#889,0.0055);
#303=CIRCLE('',#890,0.006);
#304=CIRCLE('',#892,0.0039);
#305=CIRCLE('',#895,0.0034);
#306=CIRCLE('',#898,0.0034);
#307=CIRCLE('',#899,0.006);
#308=CIRCLE('',#900,0.006);
#309=CIRCLE('',#901,0.0034);
#310=CIRCLE('',#903,0.0055);
#311=CIRCLE('',#904,0.006);
#312=CIRCLE('',#906,0.004);
#313=CIRCLE('',#908,0.006);
#314=CIRCLE('',#920,0.0035);
#315=CIRCLE('',#932,0.005);
#316=CIRCLE('',#934,0.007);
#317=CIRCLE('',#935,0.007);
#318=CIRCLE('',#937,0.007);
#319=CIRCLE('',#939,0.0065);
#320=CIRCLE('',#941,0.004);
#321=CIRCLE('',#943,0.004);
#322=CIRCLE('',#945,0.00444999999999982);
#323=CIRCLE('',#947,0.00494999999999982);
#324=CIRCLE('',#948,0.00494999999999982);
#325=CIRCLE('',#950,0.00494999999999982);
#326=CIRCLE('',#952,0.00444999999999982);
#327=CIRCLE('',#954,0.00394999999999982);
#328=CIRCLE('',#956,0.00194999999999982);
#329=CIRCLE('',#958,0.00394999999999982);
#330=(
BOUNDED_CURVE()
B_SPLINE_CURVE(2,(#1186,#1187,#1188),.UNSPECIFIED.,.F.,.F.)
B_SPLINE_CURVE_WITH_KNOTS((3,3),(-0.338080986309246,-0.275913092662403),
 .UNSPECIFIED.)
CURVE()
GEOMETRIC_REPRESENTATION_ITEM()
RATIONAL_B_SPLINE_CURVE((1.04619100785343,1.05639085803675,1.06127763496154))
REPRESENTATION_ITEM('')
);
#331=(
BOUNDED_CURVE()
B_SPLINE_CURVE(2,(#1192,#1193,#1194),.UNSPECIFIED.,.F.,.F.)
B_SPLINE_CURVE_WITH_KNOTS((3,3),(-0.161534809691015,-0.099374748269188),
 .UNSPECIFIED.)
CURVE()
GEOMETRIC_REPRESENTATION_ITEM()
RATIONAL_B_SPLINE_CURVE((1.06130893665318,1.05641640017033,1.04621074219096))
REPRESENTATION_ITEM('')
);
#332=(
BOUNDED_CURVE()
B_SPLINE_CURVE(2,(#1228,#1229,#1230),.UNSPECIFIED.,.F.,.F.)
B_SPLINE_CURVE_WITH_KNOTS((3,3),(0.0993747482691833,0.16153480969101),
 .UNSPECIFIED.)
CURVE()
GEOMETRIC_REPRESENTATION_ITEM()
RATIONAL_B_SPLINE_CURVE((1.04621074219099,1.05641640017035,1.06130893665321))
REPRESENTATION_ITEM('')
);
#333=(
BOUNDED_CURVE()
B_SPLINE_CURVE(2,(#1235,#1236,#1237),.UNSPECIFIED.,.F.,.F.)
B_SPLINE_CURVE_WITH_KNOTS((3,3),(-0.161553431745157,-0.0993855380983149),
 .UNSPECIFIED.)
CURVE()
GEOMETRIC_REPRESENTATION_ITEM()
RATIONAL_B_SPLINE_CURVE((1.06127763496167,1.05639085803686,1.04619100785353))
REPRESENTATION_ITEM('')
);
#334=(
BOUNDED_CURVE()
B_SPLINE_CURVE(2,(#1977,#1978,#1979,#1980,#1981,#1982,#1983,#1984,#1985,
#1986,#1987,#1988,#1989,#1990,#1991,#1992,#1993,#1994,#1995,#1996,#1997,
#1998,#1999,#2000,#2001,#2002,#2003,#2004,#2005,#2006,#2007,#2008,#2009,
#2010,#2011,#2012,#2013,#2014,#2015,#2016,#2017,#2018,#2019,#2020,#2021,
#2022,#2023,#2024,#2025,#2026,#2027),.UNSPECIFIED.,.F.,.F.)
B_SPLINE_CURVE_WITH_KNOTS((3,2,2,2,2,2,2,2,2,2,2,2,2,2,2,2,2,2,2,2,2,2,
2,2,2,3),(0.0866603732772723,0.1,0.133333333333333,0.166666666666667,0.2,
0.233333333333334,0.266666666666666,0.3,0.333333333333334,0.366666666666666,
0.4,0.433333333333334,0.466666666666667,0.5,0.533333333333333,0.566666666666667,
0.6,0.633333333333333,0.666666666666667,0.7,0.733333333333333,0.766666666666667,
0.8,0.833333333333333,0.866666666666667,0.886660373277274),
 .UNSPECIFIED.)
CURVE()
GEOMETRIC_REPRESENTATION_ITEM()
RATIONAL_B_SPLINE_CURVE((0.935682085516232,0.946384866884687,1.,0.866025403784439,
1.,0.866025403784439,1.,0.866025403784439,1.,0.866025403784439,1.,0.866025403784439,
1.,0.866025403784439,1.,0.866025403784439,1.,0.866025403784439,1.,0.866025403784439,
1.,0.866025403784439,1.,0.866025403784439,1.,0.866025403784439,1.,0.866025403784439,
1.,0.866025403784439,1.,0.866025403784439,1.,0.866025403784439,1.,0.866025403784439,
1.,0.866025403784439,1.,0.866025403784439,1.,0.866025403784439,1.,0.866025403784439,
1.,0.866025403784439,1.,0.866025403784439,1.,0.919640536899744,0.935682085516236))
REPRESENTATION_ITEM('')
);
#335=VERTEX_POINT('',#1184);
#336=VERTEX_POINT('',#1185);
#337=VERTEX_POINT('',#1189);
#338=VERTEX_POINT('',#1191);
#339=VERTEX_POINT('',#1197);
#340=VERTEX_POINT('',#1198);
#341=VERTEX_POINT('',#1200);
#342=VERTEX_POINT('',#1202);
#343=VERTEX_POINT('',#1206);
#344=VERTEX_POINT('',#1207);
#345=VERTEX_POINT('',#1212);
#346=VERTEX_POINT('',#1214);
#347=VERTEX_POINT('',#1221);
#348=VERTEX_POINT('',#1223);
#349=VERTEX_POINT('',#1227);
#350=VERTEX_POINT('',#1234);
#351=VERTEX_POINT('',#1240);
#352=VERTEX_POINT('',#1242);
#353=VERTEX_POINT('',#1246);
#354=VERTEX_POINT('',#1248);
#355=VERTEX_POINT('',#1250);
#356=VERTEX_POINT('',#1252);
#357=VERTEX_POINT('',#1256);
#358=VERTEX_POINT('',#1257);
#359=VERTEX_POINT('',#1262);
#360=VERTEX_POINT('',#1264);
#361=VERTEX_POINT('',#1271);
#362=VERTEX_POINT('',#1274);
#363=VERTEX_POINT('',#1281);
#364=VERTEX_POINT('',#1282);
#365=VERTEX_POINT('',#1320);
#366=VERTEX_POINT('',#1321);
#367=VERTEX_POINT('',#1360);
#368=VERTEX_POINT('',#1362);
#369=VERTEX_POINT('',#1375);
#370=VERTEX_POINT('',#1389);
#371=VERTEX_POINT('',#1424);
#372=VERTEX_POINT('',#1425);
#373=VERTEX_POINT('',#1427);
#374=VERTEX_POINT('',#1429);
#375=VERTEX_POINT('',#1433);
#376=VERTEX_POINT('',#1435);
#377=VERTEX_POINT('',#1439);
#378=VERTEX_POINT('',#1441);
#379=VERTEX_POINT('',#1445);
#380=VERTEX_POINT('',#1446);
#381=VERTEX_POINT('',#1451);
#382=VERTEX_POINT('',#1453);
#383=VERTEX_POINT('',#1457);
#384=VERTEX_POINT('',#1463);
#385=VERTEX_POINT('',#1465);
#386=VERTEX_POINT('',#1469);
#387=VERTEX_POINT('',#1473);
#388=VERTEX_POINT('',#1477);
#389=VERTEX_POINT('',#1481);
#390=VERTEX_POINT('',#1487);
#391=VERTEX_POINT('',#1976);
#392=VERTEX_POINT('',#2091);
#393=VERTEX_POINT('',#2094);
#394=VERTEX_POINT('',#2095);
#395=VERTEX_POINT('',#2100);
#396=VERTEX_POINT('',#2104);
#397=VERTEX_POINT('',#2108);
#398=VERTEX_POINT('',#2111);
#399=VERTEX_POINT('',#2115);
#400=VERTEX_POINT('',#2118);
#401=VERTEX_POINT('',#2119);
#402=VERTEX_POINT('',#2124);
#403=VERTEX_POINT('',#2128);
#404=VERTEX_POINT('',#2132);
#405=VERTEX_POINT('',#2135);
#406=VERTEX_POINT('',#2138);
#407=VERTEX_POINT('',#2143);
#408=VERTEX_POINT('',#2144);
#409=VERTEX_POINT('',#2200);
#410=EDGE_CURVE('',#335,#336,#330,.T.);
#411=EDGE_CURVE('',#337,#335,#298,.T.);
#412=EDGE_CURVE('',#338,#337,#331,.T.);
#413=EDGE_CURVE('',#336,#338,#299,.F.);
#414=EDGE_CURVE('',#339,#340,#300,.T.);
#415=EDGE_CURVE('',#339,#341,#44,.T.);
#416=EDGE_CURVE('',#341,#342,#301,.T.);
#417=EDGE_CURVE('',#342,#340,#45,.T.);
#418=EDGE_CURVE('',#343,#344,#28,.T.);
#419=EDGE_CURVE('',#345,#343,#302,.F.);
#420=EDGE_CURVE('',#346,#345,#29,.T.);
#421=EDGE_CURVE('',#344,#346,#303,.T.);
#422=EDGE_CURVE('',#347,#343,#46,.T.);
#423=EDGE_CURVE('',#347,#348,#304,.T.);
#424=EDGE_CURVE('',#345,#348,#47,.T.);
#425=EDGE_CURVE('',#348,#349,#332,.T.);
#426=EDGE_CURVE('',#349,#340,#48,.F.);
#427=EDGE_CURVE('',#342,#346,#49,.T.);
#428=EDGE_CURVE('',#350,#347,#333,.T.);
#429=EDGE_CURVE('',#349,#350,#305,.F.);
#430=EDGE_CURVE('',#351,#350,#50,.T.);
#431=EDGE_CURVE('',#352,#344,#51,.T.);
#432=EDGE_CURVE('',#351,#352,#52,.T.);
#433=EDGE_CURVE('',#351,#353,#306,.T.);
#434=EDGE_CURVE('',#352,#354,#307,.T.);
#435=EDGE_CURVE('',#354,#355,#308,.T.);
#436=EDGE_CURVE('',#355,#356,#53,.T.);
#437=EDGE_CURVE('',#353,#356,#309,.T.);
#438=EDGE_CURVE('',#357,#358,#30,.T.);
#439=EDGE_CURVE('',#359,#357,#310,.F.);
#440=EDGE_CURVE('',#360,#359,#31,.T.);
#441=EDGE_CURVE('',#358,#360,#311,.T.);
#442=EDGE_CURVE('',#361,#361,#312,.T.);
#443=EDGE_CURVE('',#362,#362,#313,.F.);
#444=EDGE_CURVE('',#362,#361,#54,.T.);
#445=EDGE_CURVE('',#341,#358,#55,.T.);
#446=EDGE_CURVE('',#355,#360,#56,.T.);
#447=EDGE_CURVE('',#354,#362,#57,.T.);
#448=EDGE_CURVE('',#363,#364,#32,.T.);
#449=EDGE_CURVE('',#364,#363,#33,.T.);
#450=EDGE_CURVE('',#365,#366,#34,.T.);
#451=EDGE_CURVE('',#366,#365,#35,.T.);
#452=EDGE_CURVE('',#364,#367,#58,.T.);
#453=EDGE_CURVE('',#367,#368,#36,.T.);
#454=EDGE_CURVE('',#368,#369,#37,.T.);
#455=EDGE_CURVE('',#369,#366,#59,.T.);
#456=EDGE_CURVE('',#369,#370,#38,.T.);
#457=EDGE_CURVE('',#370,#367,#39,.T.);
#458=EDGE_CURVE('',#370,#353,#60,.T.);
#459=EDGE_CURVE('',#336,#356,#61,.F.);
#460=EDGE_CURVE('',#339,#338,#62,.T.);
#461=EDGE_CURVE('',#337,#357,#63,.T.);
#462=EDGE_CURVE('',#359,#335,#64,.T.);
#463=EDGE_CURVE('',#371,#372,#65,.T.);
#464=EDGE_CURVE('',#373,#372,#66,.T.);
#465=EDGE_CURVE('',#374,#373,#67,.T.);
#466=EDGE_CURVE('',#371,#374,#68,.T.);
#467=EDGE_CURVE('',#375,#373,#69,.T.);
#468=EDGE_CURVE('',#376,#375,#70,.F.);
#469=EDGE_CURVE('',#374,#376,#71,.T.);
#470=EDGE_CURVE('',#377,#375,#72,.T.);
#471=EDGE_CURVE('',#377,#378,#73,.F.);
#472=EDGE_CURVE('',#376,#378,#74,.T.);
#473=EDGE_CURVE('',#379,#380,#75,.F.);
#474=EDGE_CURVE('',#378,#380,#76,.T.);
#475=EDGE_CURVE('',#379,#377,#77,.T.);
#476=EDGE_CURVE('',#381,#381,#314,.T.);
#477=EDGE_CURVE('',#372,#382,#78,.T.);
#478=EDGE_CURVE('',#382,#379,#79,.T.);
#479=EDGE_CURVE('',#382,#383,#80,.F.);
#480=EDGE_CURVE('',#383,#371,#81,.T.);
#481=EDGE_CURVE('',#380,#383,#82,.T.);
#482=EDGE_CURVE('',#384,#380,#83,.T.);
#483=EDGE_CURVE('',#385,#383,#84,.T.);
#484=EDGE_CURVE('',#384,#385,#85,.T.);
#485=EDGE_CURVE('',#386,#371,#86,.T.);
#486=EDGE_CURVE('',#385,#386,#87,.T.);
#487=EDGE_CURVE('',#387,#374,#88,.T.);
#488=EDGE_CURVE('',#386,#387,#89,.T.);
#489=EDGE_CURVE('',#388,#376,#90,.T.);
#490=EDGE_CURVE('',#387,#388,#91,.T.);
#491=EDGE_CURVE('',#389,#378,#92,.T.);
#492=EDGE_CURVE('',#388,#389,#93,.T.);
#493=EDGE_CURVE('',#389,#384,#94,.T.);
#494=EDGE_CURVE('',#390,#390,#40,.T.);
#495=EDGE_CURVE('',#390,#391,#334,.T.);
#496=EDGE_CURVE('',#391,#391,#41,.T.);
#497=EDGE_CURVE('',#392,#392,#315,.T.);
#498=EDGE_CURVE('',#393,#394,#316,.T.);
#499=EDGE_CURVE('',#394,#393,#317,.T.);
#500=EDGE_CURVE('',#393,#392,#95,.T.);
#501=EDGE_CURVE('',#394,#395,#96,.T.);
#502=EDGE_CURVE('',#395,#395,#318,.T.);
#503=EDGE_CURVE('',#395,#396,#97,.T.);
#504=EDGE_CURVE('',#396,#396,#319,.T.);
#505=EDGE_CURVE('',#397,#397,#320,.T.);
#506=EDGE_CURVE('',#397,#398,#98,.T.);
#507=EDGE_CURVE('',#398,#398,#321,.T.);
#508=EDGE_CURVE('',#399,#399,#322,.T.);
#509=EDGE_CURVE('',#400,#401,#323,.T.);
#510=EDGE_CURVE('',#401,#400,#324,.T.);
#511=EDGE_CURVE('',#400,#399,#99,.T.);
#512=EDGE_CURVE('',#401,#402,#100,.T.);
#513=EDGE_CURVE('',#402,#402,#325,.T.);
#514=EDGE_CURVE('',#402,#403,#101,.T.);
#515=EDGE_CURVE('',#403,#403,#326,.T.);
#516=EDGE_CURVE('',#404,#404,#327,.T.);
#517=EDGE_CURVE('',#405,#405,#328,.T.);
#518=EDGE_CURVE('',#406,#406,#329,.T.);
#519=EDGE_CURVE('',#406,#405,#102,.T.);
#520=EDGE_CURVE('',#404,#406,#103,.T.);
#521=EDGE_CURVE('',#407,#408,#42,.T.);
#522=EDGE_CURVE('',#408,#407,#43,.T.);
#523=EDGE_CURVE('',#409,#408,#104,.T.);
#524=ORIENTED_EDGE('',*,*,#410,.F.);
#525=ORIENTED_EDGE('',*,*,#411,.F.);
#526=ORIENTED_EDGE('',*,*,#412,.F.);
#527=ORIENTED_EDGE('',*,*,#413,.F.);
#528=ORIENTED_EDGE('',*,*,#414,.F.);
#529=ORIENTED_EDGE('',*,*,#415,.T.);
#530=ORIENTED_EDGE('',*,*,#416,.T.);
#531=ORIENTED_EDGE('',*,*,#417,.T.);
#532=ORIENTED_EDGE('',*,*,#418,.F.);
#533=ORIENTED_EDGE('',*,*,#419,.F.);
#534=ORIENTED_EDGE('',*,*,#420,.F.);
#535=ORIENTED_EDGE('',*,*,#421,.F.);
#536=ORIENTED_EDGE('',*,*,#422,.F.);
#537=ORIENTED_EDGE('',*,*,#423,.T.);
#538=ORIENTED_EDGE('',*,*,#424,.F.);
#539=ORIENTED_EDGE('',*,*,#419,.T.);
#540=ORIENTED_EDGE('',*,*,#424,.T.);
#541=ORIENTED_EDGE('',*,*,#425,.T.);
#542=ORIENTED_EDGE('',*,*,#426,.T.);
#543=ORIENTED_EDGE('',*,*,#417,.F.);
#544=ORIENTED_EDGE('',*,*,#427,.T.);
#545=ORIENTED_EDGE('',*,*,#420,.T.);
#546=ORIENTED_EDGE('',*,*,#425,.F.);
#547=ORIENTED_EDGE('',*,*,#423,.F.);
#548=ORIENTED_EDGE('',*,*,#428,.F.);
#549=ORIENTED_EDGE('',*,*,#429,.F.);
#550=ORIENTED_EDGE('',*,*,#430,.T.);
#551=ORIENTED_EDGE('',*,*,#428,.T.);
#552=ORIENTED_EDGE('',*,*,#422,.T.);
#553=ORIENTED_EDGE('',*,*,#418,.T.);
#554=ORIENTED_EDGE('',*,*,#431,.F.);
#555=ORIENTED_EDGE('',*,*,#432,.F.);
#556=ORIENTED_EDGE('',*,*,#433,.F.);
#557=ORIENTED_EDGE('',*,*,#432,.T.);
#558=ORIENTED_EDGE('',*,*,#434,.T.);
#559=ORIENTED_EDGE('',*,*,#435,.T.);
#560=ORIENTED_EDGE('',*,*,#436,.T.);
#561=ORIENTED_EDGE('',*,*,#437,.F.);
#562=ORIENTED_EDGE('',*,*,#438,.F.);
#563=ORIENTED_EDGE('',*,*,#439,.F.);
#564=ORIENTED_EDGE('',*,*,#440,.F.);
#565=ORIENTED_EDGE('',*,*,#441,.F.);
#566=ORIENTED_EDGE('',*,*,#442,.T.);
#567=ORIENTED_EDGE('',*,*,#443,.F.);
#568=ORIENTED_EDGE('',*,*,#444,.T.);
#569=ORIENTED_EDGE('',*,*,#442,.F.);
#570=ORIENTED_EDGE('',*,*,#444,.F.);
#571=ORIENTED_EDGE('',*,*,#445,.T.);
#572=ORIENTED_EDGE('',*,*,#441,.T.);
#573=ORIENTED_EDGE('',*,*,#446,.F.);
#574=ORIENTED_EDGE('',*,*,#435,.F.);
#575=ORIENTED_EDGE('',*,*,#447,.T.);
#576=ORIENTED_EDGE('',*,*,#443,.T.);
#577=ORIENTED_EDGE('',*,*,#447,.F.);
#578=ORIENTED_EDGE('',*,*,#434,.F.);
#579=ORIENTED_EDGE('',*,*,#431,.T.);
#580=ORIENTED_EDGE('',*,*,#421,.T.);
#581=ORIENTED_EDGE('',*,*,#427,.F.);
#582=ORIENTED_EDGE('',*,*,#416,.F.);
#583=ORIENTED_EDGE('',*,*,#448,.T.);
#584=ORIENTED_EDGE('',*,*,#449,.T.);
#585=ORIENTED_EDGE('',*,*,#450,.T.);
#586=ORIENTED_EDGE('',*,*,#451,.T.);
#587=ORIENTED_EDGE('',*,*,#448,.F.);
#588=ORIENTED_EDGE('',*,*,#449,.F.);
#589=ORIENTED_EDGE('',*,*,#452,.T.);
#590=ORIENTED_EDGE('',*,*,#453,.T.);
#591=ORIENTED_EDGE('',*,*,#454,.T.);
#592=ORIENTED_EDGE('',*,*,#455,.T.);
#593=ORIENTED_EDGE('',*,*,#450,.F.);
#594=ORIENTED_EDGE('',*,*,#451,.F.);
#595=ORIENTED_EDGE('',*,*,#455,.F.);
#596=ORIENTED_EDGE('',*,*,#456,.T.);
#597=ORIENTED_EDGE('',*,*,#457,.T.);
#598=ORIENTED_EDGE('',*,*,#452,.F.);
#599=ORIENTED_EDGE('',*,*,#454,.F.);
#600=ORIENTED_EDGE('',*,*,#453,.F.);
#601=ORIENTED_EDGE('',*,*,#457,.F.);
#602=ORIENTED_EDGE('',*,*,#458,.T.);
#603=ORIENTED_EDGE('',*,*,#437,.T.);
#604=ORIENTED_EDGE('',*,*,#459,.F.);
#605=ORIENTED_EDGE('',*,*,#413,.T.);
#606=ORIENTED_EDGE('',*,*,#460,.F.);
#607=ORIENTED_EDGE('',*,*,#414,.T.);
#608=ORIENTED_EDGE('',*,*,#426,.F.);
#609=ORIENTED_EDGE('',*,*,#429,.T.);
#610=ORIENTED_EDGE('',*,*,#430,.F.);
#611=ORIENTED_EDGE('',*,*,#433,.T.);
#612=ORIENTED_EDGE('',*,*,#458,.F.);
#613=ORIENTED_EDGE('',*,*,#456,.F.);
#614=ORIENTED_EDGE('',*,*,#460,.T.);
#615=ORIENTED_EDGE('',*,*,#412,.T.);
#616=ORIENTED_EDGE('',*,*,#461,.T.);
#617=ORIENTED_EDGE('',*,*,#438,.T.);
#618=ORIENTED_EDGE('',*,*,#445,.F.);
#619=ORIENTED_EDGE('',*,*,#415,.F.);
#620=ORIENTED_EDGE('',*,*,#461,.F.);
#621=ORIENTED_EDGE('',*,*,#411,.T.);
#622=ORIENTED_EDGE('',*,*,#462,.F.);
#623=ORIENTED_EDGE('',*,*,#439,.T.);
#624=ORIENTED_EDGE('',*,*,#462,.T.);
#625=ORIENTED_EDGE('',*,*,#410,.T.);
#626=ORIENTED_EDGE('',*,*,#459,.T.);
#627=ORIENTED_EDGE('',*,*,#436,.F.);
#628=ORIENTED_EDGE('',*,*,#446,.T.);
#629=ORIENTED_EDGE('',*,*,#440,.T.);
#630=ORIENTED_EDGE('',*,*,#463,.T.);
#631=ORIENTED_EDGE('',*,*,#464,.F.);
#632=ORIENTED_EDGE('',*,*,#465,.F.);
#633=ORIENTED_EDGE('',*,*,#466,.F.);
#634=ORIENTED_EDGE('',*,*,#465,.T.);
#635=ORIENTED_EDGE('',*,*,#467,.F.);
#636=ORIENTED_EDGE('',*,*,#468,.F.);
#637=ORIENTED_EDGE('',*,*,#469,.F.);
#638=ORIENTED_EDGE('',*,*,#468,.T.);
#639=ORIENTED_EDGE('',*,*,#470,.F.);
#640=ORIENTED_EDGE('',*,*,#471,.T.);
#641=ORIENTED_EDGE('',*,*,#472,.F.);
#642=ORIENTED_EDGE('',*,*,#473,.T.);
#643=ORIENTED_EDGE('',*,*,#474,.F.);
#644=ORIENTED_EDGE('',*,*,#471,.F.);
#645=ORIENTED_EDGE('',*,*,#475,.F.);
#646=ORIENTED_EDGE('',*,*,#476,.T.);
#647=ORIENTED_EDGE('',*,*,#475,.T.);
#648=ORIENTED_EDGE('',*,*,#470,.T.);
#649=ORIENTED_EDGE('',*,*,#467,.T.);
#650=ORIENTED_EDGE('',*,*,#464,.T.);
#651=ORIENTED_EDGE('',*,*,#477,.T.);
#652=ORIENTED_EDGE('',*,*,#478,.T.);
#653=ORIENTED_EDGE('',*,*,#479,.F.);
#654=ORIENTED_EDGE('',*,*,#477,.F.);
#655=ORIENTED_EDGE('',*,*,#463,.F.);
#656=ORIENTED_EDGE('',*,*,#480,.F.);
#657=ORIENTED_EDGE('',*,*,#479,.T.);
#658=ORIENTED_EDGE('',*,*,#481,.F.);
#659=ORIENTED_EDGE('',*,*,#473,.F.);
#660=ORIENTED_EDGE('',*,*,#478,.F.);
#661=ORIENTED_EDGE('',*,*,#482,.T.);
#662=ORIENTED_EDGE('',*,*,#481,.T.);
#663=ORIENTED_EDGE('',*,*,#483,.F.);
#664=ORIENTED_EDGE('',*,*,#484,.F.);
#665=ORIENTED_EDGE('',*,*,#483,.T.);
#666=ORIENTED_EDGE('',*,*,#480,.T.);
#667=ORIENTED_EDGE('',*,*,#485,.F.);
#668=ORIENTED_EDGE('',*,*,#486,.F.);
#669=ORIENTED_EDGE('',*,*,#485,.T.);
#670=ORIENTED_EDGE('',*,*,#466,.T.);
#671=ORIENTED_EDGE('',*,*,#487,.F.);
#672=ORIENTED_EDGE('',*,*,#488,.F.);
#673=ORIENTED_EDGE('',*,*,#487,.T.);
#674=ORIENTED_EDGE('',*,*,#469,.T.);
#675=ORIENTED_EDGE('',*,*,#489,.F.);
#676=ORIENTED_EDGE('',*,*,#490,.F.);
#677=ORIENTED_EDGE('',*,*,#489,.T.);
#678=ORIENTED_EDGE('',*,*,#472,.T.);
#679=ORIENTED_EDGE('',*,*,#491,.F.);
#680=ORIENTED_EDGE('',*,*,#492,.F.);
#681=ORIENTED_EDGE('',*,*,#491,.T.);
#682=ORIENTED_EDGE('',*,*,#474,.T.);
#683=ORIENTED_EDGE('',*,*,#482,.F.);
#684=ORIENTED_EDGE('',*,*,#493,.F.);
#685=ORIENTED_EDGE('',*,*,#494,.F.);
#686=ORIENTED_EDGE('',*,*,#494,.T.);
#687=ORIENTED_EDGE('',*,*,#495,.T.);
#688=ORIENTED_EDGE('',*,*,#496,.F.);
#689=ORIENTED_EDGE('',*,*,#495,.F.);
#690=ORIENTED_EDGE('',*,*,#496,.T.);
#691=ORIENTED_EDGE('',*,*,#497,.T.);
#692=ORIENTED_EDGE('',*,*,#498,.T.);
#693=ORIENTED_EDGE('',*,*,#499,.T.);
#694=ORIENTED_EDGE('',*,*,#500,.T.);
#695=ORIENTED_EDGE('',*,*,#497,.F.);
#696=ORIENTED_EDGE('',*,*,#500,.F.);
#697=ORIENTED_EDGE('',*,*,#498,.F.);
#698=ORIENTED_EDGE('',*,*,#499,.F.);
#699=ORIENTED_EDGE('',*,*,#501,.T.);
#700=ORIENTED_EDGE('',*,*,#502,.T.);
#701=ORIENTED_EDGE('',*,*,#501,.F.);
#702=ORIENTED_EDGE('',*,*,#502,.F.);
#703=ORIENTED_EDGE('',*,*,#503,.T.);
#704=ORIENTED_EDGE('',*,*,#504,.T.);
#705=ORIENTED_EDGE('',*,*,#503,.F.);
#706=ORIENTED_EDGE('',*,*,#504,.F.);
#707=ORIENTED_EDGE('',*,*,#505,.T.);
#708=ORIENTED_EDGE('',*,*,#505,.F.);
#709=ORIENTED_EDGE('',*,*,#506,.T.);
#710=ORIENTED_EDGE('',*,*,#507,.T.);
#711=ORIENTED_EDGE('',*,*,#506,.F.);
#712=ORIENTED_EDGE('',*,*,#508,.T.);
#713=ORIENTED_EDGE('',*,*,#507,.F.);
#714=ORIENTED_EDGE('',*,*,#509,.T.);
#715=ORIENTED_EDGE('',*,*,#510,.T.);
#716=ORIENTED_EDGE('',*,*,#511,.T.);
#717=ORIENTED_EDGE('',*,*,#508,.F.);
#718=ORIENTED_EDGE('',*,*,#511,.F.);
#719=ORIENTED_EDGE('',*,*,#509,.F.);
#720=ORIENTED_EDGE('',*,*,#510,.F.);
#721=ORIENTED_EDGE('',*,*,#512,.T.);
#722=ORIENTED_EDGE('',*,*,#513,.T.);
#723=ORIENTED_EDGE('',*,*,#512,.F.);
#724=ORIENTED_EDGE('',*,*,#513,.F.);
#725=ORIENTED_EDGE('',*,*,#514,.T.);
#726=ORIENTED_EDGE('',*,*,#515,.T.);
#727=ORIENTED_EDGE('',*,*,#514,.F.);
#728=ORIENTED_EDGE('',*,*,#515,.F.);
#729=ORIENTED_EDGE('',*,*,#516,.T.);
#730=ORIENTED_EDGE('',*,*,#517,.F.);
#731=ORIENTED_EDGE('',*,*,#518,.F.);
#732=ORIENTED_EDGE('',*,*,#519,.T.);
#733=ORIENTED_EDGE('',*,*,#517,.T.);
#734=ORIENTED_EDGE('',*,*,#519,.F.);
#735=ORIENTED_EDGE('',*,*,#516,.F.);
#736=ORIENTED_EDGE('',*,*,#520,.T.);
#737=ORIENTED_EDGE('',*,*,#518,.T.);
#738=ORIENTED_EDGE('',*,*,#520,.F.);
#739=ORIENTED_EDGE('',*,*,#521,.F.);
#740=ORIENTED_EDGE('',*,*,#522,.F.);
#741=ORIENTED_EDGE('',*,*,#523,.T.);
#742=ORIENTED_EDGE('',*,*,#522,.T.);
#743=ORIENTED_EDGE('',*,*,#521,.T.);
#744=ORIENTED_EDGE('',*,*,#523,.F.);
#745=CONICAL_SURFACE('',#882,0.0034,0.785398163397451);
#746=CONICAL_SURFACE('',#888,0.006,0.78539816339745);
#747=CONICAL_SURFACE('',#894,0.0034,0.785398163397451);
#748=CONICAL_SURFACE('',#902,0.006,0.78539816339745);
#749=CONICAL_SURFACE('',#907,0.004,0.785398163397447);
#750=CONICAL_SURFACE('',#933,0.005,0.785398163397448);
#751=CONICAL_SURFACE('',#938,0.007,0.785398163397448);
#752=CONICAL_SURFACE('',#946,0.00444999999999982,0.785398163397448);
#753=CONICAL_SURFACE('',#951,0.00494999999999982,0.785398163397448);
#754=CONICAL_SURFACE('',#957,0.00394999999999982,0.785398163397448);
#755=CONICAL_SURFACE('',#960,0.00495,0.78539816339745);
#756=STYLED_ITEM('',(#2222),#804);
#757=STYLED_ITEM('',(#2222),#805);
#758=STYLED_ITEM('',(#2222),#806);
#759=STYLED_ITEM('',(#2222),#807);
#760=STYLED_ITEM('',(#2222),#808);
#761=STYLED_ITEM('',(#2222),#809);
#762=STYLED_ITEM('',(#2222),#810);
#763=STYLED_ITEM('',(#2222),#811);
#764=STYLED_ITEM('',(#2222),#812);
#765=STYLED_ITEM('',(#2222),#813);
#766=STYLED_ITEM('',(#2222),#814);
#767=STYLED_ITEM('',(#2222),#815);
#768=STYLED_ITEM('',(#2222),#816);
#769=STYLED_ITEM('',(#2222),#817);
#770=STYLED_ITEM('',(#2222),#818);
#771=STYLED_ITEM('',(#2222),#819);
#772=STYLED_ITEM('',(#2222),#820);
#773=STYLED_ITEM('',(#2222),#821);
#774=STYLED_ITEM('',(#2222),#822);
#775=STYLED_ITEM('',(#2222),#823);
#776=STYLED_ITEM('',(#2222),#824);
#777=STYLED_ITEM('',(#2222),#825);
#778=STYLED_ITEM('',(#2222),#826);
#779=STYLED_ITEM('',(#2222),#827);
#780=STYLED_ITEM('',(#2222),#828);
#781=STYLED_ITEM('',(#2222),#829);
#782=STYLED_ITEM('',(#2222),#830);
#783=STYLED_ITEM('',(#2222),#831);
#784=STYLED_ITEM('',(#2222),#832);
#785=STYLED_ITEM('',(#2222),#833);
#786=STYLED_ITEM('',(#2222),#834);
#787=STYLED_ITEM('',(#2222),#835);
#788=STYLED_ITEM('',(#2222),#836);
#789=STYLED_ITEM('',(#2222),#837);
#790=STYLED_ITEM('',(#2222),#838);
#791=STYLED_ITEM('',(#2222),#839);
#792=STYLED_ITEM('',(#2222),#840);
#793=STYLED_ITEM('',(#2222),#841);
#794=STYLED_ITEM('',(#2222),#842);
#795=STYLED_ITEM('',(#2222),#843);
#796=STYLED_ITEM('',(#2222),#844);
#797=STYLED_ITEM('',(#2222),#845);
#798=STYLED_ITEM('',(#2222),#846);
#799=STYLED_ITEM('',(#2222),#847);
#800=STYLED_ITEM('',(#2222),#848);
#801=STYLED_ITEM('',(#2222),#849);
#802=STYLED_ITEM('',(#2222),#850);
#803=STYLED_ITEM('',(#2222),#851);
#804=ADVANCED_FACE('',(#195),#745,.F.);
#805=ADVANCED_FACE('',(#196),#166,.T.);
#806=ADVANCED_FACE('',(#197),#746,.T.);
#807=ADVANCED_FACE('',(#198),#167,.F.);
#808=ADVANCED_FACE('',(#199),#168,.F.);
#809=ADVANCED_FACE('',(#200),#747,.F.);
#810=ADVANCED_FACE('',(#201),#169,.F.);
#811=ADVANCED_FACE('',(#202),#170,.T.);
#812=ADVANCED_FACE('',(#203),#748,.T.);
#813=ADVANCED_FACE('',(#204),#171,.T.);
#814=ADVANCED_FACE('',(#205),#749,.T.);
#815=ADVANCED_FACE('',(#206,#14,#15),#21,.T.);
#816=ADVANCED_FACE('',(#207),#22,.F.);
#817=ADVANCED_FACE('',(#208),#23,.F.);
#818=ADVANCED_FACE('',(#209),#172,.F.);
#819=ADVANCED_FACE('',(#210),#173,.F.);
#820=ADVANCED_FACE('',(#211),#174,.F.);
#821=ADVANCED_FACE('',(#212),#175,.T.);
#822=ADVANCED_FACE('',(#213),#176,.T.);
#823=ADVANCED_FACE('',(#214),#177,.T.);
#824=ADVANCED_FACE('',(#215),#178,.T.);
#825=ADVANCED_FACE('',(#216,#16),#179,.T.);
#826=ADVANCED_FACE('',(#217),#180,.T.);
#827=ADVANCED_FACE('',(#218),#181,.T.);
#828=ADVANCED_FACE('',(#219),#182,.F.);
#829=ADVANCED_FACE('',(#220),#183,.F.);
#830=ADVANCED_FACE('',(#221),#184,.F.);
#831=ADVANCED_FACE('',(#222),#185,.F.);
#832=ADVANCED_FACE('',(#223),#186,.F.);
#833=ADVANCED_FACE('',(#224),#187,.F.);
#834=ADVANCED_FACE('',(#225),#188,.T.);
#835=ADVANCED_FACE('',(#226),#13,.T.);
#836=ADVANCED_FACE('',(#227),#189,.F.);
#837=ADVANCED_FACE('',(#228),#190,.T.);
#838=ADVANCED_FACE('',(#229),#750,.T.);
#839=ADVANCED_FACE('',(#230),#24,.T.);
#840=ADVANCED_FACE('',(#231),#751,.T.);
#841=ADVANCED_FACE('',(#232,#17),#191,.T.);
#842=ADVANCED_FACE('',(#233),#25,.T.);
#843=ADVANCED_FACE('',(#234,#18),#192,.T.);
#844=ADVANCED_FACE('',(#235),#752,.T.);
#845=ADVANCED_FACE('',(#236),#26,.T.);
#846=ADVANCED_FACE('',(#237),#753,.T.);
#847=ADVANCED_FACE('',(#238,#19),#193,.T.);
#848=ADVANCED_FACE('',(#239),#194,.T.);
#849=ADVANCED_FACE('',(#240),#754,.T.);
#850=ADVANCED_FACE('',(#241,#20),#27,.T.);
#851=ADVANCED_FACE('',(#242),#755,.F.);
#852=OPEN_SHELL('',(#804,#805,#806,#807,#808,#809,#810,#811,#812,#813,#814,
#815,#816,#817,#818,#819,#820));
#853=OPEN_SHELL('',(#821,#822,#823,#824,#825,#826,#827,#828,#829,#830,#831,
#832,#833));
#854=OPEN_SHELL('',(#834,#835,#836));
#855=OPEN_SHELL('',(#837,#838,#839,#840,#841,#842,#843,#844,#845,#846,#847,
#848,#849,#850,#851));
#856=SHELL_BASED_SURFACE_MODEL('Sup1',(#852));
#857=SHELL_BASED_SURFACE_MODEL('Sup1',(#853));
#858=SHELL_BASED_SURFACE_MODEL('Sup1',(#854));
#859=SHELL_BASED_SURFACE_MODEL('Sup1',(#855));
#860=DERIVED_UNIT_ELEMENT(#863,1.);
#861=DERIVED_UNIT_ELEMENT(#2207,-3.);
#862=DIMENSIONAL_EXPONENTS(1.,0.,0.,0.,0.,0.,0.);
#863=(
CONVERSION_BASED_UNIT('gram',#865)
MASS_UNIT()
NAMED_UNIT(#862)
);
#864=(
MASS_UNIT()
NAMED_UNIT(*)
SI_UNIT(.KILO.,.GRAM.)
);
#865=MASS_MEASURE_WITH_UNIT(MASS_MEASURE(0.001),#864);
#866=DERIVED_UNIT((#860,#861));
#867=MEASURE_REPRESENTATION_ITEM('density measure',
POSITIVE_RATIO_MEASURE(1.),#866);
#868=PROPERTY_DEFINITION_REPRESENTATION(#873,#870);
#869=PROPERTY_DEFINITION_REPRESENTATION(#874,#871);
#870=REPRESENTATION('material name',(#872),#2204);
#871=REPRESENTATION('density',(#867),#2204);
#872=DESCRIPTIVE_REPRESENTATION_ITEM('Gen\X\E9rico','Gen\X\E9rico');
#873=PROPERTY_DEFINITION('material property','material name',#2214);
#874=PROPERTY_DEFINITION('material property','density of part',#2214);
#875=DATE_TIME_ROLE('creation_date');
#876=APPLIED_DATE_AND_TIME_ASSIGNMENT(#877,#875,(#2214));
#877=DATE_AND_TIME(#878,#879);
#878=CALENDAR_DATE(2018,15,1);
#879=LOCAL_TIME(16,59,47.,#880);
#880=COORDINATED_UNIVERSAL_TIME_OFFSET(0,0,.BEHIND.);
#881=AXIS2_PLACEMENT_3D('placement',#1182,#961,#962);
#882=AXIS2_PLACEMENT_3D('',#1183,#963,#964);
#883=AXIS2_PLACEMENT_3D('',#1190,#965,#966);
#884=AXIS2_PLACEMENT_3D('',#1195,#967,#968);
#885=AXIS2_PLACEMENT_3D('',#1196,#969,#970);
#886=AXIS2_PLACEMENT_3D('',#1199,#971,#972);
#887=AXIS2_PLACEMENT_3D('',#1203,#974,#975);
#888=AXIS2_PLACEMENT_3D('',#1205,#977,#978);
#889=AXIS2_PLACEMENT_3D('',#1213,#979,#980);
#890=AXIS2_PLACEMENT_3D('',#1219,#981,#982);
#891=AXIS2_PLACEMENT_3D('',#1220,#983,#984);
#892=AXIS2_PLACEMENT_3D('',#1224,#986,#987);
#893=AXIS2_PLACEMENT_3D('',#1226,#989,#990);
#894=AXIS2_PLACEMENT_3D('',#1233,#993,#994);
#895=AXIS2_PLACEMENT_3D('',#1238,#995,#996);
#896=AXIS2_PLACEMENT_3D('',#1239,#997,#998);
#897=AXIS2_PLACEMENT_3D('',#1245,#1002,#1003);
#898=AXIS2_PLACEMENT_3D('',#1247,#1004,#1005);
#899=AXIS2_PLACEMENT_3D('',#1249,#1006,#1007);
#900=AXIS2_PLACEMENT_3D('',#1251,#1008,#1009);
#901=AXIS2_PLACEMENT_3D('',#1254,#1011,#1012);
#902=AXIS2_PLACEMENT_3D('',#1255,#1013,#1014);
#903=AXIS2_PLACEMENT_3D('',#1263,#1015,#1016);
#904=AXIS2_PLACEMENT_3D('',#1269,#1017,#1018);
#905=AXIS2_PLACEMENT_3D('',#1270,#1019,#1020);
#906=AXIS2_PLACEMENT_3D('',#1272,#1021,#1022);
#907=AXIS2_PLACEMENT_3D('',#1273,#1023,#1024);
#908=AXIS2_PLACEMENT_3D('',#1275,#1025,#1026);
#909=AXIS2_PLACEMENT_3D('',#1277,#1028,#1029);
#910=AXIS2_PLACEMENT_3D('',#1359,#1033,#1034);
#911=AXIS2_PLACEMENT_3D('',#1414,#1037,#1038);
#912=AXIS2_PLACEMENT_3D('',#1418,#1042,#1043);
#913=AXIS2_PLACEMENT_3D('',#1420,#1045,#1046);
#914=AXIS2_PLACEMENT_3D('',#1422,#1048,#1049);
#915=AXIS2_PLACEMENT_3D('',#1423,#1050,#1051);
#916=AXIS2_PLACEMENT_3D('',#1432,#1056,#1057);
#917=AXIS2_PLACEMENT_3D('',#1438,#1061,#1062);
#918=AXIS2_PLACEMENT_3D('',#1444,#1066,#1067);
#919=AXIS2_PLACEMENT_3D('',#1450,#1071,#1072);
#920=AXIS2_PLACEMENT_3D('',#1452,#1073,#1074);
#921=AXIS2_PLACEMENT_3D('',#1456,#1077,#1078);
#922=AXIS2_PLACEMENT_3D('',#1460,#1081,#1082);
#923=AXIS2_PLACEMENT_3D('',#1462,#1084,#1085);
#924=AXIS2_PLACEMENT_3D('',#1468,#1089,#1090);
#925=AXIS2_PLACEMENT_3D('',#1472,#1093,#1094);
#926=AXIS2_PLACEMENT_3D('',#1476,#1097,#1098);
#927=AXIS2_PLACEMENT_3D('',#1480,#1101,#1102);
#928=AXIS2_PLACEMENT_3D('',#1484,#1105,#1106);
#929=AXIS2_PLACEMENT_3D('',#1486,#1108,#1109);
#930=AXIS2_PLACEMENT_3D('',#2089,#1110,#1111);
#931=AXIS2_PLACEMENT_3D('',#2090,#1112,#1113);
#932=AXIS2_PLACEMENT_3D('',#2092,#1114,#1115);
#933=AXIS2_PLACEMENT_3D('',#2093,#1116,#1117);
#934=AXIS2_PLACEMENT_3D('',#2096,#1118,#1119);
#935=AXIS2_PLACEMENT_3D('',#2097,#1120,#1121);
#936=AXIS2_PLACEMENT_3D('',#2099,#1123,#1124);
#937=AXIS2_PLACEMENT_3D('',#2102,#1126,#1127);
#938=AXIS2_PLACEMENT_3D('',#2103,#1128,#1129);
#939=AXIS2_PLACEMENT_3D('',#2106,#1131,#1132);
#940=AXIS2_PLACEMENT_3D('',#2107,#1133,#1134);
#941=AXIS2_PLACEMENT_3D('',#2109,#1135,#1136);
#942=AXIS2_PLACEMENT_3D('',#2110,#1137,#1138);
#943=AXIS2_PLACEMENT_3D('',#2113,#1140,#1141);
#944=AXIS2_PLACEMENT_3D('',#2114,#1142,#1143);
#945=AXIS2_PLACEMENT_3D('',#2116,#1144,#1145);
#946=AXIS2_PLACEMENT_3D('',#2117,#1146,#1147);
#947=AXIS2_PLACEMENT_3D('',#2120,#1148,#1149);
#948=AXIS2_PLACEMENT_3D('',#2121,#1150,#1151);
#949=AXIS2_PLACEMENT_3D('',#2123,#1153,#1154);
#950=AXIS2_PLACEMENT_3D('',#2126,#1156,#1157);
#951=AXIS2_PLACEMENT_3D('',#2127,#1158,#1159);
#952=AXIS2_PLACEMENT_3D('',#2130,#1161,#1162);
#953=AXIS2_PLACEMENT_3D('',#2131,#1163,#1164);
#954=AXIS2_PLACEMENT_3D('',#2133,#1165,#1166);
#955=AXIS2_PLACEMENT_3D('',#2134,#1167,#1168);
#956=AXIS2_PLACEMENT_3D('',#2136,#1169,#1170);
#957=AXIS2_PLACEMENT_3D('',#2137,#1171,#1172);
#958=AXIS2_PLACEMENT_3D('',#2139,#1173,#1174);
#959=AXIS2_PLACEMENT_3D('',#2141,#1176,#1177);
#960=AXIS2_PLACEMENT_3D('',#2199,#1179,#1180);
#961=DIRECTION('axis',(0.,0.,1.));
#962=DIRECTION('refdir',(1.,0.,0.));
#963=DIRECTION('center_axis',(7.1014685651391E-5,1.21410176398924E-17,0.999999997478457));
#964=DIRECTION('ref_axis',(0.999999997478457,-1.0865369132882E-15,-7.1014685651391E-5));
#965=DIRECTION('center_axis',(-7.1014685651391E-5,-1.21410176398924E-17,
-0.999999997478457));
#966=DIRECTION('ref_axis',(-0.999999997478457,1.0865369132882E-15,7.1014685651391E-5));
#967=DIRECTION('center_axis',(-7.1014685651391E-5,-1.21410176398924E-17,
-0.999999997478457));
#968=DIRECTION('ref_axis',(-0.999999997478457,1.0865369132882E-15,7.1014685651391E-5));
#969=DIRECTION('center_axis',(7.1014685651391E-5,1.21410176398924E-17,0.999999997478457));
#970=DIRECTION('ref_axis',(0.999999997478457,0.,-7.1014685651391E-5));
#971=DIRECTION('center_axis',(7.1014685651391E-5,1.21410176398924E-17,0.999999997478457));
#972=DIRECTION('ref_axis',(0.999999997478457,-1.0865369132882E-15,-7.1014685651391E-5));
#973=DIRECTION('',(0.999999997478457,-1.08320012241248E-15,-7.10146856533664E-5));
#974=DIRECTION('center_axis',(7.1014685651391E-5,1.21410176398924E-17,0.999999997478457));
#975=DIRECTION('ref_axis',(0.999999997478457,-1.0865369132882E-15,-7.1014685651391E-5));
#976=DIRECTION('',(-0.999999997478457,1.14500433360118E-15,7.10146856533664E-5));
#977=DIRECTION('center_axis',(-7.1014685651391E-5,-1.21410176398924E-17,
-0.999999997478457));
#978=DIRECTION('ref_axis',(-0.999999997478457,1.0865369132882E-15,7.1014685651391E-5));
#979=DIRECTION('center_axis',(-7.1014685651391E-5,-1.21410176398924E-17,
-0.999999997478457));
#980=DIRECTION('ref_axis',(-0.999999997478457,1.0865369132882E-15,7.1014685651391E-5));
#981=DIRECTION('center_axis',(-7.1014685651391E-5,-1.21410176398924E-17,
-0.999999997478457));
#982=DIRECTION('ref_axis',(-0.999999997478457,1.0865369132882E-15,7.1014685651391E-5));
#983=DIRECTION('center_axis',(-7.1014685651391E-5,-1.21410176398924E-17,
-0.999999997478457));
#984=DIRECTION('ref_axis',(-0.999999997478457,0.,7.1014685651391E-5));
#985=DIRECTION('',(-0.999999997478457,1.0162462934768E-15,7.10146856522465E-5));
#986=DIRECTION('center_axis',(-7.1014685651391E-5,-1.21410176398924E-17,
-0.999999997478457));
#987=DIRECTION('ref_axis',(-0.999999997478457,1.0865369132882E-15,7.1014685651391E-5));
#988=DIRECTION('',(-0.999999997478457,1.0162462934768E-15,7.10146856522468E-5));
#989=DIRECTION('center_axis',(1.0865360483579E-15,1.,-1.22181776866241E-17));
#990=DIRECTION('ref_axis',(0.,1.22181776866241E-17,1.));
#991=DIRECTION('',(7.10146856497439E-5,0.,0.999999997478457));
#992=DIRECTION('',(7.10146856508535E-5,0.,0.999999997478457));
#993=DIRECTION('center_axis',(7.1014685651391E-5,1.21410176398924E-17,0.999999997478457));
#994=DIRECTION('ref_axis',(0.999999997478457,-1.0865369132882E-15,-7.1014685651391E-5));
#995=DIRECTION('center_axis',(-7.1014685651391E-5,-1.21410176398924E-17,
-0.999999997478457));
#996=DIRECTION('ref_axis',(-0.999999997478457,1.0865369132882E-15,7.1014685651391E-5));
#997=DIRECTION('center_axis',(1.0865360483579E-15,1.,-1.22181776866241E-17));
#998=DIRECTION('ref_axis',(0.,1.22181776866241E-17,1.));
#999=DIRECTION('',(7.10146856475228E-5,0.,0.999999997478457));
#1000=DIRECTION('',(7.1014685651965E-5,0.,0.999999997478457));
#1001=DIRECTION('',(-0.999999997478457,1.1450043336012E-15,7.10146856517018E-5));
#1002=DIRECTION('center_axis',(7.1014685651391E-5,1.21410176398924E-17,
0.999999997478457));
#1003=DIRECTION('ref_axis',(0.999999997478457,0.,-7.1014685651391E-5));
#1004=DIRECTION('center_axis',(7.1014685651391E-5,1.21410176398924E-17,
0.999999997478457));
#1005=DIRECTION('ref_axis',(0.999999997478457,-1.0865369132882E-15,-7.1014685651391E-5));
#1006=DIRECTION('center_axis',(7.1014685651391E-5,1.21410176398924E-17,
0.999999997478457));
#1007=DIRECTION('ref_axis',(0.999999997478457,-1.0865369132882E-15,-7.1014685651391E-5));
#1008=DIRECTION('center_axis',(7.1014685651391E-5,1.21410176398924E-17,
0.999999997478457));
#1009=DIRECTION('ref_axis',(0.999999997478457,-1.0865369132882E-15,-7.1014685651391E-5));
#1010=DIRECTION('',(0.999999997478457,-1.08645297563295E-15,-7.10146856517018E-5));
#1011=DIRECTION('center_axis',(7.1014685651391E-5,1.21410176398924E-17,
0.999999997478457));
#1012=DIRECTION('ref_axis',(0.999999997478457,-1.0865369132882E-15,-7.1014685651391E-5));
#1013=DIRECTION('center_axis',(-7.1014685651391E-5,-1.21410176398924E-17,
-0.999999997478457));
#1014=DIRECTION('ref_axis',(-0.999999997478457,1.0865369132882E-15,7.1014685651391E-5));
#1015=DIRECTION('center_axis',(-7.1014685651391E-5,-1.21410176398924E-17,
-0.999999997478457));
#1016=DIRECTION('ref_axis',(-0.999999997478457,1.0865369132882E-15,7.1014685651391E-5));
#1017=DIRECTION('center_axis',(-7.1014685651391E-5,-1.21410176398924E-17,
-0.999999997478457));
#1018=DIRECTION('ref_axis',(-0.999999997478457,1.0865369132882E-15,7.1014685651391E-5));
#1019=DIRECTION('center_axis',(-7.1014685651391E-5,-1.21410176398924E-17,
-0.999999997478457));
#1020=DIRECTION('ref_axis',(-0.999999997478457,0.,7.1014685651391E-5));
#1021=DIRECTION('center_axis',(-7.1014685651391E-5,-1.21410176398924E-17,
-0.999999997478457));
#1022=DIRECTION('ref_axis',(-0.999999997478457,1.0865369132882E-15,7.1014685651391E-5));
#1023=DIRECTION('center_axis',(7.1014685651391E-5,1.21410176398924E-17,
0.999999997478457));
#1024=DIRECTION('ref_axis',(0.999999997478457,-1.0865369132882E-15,-7.1014685651391E-5));
#1025=DIRECTION('center_axis',(-7.1014685651391E-5,-1.21410176398924E-17,
-0.999999997478457));
#1026=DIRECTION('ref_axis',(-0.999999997478457,1.0865369132882E-15,7.1014685651391E-5));
#1027=DIRECTION('',(0.707056564437759,-6.90287009675708E-16,-0.707156994369337));
#1028=DIRECTION('center_axis',(7.1014685651391E-5,1.21410176398924E-17,
0.999999997478457));
#1029=DIRECTION('ref_axis',(0.999999997478457,-1.0865369132882E-15,-7.1014685651391E-5));
#1030=DIRECTION('',(7.10146856508535E-5,1.7347234759769E-17,0.999999997478457));
#1031=DIRECTION('',(7.1014685651965E-5,1.73472347597693E-17,0.999999997478457));
#1032=DIRECTION('',(-7.1014685651391E-5,-1.21410176398924E-17,-0.999999997478457));
#1033=DIRECTION('center_axis',(1.0865360483579E-15,1.,-1.22181776866241E-17));
#1034=DIRECTION('ref_axis',(-7.1014685651391E-5,-1.21410176398924E-17,-0.999999997478457));
#1035=DIRECTION('',(1.0865360483579E-15,1.,-1.22181776866241E-17));
#1036=DIRECTION('',(1.0865360483579E-15,1.,-1.22181776866241E-17));
#1037=DIRECTION('center_axis',(7.1014685651391E-5,1.21410176398924E-17,
0.999999997478457));
#1038=DIRECTION('ref_axis',(0.999999997478457,-1.0865369132882E-15,-7.1014685651391E-5));
#1039=DIRECTION('',(7.1014685651391E-5,1.21410176398924E-17,0.999999997478457));
#1040=DIRECTION('',(7.10146856475228E-5,1.7347234759769E-17,0.999999997478457));
#1041=DIRECTION('',(7.10146856519644E-5,1.73472347597691E-17,0.999999997478457));
#1042=DIRECTION('center_axis',(-1.0865360483579E-15,-1.,1.22181776866241E-17));
#1043=DIRECTION('ref_axis',(0.,-1.22181776866241E-17,-1.));
#1044=DIRECTION('',(0.999999997478457,-1.09034758570948E-15,-7.10146856522466E-5));
#1045=DIRECTION('center_axis',(-7.1014685651391E-5,-1.21410176398924E-17,
-0.999999997478457));
#1046=DIRECTION('ref_axis',(-0.999999997478457,0.,7.1014685651391E-5));
#1047=DIRECTION('',(0.999999997478457,-1.09034758570948E-15,-7.10146856522465E-5));
#1048=DIRECTION('center_axis',(-1.0865360483579E-15,-1.,1.22181776866241E-17));
#1049=DIRECTION('ref_axis',(0.,-1.22181776866241E-17,-1.));
#1050=DIRECTION('center_axis',(-0.612322219182495,-0.353553390599145,0.707150266839569));
#1051=DIRECTION('ref_axis',(0.755975434138775,0.,0.654599986998694));
#1052=DIRECTION('',(0.755975434136986,7.24721995087544E-12,0.65459998700076));
#1053=DIRECTION('',(0.499999998747532,-0.866025403779645,-3.55073428269531E-5));
#1054=DIRECTION('',(0.378010962074529,0.654653670711595,0.65462682802901));
#1055=DIRECTION('',(-0.499999998747532,0.866025403779645,3.55073428253048E-5));
#1056=DIRECTION('center_axis',(5.02149725677796E-5,-0.707106781186548,0.707106779403547));
#1057=DIRECTION('ref_axis',(0.999999997478456,0.,-7.10146952395468E-5));
#1058=DIRECTION('',(0.999999997478457,9.58802930878603E-12,-7.10146856520747E-5));
#1059=DIRECTION('',(0.377917982037812,-0.654653670704348,-0.654680510085486));
#1060=DIRECTION('',(-0.999999997478457,-9.58813232464424E-12,7.10146856506097E-5));
#1061=DIRECTION('center_axis',(0.612422649120849,-0.353553390587402,0.707063291967525));
#1062=DIRECTION('ref_axis',(0.755882454085918,0.,-0.654707351115786));
#1063=DIRECTION('',(0.499999998730925,0.866025403789233,-3.55073428251217E-5));
#1064=DIRECTION('',(-0.755882454087714,-7.2463114364023E-12,0.654707351113713));
#1065=DIRECTION('',(-0.499999998730925,-0.866025403789233,3.55073428253049E-5));
#1066=DIRECTION('center_axis',(0.612422649114069,0.353553390599145,0.707063291967525));
#1067=DIRECTION('ref_axis',(0.755882454089505,0.,-0.654707351111645));
#1068=DIRECTION('',(-0.377917982025261,-0.654653670711593,0.654680510085486));
#1069=DIRECTION('',(0.499999998747532,-0.866025403779645,-3.55073428272278E-5));
#1070=DIRECTION('',(-0.499999998747532,0.866025403779645,3.5507342826953E-5));
#1071=DIRECTION('center_axis',(7.1014685651391E-5,1.21410176399183E-17,
0.999999997478457));
#1072=DIRECTION('ref_axis',(0.999999997478457,0.,-7.1014685651391E-5));
#1073=DIRECTION('center_axis',(7.1014685651391E-5,1.21410176399183E-17,
0.999999997478457));
#1074=DIRECTION('ref_axis',(0.999999997478457,9.58812553007929E-12,-7.1014685651391E-5));
#1075=DIRECTION('',(-0.499999998730925,-0.866025403789233,3.55073428251218E-5));
#1076=DIRECTION('',(-0.999999997478457,-9.58831546394773E-12,7.10146856502436E-5));
#1077=DIRECTION('center_axis',(-0.612322219189274,0.353553390587402,0.70715026683957));
#1078=DIRECTION('ref_axis',(0.755975434135189,0.,0.654599987002835));
#1079=DIRECTION('',(0.378010962087084,-0.654653670704353,0.654626828029003));
#1080=DIRECTION('',(0.499999998730925,0.866025403789233,-3.55073428253049E-5));
#1081=DIRECTION('center_axis',(5.0214959007984E-5,0.707106781186548,0.707106779403547));
#1082=DIRECTION('ref_axis',(0.999999997478458,0.,-7.10146760631E-5));
#1083=DIRECTION('',(0.999999997478457,9.58837269498004E-12,-7.10146856525327E-5));
#1084=DIRECTION('center_axis',(9.58831329608898E-12,-1.,-6.68770038695223E-16));
#1085=DIRECTION('ref_axis',(0.,6.68770038695223E-16,-1.));
#1086=DIRECTION('',(7.10146856512347E-5,2.83220159343151E-17,0.999999997478457));
#1087=DIRECTION('',(7.1014685651462E-5,0.,0.999999997478457));
#1088=DIRECTION('',(0.999999997478457,9.5883126023961E-12,-7.10146856525327E-5));
#1089=DIRECTION('center_axis',(0.866025401605513,-0.499999999991696,-6.15005218161935E-5));
#1090=DIRECTION('ref_axis',(-7.10146856513704E-5,0.,-0.999999997478457));
#1091=DIRECTION('',(7.10146856514612E-5,0.,0.999999997478457));
#1092=DIRECTION('',(0.499999998730925,0.866025403789233,-3.55073428253048E-5));
#1093=DIRECTION('center_axis',(0.866025401595925,0.500000000008303,-6.15005218155516E-5));
#1094=DIRECTION('ref_axis',(-7.10146856514155E-5,0.,-0.999999997478457));
#1095=DIRECTION('',(7.1014685651462E-5,0.,0.999999997478457));
#1096=DIRECTION('',(-0.499999998747532,0.866025403779645,3.55073428253048E-5));
#1097=DIRECTION('center_axis',(-9.58812550676461E-12,1.,6.68756702895648E-16));
#1098=DIRECTION('ref_axis',(0.,-6.68756702895648E-16,1.));
#1099=DIRECTION('',(7.10146856512354E-5,0.,0.999999997478457));
#1100=DIRECTION('',(-0.999999997478457,-9.58837269498004E-12,7.10146856506097E-5));
#1101=DIRECTION('center_axis',(-0.866025401605512,0.499999999991697,6.15005218161935E-5));
#1102=DIRECTION('ref_axis',(7.10146856513704E-5,0.,0.999999997478457));
#1103=DIRECTION('',(7.10146856512348E-5,0.,0.999999997478457));
#1104=DIRECTION('',(-0.499999998730925,-0.866025403789233,3.55073428253049E-5));
#1105=DIRECTION('center_axis',(-0.866025401595925,-0.500000000008303,6.15005218155516E-5));
#1106=DIRECTION('ref_axis',(7.10146856514155E-5,0.,0.999999997478457));
#1107=DIRECTION('',(0.499999998747532,-0.866025403779645,-3.55073428253049E-5));
#1108=DIRECTION('center_axis',(0.,1.,0.));
#1109=DIRECTION('ref_axis',(0.,0.,1.));
#1110=DIRECTION('center_axis',(0.,1.,0.));
#1111=DIRECTION('ref_axis',(0.,0.,1.));
#1112=DIRECTION('center_axis',(0.,1.,0.));
#1113=DIRECTION('ref_axis',(0.,0.,1.));
#1114=DIRECTION('center_axis',(0.,1.,0.));
#1115=DIRECTION('ref_axis',(-0.0314107590781283,0.,0.999506560365732));
#1116=DIRECTION('center_axis',(0.,-1.,0.));
#1117=DIRECTION('ref_axis',(0.0314107590781283,0.,-0.999506560365732));
#1118=DIRECTION('center_axis',(0.,1.,0.));
#1119=DIRECTION('ref_axis',(-0.0314107590781283,0.,0.999506560365732));
#1120=DIRECTION('center_axis',(0.,1.,0.));
#1121=DIRECTION('ref_axis',(-0.0314107590781283,0.,0.999506560365732));
#1122=DIRECTION('',(0.0222107607463615,0.707106781186548,-0.70675786667505));
#1123=DIRECTION('center_axis',(0.,1.,0.));
#1124=DIRECTION('ref_axis',(-0.0314107590781283,0.,0.999506560365732));
#1125=DIRECTION('',(0.,-1.,0.));
#1126=DIRECTION('center_axis',(0.,1.,0.));
#1127=DIRECTION('ref_axis',(-0.0314107590781283,0.,0.999506560365732));
#1128=DIRECTION('center_axis',(0.,1.,0.));
#1129=DIRECTION('ref_axis',(-0.0314107590781283,0.,0.999506560365732));
#1130=DIRECTION('',(-0.0222107607463614,-0.707106781186548,0.70675786667505));
#1131=DIRECTION('center_axis',(0.,1.,0.));
#1132=DIRECTION('ref_axis',(-0.0314107590781283,0.,0.999506560365731));
#1133=DIRECTION('center_axis',(0.,-1.,0.));
#1134=DIRECTION('ref_axis',(0.,0.,-1.));
#1135=DIRECTION('center_axis',(0.,1.,0.));
#1136=DIRECTION('ref_axis',(-0.0314107590781283,0.,0.999506560365731));
#1137=DIRECTION('center_axis',(0.,1.,0.));
#1138=DIRECTION('ref_axis',(-0.0314107590781283,0.,0.999506560365731));
#1139=DIRECTION('',(0.,-1.,0.));
#1140=DIRECTION('center_axis',(0.,1.,0.));
#1141=DIRECTION('ref_axis',(-0.0314107590781283,0.,0.999506560365731));
#1142=DIRECTION('center_axis',(0.,1.,0.));
#1143=DIRECTION('ref_axis',(0.,0.,1.));
#1144=DIRECTION('center_axis',(0.,1.,0.));
#1145=DIRECTION('ref_axis',(-0.0314107590781283,0.,0.999506560365731));
#1146=DIRECTION('center_axis',(0.,-1.,0.));
#1147=DIRECTION('ref_axis',(0.0314107590781283,0.,-0.999506560365731));
#1148=DIRECTION('center_axis',(0.,1.,0.));
#1149=DIRECTION('ref_axis',(-0.0314107590781283,0.,0.999506560365731));
#1150=DIRECTION('center_axis',(0.,1.,0.));
#1151=DIRECTION('ref_axis',(-0.0314107590781283,0.,0.999506560365731));
#1152=DIRECTION('',(0.0222107607463615,0.707106781186548,-0.70675786667505));
#1153=DIRECTION('center_axis',(0.,1.,0.));
#1154=DIRECTION('ref_axis',(-0.0314107590781283,0.,0.999506560365731));
#1155=DIRECTION('',(0.,-1.,0.));
#1156=DIRECTION('center_axis',(0.,1.,0.));
#1157=DIRECTION('ref_axis',(-0.0314107590781283,0.,0.999506560365731));
#1158=DIRECTION('center_axis',(0.,1.,0.));
#1159=DIRECTION('ref_axis',(-0.0314107590781283,0.,0.999506560365731));
#1160=DIRECTION('',(-0.0222107607463614,-0.707106781186548,0.70675786667505));
#1161=DIRECTION('center_axis',(0.,1.,0.));
#1162=DIRECTION('ref_axis',(-0.0314107590781283,0.,0.999506560365731));
#1163=DIRECTION('center_axis',(0.,-1.,0.));
#1164=DIRECTION('ref_axis',(0.,0.,-1.));
#1165=DIRECTION('center_axis',(0.,1.,0.));
#1166=DIRECTION('ref_axis',(-0.0314107590781283,0.,0.999506560365731));
#1167=DIRECTION('center_axis',(0.,-1.,0.));
#1168=DIRECTION('ref_axis',(0.,0.,-1.));
#1169=DIRECTION('center_axis',(0.,1.,0.));
#1170=DIRECTION('ref_axis',(-0.0314107590781283,0.,0.999506560365732));
#1171=DIRECTION('center_axis',(0.,1.,0.));
#1172=DIRECTION('ref_axis',(-0.0314107590781283,0.,0.999506560365731));
#1173=DIRECTION('center_axis',(0.,1.,0.));
#1174=DIRECTION('ref_axis',(-0.0314107590781283,0.,0.999506560365731));
#1175=DIRECTION('',(-0.0222107607463614,-0.707106781186548,0.70675786667505));
#1176=DIRECTION('center_axis',(0.,1.,0.));
#1177=DIRECTION('ref_axis',(-0.0314107590781283,0.,0.999506560365731));
#1178=DIRECTION('',(0.,-1.,0.));
#1179=DIRECTION('center_axis',(-0.0314107590781283,0.,0.999506560365732));
#1180=DIRECTION('ref_axis',(0.999506560365732,0.,0.0314107590781283));
#1181=DIRECTION('',(-0.728968627421413,-8.65956056235495E-17,0.684547105928687));
#1182=CARTESIAN_POINT('',(0.,0.,0.));
#1183=CARTESIAN_POINT('Origin',(-0.00863748985818931,0.0010468787274739,
0.0286055239907507));
#1184=CARTESIAN_POINT('',(-0.0124070697063354,4.68787274739075E-5,0.0291057916875401));
#1185=CARTESIAN_POINT('',(-0.0118871052118496,4.68787274739068E-5,0.0286057547611641));
#1186=CARTESIAN_POINT('Ctrl Pts',(-0.0124070697063354,4.6878727473908E-5,
0.0291057916875401));
#1187=CARTESIAN_POINT('Ctrl Pts',(-0.0121292805550827,4.68787274739077E-5,
0.0288372514115848));
#1188=CARTESIAN_POINT('Ctrl Pts',(-0.0118871052118496,4.68787274739074E-5,
0.028605754761164));
#1189=CARTESIAN_POINT('',(-0.0048678389953576,4.68787274738992E-5,0.0291052562914397));
#1190=CARTESIAN_POINT('Origin',(-0.00863745435084649,0.0010468787274739,
0.0291055239894899));
#1191=CARTESIAN_POINT('',(-0.00538787450452898,4.68787274738999E-5,0.0286052932203373));
#1192=CARTESIAN_POINT('Ctrl Pts',(-0.00538787450452905,4.68787274739001E-5,
0.0286052932203372));
#1193=CARTESIAN_POINT('Ctrl Pts',(-0.00514566628441494,4.68787274738998E-5,
0.0288367554724114));
#1194=CARTESIAN_POINT('Ctrl Pts',(-0.00486783899535761,4.68787274738996E-5,
0.0291052562914397));
#1195=CARTESIAN_POINT('Origin',(-0.00863748985818931,0.0010468787274739,
0.0286055239907507));
#1196=CARTESIAN_POINT('Origin',(-0.00863752536553214,0.0010468787274739,
0.0281055239920115));
#1197=CARTESIAN_POINT('',(-0.00538791001187181,4.68787274738999E-5,0.0281052932215981));
#1198=CARTESIAN_POINT('',(-0.00538791001187181,0.0020468787274739,0.0281052932215981));
#1199=CARTESIAN_POINT('Origin',(-0.00863752536553214,0.0010468787274739,
0.0281055239920115));
#1200=CARTESIAN_POINT('',(-0.00272144559735017,4.68787274738969E-5,0.0281051038634654));
#1201=CARTESIAN_POINT('',(-0.00538791001187181,4.68787274738999E-5,0.0281052932215981));
#1202=CARTESIAN_POINT('',(-0.00272144559735017,0.00204687872747389,0.0281051038634654));
#1203=CARTESIAN_POINT('Origin',(-0.00863752536553214,0.0010468787274739,
0.0281055239920115));
#1204=CARTESIAN_POINT('',(-0.00272144559735016,0.0020468787274739,0.0281051038634654));
#1205=CARTESIAN_POINT('Origin',(-0.00863748985818931,0.0010468787274739,
0.0286055239907507));
#1206=CARTESIAN_POINT('',(-0.0140457812504051,0.00204687872747391,0.0291059080601256));
#1207=CARTESIAN_POINT('',(-0.0145535696263713,0.00204687872747391,0.0286059441192968));
#1208=CARTESIAN_POINT('Ctrl Pts',(-0.0140457812504051,0.00204687872747391,
0.0291059080601256));
#1209=CARTESIAN_POINT('Ctrl Pts',(-0.0142151624811129,0.00204687872747391,
0.0289393737054675));
#1210=CARTESIAN_POINT('Ctrl Pts',(-0.0143844152577752,0.00204687872747391,
0.0287727088864583));
#1211=CARTESIAN_POINT('Ctrl Pts',(-0.0145535696263713,0.00204687872747391,
0.0286059441192968));
#1212=CARTESIAN_POINT('',(-0.00322912745128785,0.00204687872747389,0.0291051399188543));
#1213=CARTESIAN_POINT('Origin',(-0.00863745435084649,0.0010468787274739,
0.0291055239894899));
#1214=CARTESIAN_POINT('',(-0.00272141009000734,0.00204687872747389,0.0286051038622046));
#1215=CARTESIAN_POINT('Ctrl Pts',(-0.00272141009000734,0.00204687872747389,
0.0286051038622046));
#1216=CARTESIAN_POINT('Ctrl Pts',(-0.00289054077140237,0.00204687872747389,
0.0287718926525726));
#1217=CARTESIAN_POINT('Ctrl Pts',(-0.00305976987505815,0.00204687872747389,
0.0289385815087662));
#1218=CARTESIAN_POINT('Ctrl Pts',(-0.00322912745128785,0.00204687872747389,
0.0291051399188543));
#1219=CARTESIAN_POINT('Origin',(-0.00863748985818931,0.0010468787274739,
0.0286055239907507));
#1220=CARTESIAN_POINT('Origin',(-0.00863745435084649,0.0010468787274739,
0.0291055239894899));
#1221=CARTESIAN_POINT('',(-0.0124070697063354,0.00204687872747391,0.0291057916875401));
#1222=CARTESIAN_POINT('',(-0.0124070697063354,0.00204687872747391,0.0291057916875401));
#1223=CARTESIAN_POINT('',(-0.00486783899535759,0.0020468787274739,0.0291052562914397));
#1224=CARTESIAN_POINT('Origin',(-0.00863745435084649,0.0010468787274739,
0.0291055239894899));
#1225=CARTESIAN_POINT('',(-0.00322912745128785,0.0020468787274739,0.0291051399188543));
#1226=CARTESIAN_POINT('Origin',(-0.0145536051337141,0.00204687872747391,
0.0281059441205576));
#1227=CARTESIAN_POINT('',(-0.00538787450452898,0.0020468787274739,0.0286052932203373));
#1228=CARTESIAN_POINT('Ctrl Pts',(-0.00486783899535761,0.0020468787274739,
0.0291052562914397));
#1229=CARTESIAN_POINT('Ctrl Pts',(-0.00514566628441494,0.0020468787274739,
0.0288367554724114));
#1230=CARTESIAN_POINT('Ctrl Pts',(-0.00538787450452905,0.0020468787274739,
0.0286052932203372));
#1231=CARTESIAN_POINT('',(-0.0053879100118718,0.0020468787274739,0.0281052932215981));
#1232=CARTESIAN_POINT('',(-0.00272144559735017,0.00204687872747389,0.0281051038634654));
#1233=CARTESIAN_POINT('Origin',(-0.00863748985818931,0.0010468787274739,
0.0286055239907507));
#1234=CARTESIAN_POINT('',(-0.0118871052118496,0.00204687872747391,0.0286057547611641));
#1235=CARTESIAN_POINT('Ctrl Pts',(-0.0118871052118496,0.00204687872747391,
0.028605754761164));
#1236=CARTESIAN_POINT('Ctrl Pts',(-0.0121292805550827,0.00204687872747391,
0.0288372514115848));
#1237=CARTESIAN_POINT('Ctrl Pts',(-0.0124070697063354,0.00204687872747391,
0.0291057916875401));
#1238=CARTESIAN_POINT('Origin',(-0.00863748985818931,0.0010468787274739,
0.0286055239907507));
#1239=CARTESIAN_POINT('Origin',(-0.0145536051337141,0.00204687872747391,
0.0281059441205576));
#1240=CARTESIAN_POINT('',(-0.0118871407191925,0.00204687872747391,0.0281057547624249));
#1241=CARTESIAN_POINT('',(-0.0118871407191925,0.00204687872747391,0.0281057547624249));
#1242=CARTESIAN_POINT('',(-0.0145536051337141,0.00204687872747391,0.0281059441205576));
#1243=CARTESIAN_POINT('',(-0.0145536051337141,0.00204687872747391,0.0281059441205576));
#1244=CARTESIAN_POINT('',(-0.0118871407191925,0.00204687872747391,0.0281057547624249));
#1245=CARTESIAN_POINT('Origin',(-0.00863752536553214,0.0010468787274739,
0.0281055239920115));
#1246=CARTESIAN_POINT('',(-0.0120375253569589,0.00104687872747391,0.0281057654419427));
#1247=CARTESIAN_POINT('Origin',(-0.00863752536553214,0.0010468787274739,
0.0281055239920115));
#1248=CARTESIAN_POINT('',(-0.0146375253504029,0.00104687872747391,0.0281059500801254));
#1249=CARTESIAN_POINT('Origin',(-0.00863752536553214,0.0010468787274739,
0.0281055239920115));
#1250=CARTESIAN_POINT('',(-0.0145536051337141,4.68787274739099E-5,0.0281059441205576));
#1251=CARTESIAN_POINT('Origin',(-0.00863752536553214,0.0010468787274739,
0.0281055239920115));
#1252=CARTESIAN_POINT('',(-0.0118871407191925,4.68787274739068E-5,0.0281057547624249));
#1253=CARTESIAN_POINT('',(-0.0145536051337141,4.68787274739099E-5,0.0281059441205576));
#1254=CARTESIAN_POINT('Origin',(-0.00863752536553214,0.0010468787274739,
0.0281055239920115));
#1255=CARTESIAN_POINT('Origin',(-0.00863748985818931,0.0010468787274739,
0.0286055239907507));
#1256=CARTESIAN_POINT('',(-0.00322912745128785,4.68787274738975E-5,0.0291051399188543));
#1257=CARTESIAN_POINT('',(-0.00272141009000734,4.68787274738969E-5,0.0286051038622046));
#1258=CARTESIAN_POINT('Ctrl Pts',(-0.00322912745128785,4.68787274738975E-5,
0.0291051399188543));
#1259=CARTESIAN_POINT('Ctrl Pts',(-0.00305976987505815,4.68787274738973E-5,
0.0289385815087662));
#1260=CARTESIAN_POINT('Ctrl Pts',(-0.00289054077140237,4.68787274738971E-5,
0.0287718926525726));
#1261=CARTESIAN_POINT('Ctrl Pts',(-0.00272141009000734,4.68787274738969E-5,
0.0286051038622046));
#1262=CARTESIAN_POINT('',(-0.0140457812504051,4.68787274739092E-5,0.0291059080601256));
#1263=CARTESIAN_POINT('Origin',(-0.00863745435084649,0.0010468787274739,
0.0291055239894899));
#1264=CARTESIAN_POINT('',(-0.0145535696263713,4.68787274739099E-5,0.0286059441192968));
#1265=CARTESIAN_POINT('Ctrl Pts',(-0.0145535696263713,4.68787274739099E-5,
0.0286059441192968));
#1266=CARTESIAN_POINT('Ctrl Pts',(-0.0143844152577752,4.68787274739097E-5,
0.0287727088864583));
#1267=CARTESIAN_POINT('Ctrl Pts',(-0.0142151624811129,4.68787274739094E-5,
0.0289393737054675));
#1268=CARTESIAN_POINT('Ctrl Pts',(-0.0140457812504051,4.68787274739092E-5,
0.0291059080601256));
#1269=CARTESIAN_POINT('Origin',(-0.00863748985818931,0.0010468787274739,
0.0286055239907507));
#1270=CARTESIAN_POINT('Origin',(-0.00863894565924517,0.0010468787274739,
0.00810552404244232));
#1271=CARTESIAN_POINT('',(-0.012638945649159,0.00104687872747391,0.00810580810118493));
#1272=CARTESIAN_POINT('Origin',(-0.00863894565924517,0.0010468787274739,
0.00810552404244232));
#1273=CARTESIAN_POINT('Origin',(-0.00863894565924517,0.0010468787274739,
0.00810552404244232));
#1274=CARTESIAN_POINT('',(-0.0146388036147446,0.00104687872747391,0.0101059501255131));
#1275=CARTESIAN_POINT('Origin',(-0.00863880362987386,0.0010468787274739,
0.0101055240373992));
#1276=CARTESIAN_POINT('',(-0.012638945649159,0.00104687872747391,0.00810580810118493));
#1277=CARTESIAN_POINT('Origin',(-0.00863894565924517,0.0010468787274739,
0.00810552404244232));
#1278=CARTESIAN_POINT('',(-0.00272144559735017,4.68787274738969E-5,0.0281051038634654));
#1279=CARTESIAN_POINT('',(-0.0145536051337141,4.68787274739099E-5,0.0281059441205576));
#1280=CARTESIAN_POINT('',(-0.0146389456441159,0.00104687872747391,0.00810595013055623));
#1281=CARTESIAN_POINT('',(-0.00863880007913959,-0.0049531212725261,0.0101555240372731));
#1282=CARTESIAN_POINT('',(-0.00863823906312295,-0.0049531212725261,0.018055524017353));
#1283=CARTESIAN_POINT('Ctrl Pts',(-0.00863880007913959,-0.0049531212725261,
0.0101555240372731));
#1284=CARTESIAN_POINT('Ctrl Pts',(-0.0091520467594144,-0.0049531212725261,
0.0101555604853249));
#1285=CARTESIAN_POINT('Ctrl Pts',(-0.00968884367667798,-0.00488176104639905,
0.0102615649024218));
#1286=CARTESIAN_POINT('Ctrl Pts',(-0.0106582048245876,-0.00462526665420269,
0.0106704006182832));
#1287=CARTESIAN_POINT('Ctrl Pts',(-0.0110916581246084,-0.00444228505804745,
0.0109724707113975));
#1288=CARTESIAN_POINT('Ctrl Pts',(-0.0117754621269507,-0.00408259399195741,
0.0116563718408901));
#1289=CARTESIAN_POINT('Ctrl Pts',(-0.0120751126852248,-0.00387817825158156,
0.0120890671251456));
#1290=CARTESIAN_POINT('Ctrl Pts',(-0.0124815897575901,-0.00356796341185626,
0.0130533489491546));
#1291=CARTESIAN_POINT('Ctrl Pts',(-0.0125885563886562,-0.00346948042564932,
0.0135872148302151));
#1292=CARTESIAN_POINT('Ctrl Pts',(-0.0125885195611712,-0.00346948042564932,
0.0141058045353214));
#1293=CARTESIAN_POINT('Ctrl Pts',(-0.0125884827336862,-0.00346948042564932,
0.0146243942404276));
#1294=CARTESIAN_POINT('Ctrl Pts',(-0.0124814402790638,-0.00356796341185626,
0.0151582449237001));
#1295=CARTESIAN_POINT('Ctrl Pts',(-0.0120748262544574,-0.00387817825158156,
0.0161224690063004));
#1296=CARTESIAN_POINT('Ctrl Pts',(-0.0117751142437666,-0.00408259399195741,
0.0165551217270113));
#1297=CARTESIAN_POINT('Ctrl Pts',(-0.0110912131142741,-0.00444228505804745,
0.0172389257293537));
#1298=CARTESIAN_POINT('Ctrl Pts',(-0.0106577169157998,-0.00462526665420269,
0.0175409342563217));
#1299=CARTESIAN_POINT('Ctrl Pts',(-0.00968829771098779,-0.00488176104639905,
0.0179496322903055));
#1300=CARTESIAN_POINT('Ctrl Pts',(-0.00915148574339775,-0.0049531212725261,
0.0180555604654047));
#1301=CARTESIAN_POINT('Ctrl Pts',(-0.00863823906312295,-0.0049531212725261,
0.018055524017353));
#1302=CARTESIAN_POINT('Ctrl Pts',(-0.00863823906312295,-0.0049531212725261,
0.018055524017353));
#1303=CARTESIAN_POINT('Ctrl Pts',(-0.00812499238284814,-0.0049531212725261,
0.0180554875693012));
#1304=CARTESIAN_POINT('Ctrl Pts',(-0.00758819546558456,-0.00488176104639905,
0.0179494831522043));
#1305=CARTESIAN_POINT('Ctrl Pts',(-0.00661883431767497,-0.0046252666542027,
0.0175406474363429));
#1306=CARTESIAN_POINT('Ctrl Pts',(-0.00618538101765411,-0.00444228505804746,
0.0172385773432286));
#1307=CARTESIAN_POINT('Ctrl Pts',(-0.00550157701531181,-0.00408259399195742,
0.016554676213736));
#1308=CARTESIAN_POINT('Ctrl Pts',(-0.00520192645703774,-0.00387817825158158,
0.0161219809294806));
#1309=CARTESIAN_POINT('Ctrl Pts',(-0.00479544938467243,-0.00356796341185628,
0.0151576991054715));
#1310=CARTESIAN_POINT('Ctrl Pts',(-0.00468848275360638,-0.00346948042564934,
0.014623833224411));
#1311=CARTESIAN_POINT('Ctrl Pts',(-0.00468855640857634,-0.00346948042564934,
0.0135866538141985));
#1312=CARTESIAN_POINT('Ctrl Pts',(-0.00479559886319876,-0.00356796341185628,
0.013052803130926));
#1313=CARTESIAN_POINT('Ctrl Pts',(-0.00520221288780516,-0.00387817825158158,
0.0120885790483257));
#1314=CARTESIAN_POINT('Ctrl Pts',(-0.00550192489849594,-0.00408259399195742,
0.0116559263276148));
#1315=CARTESIAN_POINT('Ctrl Pts',(-0.00618582602798848,-0.00444228505804746,
0.0109721223252725));
#1316=CARTESIAN_POINT('Ctrl Pts',(-0.00661932222646277,-0.0046252666542027,
0.0106701137983044));
#1317=CARTESIAN_POINT('Ctrl Pts',(-0.00758874143127475,-0.00488176104639905,
0.0102614157643206));
#1318=CARTESIAN_POINT('Ctrl Pts',(-0.00812555339886479,-0.0049531212725261,
0.0101554875892214));
#1319=CARTESIAN_POINT('Ctrl Pts',(-0.00863880007913959,-0.0049531212725261,
0.0101555240372732));
#1320=CARTESIAN_POINT('',(-0.00863880007913958,0.00704687872747391,0.0101555240372731));
#1321=CARTESIAN_POINT('',(-0.00863823906312293,0.0070468787274739,0.018055524017353));
#1322=CARTESIAN_POINT('Ctrl Pts',(-0.00863880007913958,0.0070468787274739,
0.0101555240372732));
#1323=CARTESIAN_POINT('Ctrl Pts',(-0.00812555339886477,0.0070468787274739,
0.0101554875892214));
#1324=CARTESIAN_POINT('Ctrl Pts',(-0.00758874143127474,0.00697551850134685,
0.0102614157643206));
#1325=CARTESIAN_POINT('Ctrl Pts',(-0.00661932222646276,0.0067190241091505,
0.0106701137983044));
#1326=CARTESIAN_POINT('Ctrl Pts',(-0.00618582602798847,0.00653604251299526,
0.0109721223252725));
#1327=CARTESIAN_POINT('Ctrl Pts',(-0.00550192489849593,0.00617635144690522,
0.0116559263276148));
#1328=CARTESIAN_POINT('Ctrl Pts',(-0.00520221288780515,0.00597193570652937,
0.0120885790483257));
#1329=CARTESIAN_POINT('Ctrl Pts',(-0.00479559886319875,0.00566172086680407,
0.013052803130926));
#1330=CARTESIAN_POINT('Ctrl Pts',(-0.00468855640857633,0.00556323788059713,
0.0135866538141985));
#1331=CARTESIAN_POINT('Ctrl Pts',(-0.00468848275360637,0.00556323788059713,
0.014623833224411));
#1332=CARTESIAN_POINT('Ctrl Pts',(-0.00479544938467241,0.00566172086680407,
0.0151576991054715));
#1333=CARTESIAN_POINT('Ctrl Pts',(-0.00520192645703773,0.00597193570652938,
0.0161219809294806));
#1334=CARTESIAN_POINT('Ctrl Pts',(-0.0055015770153118,0.00617635144690522,
0.016554676213736));
#1335=CARTESIAN_POINT('Ctrl Pts',(-0.0061853810176541,0.00653604251299526,
0.0172385773432286));
#1336=CARTESIAN_POINT('Ctrl Pts',(-0.00661883431767496,0.0067190241091505,
0.0175406474363429));
#1337=CARTESIAN_POINT('Ctrl Pts',(-0.00758819546558455,0.00697551850134685,
0.0179494831522043));
#1338=CARTESIAN_POINT('Ctrl Pts',(-0.00812499238284813,0.0070468787274739,
0.0180554875693012));
#1339=CARTESIAN_POINT('Ctrl Pts',(-0.00863823906312293,0.0070468787274739,
0.018055524017353));
#1340=CARTESIAN_POINT('Ctrl Pts',(-0.00863823906312293,0.0070468787274739,
0.018055524017353));
#1341=CARTESIAN_POINT('Ctrl Pts',(-0.00915148574339774,0.0070468787274739,
0.0180555604654047));
#1342=CARTESIAN_POINT('Ctrl Pts',(-0.00968829771098778,0.00697551850134685,
0.0179496322903055));
#1343=CARTESIAN_POINT('Ctrl Pts',(-0.0106577169157998,0.0067190241091505,
0.0175409342563217));
#1344=CARTESIAN_POINT('Ctrl Pts',(-0.011091213114274,0.00653604251299526,
0.0172389257293537));
#1345=CARTESIAN_POINT('Ctrl Pts',(-0.0117751142437666,0.00617635144690522,
0.0165551217270113));
#1346=CARTESIAN_POINT('Ctrl Pts',(-0.0120748262544574,0.00597193570652938,
0.0161224690063004));
#1347=CARTESIAN_POINT('Ctrl Pts',(-0.0124814402790638,0.00566172086680407,
0.0151582449237001));
#1348=CARTESIAN_POINT('Ctrl Pts',(-0.0125884827336862,0.00556323788059713,
0.0146243942404276));
#1349=CARTESIAN_POINT('Ctrl Pts',(-0.0125885195611712,0.00556323788059713,
0.0141058045353214));
#1350=CARTESIAN_POINT('Ctrl Pts',(-0.0125885563886562,0.00556323788059713,
0.0135872148302151));
#1351=CARTESIAN_POINT('Ctrl Pts',(-0.0124815897575901,0.00566172086680407,
0.0130533489491546));
#1352=CARTESIAN_POINT('Ctrl Pts',(-0.0120751126852248,0.00597193570652937,
0.0120890671251456));
#1353=CARTESIAN_POINT('Ctrl Pts',(-0.0117754621269507,0.00617635144690522,
0.0116563718408901));
#1354=CARTESIAN_POINT('Ctrl Pts',(-0.0110916581246084,0.00653604251299526,
0.0109724707113975));
#1355=CARTESIAN_POINT('Ctrl Pts',(-0.0106582048245876,0.0067190241091505,
0.0106704006182832));
#1356=CARTESIAN_POINT('Ctrl Pts',(-0.00968884367667797,0.00697551850134685,
0.0102615649024218));
#1357=CARTESIAN_POINT('Ctrl Pts',(-0.00915204675941439,0.0070468787274739,
0.0101555604853249));
#1358=CARTESIAN_POINT('Ctrl Pts',(-0.00863880007913958,0.0070468787274739,
0.0101555240372731));
#1359=CARTESIAN_POINT('Origin',(-0.00863851957113127,-0.0049531212725261,
0.0141055240273131));
#1360=CARTESIAN_POINT('',(-0.00863823906312294,-0.0023531212725261,0.018055524017353));
#1361=CARTESIAN_POINT('',(-0.00863823906312295,-0.0049531212725261,0.018055524017353));
#1362=CARTESIAN_POINT('',(-0.00523837679779582,0.0010468787274739,0.0161158794986004));
#1363=CARTESIAN_POINT('Ctrl Pts',(-0.00863823906312294,-0.0023531212725261,
0.018055524017353));
#1364=CARTESIAN_POINT('Ctrl Pts',(-0.00818318009718792,-0.0023531212725261,
0.0180554917014835));
#1365=CARTESIAN_POINT('Ctrl Pts',(-0.00771478293578703,-0.00225651418622436,
0.0179714093567979));
#1366=CARTESIAN_POINT('Ctrl Pts',(-0.00688215733563665,-0.0018995202448086,
0.0176711304755623));
#1367=CARTESIAN_POINT('Ctrl Pts',(-0.00651696335646846,-0.00164012913887789,
0.01745643087544));
#1368=CARTESIAN_POINT('Ctrl Pts',(-0.00593609971628252,-0.00105923385267737,
0.0170107839087996));
#1369=CARTESIAN_POINT('Ctrl Pts',(-0.00568372235574074,-0.000692560161291531,
0.0167422208982718));
#1370=CARTESIAN_POINT('Ctrl Pts',(-0.00542384714554197,-8.26218154326969E-5,
0.0164051991432513));
#1371=CARTESIAN_POINT('Ctrl Pts',(-0.00535623331474235,0.000130768642134998,
0.0163047304006965));
#1372=CARTESIAN_POINT('Ctrl Pts',(-0.0052635574179859,0.000575521542503242,
0.0161596744008018));
#1373=CARTESIAN_POINT('Ctrl Pts',(-0.00523837679779581,0.000807117316363879,
0.0161158794986003));
#1374=CARTESIAN_POINT('Ctrl Pts',(-0.00523837679779581,0.0010468787274739,
0.0161158794986003));
#1375=CARTESIAN_POINT('',(-0.00863823906312293,0.0044468787274739,0.018055524017353));
#1376=CARTESIAN_POINT('Ctrl Pts',(-0.00523837679779581,0.0010468787274739,
0.0161158794986003));
#1377=CARTESIAN_POINT('Ctrl Pts',(-0.00523837679779581,0.00128664013858392,
0.0161158794986003));
#1378=CARTESIAN_POINT('Ctrl Pts',(-0.0052635574179859,0.00151823591244455,
0.0161596744008018));
#1379=CARTESIAN_POINT('Ctrl Pts',(-0.00535623331474234,0.0019629888128128,
0.0163047304006965));
#1380=CARTESIAN_POINT('Ctrl Pts',(-0.00542384714554197,0.00217637927038049,
0.0164051991432513));
#1381=CARTESIAN_POINT('Ctrl Pts',(-0.00568372235574073,0.00278631761623933,
0.0167422208982718));
#1382=CARTESIAN_POINT('Ctrl Pts',(-0.00593609971628252,0.00315299130762517,
0.0170107839087996));
#1383=CARTESIAN_POINT('Ctrl Pts',(-0.00651696335646846,0.00373388659382569,
0.01745643087544));
#1384=CARTESIAN_POINT('Ctrl Pts',(-0.00688215733563665,0.0039932776997564,
0.0176711304755623));
#1385=CARTESIAN_POINT('Ctrl Pts',(-0.00771478293578702,0.00435027164117216,
0.0179714093567979));
#1386=CARTESIAN_POINT('Ctrl Pts',(-0.00818318009718792,0.0044468787274739,
0.0180554917014835));
#1387=CARTESIAN_POINT('Ctrl Pts',(-0.00863823906312293,0.0044468787274739,
0.018055524017353));
#1388=CARTESIAN_POINT('',(-0.00863823906312295,-0.0049531212725261,0.018055524017353));
#1389=CARTESIAN_POINT('',(-0.0120383767806493,0.00104687872747391,0.0161163623984628));
#1390=CARTESIAN_POINT('Ctrl Pts',(-0.00863823906312293,0.0044468787274739,
0.018055524017353));
#1391=CARTESIAN_POINT('Ctrl Pts',(-0.00909329802905795,0.0044468787274739,
0.0180555563332225));
#1392=CARTESIAN_POINT('Ctrl Pts',(-0.00956170712789703,0.00435027164117216,
0.0179715405155392));
#1393=CARTESIAN_POINT('Ctrl Pts',(-0.01039437536807,0.00399327769975641,
0.0176713798946224));
#1394=CARTESIAN_POINT('Ctrl Pts',(-0.0107595998372039,0.00373388659382569,
0.0174567321649368));
#1395=CARTESIAN_POINT('Ctrl Pts',(-0.0113405267664895,0.00315299130762518,
0.0170111677024887));
#1396=CARTESIAN_POINT('Ctrl Pts',(-0.0115929422683212,0.00278631761623933,
0.0167426405396674));
#1397=CARTESIAN_POINT('Ctrl Pts',(-0.0118528653428867,0.0021763792703805,
0.0164056556979588));
#1398=CARTESIAN_POINT('Ctrl Pts',(-0.0119204934425167,0.00196298881281281,
0.0163051965595672));
#1399=CARTESIAN_POINT('Ctrl Pts',(-0.0120131899405508,0.00151823591244456,
0.0161601537238348));
#1400=CARTESIAN_POINT('Ctrl Pts',(-0.0120383767806493,0.00128664013858392,
0.0161163623984628));
#1401=CARTESIAN_POINT('Ctrl Pts',(-0.0120383767806493,0.0010468787274739,
0.0161163623984628));
#1402=CARTESIAN_POINT('Ctrl Pts',(-0.0120383767806493,0.0010468787274739,
0.0161163623984628));
#1403=CARTESIAN_POINT('Ctrl Pts',(-0.0120383767806493,0.000807117316363887,
0.0161163623984628));
#1404=CARTESIAN_POINT('Ctrl Pts',(-0.0120131899405508,0.000575521542503251,
0.0161601537238348));
#1405=CARTESIAN_POINT('Ctrl Pts',(-0.0119204934425167,0.000130768642135007,
0.0163051965595672));
#1406=CARTESIAN_POINT('Ctrl Pts',(-0.0118528653428867,-8.26218154326875E-5,
0.0164056556979588));
#1407=CARTESIAN_POINT('Ctrl Pts',(-0.0115929422683212,-0.000692560161291523,
0.0167426405396674));
#1408=CARTESIAN_POINT('Ctrl Pts',(-0.0113405267664895,-0.00105923385267737,
0.0170111677024887));
#1409=CARTESIAN_POINT('Ctrl Pts',(-0.0107595998372039,-0.00164012913887788,
0.0174567321649368));
#1410=CARTESIAN_POINT('Ctrl Pts',(-0.01039437536807,-0.0018995202448086,
0.0176713798946224));
#1411=CARTESIAN_POINT('Ctrl Pts',(-0.00956170712789704,-0.00225651418622436,
0.0179715405155392));
#1412=CARTESIAN_POINT('Ctrl Pts',(-0.00909329802905795,-0.0023531212725261,
0.0180555563332225));
#1413=CARTESIAN_POINT('Ctrl Pts',(-0.00863823906312294,-0.0023531212725261,
0.018055524017353));
#1414=CARTESIAN_POINT('Origin',(-0.00863745435084649,0.0010468787274739,
0.0291055239894899));
#1415=CARTESIAN_POINT('',(-0.0120374543422732,0.00104687872747391,0.0291057654394212));
#1416=CARTESIAN_POINT('',(-0.0118871407191925,4.68787274739068E-5,0.0281057547624249));
#1417=CARTESIAN_POINT('',(-0.00538791001187182,4.68787274738999E-5,0.0281052932215981));
#1418=CARTESIAN_POINT('Origin',(-0.0145536051337141,4.68787274739099E-5,
0.0281059441205576));
#1419=CARTESIAN_POINT('',(-0.00486783899535759,4.68787274738994E-5,0.0291052562914398));
#1420=CARTESIAN_POINT('Origin',(-0.00863745435084649,0.0010468787274739,
0.0291055239894899));
#1421=CARTESIAN_POINT('',(-0.0140457812504051,4.68787274739094E-5,0.0291059080601256));
#1422=CARTESIAN_POINT('Origin',(-0.0145536051337141,4.68787274739099E-5,
0.0281059441205576));
#1423=CARTESIAN_POINT('Origin',(-0.00632823760799994,0.00104687872749605,
0.0265097266123168));
#1424=CARTESIAN_POINT('',(-0.00632823760799994,0.00104687872749605,0.0265097266123168));
#1425=CARTESIAN_POINT('',(-0.00621276045298462,0.00104687872749715,0.026609718411995));
#1426=CARTESIAN_POINT('',(-0.00632823760799995,0.00104687872749605,0.0265097266123168));
#1427=CARTESIAN_POINT('',(-0.00742519601524576,0.00314687872748553,0.0266098045127256));
#1428=CARTESIAN_POINT('',(-0.00742519601524576,0.00314687872748553,0.0266098045127255));
#1429=CARTESIAN_POINT('',(-0.00748293814348675,0.00304687872748498,0.0265098086130125));
#1430=CARTESIAN_POINT('',(-0.00748293814348676,0.00304687872748497,0.0265098086130125));
#1431=CARTESIAN_POINT('',(-0.00632823760799995,0.00104687872749604,0.0265097266123167));
#1432=CARTESIAN_POINT('Origin',(-0.00748293814348675,0.00304687872748498,
0.0265098086130125));
#1433=CARTESIAN_POINT('',(-0.00985006713972778,0.00314687872746228,0.0266099767141867));
#1434=CARTESIAN_POINT('',(-0.00985006713972778,0.00314687872746228,0.0266099767141866));
#1435=CARTESIAN_POINT('',(-0.009792339214422,0.00304687872746283,0.026509972614404));
#1436=CARTESIAN_POINT('',(-0.00985006713972778,0.00314687872746229,0.0266099767141866));
#1437=CARTESIAN_POINT('',(-0.00748293814348675,0.00304687872748497,0.0265098086130125));
#1438=CARTESIAN_POINT('Origin',(-0.009792339214422,0.00304687872746283,
0.026509972614404));
#1439=CARTESIAN_POINT('',(-0.0110625027019486,0.00104687872745065,0.0266100628149172));
#1440=CARTESIAN_POINT('',(-0.0110625027019486,0.00104687872745065,0.0266100628149172));
#1441=CARTESIAN_POINT('',(-0.0109470397498704,0.00104687872745176,0.0265100546150998));
#1442=CARTESIAN_POINT('',(-0.0109470397498705,0.00104687872745176,0.0265100546150998));
#1443=CARTESIAN_POINT('',(-0.00979233921442199,0.00304687872746283,0.026509972614404));
#1444=CARTESIAN_POINT('Origin',(-0.0109470397498704,0.00104687872745176,
0.0265100546150998));
#1445=CARTESIAN_POINT('',(-0.0098500671396875,-0.00105312127253772,0.0266099767141866));
#1446=CARTESIAN_POINT('',(-0.00979233921438364,-0.000953121272537169,0.026509972614404));
#1447=CARTESIAN_POINT('',(-0.00979233921438364,-0.000953121272537161,0.026509972614404));
#1448=CARTESIAN_POINT('',(-0.0109470397498704,0.00104687872745176,0.0265100546150998));
#1449=CARTESIAN_POINT('',(-0.0098500671396875,-0.00105312127253773,0.0266099767141866));
#1450=CARTESIAN_POINT('Origin',(-0.00863763157746663,0.0010468787274739,
0.0266098906134561));
#1451=CARTESIAN_POINT('',(-0.00513763158629203,0.00104687872750746,0.0266096420620563));
#1452=CARTESIAN_POINT('Origin',(-0.00863763157746663,0.0010468787274739,
0.0266098906134561));
#1453=CARTESIAN_POINT('',(-0.00742519601520549,-0.00105312127251447,0.0266098045127256));
#1454=CARTESIAN_POINT('',(-0.00621276045298462,0.00104687872749715,0.026609718411995));
#1455=CARTESIAN_POINT('',(-0.00742519601520549,-0.00105312127251447,0.0266098045127256));
#1456=CARTESIAN_POINT('Origin',(-0.00748293814344839,-0.000953121272515026,
0.0265098086130125));
#1457=CARTESIAN_POINT('',(-0.00748293814344839,-0.000953121272515026,0.0265098086130125));
#1458=CARTESIAN_POINT('',(-0.0074829381434484,-0.000953121272515014,0.0265098086130125));
#1459=CARTESIAN_POINT('',(-0.00748293814344839,-0.000953121272515027,0.0265098086130125));
#1460=CARTESIAN_POINT('Origin',(-0.00979233921438364,-0.000953121272537169,
0.026509972614404));
#1461=CARTESIAN_POINT('',(-0.00979233921438364,-0.000953121272537169,0.026509972614404));
#1462=CARTESIAN_POINT('Origin',(-0.00979268718634334,-0.000953121272537169,
0.0216099726267595));
#1463=CARTESIAN_POINT('',(-0.00979268718634334,-0.000953121272537169,0.0216099726267595));
#1464=CARTESIAN_POINT('',(-0.00979268718634334,-0.000953121272537169,0.0216099726267595));
#1465=CARTESIAN_POINT('',(-0.00748328611540809,-0.000953121272515026,0.0216098086253681));
#1466=CARTESIAN_POINT('',(-0.00748328611540809,-0.000953121272515026,0.0216098086253681));
#1467=CARTESIAN_POINT('',(-0.00979268718634334,-0.000953121272537169,0.0216099726267595));
#1468=CARTESIAN_POINT('Origin',(-0.00748328611540809,-0.000953121272515026,
0.0216098086253681));
#1469=CARTESIAN_POINT('',(-0.00632858557995964,0.00104687872749605,0.0216097266246723));
#1470=CARTESIAN_POINT('',(-0.00632858557995964,0.00104687872749605,0.0216097266246723));
#1471=CARTESIAN_POINT('',(-0.00748328611540809,-0.000953121272515026,0.0216098086253681));
#1472=CARTESIAN_POINT('Origin',(-0.00632858557995964,0.00104687872749605,
0.0216097266246723));
#1473=CARTESIAN_POINT('',(-0.00748328611544644,0.00304687872748498,0.0216098086253681));
#1474=CARTESIAN_POINT('',(-0.00748328611544644,0.00304687872748498,0.0216098086253681));
#1475=CARTESIAN_POINT('',(-0.00632858557995964,0.00104687872749605,0.0216097266246723));
#1476=CARTESIAN_POINT('Origin',(-0.00748328611544644,0.00304687872748498,
0.0216098086253681));
#1477=CARTESIAN_POINT('',(-0.00979268718638169,0.00304687872746283,0.0216099726267596));
#1478=CARTESIAN_POINT('',(-0.00979268718638169,0.00304687872746283,0.0216099726267596));
#1479=CARTESIAN_POINT('',(-0.00748328611544644,0.00304687872748498,0.0216098086253681));
#1480=CARTESIAN_POINT('Origin',(-0.00979268718638169,0.00304687872746283,
0.0216099726267596));
#1481=CARTESIAN_POINT('',(-0.0109473877218301,0.00104687872745176,0.0216100546274553));
#1482=CARTESIAN_POINT('',(-0.0109473877218301,0.00104687872745176,0.0216100546274553));
#1483=CARTESIAN_POINT('',(-0.00979268718638169,0.00304687872746283,0.0216099726267596));
#1484=CARTESIAN_POINT('Origin',(-0.0109473877218301,0.00104687872745176,
0.0216100546274553));
#1485=CARTESIAN_POINT('',(-0.0109473877218301,0.00104687872745176,0.0216100546274553));
#1486=CARTESIAN_POINT('Origin',(-0.0296878014009079,0.0185901781872978,
0.0396148484833027));
#1487=CARTESIAN_POINT('',(-0.00354952024769948,0.0185901781872978,0.0142806791600423));
#1488=CARTESIAN_POINT('Ctrl Pts',(-0.00354952024769948,0.0185901781872978,
0.0142806791600423));
#1489=CARTESIAN_POINT('Ctrl Pts',(-0.00355459003288374,0.0185901781872978,
0.0143617470411872));
#1490=CARTESIAN_POINT('Ctrl Pts',(-0.00356193795067948,0.0185901781872978,
0.0144432630379968));
#1491=CARTESIAN_POINT('Ctrl Pts',(-0.00363724342319713,0.0185901781872978,
0.0150772547047216));
#1492=CARTESIAN_POINT('Ctrl Pts',(-0.0038078774134905,0.0185901781872979,
0.0156197696096115));
#1493=CARTESIAN_POINT('Ctrl Pts',(-0.00436783379526215,0.0185901781872979,
0.0166294601263779));
#1494=CARTESIAN_POINT('Ctrl Pts',(-0.00472380756757393,0.0185901781872979,
0.0170173611944259));
#1495=CARTESIAN_POINT('Ctrl Pts',(-0.00517636786467207,0.0185901781872979,
0.0173775148720799));
#1496=CARTESIAN_POINT('Ctrl Pts',(-0.00531021304645832,0.0185901781872978,
0.01746168034322));
#1497=CARTESIAN_POINT('Ctrl Pts',(-0.00549234189346632,0.0185901781872978,
0.0175498453236542));
#1498=CARTESIAN_POINT('Ctrl Pts',(-0.00555586813640007,0.0185901781872979,
0.017572344552606));
#1499=CARTESIAN_POINT('Ctrl Pts',(-0.00562050954382544,0.0185901781872979,
0.0175824199185087));
#1500=CARTESIAN_POINT('Ctrl Pts',(-0.00563827039930295,0.0185901781872979,
0.0175838796096062));
#1501=CARTESIAN_POINT('Ctrl Pts',(-0.00566341742148055,0.0185901781872979,
0.0175807663165315));
#1502=CARTESIAN_POINT('Ctrl Pts',(-0.00567257303550669,0.0185901781872855,
0.0175785485556396));
#1503=CARTESIAN_POINT('Ctrl Pts',(-0.00568594633282609,0.0185901781872855,
0.0175714753720325));
#1504=CARTESIAN_POINT('Ctrl Pts',(-0.00569069264228623,0.0185901781872978,
0.0175678430421974));
#1505=CARTESIAN_POINT('Ctrl Pts',(-0.00569808574699879,0.0185901781872978,
0.0175588950725015));
#1506=CARTESIAN_POINT('Ctrl Pts',(-0.00570066596343153,0.0185901781872978,
0.0175540612320128));
#1507=CARTESIAN_POINT('Ctrl Pts',(-0.00570460531076786,0.0185901781872978,
0.0175420542905812));
#1508=CARTESIAN_POINT('Ctrl Pts',(-0.00570540936481839,0.0185901781872978,
0.0175348586758925));
#1509=CARTESIAN_POINT('Ctrl Pts',(-0.00570519788137937,0.0185901781872978,
0.0175146934846414));
#1510=CARTESIAN_POINT('Ctrl Pts',(-0.00570215294612192,0.0185901781872978,
0.0175007404026254));
#1511=CARTESIAN_POINT('Ctrl Pts',(-0.00568925629579584,0.0185901781872978,
0.0174583703521865));
#1512=CARTESIAN_POINT('Ctrl Pts',(-0.00567194710864867,0.0185901781872978,
0.0174228978171764));
#1513=CARTESIAN_POINT('Ctrl Pts',(-0.00557380537061456,0.0185901781872978,
0.017253524565369));
#1514=CARTESIAN_POINT('Ctrl Pts',(-0.00543237442544715,0.0185901781872978,
0.0170690671055025));
#1515=CARTESIAN_POINT('Ctrl Pts',(-0.00509229114457773,0.0185901781872978,
0.0165667215362252));
#1516=CARTESIAN_POINT('Ctrl Pts',(-0.00481769759534861,0.0185901781872937,
0.0161350221587532));
#1517=CARTESIAN_POINT('Ctrl Pts',(-0.00447368834687862,0.0185901781872937,
0.0151398023983849));
#1518=CARTESIAN_POINT('Ctrl Pts',(-0.00438734286109176,0.0185901781872978,
0.0147313864028616));
#1519=CARTESIAN_POINT('Ctrl Pts',(-0.0043540353524427,0.0185901781872978,
0.0143158928515839));
#1520=CARTESIAN_POINT('Ctrl Pts',(-0.00434886791175879,0.0185901781872978,
0.0142514317625425));
#1521=CARTESIAN_POINT('Ctrl Pts',(-0.00434492534953277,0.0185901781872978,
0.0141861398567702));
#1522=CARTESIAN_POINT('Ctrl Pts',(-0.00430906258043925,0.0185901781872978,
0.0132821435231645));
#1523=CARTESIAN_POINT('Ctrl Pts',(-0.00450281434027815,0.0185901781871812,
0.0126127376573894));
#1524=CARTESIAN_POINT('Ctrl Pts',(-0.0049198790327246,0.0185901781871812,
0.0114932025022434));
#1525=CARTESIAN_POINT('Ctrl Pts',(-0.00527315860392303,0.0185901781872978,
0.0110052786181217));
#1526=CARTESIAN_POINT('Ctrl Pts',(-0.00530038796246583,0.0185901781872978,
0.01079713864212));
#1527=CARTESIAN_POINT('Ctrl Pts',(-0.00530102382949808,0.0185901781872978,
0.0107836531862329));
#1528=CARTESIAN_POINT('Ctrl Pts',(-0.00529745931747432,0.0185901781872978,
0.01076385404947));
#1529=CARTESIAN_POINT('Ctrl Pts',(-0.00529509488066742,0.0185901781873,
0.0107566039933237));
#1530=CARTESIAN_POINT('Ctrl Pts',(-0.00528792505635305,0.0185901781873,
0.0107451571260069));
#1531=CARTESIAN_POINT('Ctrl Pts',(-0.00528395641211298,0.0185901781872978,
0.0107408887284275));
#1532=CARTESIAN_POINT('Ctrl Pts',(-0.00527400715922915,0.0185901781872978,
0.0107338591289098));
#1533=CARTESIAN_POINT('Ctrl Pts',(-0.00526828545137552,0.0185901781872978,
0.0107313673744202));
#1534=CARTESIAN_POINT('Ctrl Pts',(-0.00525312103566078,0.0185901781872978,
0.0107272816067019));
#1535=CARTESIAN_POINT('Ctrl Pts',(-0.00524321439800609,0.0185901781872978,
0.0107267208431496));
#1536=CARTESIAN_POINT('Ctrl Pts',(-0.00521346984796844,0.0185901781872978,
0.010728175469223));
#1537=CARTESIAN_POINT('Ctrl Pts',(-0.0051913636510703,0.0185901781872979,
0.0107338662307498));
#1538=CARTESIAN_POINT('Ctrl Pts',(-0.0051238532159024,0.0185901781872979,
0.0107566866631126));
#1539=CARTESIAN_POINT('Ctrl Pts',(-0.00506393343779136,0.0185901781873077,
0.0107874682552022));
#1540=CARTESIAN_POINT('Ctrl Pts',(-0.00484876013347561,0.0185901781873077,
0.0109287570929934));
#1541=CARTESIAN_POINT('Ctrl Pts',(-0.00465648147855565,0.0185901781872979,
0.0110946033380278));
#1542=CARTESIAN_POINT('Ctrl Pts',(-0.00415398162764665,0.0185901781872979,
0.0117057758105142));
#1543=CARTESIAN_POINT('Ctrl Pts',(-0.00390895217858725,0.0185901781872979,
0.0121631112089601));
#1544=CARTESIAN_POINT('Ctrl Pts',(-0.00359866030360471,0.0185901781872979,
0.0131382825019581));
#1545=CARTESIAN_POINT('Ctrl Pts',(-0.00352716965871617,0.0185901781872978,
0.0136380348876594));
#1546=CARTESIAN_POINT('Ctrl Pts',(-0.00354453634002009,0.0185901781872978,
0.0141895913052981));
#1547=CARTESIAN_POINT('Ctrl Pts',(-0.00354666760686563,0.0185901781872978,
0.0142350642987292));
#1548=CARTESIAN_POINT('Ctrl Pts',(-0.00354952024769948,0.0185901781872978,
0.0142806791600423));
#1549=CARTESIAN_POINT('Ctrl Pts',(-0.0131324788319272,0.0198935142508301,
0.0156888921805323));
#1550=CARTESIAN_POINT('Ctrl Pts',(-0.012141070134628,0.0196435142508301,
0.0183693042374592));
#1551=CARTESIAN_POINT('Ctrl Pts',(-0.00932406085206954,0.0193935142508301,
0.0188509251485288));
#1552=CARTESIAN_POINT('Ctrl Pts',(-0.00650705156951109,0.0191435142508301,
0.0193325460595984));
#1553=CARTESIAN_POINT('Ctrl Pts',(-0.0046814509842518,0.0188935142508301,
0.017133754913741));
#1554=CARTESIAN_POINT('Ctrl Pts',(-0.0028558503989925,0.0186435142508301,
0.0149349637678836));
#1555=CARTESIAN_POINT('Ctrl Pts',(-0.00384725909629166,0.0183935142508301,
0.0122545517109566));
#1556=CARTESIAN_POINT('Ctrl Pts',(-0.00483866779359082,0.0181435142508301,
0.00957413965402961));
#1557=CARTESIAN_POINT('Ctrl Pts',(-0.00765567707614929,0.0178935142508301,
0.00909251874296003));
#1558=CARTESIAN_POINT('Ctrl Pts',(-0.0104726863587077,0.0176435142508301,
0.00861089783189044));
#1559=CARTESIAN_POINT('Ctrl Pts',(-0.012298286943967,0.0173935142508301,
0.0108096889777478));
#1560=CARTESIAN_POINT('Ctrl Pts',(-0.0141238875292263,0.0171435142508301,
0.0130084801236052));
#1561=CARTESIAN_POINT('Ctrl Pts',(-0.0131324788319272,0.0168935142508301,
0.0156888921805323));
#1562=CARTESIAN_POINT('Ctrl Pts',(-0.012141070134628,0.0166435142508301,
0.0183693042374592));
#1563=CARTESIAN_POINT('Ctrl Pts',(-0.00932406085206954,0.0163935142508301,
0.0188509251485288));
#1564=CARTESIAN_POINT('Ctrl Pts',(-0.00650705156951109,0.0161435142508301,
0.0193325460595984));
#1565=CARTESIAN_POINT('Ctrl Pts',(-0.0046814509842518,0.0158935142508301,
0.017133754913741));
#1566=CARTESIAN_POINT('Ctrl Pts',(-0.0028558503989925,0.0156435142508301,
0.0149349637678836));
#1567=CARTESIAN_POINT('Ctrl Pts',(-0.00384725909629166,0.0153935142508301,
0.0122545517109566));
#1568=CARTESIAN_POINT('Ctrl Pts',(-0.00483866779359082,0.0151435142508301,
0.00957413965402961));
#1569=CARTESIAN_POINT('Ctrl Pts',(-0.00765567707614929,0.0148935142508301,
0.00909251874296003));
#1570=CARTESIAN_POINT('Ctrl Pts',(-0.0104726863587077,0.0146435142508301,
0.00861089783189044));
#1571=CARTESIAN_POINT('Ctrl Pts',(-0.012298286943967,0.0143935142508301,
0.0108096889777478));
#1572=CARTESIAN_POINT('Ctrl Pts',(-0.0141238875292263,0.0141435142508301,
0.0130084801236052));
#1573=CARTESIAN_POINT('Ctrl Pts',(-0.0131324788319272,0.0138935142508301,
0.0156888921805323));
#1574=CARTESIAN_POINT('Ctrl Pts',(-0.012141070134628,0.0136435142508301,
0.0183693042374592));
#1575=CARTESIAN_POINT('Ctrl Pts',(-0.00932406085206954,0.0133935142508301,
0.0188509251485288));
#1576=CARTESIAN_POINT('Ctrl Pts',(-0.00650705156951109,0.0131435142508301,
0.0193325460595984));
#1577=CARTESIAN_POINT('Ctrl Pts',(-0.0046814509842518,0.0128935142508301,
0.017133754913741));
#1578=CARTESIAN_POINT('Ctrl Pts',(-0.0028558503989925,0.0126435142508301,
0.0149349637678836));
#1579=CARTESIAN_POINT('Ctrl Pts',(-0.00384725909629166,0.0123935142508301,
0.0122545517109566));
#1580=CARTESIAN_POINT('Ctrl Pts',(-0.00483866779359082,0.0121435142508301,
0.00957413965402961));
#1581=CARTESIAN_POINT('Ctrl Pts',(-0.00765567707614929,0.0118935142508301,
0.00909251874296003));
#1582=CARTESIAN_POINT('Ctrl Pts',(-0.0104726863587077,0.0116435142508301,
0.00861089783189044));
#1583=CARTESIAN_POINT('Ctrl Pts',(-0.012298286943967,0.0113935142508301,
0.0108096889777478));
#1584=CARTESIAN_POINT('Ctrl Pts',(-0.0141238875292263,0.0111435142508301,
0.0130084801236052));
#1585=CARTESIAN_POINT('Ctrl Pts',(-0.0131324788319272,0.0108935142508301,
0.0156888921805323));
#1586=CARTESIAN_POINT('Ctrl Pts',(-0.012141070134628,0.0106435142508301,
0.0183693042374592));
#1587=CARTESIAN_POINT('Ctrl Pts',(-0.00932406085206954,0.0103935142508301,
0.0188509251485288));
#1588=CARTESIAN_POINT('Ctrl Pts',(-0.00650705156951109,0.0101435142508301,
0.0193325460595984));
#1589=CARTESIAN_POINT('Ctrl Pts',(-0.0046814509842518,0.00989351425083013,
0.017133754913741));
#1590=CARTESIAN_POINT('Ctrl Pts',(-0.0028558503989925,0.00964351425083014,
0.0149349637678836));
#1591=CARTESIAN_POINT('Ctrl Pts',(-0.00384725909629166,0.00939351425083013,
0.0122545517109566));
#1592=CARTESIAN_POINT('Ctrl Pts',(-0.00483866779359082,0.00914351425083014,
0.00957413965402961));
#1593=CARTESIAN_POINT('Ctrl Pts',(-0.00765567707614929,0.00889351425083014,
0.00909251874296003));
#1594=CARTESIAN_POINT('Ctrl Pts',(-0.0104726863587077,0.00864351425083014,
0.00861089783189044));
#1595=CARTESIAN_POINT('Ctrl Pts',(-0.012298286943967,0.00839351425083014,
0.0108096889777478));
#1596=CARTESIAN_POINT('Ctrl Pts',(-0.0141238875292263,0.00814351425083014,
0.0130084801236052));
#1597=CARTESIAN_POINT('Ctrl Pts',(-0.0131324788319272,0.00789351425083014,
0.0156888921805323));
#1598=CARTESIAN_POINT('Ctrl Pts',(-0.012141070134628,0.00764351425083013,
0.0183693042374592));
#1599=CARTESIAN_POINT('Ctrl Pts',(-0.00932406085206954,0.00739351425083014,
0.0188509251485288));
#1600=CARTESIAN_POINT('Ctrl Pts',(-0.00650705156951109,0.00714351425083013,
0.0193325460595984));
#1601=CARTESIAN_POINT('Ctrl Pts',(-0.0046814509842518,0.00689351425083014,
0.017133754913741));
#1602=CARTESIAN_POINT('Ctrl Pts',(-0.0028558503989925,0.00664351425083014,
0.0149349637678836));
#1603=CARTESIAN_POINT('Ctrl Pts',(-0.00384725909629166,0.00639351425083014,
0.0122545517109566));
#1604=CARTESIAN_POINT('Ctrl Pts',(-0.00483866779359082,0.00614351425083014,
0.00957413965402961));
#1605=CARTESIAN_POINT('Ctrl Pts',(-0.00765567707614929,0.00589351425083014,
0.00909251874296003));
#1606=CARTESIAN_POINT('Ctrl Pts',(-0.0104726863587077,0.00564351425083014,
0.00861089783189044));
#1607=CARTESIAN_POINT('Ctrl Pts',(-0.012298286943967,0.00539351425083014,
0.0108096889777478));
#1608=CARTESIAN_POINT('Ctrl Pts',(-0.0141238875292263,0.00514351425083014,
0.0130084801236052));
#1609=CARTESIAN_POINT('Ctrl Pts',(-0.0131324788319272,0.00489351425083015,
0.0156888921805323));
#1610=CARTESIAN_POINT('Ctrl Pts',(-0.0131614422630172,0.0190978829401513,
0.0156105854941826));
#1611=CARTESIAN_POINT('Ctrl Pts',(-0.0122152439521613,0.0188478829401513,
0.0183077195958461));
#1612=CARTESIAN_POINT('Ctrl Pts',(-0.0094063581472795,0.0185978829401513,
0.0188368548724587));
#1613=CARTESIAN_POINT('Ctrl Pts',(-0.00659747234239768,0.0183478829401513,
0.0193659901490713));
#1614=CARTESIAN_POINT('Ctrl Pts',(-0.00473478484837173,0.0180978829401513,
0.0171979913240205));
#1615=CARTESIAN_POINT('Ctrl Pts',(-0.00287209735434577,0.0178478829401513,
0.0150299924989697));
#1616=CARTESIAN_POINT('Ctrl Pts',(-0.00381829566520164,0.0175978829401513,
0.0123328583973062));
#1617=CARTESIAN_POINT('Ctrl Pts',(-0.0047644939760575,0.0173478829401513,
0.00963572429564275));
#1618=CARTESIAN_POINT('Ctrl Pts',(-0.00757337978093932,0.0170978829401513,
0.0091065890190301));
#1619=CARTESIAN_POINT('Ctrl Pts',(-0.0103822655858211,0.0168478829401513,
0.00857745374241747));
#1620=CARTESIAN_POINT('Ctrl Pts',(-0.0122449530798471,0.0165978829401513,
0.0107454525674683));
#1621=CARTESIAN_POINT('Ctrl Pts',(-0.014107640573873,0.0163478829401513,
0.0129134513925192));
#1622=CARTESIAN_POINT('Ctrl Pts',(-0.0131614422630172,0.0160978829401513,
0.0156105854941826));
#1623=CARTESIAN_POINT('Ctrl Pts',(-0.0122152439521613,0.0158478829401513,
0.0183077195958461));
#1624=CARTESIAN_POINT('Ctrl Pts',(-0.0094063581472795,0.0155978829401513,
0.0188368548724587));
#1625=CARTESIAN_POINT('Ctrl Pts',(-0.00659747234239768,0.0153478829401513,
0.0193659901490713));
#1626=CARTESIAN_POINT('Ctrl Pts',(-0.00473478484837173,0.0150978829401513,
0.0171979913240205));
#1627=CARTESIAN_POINT('Ctrl Pts',(-0.00287209735434577,0.0148478829401513,
0.0150299924989697));
#1628=CARTESIAN_POINT('Ctrl Pts',(-0.00381829566520164,0.0145978829401513,
0.0123328583973062));
#1629=CARTESIAN_POINT('Ctrl Pts',(-0.0047644939760575,0.0143478829401513,
0.00963572429564275));
#1630=CARTESIAN_POINT('Ctrl Pts',(-0.00757337978093932,0.0140978829401513,
0.0091065890190301));
#1631=CARTESIAN_POINT('Ctrl Pts',(-0.0103822655858211,0.0138478829401513,
0.00857745374241747));
#1632=CARTESIAN_POINT('Ctrl Pts',(-0.0122449530798471,0.0135978829401513,
0.0107454525674683));
#1633=CARTESIAN_POINT('Ctrl Pts',(-0.014107640573873,0.0133478829401513,
0.0129134513925192));
#1634=CARTESIAN_POINT('Ctrl Pts',(-0.0131614422630172,0.0130978829401513,
0.0156105854941826));
#1635=CARTESIAN_POINT('Ctrl Pts',(-0.0122152439521613,0.0128478829401513,
0.0183077195958461));
#1636=CARTESIAN_POINT('Ctrl Pts',(-0.0094063581472795,0.0125978829401513,
0.0188368548724587));
#1637=CARTESIAN_POINT('Ctrl Pts',(-0.00659747234239768,0.0123478829401513,
0.0193659901490713));
#1638=CARTESIAN_POINT('Ctrl Pts',(-0.00473478484837173,0.0120978829401513,
0.0171979913240205));
#1639=CARTESIAN_POINT('Ctrl Pts',(-0.00287209735434577,0.0118478829401513,
0.0150299924989697));
#1640=CARTESIAN_POINT('Ctrl Pts',(-0.00381829566520164,0.0115978829401513,
0.0123328583973062));
#1641=CARTESIAN_POINT('Ctrl Pts',(-0.0047644939760575,0.0113478829401513,
0.00963572429564275));
#1642=CARTESIAN_POINT('Ctrl Pts',(-0.00757337978093932,0.0110978829401513,
0.0091065890190301));
#1643=CARTESIAN_POINT('Ctrl Pts',(-0.0103822655858211,0.0108478829401513,
0.00857745374241747));
#1644=CARTESIAN_POINT('Ctrl Pts',(-0.0122449530798471,0.0105978829401513,
0.0107454525674683));
#1645=CARTESIAN_POINT('Ctrl Pts',(-0.014107640573873,0.0103478829401514,
0.0129134513925192));
#1646=CARTESIAN_POINT('Ctrl Pts',(-0.0131614422630172,0.0100978829401513,
0.0156105854941826));
#1647=CARTESIAN_POINT('Ctrl Pts',(-0.0122152439521613,0.00984788294015134,
0.0183077195958461));
#1648=CARTESIAN_POINT('Ctrl Pts',(-0.0094063581472795,0.00959788294015135,
0.0188368548724587));
#1649=CARTESIAN_POINT('Ctrl Pts',(-0.00659747234239768,0.00934788294015134,
0.0193659901490713));
#1650=CARTESIAN_POINT('Ctrl Pts',(-0.00473478484837173,0.00909788294015134,
0.0171979913240205));
#1651=CARTESIAN_POINT('Ctrl Pts',(-0.00287209735434577,0.00884788294015135,
0.0150299924989697));
#1652=CARTESIAN_POINT('Ctrl Pts',(-0.00381829566520164,0.00859788294015135,
0.0123328583973062));
#1653=CARTESIAN_POINT('Ctrl Pts',(-0.0047644939760575,0.00834788294015135,
0.00963572429564275));
#1654=CARTESIAN_POINT('Ctrl Pts',(-0.00757337978093932,0.00809788294015135,
0.0091065890190301));
#1655=CARTESIAN_POINT('Ctrl Pts',(-0.0103822655858211,0.00784788294015136,
0.00857745374241747));
#1656=CARTESIAN_POINT('Ctrl Pts',(-0.0122449530798471,0.00759788294015136,
0.0107454525674683));
#1657=CARTESIAN_POINT('Ctrl Pts',(-0.014107640573873,0.00734788294015135,
0.0129134513925192));
#1658=CARTESIAN_POINT('Ctrl Pts',(-0.0131614422630172,0.00709788294015135,
0.0156105854941826));
#1659=CARTESIAN_POINT('Ctrl Pts',(-0.0122152439521613,0.00684788294015135,
0.0183077195958461));
#1660=CARTESIAN_POINT('Ctrl Pts',(-0.0094063581472795,0.00659788294015135,
0.0188368548724587));
#1661=CARTESIAN_POINT('Ctrl Pts',(-0.00659747234239768,0.00634788294015136,
0.0193659901490713));
#1662=CARTESIAN_POINT('Ctrl Pts',(-0.00473478484837173,0.00609788294015136,
0.0171979913240205));
#1663=CARTESIAN_POINT('Ctrl Pts',(-0.00287209735434577,0.00584788294015136,
0.0150299924989697));
#1664=CARTESIAN_POINT('Ctrl Pts',(-0.00381829566520164,0.00559788294015136,
0.0123328583973062));
#1665=CARTESIAN_POINT('Ctrl Pts',(-0.0047644939760575,0.00534788294015135,
0.00963572429564275));
#1666=CARTESIAN_POINT('Ctrl Pts',(-0.00757337978093932,0.00509788294015135,
0.0091065890190301));
#1667=CARTESIAN_POINT('Ctrl Pts',(-0.0103822655858211,0.00484788294015136,
0.00857745374241747));
#1668=CARTESIAN_POINT('Ctrl Pts',(-0.0122449530798471,0.00459788294015136,
0.0107454525674683));
#1669=CARTESIAN_POINT('Ctrl Pts',(-0.014107640573873,0.00434788294015136,
0.0129134513925192));
#1670=CARTESIAN_POINT('Ctrl Pts',(-0.0131614422630172,0.00409788294015136,
0.0156105854941826));
#1671=CARTESIAN_POINT('Ctrl Pts',(-0.0124111214762992,0.0190978829401513,
0.0153330630319947));
#1672=CARTESIAN_POINT('Ctrl Pts',(-0.0116251508336937,0.0188478829401513,
0.0175969992254679));
#1673=CARTESIAN_POINT('Ctrl Pts',(-0.00927153925629604,0.0185978829401513,
0.0180482967790794));
#1674=CARTESIAN_POINT('Ctrl Pts',(-0.00691792767889841,0.0183478829401513,
0.0184995943326909));
#1675=CARTESIAN_POINT('Ctrl Pts',(-0.00535028674410629,0.0180978829401513,
0.0166869556928292));
#1676=CARTESIAN_POINT('Ctrl Pts',(-0.00378264580931416,0.0178478829401513,
0.0148743170529674));
#1677=CARTESIAN_POINT('Ctrl Pts',(-0.00456861645191966,0.0175978829401513,
0.0126103808594941));
#1678=CARTESIAN_POINT('Ctrl Pts',(-0.00535458709452515,0.0173478829401513,
0.0103464446660209));
#1679=CARTESIAN_POINT('Ctrl Pts',(-0.00770819867192278,0.0170978829401513,
0.0098951471124094));
#1680=CARTESIAN_POINT('Ctrl Pts',(-0.0100618102493204,0.0168478829401513,
0.00944384955879791));
#1681=CARTESIAN_POINT('Ctrl Pts',(-0.0116294511841125,0.0165978829401513,
0.0112564881986597));
#1682=CARTESIAN_POINT('Ctrl Pts',(-0.0131970921189047,0.0163478829401513,
0.0130691268385214));
#1683=CARTESIAN_POINT('Ctrl Pts',(-0.0124111214762992,0.0160978829401513,
0.0153330630319947));
#1684=CARTESIAN_POINT('Ctrl Pts',(-0.0116251508336937,0.0158478829401513,
0.0175969992254679));
#1685=CARTESIAN_POINT('Ctrl Pts',(-0.00927153925629604,0.0155978829401513,
0.0180482967790794));
#1686=CARTESIAN_POINT('Ctrl Pts',(-0.00691792767889841,0.0153478829401513,
0.0184995943326909));
#1687=CARTESIAN_POINT('Ctrl Pts',(-0.00535028674410629,0.0150978829401513,
0.0166869556928292));
#1688=CARTESIAN_POINT('Ctrl Pts',(-0.00378264580931416,0.0148478829401513,
0.0148743170529674));
#1689=CARTESIAN_POINT('Ctrl Pts',(-0.00456861645191966,0.0145978829401513,
0.0126103808594941));
#1690=CARTESIAN_POINT('Ctrl Pts',(-0.00535458709452515,0.0143478829401513,
0.0103464446660209));
#1691=CARTESIAN_POINT('Ctrl Pts',(-0.00770819867192278,0.0140978829401513,
0.0098951471124094));
#1692=CARTESIAN_POINT('Ctrl Pts',(-0.0100618102493204,0.0138478829401513,
0.00944384955879791));
#1693=CARTESIAN_POINT('Ctrl Pts',(-0.0116294511841125,0.0135978829401513,
0.0112564881986597));
#1694=CARTESIAN_POINT('Ctrl Pts',(-0.0131970921189047,0.0133478829401513,
0.0130691268385214));
#1695=CARTESIAN_POINT('Ctrl Pts',(-0.0124111214762992,0.0130978829401513,
0.0153330630319947));
#1696=CARTESIAN_POINT('Ctrl Pts',(-0.0116251508336937,0.0128478829401513,
0.0175969992254679));
#1697=CARTESIAN_POINT('Ctrl Pts',(-0.00927153925629604,0.0125978829401513,
0.0180482967790794));
#1698=CARTESIAN_POINT('Ctrl Pts',(-0.00691792767889841,0.0123478829401513,
0.0184995943326909));
#1699=CARTESIAN_POINT('Ctrl Pts',(-0.00535028674410629,0.0120978829401513,
0.0166869556928292));
#1700=CARTESIAN_POINT('Ctrl Pts',(-0.00378264580931416,0.0118478829401513,
0.0148743170529674));
#1701=CARTESIAN_POINT('Ctrl Pts',(-0.00456861645191966,0.0115978829401513,
0.0126103808594941));
#1702=CARTESIAN_POINT('Ctrl Pts',(-0.00535458709452515,0.0113478829401513,
0.0103464446660209));
#1703=CARTESIAN_POINT('Ctrl Pts',(-0.00770819867192278,0.0110978829401513,
0.0098951471124094));
#1704=CARTESIAN_POINT('Ctrl Pts',(-0.0100618102493204,0.0108478829401513,
0.00944384955879791));
#1705=CARTESIAN_POINT('Ctrl Pts',(-0.0116294511841125,0.0105978829401513,
0.0112564881986597));
#1706=CARTESIAN_POINT('Ctrl Pts',(-0.0131970921189047,0.0103478829401514,
0.0130691268385214));
#1707=CARTESIAN_POINT('Ctrl Pts',(-0.0124111214762992,0.0100978829401513,
0.0153330630319947));
#1708=CARTESIAN_POINT('Ctrl Pts',(-0.0116251508336937,0.00984788294015134,
0.0175969992254679));
#1709=CARTESIAN_POINT('Ctrl Pts',(-0.00927153925629604,0.00959788294015135,
0.0180482967790794));
#1710=CARTESIAN_POINT('Ctrl Pts',(-0.00691792767889841,0.00934788294015134,
0.0184995943326909));
#1711=CARTESIAN_POINT('Ctrl Pts',(-0.00535028674410629,0.00909788294015134,
0.0166869556928292));
#1712=CARTESIAN_POINT('Ctrl Pts',(-0.00378264580931416,0.00884788294015135,
0.0148743170529674));
#1713=CARTESIAN_POINT('Ctrl Pts',(-0.00456861645191966,0.00859788294015135,
0.0126103808594941));
#1714=CARTESIAN_POINT('Ctrl Pts',(-0.00535458709452515,0.00834788294015135,
0.0103464446660209));
#1715=CARTESIAN_POINT('Ctrl Pts',(-0.00770819867192278,0.00809788294015135,
0.0098951471124094));
#1716=CARTESIAN_POINT('Ctrl Pts',(-0.0100618102493204,0.00784788294015136,
0.00944384955879791));
#1717=CARTESIAN_POINT('Ctrl Pts',(-0.0116294511841125,0.00759788294015136,
0.0112564881986597));
#1718=CARTESIAN_POINT('Ctrl Pts',(-0.0131970921189047,0.00734788294015135,
0.0130691268385214));
#1719=CARTESIAN_POINT('Ctrl Pts',(-0.0124111214762992,0.00709788294015135,
0.0153330630319947));
#1720=CARTESIAN_POINT('Ctrl Pts',(-0.0116251508336937,0.00684788294015135,
0.0175969992254679));
#1721=CARTESIAN_POINT('Ctrl Pts',(-0.00927153925629604,0.00659788294015135,
0.0180482967790794));
#1722=CARTESIAN_POINT('Ctrl Pts',(-0.00691792767889841,0.00634788294015136,
0.0184995943326909));
#1723=CARTESIAN_POINT('Ctrl Pts',(-0.00535028674410629,0.00609788294015136,
0.0166869556928292));
#1724=CARTESIAN_POINT('Ctrl Pts',(-0.00378264580931416,0.00584788294015136,
0.0148743170529674));
#1725=CARTESIAN_POINT('Ctrl Pts',(-0.00456861645191966,0.00559788294015136,
0.0126103808594941));
#1726=CARTESIAN_POINT('Ctrl Pts',(-0.00535458709452515,0.00534788294015135,
0.0103464446660209));
#1727=CARTESIAN_POINT('Ctrl Pts',(-0.00770819867192278,0.00509788294015135,
0.0098951471124094));
#1728=CARTESIAN_POINT('Ctrl Pts',(-0.0100618102493204,0.00484788294015136,
0.00944384955879791));
#1729=CARTESIAN_POINT('Ctrl Pts',(-0.0116294511841125,0.00459788294015136,
0.0112564881986597));
#1730=CARTESIAN_POINT('Ctrl Pts',(-0.0131970921189047,0.00434788294015136,
0.0130691268385214));
#1731=CARTESIAN_POINT('Ctrl Pts',(-0.0124111214762992,0.00409788294015136,
0.0153330630319947));
#1732=CARTESIAN_POINT('Ctrl Pts',(-0.0123821580452091,0.0198935142508301,
0.0154113697183443));
#1733=CARTESIAN_POINT('Ctrl Pts',(-0.0115509770161603,0.0196435142508301,
0.0176585838670811));
#1734=CARTESIAN_POINT('Ctrl Pts',(-0.00918924196108609,0.0193935142508301,
0.0180623670551495));
#1735=CARTESIAN_POINT('Ctrl Pts',(-0.00682750690601183,0.0191435142508301,
0.018466150243218));
#1736=CARTESIAN_POINT('Ctrl Pts',(-0.00529695287998636,0.0188935142508301,
0.0166227192825496));
#1737=CARTESIAN_POINT('Ctrl Pts',(-0.00376639885396089,0.0186435142508301,
0.0147792883218813));
#1738=CARTESIAN_POINT('Ctrl Pts',(-0.00459757988300969,0.0183935142508301,
0.0125320741731445));
#1739=CARTESIAN_POINT('Ctrl Pts',(-0.00542876091205848,0.0181435142508301,
0.0102848600244078));
#1740=CARTESIAN_POINT('Ctrl Pts',(-0.00779049596713273,0.0178935142508301,
0.00988107683633932));
#1741=CARTESIAN_POINT('Ctrl Pts',(-0.010152231022207,0.0176435142508301,
0.00947729364827088));
#1742=CARTESIAN_POINT('Ctrl Pts',(-0.0116827850482325,0.0173935142508301,
0.0113207246089392));
#1743=CARTESIAN_POINT('Ctrl Pts',(-0.0132133390742579,0.0171435142508301,
0.0131641555696075));
#1744=CARTESIAN_POINT('Ctrl Pts',(-0.0123821580452091,0.0168935142508301,
0.0154113697183443));
#1745=CARTESIAN_POINT('Ctrl Pts',(-0.0115509770161603,0.0166435142508301,
0.0176585838670811));
#1746=CARTESIAN_POINT('Ctrl Pts',(-0.00918924196108609,0.0163935142508301,
0.0180623670551495));
#1747=CARTESIAN_POINT('Ctrl Pts',(-0.00682750690601183,0.0161435142508301,
0.018466150243218));
#1748=CARTESIAN_POINT('Ctrl Pts',(-0.00529695287998636,0.0158935142508301,
0.0166227192825496));
#1749=CARTESIAN_POINT('Ctrl Pts',(-0.00376639885396089,0.0156435142508301,
0.0147792883218813));
#1750=CARTESIAN_POINT('Ctrl Pts',(-0.00459757988300969,0.0153935142508301,
0.0125320741731445));
#1751=CARTESIAN_POINT('Ctrl Pts',(-0.00542876091205848,0.0151435142508301,
0.0102848600244078));
#1752=CARTESIAN_POINT('Ctrl Pts',(-0.00779049596713273,0.0148935142508301,
0.00988107683633932));
#1753=CARTESIAN_POINT('Ctrl Pts',(-0.010152231022207,0.0146435142508301,
0.00947729364827088));
#1754=CARTESIAN_POINT('Ctrl Pts',(-0.0116827850482325,0.0143935142508301,
0.0113207246089392));
#1755=CARTESIAN_POINT('Ctrl Pts',(-0.0132133390742579,0.0141435142508301,
0.0131641555696075));
#1756=CARTESIAN_POINT('Ctrl Pts',(-0.0123821580452091,0.0138935142508301,
0.0154113697183443));
#1757=CARTESIAN_POINT('Ctrl Pts',(-0.0115509770161603,0.0136435142508301,
0.0176585838670811));
#1758=CARTESIAN_POINT('Ctrl Pts',(-0.00918924196108609,0.0133935142508301,
0.0180623670551495));
#1759=CARTESIAN_POINT('Ctrl Pts',(-0.00682750690601183,0.0131435142508301,
0.018466150243218));
#1760=CARTESIAN_POINT('Ctrl Pts',(-0.00529695287998636,0.0128935142508301,
0.0166227192825496));
#1761=CARTESIAN_POINT('Ctrl Pts',(-0.00376639885396089,0.0126435142508301,
0.0147792883218813));
#1762=CARTESIAN_POINT('Ctrl Pts',(-0.00459757988300969,0.0123935142508301,
0.0125320741731445));
#1763=CARTESIAN_POINT('Ctrl Pts',(-0.00542876091205848,0.0121435142508301,
0.0102848600244078));
#1764=CARTESIAN_POINT('Ctrl Pts',(-0.00779049596713273,0.0118935142508301,
0.00988107683633932));
#1765=CARTESIAN_POINT('Ctrl Pts',(-0.010152231022207,0.0116435142508301,
0.00947729364827088));
#1766=CARTESIAN_POINT('Ctrl Pts',(-0.0116827850482325,0.0113935142508301,
0.0113207246089392));
#1767=CARTESIAN_POINT('Ctrl Pts',(-0.0132133390742579,0.0111435142508301,
0.0131641555696075));
#1768=CARTESIAN_POINT('Ctrl Pts',(-0.0123821580452091,0.0108935142508301,
0.0154113697183443));
#1769=CARTESIAN_POINT('Ctrl Pts',(-0.0115509770161603,0.0106435142508301,
0.0176585838670811));
#1770=CARTESIAN_POINT('Ctrl Pts',(-0.00918924196108609,0.0103935142508301,
0.0180623670551495));
#1771=CARTESIAN_POINT('Ctrl Pts',(-0.00682750690601183,0.0101435142508301,
0.018466150243218));
#1772=CARTESIAN_POINT('Ctrl Pts',(-0.00529695287998636,0.00989351425083013,
0.0166227192825496));
#1773=CARTESIAN_POINT('Ctrl Pts',(-0.00376639885396089,0.00964351425083014,
0.0147792883218813));
#1774=CARTESIAN_POINT('Ctrl Pts',(-0.00459757988300969,0.00939351425083013,
0.0125320741731445));
#1775=CARTESIAN_POINT('Ctrl Pts',(-0.00542876091205848,0.00914351425083014,
0.0102848600244078));
#1776=CARTESIAN_POINT('Ctrl Pts',(-0.00779049596713273,0.00889351425083014,
0.00988107683633932));
#1777=CARTESIAN_POINT('Ctrl Pts',(-0.010152231022207,0.00864351425083014,
0.00947729364827088));
#1778=CARTESIAN_POINT('Ctrl Pts',(-0.0116827850482325,0.00839351425083014,
0.0113207246089392));
#1779=CARTESIAN_POINT('Ctrl Pts',(-0.0132133390742579,0.00814351425083014,
0.0131641555696075));
#1780=CARTESIAN_POINT('Ctrl Pts',(-0.0123821580452091,0.00789351425083014,
0.0154113697183443));
#1781=CARTESIAN_POINT('Ctrl Pts',(-0.0115509770161603,0.00764351425083013,
0.0176585838670811));
#1782=CARTESIAN_POINT('Ctrl Pts',(-0.00918924196108609,0.00739351425083014,
0.0180623670551495));
#1783=CARTESIAN_POINT('Ctrl Pts',(-0.00682750690601183,0.00714351425083013,
0.018466150243218));
#1784=CARTESIAN_POINT('Ctrl Pts',(-0.00529695287998636,0.00689351425083014,
0.0166227192825496));
#1785=CARTESIAN_POINT('Ctrl Pts',(-0.00376639885396089,0.00664351425083014,
0.0147792883218813));
#1786=CARTESIAN_POINT('Ctrl Pts',(-0.00459757988300969,0.00639351425083014,
0.0125320741731445));
#1787=CARTESIAN_POINT('Ctrl Pts',(-0.00542876091205848,0.00614351425083014,
0.0102848600244078));
#1788=CARTESIAN_POINT('Ctrl Pts',(-0.00779049596713273,0.00589351425083014,
0.00988107683633932));
#1789=CARTESIAN_POINT('Ctrl Pts',(-0.010152231022207,0.00564351425083014,
0.00947729364827088));
#1790=CARTESIAN_POINT('Ctrl Pts',(-0.0116827850482325,0.00539351425083014,
0.0113207246089392));
#1791=CARTESIAN_POINT('Ctrl Pts',(-0.0132133390742579,0.00514351425083014,
0.0131641555696075));
#1792=CARTESIAN_POINT('Ctrl Pts',(-0.0123821580452091,0.00489351425083015,
0.0154113697183443));
#1793=CARTESIAN_POINT('Ctrl Pts',(-0.0123531946141191,0.0206891455615089,
0.0154896764046939));
#1794=CARTESIAN_POINT('Ctrl Pts',(-0.011476803198627,0.0204391455615089,
0.0177201685086942));
#1795=CARTESIAN_POINT('Ctrl Pts',(-0.00910694466587612,0.0201891455615089,
0.0180764373312196));
#1796=CARTESIAN_POINT('Ctrl Pts',(-0.00673708613312523,0.0199391455615089,
0.018432706153745));
#1797=CARTESIAN_POINT('Ctrl Pts',(-0.00524361901586642,0.0196891455615089,
0.0165584828722701));
#1798=CARTESIAN_POINT('Ctrl Pts',(-0.00375015189860763,0.0194391455615089,
0.0146842595907952));
#1799=CARTESIAN_POINT('Ctrl Pts',(-0.00462654331409971,0.0191891455615089,
0.0124537674867949));
#1800=CARTESIAN_POINT('Ctrl Pts',(-0.00550293472959181,0.0189391455615089,
0.0102232753827946));
#1801=CARTESIAN_POINT('Ctrl Pts',(-0.0078727932623427,0.0186891455615089,
0.00986700656026923));
#1802=CARTESIAN_POINT('Ctrl Pts',(-0.0102426517950936,0.0184391455615089,
0.00951073773774385));
#1803=CARTESIAN_POINT('Ctrl Pts',(-0.0117361189123524,0.0181891455615089,
0.0113849610192187));
#1804=CARTESIAN_POINT('Ctrl Pts',(-0.0132295860296112,0.0179391455615089,
0.0132591843006936));
#1805=CARTESIAN_POINT('Ctrl Pts',(-0.0123531946141191,0.0176891455615089,
0.0154896764046939));
#1806=CARTESIAN_POINT('Ctrl Pts',(-0.011476803198627,0.0174391455615089,
0.0177201685086942));
#1807=CARTESIAN_POINT('Ctrl Pts',(-0.00910694466587612,0.0171891455615089,
0.0180764373312196));
#1808=CARTESIAN_POINT('Ctrl Pts',(-0.00673708613312523,0.0169391455615089,
0.018432706153745));
#1809=CARTESIAN_POINT('Ctrl Pts',(-0.00524361901586642,0.0166891455615089,
0.0165584828722701));
#1810=CARTESIAN_POINT('Ctrl Pts',(-0.00375015189860763,0.0164391455615089,
0.0146842595907952));
#1811=CARTESIAN_POINT('Ctrl Pts',(-0.00462654331409971,0.0161891455615089,
0.0124537674867949));
#1812=CARTESIAN_POINT('Ctrl Pts',(-0.00550293472959181,0.0159391455615089,
0.0102232753827946));
#1813=CARTESIAN_POINT('Ctrl Pts',(-0.0078727932623427,0.0156891455615089,
0.00986700656026923));
#1814=CARTESIAN_POINT('Ctrl Pts',(-0.0102426517950936,0.0154391455615089,
0.00951073773774385));
#1815=CARTESIAN_POINT('Ctrl Pts',(-0.0117361189123524,0.0151891455615089,
0.0113849610192187));
#1816=CARTESIAN_POINT('Ctrl Pts',(-0.0132295860296112,0.0149391455615089,
0.0132591843006936));
#1817=CARTESIAN_POINT('Ctrl Pts',(-0.0123531946141191,0.0146891455615089,
0.0154896764046939));
#1818=CARTESIAN_POINT('Ctrl Pts',(-0.011476803198627,0.0144391455615089,
0.0177201685086942));
#1819=CARTESIAN_POINT('Ctrl Pts',(-0.00910694466587612,0.0141891455615089,
0.0180764373312196));
#1820=CARTESIAN_POINT('Ctrl Pts',(-0.00673708613312523,0.0139391455615089,
0.018432706153745));
#1821=CARTESIAN_POINT('Ctrl Pts',(-0.00524361901586642,0.0136891455615089,
0.0165584828722701));
#1822=CARTESIAN_POINT('Ctrl Pts',(-0.00375015189860763,0.0134391455615089,
0.0146842595907952));
#1823=CARTESIAN_POINT('Ctrl Pts',(-0.00462654331409971,0.0131891455615089,
0.0124537674867949));
#1824=CARTESIAN_POINT('Ctrl Pts',(-0.00550293472959181,0.0129391455615089,
0.0102232753827946));
#1825=CARTESIAN_POINT('Ctrl Pts',(-0.0078727932623427,0.0126891455615089,
0.00986700656026923));
#1826=CARTESIAN_POINT('Ctrl Pts',(-0.0102426517950936,0.0124391455615089,
0.00951073773774385));
#1827=CARTESIAN_POINT('Ctrl Pts',(-0.0117361189123524,0.0121891455615089,
0.0113849610192187));
#1828=CARTESIAN_POINT('Ctrl Pts',(-0.0132295860296112,0.0119391455615089,
0.0132591843006936));
#1829=CARTESIAN_POINT('Ctrl Pts',(-0.0123531946141191,0.0116891455615089,
0.0154896764046939));
#1830=CARTESIAN_POINT('Ctrl Pts',(-0.011476803198627,0.0114391455615089,
0.0177201685086942));
#1831=CARTESIAN_POINT('Ctrl Pts',(-0.00910694466587612,0.0111891455615089,
0.0180764373312196));
#1832=CARTESIAN_POINT('Ctrl Pts',(-0.00673708613312523,0.0109391455615089,
0.018432706153745));
#1833=CARTESIAN_POINT('Ctrl Pts',(-0.00524361901586642,0.0106891455615089,
0.0165584828722701));
#1834=CARTESIAN_POINT('Ctrl Pts',(-0.00375015189860763,0.0104391455615089,
0.0146842595907952));
#1835=CARTESIAN_POINT('Ctrl Pts',(-0.00462654331409971,0.0101891455615089,
0.0124537674867949));
#1836=CARTESIAN_POINT('Ctrl Pts',(-0.00550293472959181,0.00993914556150892,
0.0102232753827946));
#1837=CARTESIAN_POINT('Ctrl Pts',(-0.0078727932623427,0.00968914556150891,
0.00986700656026923));
#1838=CARTESIAN_POINT('Ctrl Pts',(-0.0102426517950936,0.00943914556150891,
0.00951073773774385));
#1839=CARTESIAN_POINT('Ctrl Pts',(-0.0117361189123524,0.00918914556150892,
0.0113849610192187));
#1840=CARTESIAN_POINT('Ctrl Pts',(-0.0132295860296112,0.00893914556150891,
0.0132591843006936));
#1841=CARTESIAN_POINT('Ctrl Pts',(-0.0123531946141191,0.00868914556150891,
0.0154896764046939));
#1842=CARTESIAN_POINT('Ctrl Pts',(-0.011476803198627,0.00843914556150891,
0.0177201685086942));
#1843=CARTESIAN_POINT('Ctrl Pts',(-0.00910694466587612,0.00818914556150891,
0.0180764373312196));
#1844=CARTESIAN_POINT('Ctrl Pts',(-0.00673708613312523,0.00793914556150892,
0.018432706153745));
#1845=CARTESIAN_POINT('Ctrl Pts',(-0.00524361901586642,0.00768914556150892,
0.0165584828722701));
#1846=CARTESIAN_POINT('Ctrl Pts',(-0.00375015189860763,0.00743914556150893,
0.0146842595907952));
#1847=CARTESIAN_POINT('Ctrl Pts',(-0.00462654331409971,0.00718914556150893,
0.0124537674867949));
#1848=CARTESIAN_POINT('Ctrl Pts',(-0.00550293472959181,0.00693914556150891,
0.0102232753827946));
#1849=CARTESIAN_POINT('Ctrl Pts',(-0.0078727932623427,0.00668914556150892,
0.00986700656026923));
#1850=CARTESIAN_POINT('Ctrl Pts',(-0.0102426517950936,0.00643914556150892,
0.00951073773774385));
#1851=CARTESIAN_POINT('Ctrl Pts',(-0.0117361189123524,0.00618914556150892,
0.0113849610192187));
#1852=CARTESIAN_POINT('Ctrl Pts',(-0.0132295860296112,0.00593914556150892,
0.0132591843006936));
#1853=CARTESIAN_POINT('Ctrl Pts',(-0.0123531946141191,0.00568914556150893,
0.0154896764046939));
#1854=CARTESIAN_POINT('Ctrl Pts',(-0.0131035154008371,0.0206891455615089,
0.0157671988668819));
#1855=CARTESIAN_POINT('Ctrl Pts',(-0.0120668963170947,0.0204391455615089,
0.0184308888790724));
#1856=CARTESIAN_POINT('Ctrl Pts',(-0.00924176355685958,0.0201891455615089,
0.0188649954245989));
#1857=CARTESIAN_POINT('Ctrl Pts',(-0.0064166307966245,0.0199391455615089,
0.0192991019701254));
#1858=CARTESIAN_POINT('Ctrl Pts',(-0.00462811712013186,0.0196891455615089,
0.0170695185034615));
#1859=CARTESIAN_POINT('Ctrl Pts',(-0.00283960344363923,0.0194391455615089,
0.0148399350367975));
#1860=CARTESIAN_POINT('Ctrl Pts',(-0.00387622252738169,0.0191891455615089,
0.012176245024607));
#1861=CARTESIAN_POINT('Ctrl Pts',(-0.00491284161112415,0.0189391455615089,
0.00951255501241648));
#1862=CARTESIAN_POINT('Ctrl Pts',(-0.00773797437135924,0.0186891455615089,
0.00907844846688994));
#1863=CARTESIAN_POINT('Ctrl Pts',(-0.0105631071315943,0.0184391455615089,
0.00864434192136341));
#1864=CARTESIAN_POINT('Ctrl Pts',(-0.012351620808087,0.0181891455615089,
0.0108739253880274));
#1865=CARTESIAN_POINT('Ctrl Pts',(-0.0141401344845796,0.0179391455615089,
0.0131035088546914));
#1866=CARTESIAN_POINT('Ctrl Pts',(-0.0131035154008371,0.0176891455615089,
0.0157671988668819));
#1867=CARTESIAN_POINT('Ctrl Pts',(-0.0120668963170947,0.0174391455615089,
0.0184308888790724));
#1868=CARTESIAN_POINT('Ctrl Pts',(-0.00924176355685958,0.0171891455615089,
0.0188649954245989));
#1869=CARTESIAN_POINT('Ctrl Pts',(-0.0064166307966245,0.0169391455615089,
0.0192991019701254));
#1870=CARTESIAN_POINT('Ctrl Pts',(-0.00462811712013186,0.0166891455615089,
0.0170695185034615));
#1871=CARTESIAN_POINT('Ctrl Pts',(-0.00283960344363923,0.0164391455615089,
0.0148399350367975));
#1872=CARTESIAN_POINT('Ctrl Pts',(-0.00387622252738169,0.0161891455615089,
0.012176245024607));
#1873=CARTESIAN_POINT('Ctrl Pts',(-0.00491284161112415,0.0159391455615089,
0.00951255501241648));
#1874=CARTESIAN_POINT('Ctrl Pts',(-0.00773797437135924,0.0156891455615089,
0.00907844846688994));
#1875=CARTESIAN_POINT('Ctrl Pts',(-0.0105631071315943,0.0154391455615089,
0.00864434192136341));
#1876=CARTESIAN_POINT('Ctrl Pts',(-0.012351620808087,0.0151891455615089,
0.0108739253880274));
#1877=CARTESIAN_POINT('Ctrl Pts',(-0.0141401344845796,0.0149391455615089,
0.0131035088546914));
#1878=CARTESIAN_POINT('Ctrl Pts',(-0.0131035154008371,0.0146891455615089,
0.0157671988668819));
#1879=CARTESIAN_POINT('Ctrl Pts',(-0.0120668963170947,0.0144391455615089,
0.0184308888790724));
#1880=CARTESIAN_POINT('Ctrl Pts',(-0.00924176355685958,0.0141891455615089,
0.0188649954245989));
#1881=CARTESIAN_POINT('Ctrl Pts',(-0.0064166307966245,0.0139391455615089,
0.0192991019701254));
#1882=CARTESIAN_POINT('Ctrl Pts',(-0.00462811712013186,0.0136891455615089,
0.0170695185034615));
#1883=CARTESIAN_POINT('Ctrl Pts',(-0.00283960344363923,0.0134391455615089,
0.0148399350367975));
#1884=CARTESIAN_POINT('Ctrl Pts',(-0.00387622252738169,0.0131891455615089,
0.012176245024607));
#1885=CARTESIAN_POINT('Ctrl Pts',(-0.00491284161112415,0.0129391455615089,
0.00951255501241648));
#1886=CARTESIAN_POINT('Ctrl Pts',(-0.00773797437135924,0.0126891455615089,
0.00907844846688994));
#1887=CARTESIAN_POINT('Ctrl Pts',(-0.0105631071315943,0.0124391455615089,
0.00864434192136341));
#1888=CARTESIAN_POINT('Ctrl Pts',(-0.012351620808087,0.0121891455615089,
0.0108739253880274));
#1889=CARTESIAN_POINT('Ctrl Pts',(-0.0141401344845796,0.0119391455615089,
0.0131035088546914));
#1890=CARTESIAN_POINT('Ctrl Pts',(-0.0131035154008371,0.0116891455615089,
0.0157671988668819));
#1891=CARTESIAN_POINT('Ctrl Pts',(-0.0120668963170947,0.0114391455615089,
0.0184308888790724));
#1892=CARTESIAN_POINT('Ctrl Pts',(-0.00924176355685958,0.0111891455615089,
0.0188649954245989));
#1893=CARTESIAN_POINT('Ctrl Pts',(-0.0064166307966245,0.0109391455615089,
0.0192991019701254));
#1894=CARTESIAN_POINT('Ctrl Pts',(-0.00462811712013186,0.0106891455615089,
0.0170695185034615));
#1895=CARTESIAN_POINT('Ctrl Pts',(-0.00283960344363923,0.0104391455615089,
0.0148399350367975));
#1896=CARTESIAN_POINT('Ctrl Pts',(-0.00387622252738169,0.0101891455615089,
0.012176245024607));
#1897=CARTESIAN_POINT('Ctrl Pts',(-0.00491284161112415,0.00993914556150892,
0.00951255501241648));
#1898=CARTESIAN_POINT('Ctrl Pts',(-0.00773797437135924,0.00968914556150891,
0.00907844846688994));
#1899=CARTESIAN_POINT('Ctrl Pts',(-0.0105631071315943,0.00943914556150891,
0.00864434192136341));
#1900=CARTESIAN_POINT('Ctrl Pts',(-0.012351620808087,0.00918914556150892,
0.0108739253880274));
#1901=CARTESIAN_POINT('Ctrl Pts',(-0.0141401344845796,0.00893914556150891,
0.0131035088546914));
#1902=CARTESIAN_POINT('Ctrl Pts',(-0.0131035154008371,0.00868914556150891,
0.0157671988668819));
#1903=CARTESIAN_POINT('Ctrl Pts',(-0.0120668963170947,0.00843914556150891,
0.0184308888790724));
#1904=CARTESIAN_POINT('Ctrl Pts',(-0.00924176355685958,0.00818914556150891,
0.0188649954245989));
#1905=CARTESIAN_POINT('Ctrl Pts',(-0.0064166307966245,0.00793914556150892,
0.0192991019701254));
#1906=CARTESIAN_POINT('Ctrl Pts',(-0.00462811712013186,0.00768914556150892,
0.0170695185034615));
#1907=CARTESIAN_POINT('Ctrl Pts',(-0.00283960344363923,0.00743914556150893,
0.0148399350367975));
#1908=CARTESIAN_POINT('Ctrl Pts',(-0.00387622252738169,0.00718914556150893,
0.012176245024607));
#1909=CARTESIAN_POINT('Ctrl Pts',(-0.00491284161112415,0.00693914556150891,
0.00951255501241648));
#1910=CARTESIAN_POINT('Ctrl Pts',(-0.00773797437135924,0.00668914556150892,
0.00907844846688994));
#1911=CARTESIAN_POINT('Ctrl Pts',(-0.0105631071315943,0.00643914556150892,
0.00864434192136341));
#1912=CARTESIAN_POINT('Ctrl Pts',(-0.012351620808087,0.00618914556150892,
0.0108739253880274));
#1913=CARTESIAN_POINT('Ctrl Pts',(-0.0141401344845796,0.00593914556150892,
0.0131035088546914));
#1914=CARTESIAN_POINT('Ctrl Pts',(-0.0131035154008371,0.00568914556150893,
0.0157671988668819));
#1915=CARTESIAN_POINT('Ctrl Pts',(-0.0131324788319272,0.0198935142508301,
0.0156888921805323));
#1916=CARTESIAN_POINT('Ctrl Pts',(-0.012141070134628,0.0196435142508301,
0.0183693042374592));
#1917=CARTESIAN_POINT('Ctrl Pts',(-0.00932406085206954,0.0193935142508301,
0.0188509251485288));
#1918=CARTESIAN_POINT('Ctrl Pts',(-0.00650705156951109,0.0191435142508301,
0.0193325460595984));
#1919=CARTESIAN_POINT('Ctrl Pts',(-0.0046814509842518,0.0188935142508301,
0.017133754913741));
#1920=CARTESIAN_POINT('Ctrl Pts',(-0.0028558503989925,0.0186435142508301,
0.0149349637678836));
#1921=CARTESIAN_POINT('Ctrl Pts',(-0.00384725909629166,0.0183935142508301,
0.0122545517109566));
#1922=CARTESIAN_POINT('Ctrl Pts',(-0.00483866779359082,0.0181435142508301,
0.00957413965402961));
#1923=CARTESIAN_POINT('Ctrl Pts',(-0.00765567707614929,0.0178935142508301,
0.00909251874296003));
#1924=CARTESIAN_POINT('Ctrl Pts',(-0.0104726863587077,0.0176435142508301,
0.00861089783189044));
#1925=CARTESIAN_POINT('Ctrl Pts',(-0.012298286943967,0.0173935142508301,
0.0108096889777478));
#1926=CARTESIAN_POINT('Ctrl Pts',(-0.0141238875292263,0.0171435142508301,
0.0130084801236052));
#1927=CARTESIAN_POINT('Ctrl Pts',(-0.0131324788319272,0.0168935142508301,
0.0156888921805323));
#1928=CARTESIAN_POINT('Ctrl Pts',(-0.012141070134628,0.0166435142508301,
0.0183693042374592));
#1929=CARTESIAN_POINT('Ctrl Pts',(-0.00932406085206954,0.0163935142508301,
0.0188509251485288));
#1930=CARTESIAN_POINT('Ctrl Pts',(-0.00650705156951109,0.0161435142508301,
0.0193325460595984));
#1931=CARTESIAN_POINT('Ctrl Pts',(-0.0046814509842518,0.0158935142508301,
0.017133754913741));
#1932=CARTESIAN_POINT('Ctrl Pts',(-0.0028558503989925,0.0156435142508301,
0.0149349637678836));
#1933=CARTESIAN_POINT('Ctrl Pts',(-0.00384725909629166,0.0153935142508301,
0.0122545517109566));
#1934=CARTESIAN_POINT('Ctrl Pts',(-0.00483866779359082,0.0151435142508301,
0.00957413965402961));
#1935=CARTESIAN_POINT('Ctrl Pts',(-0.00765567707614929,0.0148935142508301,
0.00909251874296003));
#1936=CARTESIAN_POINT('Ctrl Pts',(-0.0104726863587077,0.0146435142508301,
0.00861089783189044));
#1937=CARTESIAN_POINT('Ctrl Pts',(-0.012298286943967,0.0143935142508301,
0.0108096889777478));
#1938=CARTESIAN_POINT('Ctrl Pts',(-0.0141238875292263,0.0141435142508301,
0.0130084801236052));
#1939=CARTESIAN_POINT('Ctrl Pts',(-0.0131324788319272,0.0138935142508301,
0.0156888921805323));
#1940=CARTESIAN_POINT('Ctrl Pts',(-0.012141070134628,0.0136435142508301,
0.0183693042374592));
#1941=CARTESIAN_POINT('Ctrl Pts',(-0.00932406085206954,0.0133935142508301,
0.0188509251485288));
#1942=CARTESIAN_POINT('Ctrl Pts',(-0.00650705156951109,0.0131435142508301,
0.0193325460595984));
#1943=CARTESIAN_POINT('Ctrl Pts',(-0.0046814509842518,0.0128935142508301,
0.017133754913741));
#1944=CARTESIAN_POINT('Ctrl Pts',(-0.0028558503989925,0.0126435142508301,
0.0149349637678836));
#1945=CARTESIAN_POINT('Ctrl Pts',(-0.00384725909629166,0.0123935142508301,
0.0122545517109566));
#1946=CARTESIAN_POINT('Ctrl Pts',(-0.00483866779359082,0.0121435142508301,
0.00957413965402961));
#1947=CARTESIAN_POINT('Ctrl Pts',(-0.00765567707614929,0.0118935142508301,
0.00909251874296003));
#1948=CARTESIAN_POINT('Ctrl Pts',(-0.0104726863587077,0.0116435142508301,
0.00861089783189044));
#1949=CARTESIAN_POINT('Ctrl Pts',(-0.012298286943967,0.0113935142508301,
0.0108096889777478));
#1950=CARTESIAN_POINT('Ctrl Pts',(-0.0141238875292263,0.0111435142508301,
0.0130084801236052));
#1951=CARTESIAN_POINT('Ctrl Pts',(-0.0131324788319272,0.0108935142508301,
0.0156888921805323));
#1952=CARTESIAN_POINT('Ctrl Pts',(-0.012141070134628,0.0106435142508301,
0.0183693042374592));
#1953=CARTESIAN_POINT('Ctrl Pts',(-0.00932406085206954,0.0103935142508301,
0.0188509251485288));
#1954=CARTESIAN_POINT('Ctrl Pts',(-0.00650705156951109,0.0101435142508301,
0.0193325460595984));
#1955=CARTESIAN_POINT('Ctrl Pts',(-0.0046814509842518,0.00989351425083013,
0.017133754913741));
#1956=CARTESIAN_POINT('Ctrl Pts',(-0.0028558503989925,0.00964351425083014,
0.0149349637678836));
#1957=CARTESIAN_POINT('Ctrl Pts',(-0.00384725909629166,0.00939351425083013,
0.0122545517109566));
#1958=CARTESIAN_POINT('Ctrl Pts',(-0.00483866779359082,0.00914351425083014,
0.00957413965402961));
#1959=CARTESIAN_POINT('Ctrl Pts',(-0.00765567707614929,0.00889351425083014,
0.00909251874296003));
#1960=CARTESIAN_POINT('Ctrl Pts',(-0.0104726863587077,0.00864351425083014,
0.00861089783189044));
#1961=CARTESIAN_POINT('Ctrl Pts',(-0.012298286943967,0.00839351425083014,
0.0108096889777478));
#1962=CARTESIAN_POINT('Ctrl Pts',(-0.0141238875292263,0.00814351425083014,
0.0130084801236052));
#1963=CARTESIAN_POINT('Ctrl Pts',(-0.0131324788319272,0.00789351425083014,
0.0156888921805323));
#1964=CARTESIAN_POINT('Ctrl Pts',(-0.012141070134628,0.00764351425083013,
0.0183693042374592));
#1965=CARTESIAN_POINT('Ctrl Pts',(-0.00932406085206954,0.00739351425083014,
0.0188509251485288));
#1966=CARTESIAN_POINT('Ctrl Pts',(-0.00650705156951109,0.00714351425083013,
0.0193325460595984));
#1967=CARTESIAN_POINT('Ctrl Pts',(-0.0046814509842518,0.00689351425083014,
0.017133754913741));
#1968=CARTESIAN_POINT('Ctrl Pts',(-0.0028558503989925,0.00664351425083014,
0.0149349637678836));
#1969=CARTESIAN_POINT('Ctrl Pts',(-0.00384725909629166,0.00639351425083014,
0.0122545517109566));
#1970=CARTESIAN_POINT('Ctrl Pts',(-0.00483866779359082,0.00614351425083014,
0.00957413965402961));
#1971=CARTESIAN_POINT('Ctrl Pts',(-0.00765567707614929,0.00589351425083014,
0.00909251874296003));
#1972=CARTESIAN_POINT('Ctrl Pts',(-0.0104726863587077,0.00564351425083014,
0.00861089783189044));
#1973=CARTESIAN_POINT('Ctrl Pts',(-0.012298286943967,0.00539351425083014,
0.0108096889777478));
#1974=CARTESIAN_POINT('Ctrl Pts',(-0.0141238875292263,0.00514351425083014,
0.0130084801236052));
#1975=CARTESIAN_POINT('Ctrl Pts',(-0.0131324788319272,0.00489351425083015,
0.0156888921805323));
#1976=CARTESIAN_POINT('',(-0.00354952024769946,0.00659017818729786,0.014280679160042));
#1977=CARTESIAN_POINT('Ctrl Pts',(-0.00354952024769948,0.0185901781872979,
0.0142806791600423));
#1978=CARTESIAN_POINT('Ctrl Pts',(-0.00348419734277612,0.0184850662400613,
0.0132361399340408));
#1979=CARTESIAN_POINT('Ctrl Pts',(-0.00384725909629166,0.0183935142508301,
0.0122545517109566));
#1980=CARTESIAN_POINT('Ctrl Pts',(-0.00483866779359082,0.0181435142508301,
0.00957413965402961));
#1981=CARTESIAN_POINT('Ctrl Pts',(-0.00765567707614929,0.0178935142508301,
0.00909251874296003));
#1982=CARTESIAN_POINT('Ctrl Pts',(-0.0104726863587077,0.0176435142508301,
0.00861089783189044));
#1983=CARTESIAN_POINT('Ctrl Pts',(-0.012298286943967,0.0173935142508301,
0.0108096889777478));
#1984=CARTESIAN_POINT('Ctrl Pts',(-0.0141238875292263,0.0171435142508301,
0.0130084801236052));
#1985=CARTESIAN_POINT('Ctrl Pts',(-0.0131324788319272,0.0168935142508301,
0.0156888921805323));
#1986=CARTESIAN_POINT('Ctrl Pts',(-0.012141070134628,0.0166435142508301,
0.0183693042374592));
#1987=CARTESIAN_POINT('Ctrl Pts',(-0.00932406085206954,0.0163935142508301,
0.0188509251485288));
#1988=CARTESIAN_POINT('Ctrl Pts',(-0.00650705156951109,0.0161435142508301,
0.0193325460595984));
#1989=CARTESIAN_POINT('Ctrl Pts',(-0.0046814509842518,0.0158935142508301,
0.017133754913741));
#1990=CARTESIAN_POINT('Ctrl Pts',(-0.0028558503989925,0.0156435142508301,
0.0149349637678836));
#1991=CARTESIAN_POINT('Ctrl Pts',(-0.00384725909629166,0.0153935142508301,
0.0122545517109566));
#1992=CARTESIAN_POINT('Ctrl Pts',(-0.00483866779359082,0.0151435142508301,
0.00957413965402961));
#1993=CARTESIAN_POINT('Ctrl Pts',(-0.00765567707614929,0.0148935142508301,
0.00909251874296003));
#1994=CARTESIAN_POINT('Ctrl Pts',(-0.0104726863587077,0.0146435142508301,
0.00861089783189044));
#1995=CARTESIAN_POINT('Ctrl Pts',(-0.012298286943967,0.0143935142508301,
0.0108096889777478));
#1996=CARTESIAN_POINT('Ctrl Pts',(-0.0141238875292263,0.0141435142508301,
0.0130084801236052));
#1997=CARTESIAN_POINT('Ctrl Pts',(-0.0131324788319272,0.0138935142508301,
0.0156888921805323));
#1998=CARTESIAN_POINT('Ctrl Pts',(-0.012141070134628,0.0136435142508301,
0.0183693042374592));
#1999=CARTESIAN_POINT('Ctrl Pts',(-0.00932406085206954,0.0133935142508301,
0.0188509251485288));
#2000=CARTESIAN_POINT('Ctrl Pts',(-0.00650705156951109,0.0131435142508301,
0.0193325460595984));
#2001=CARTESIAN_POINT('Ctrl Pts',(-0.0046814509842518,0.0128935142508301,
0.017133754913741));
#2002=CARTESIAN_POINT('Ctrl Pts',(-0.0028558503989925,0.0126435142508301,
0.0149349637678836));
#2003=CARTESIAN_POINT('Ctrl Pts',(-0.00384725909629166,0.0123935142508301,
0.0122545517109566));
#2004=CARTESIAN_POINT('Ctrl Pts',(-0.00483866779359082,0.0121435142508301,
0.00957413965402961));
#2005=CARTESIAN_POINT('Ctrl Pts',(-0.00765567707614929,0.0118935142508301,
0.00909251874296003));
#2006=CARTESIAN_POINT('Ctrl Pts',(-0.0104726863587077,0.0116435142508301,
0.00861089783189044));
#2007=CARTESIAN_POINT('Ctrl Pts',(-0.012298286943967,0.0113935142508301,
0.0108096889777478));
#2008=CARTESIAN_POINT('Ctrl Pts',(-0.0141238875292263,0.0111435142508301,
0.0130084801236052));
#2009=CARTESIAN_POINT('Ctrl Pts',(-0.0131324788319272,0.0108935142508301,
0.0156888921805323));
#2010=CARTESIAN_POINT('Ctrl Pts',(-0.012141070134628,0.0106435142508301,
0.0183693042374592));
#2011=CARTESIAN_POINT('Ctrl Pts',(-0.00932406085206954,0.0103935142508301,
0.0188509251485288));
#2012=CARTESIAN_POINT('Ctrl Pts',(-0.00650705156951109,0.0101435142508301,
0.0193325460595984));
#2013=CARTESIAN_POINT('Ctrl Pts',(-0.0046814509842518,0.00989351425083013,
0.017133754913741));
#2014=CARTESIAN_POINT('Ctrl Pts',(-0.0028558503989925,0.00964351425083014,
0.0149349637678836));
#2015=CARTESIAN_POINT('Ctrl Pts',(-0.00384725909629166,0.00939351425083013,
0.0122545517109566));
#2016=CARTESIAN_POINT('Ctrl Pts',(-0.00483866779359082,0.00914351425083014,
0.00957413965402961));
#2017=CARTESIAN_POINT('Ctrl Pts',(-0.00765567707614929,0.00889351425083014,
0.00909251874296003));
#2018=CARTESIAN_POINT('Ctrl Pts',(-0.0104726863587077,0.00864351425083014,
0.00861089783189044));
#2019=CARTESIAN_POINT('Ctrl Pts',(-0.012298286943967,0.00839351425083014,
0.0108096889777478));
#2020=CARTESIAN_POINT('Ctrl Pts',(-0.0141238875292263,0.00814351425083014,
0.0130084801236052));
#2021=CARTESIAN_POINT('Ctrl Pts',(-0.0131324788319272,0.00789351425083014,
0.0156888921805323));
#2022=CARTESIAN_POINT('Ctrl Pts',(-0.012141070134628,0.00764351425083013,
0.0183693042374592));
#2023=CARTESIAN_POINT('Ctrl Pts',(-0.00932406085206954,0.00739351425083014,
0.0188509251485288));
#2024=CARTESIAN_POINT('Ctrl Pts',(-0.00650705156951109,0.00714351425083013,
0.0193325460595984));
#2025=CARTESIAN_POINT('Ctrl Pts',(-0.0046814509842518,0.00689351425083014,
0.017133754913741));
#2026=CARTESIAN_POINT('Ctrl Pts',(-0.00365027483033324,0.00675230371411078,
0.0158917850023798));
#2027=CARTESIAN_POINT('Ctrl Pts',(-0.00354952024769946,0.00659017818729786,
0.014280679160042));
#2028=CARTESIAN_POINT('Ctrl Pts',(-0.00354952024769946,0.00659017818729786,
0.014280679160042));
#2029=CARTESIAN_POINT('Ctrl Pts',(-0.0035545900328614,0.00659017818729786,
0.0143617470408301));
#2030=CARTESIAN_POINT('Ctrl Pts',(-0.00356193795061499,0.00659017818729786,
0.0144432630372825));
#2031=CARTESIAN_POINT('Ctrl Pts',(-0.0036372434229302,0.00659017818729786,
0.0150772547036301));
#2032=CARTESIAN_POINT('Ctrl Pts',(-0.00380787741307546,0.00659017818729786,
0.0156197696085658));
#2033=CARTESIAN_POINT('Ctrl Pts',(-0.00436783379472819,0.00659017818729786,
0.0166294601257223));
#2034=CARTESIAN_POINT('Ctrl Pts',(-0.00472380756708863,0.00659017818729786,
0.0170173611939123));
#2035=CARTESIAN_POINT('Ctrl Pts',(-0.00517636786414782,0.00659017818729786,
0.0173775148717216));
#2036=CARTESIAN_POINT('Ctrl Pts',(-0.00531021304600251,0.00659017818729786,
0.0174616803429552));
#2037=CARTESIAN_POINT('Ctrl Pts',(-0.00549234189319359,0.00659017818729786,
0.0175498453235508));
#2038=CARTESIAN_POINT('Ctrl Pts',(-0.00555586813622177,0.00659017818729786,
0.0175723445525594));
#2039=CARTESIAN_POINT('Ctrl Pts',(-0.0056205095437299,0.00659017818729786,
0.0175824199184998));
#2040=CARTESIAN_POINT('Ctrl Pts',(-0.00563827039922452,0.00659017818729786,
0.0175838796096066));
#2041=CARTESIAN_POINT('Ctrl Pts',(-0.00566341742142791,0.00659017818729786,
0.0175807663165428));
#2042=CARTESIAN_POINT('Ctrl Pts',(-0.00567257303546503,0.00659017818728556,
0.0175785485556547));
#2043=CARTESIAN_POINT('Ctrl Pts',(-0.00568594633279881,0.00659017818728556,
0.0175714753720511));
#2044=CARTESIAN_POINT('Ctrl Pts',(-0.00569069264226359,0.0065901781872978,
0.017567843042218));
#2045=CARTESIAN_POINT('Ctrl Pts',(-0.00569808574698323,0.0065901781872978,
0.0175588950725256));
#2046=CARTESIAN_POINT('Ctrl Pts',(-0.00570066596341915,0.00659017818729786,
0.0175540612320396));
#2047=CARTESIAN_POINT('Ctrl Pts',(-0.00570460531076084,0.00659017818729786,
0.017542054290615));
#2048=CARTESIAN_POINT('Ctrl Pts',(-0.00570540936481496,0.00659017818729786,
0.0175348586759322));
#2049=CARTESIAN_POINT('Ctrl Pts',(-0.00570519788138641,0.00659017818729786,
0.0175146934847042));
#2050=CARTESIAN_POINT('Ctrl Pts',(-0.00570215294614084,0.00659017818729786,
0.0175007404027075));
#2051=CARTESIAN_POINT('Ctrl Pts',(-0.00568925629585734,0.00659017818729786,
0.0174583703523428));
#2052=CARTESIAN_POINT('Ctrl Pts',(-0.00567194710876572,0.00659017818729776,
0.0174228978174073));
#2053=CARTESIAN_POINT('Ctrl Pts',(-0.00557380537110474,0.00659017818729776,
0.0172535245661222));
#2054=CARTESIAN_POINT('Ctrl Pts',(-0.00543237442656606,0.00659017818729786,
0.0170690671069803));
#2055=CARTESIAN_POINT('Ctrl Pts',(-0.00509229114554383,0.00659017818729786,
0.0165667215378393));
#2056=CARTESIAN_POINT('Ctrl Pts',(-0.00481769759609319,0.00659017818729369,
0.0161350221602995));
#2057=CARTESIAN_POINT('Ctrl Pts',(-0.00447368834710309,0.00659017818729369,
0.0151398023994332));
#2058=CARTESIAN_POINT('Ctrl Pts',(-0.00438734286114232,0.00659017818729782,
0.0147313864034273));
#2059=CARTESIAN_POINT('Ctrl Pts',(-0.00435403535244755,0.00659017818729782,
0.0143158928516445));
#2060=CARTESIAN_POINT('Ctrl Pts',(-0.00434886791176321,0.00659017818729782,
0.0142514317626078));
#2061=CARTESIAN_POINT('Ctrl Pts',(-0.0043449253495362,0.00659017818729786,
0.0141861398568358));
#2062=CARTESIAN_POINT('Ctrl Pts',(-0.00430906258043319,0.00659017818729786,
0.0132821435232782));
#2063=CARTESIAN_POINT('Ctrl Pts',(-0.00450281434025406,0.00659017818718118,
0.0126127376574701));
#2064=CARTESIAN_POINT('Ctrl Pts',(-0.00491987903266859,0.00659017818718118,
0.0114932025023654));
#2065=CARTESIAN_POINT('Ctrl Pts',(-0.00527315860387528,0.00659017818729785,
0.0110052786182063));
#2066=CARTESIAN_POINT('Ctrl Pts',(-0.00530038796246394,0.00659017818729785,
0.0107971386421532));
#2067=CARTESIAN_POINT('Ctrl Pts',(-0.00530102382949974,0.00659017818729786,
0.0107836531862603));
#2068=CARTESIAN_POINT('Ctrl Pts',(-0.00529745931748005,0.00659017818729786,
0.0107638540494891));
#2069=CARTESIAN_POINT('Ctrl Pts',(-0.00529509488067481,0.00659017818730001,
0.0107566039933392));
#2070=CARTESIAN_POINT('Ctrl Pts',(-0.00528792505636223,0.00659017818730001,
0.0107451571260177));
#2071=CARTESIAN_POINT('Ctrl Pts',(-0.00528395641212358,0.00659017818729786,
0.0107408887284369));
#2072=CARTESIAN_POINT('Ctrl Pts',(-0.00527400715924269,0.00659017818729786,
0.0107338591289168));
#2073=CARTESIAN_POINT('Ctrl Pts',(-0.00526828545139086,0.00659017818729786,
0.0107313673744258));
#2074=CARTESIAN_POINT('Ctrl Pts',(-0.0052531210356833,0.00659017818729786,
0.0107272816067052));
#2075=CARTESIAN_POINT('Ctrl Pts',(-0.00524321439803428,0.00659017818729786,
0.0107267208431503));
#2076=CARTESIAN_POINT('Ctrl Pts',(-0.00521346984801623,0.00659017818729786,
0.0107281754692158));
#2077=CARTESIAN_POINT('Ctrl Pts',(-0.00519136365113479,0.00659017818729786,
0.0107338662307324));
#2078=CARTESIAN_POINT('Ctrl Pts',(-0.00512385321602423,0.00659017818729786,
0.0107566866630601));
#2079=CARTESIAN_POINT('Ctrl Pts',(-0.00506393343797119,0.00659017818730766,
0.0107874682551042));
#2080=CARTESIAN_POINT('Ctrl Pts',(-0.00484876013384515,0.00659017818730766,
0.0109287570927072));
#2081=CARTESIAN_POINT('Ctrl Pts',(-0.00465648147907741,0.00659017818729786,
0.0110946033375362));
#2082=CARTESIAN_POINT('Ctrl Pts',(-0.00415398162840885,0.00659017818729786,
0.0117057758093692));
#2083=CARTESIAN_POINT('Ctrl Pts',(-0.00390895217918188,0.00659017818729786,
0.0121631112075777));
#2084=CARTESIAN_POINT('Ctrl Pts',(-0.0035986603038482,0.00659017818729786,
0.0131382825007372));
#2085=CARTESIAN_POINT('Ctrl Pts',(-0.00352716965880994,0.00659017818729786,
0.0136380348864444));
#2086=CARTESIAN_POINT('Ctrl Pts',(-0.00354453633998404,0.00659017818729786,
0.0141895913045286));
#2087=CARTESIAN_POINT('Ctrl Pts',(-0.00354666760684145,0.00659017818729786,
0.0142350642983426));
#2088=CARTESIAN_POINT('Ctrl Pts',(-0.00354952024769946,0.00659017818729786,
0.014280679160042));
#2089=CARTESIAN_POINT('Origin',(-0.0275888688546232,0.00659017818729786,
0.0374290468331783));
#2090=CARTESIAN_POINT('Origin',(-0.0136360523729599,0.0375901781872979,
0.0139484702319224));
#2091=CARTESIAN_POINT('',(-0.0087955733665219,0.0375901781872979,0.0191030568291417));
#2092=CARTESIAN_POINT('Origin',(-0.00863851957113126,0.0375901781872979,
0.014105524027313));
#2093=CARTESIAN_POINT('Origin',(-0.00863851957113126,0.0375901781872979,
0.014105524027313));
#2094=CARTESIAN_POINT('',(-0.00885839488467816,0.0355901781872979,0.0211020699498732));
#2095=CARTESIAN_POINT('',(-0.00841864425758436,0.0355901781872979,0.00710897810475292));
#2096=CARTESIAN_POINT('Origin',(-0.00863851957113126,0.0355901781872979,
0.014105524027313));
#2097=CARTESIAN_POINT('Origin',(-0.00863851957113126,0.0355901781872979,
0.014105524027313));
#2098=CARTESIAN_POINT('',(-0.0087955733665219,0.0375901781872979,0.0191030568291417));
#2099=CARTESIAN_POINT('Origin',(-0.00863851957113126,0.0375901781872979,
0.014105524027313));
#2100=CARTESIAN_POINT('',(-0.00841864425758436,0.0340901781872978,0.00710897810475292));
#2101=CARTESIAN_POINT('',(-0.00841864425758436,0.0375901781872979,0.00710897810475292));
#2102=CARTESIAN_POINT('Origin',(-0.00863851957113126,0.0340901781872978,
0.014105524027313));
#2103=CARTESIAN_POINT('Origin',(-0.00863851957113126,0.0340901781872978,
0.014105524027313));
#2104=CARTESIAN_POINT('',(-0.00843434963712343,0.0335901781872978,0.00760873138493579));
#2105=CARTESIAN_POINT('',(-0.00841864425758436,0.0340901781872978,0.00710897810475292));
#2106=CARTESIAN_POINT('Origin',(-0.00863851957113126,0.0335901781872978,
0.014105524027313));
#2107=CARTESIAN_POINT('Origin',(-0.0126365458125942,0.0335901781872978,
0.0139798809910005));
#2108=CARTESIAN_POINT('',(-0.00851287653481875,0.0335901781872978,0.0101074977858501));
#2109=CARTESIAN_POINT('Origin',(-0.00863851957113126,0.0335901781872978,
0.014105524027313));
#2110=CARTESIAN_POINT('Origin',(-0.00863851957113126,0.0375901781872979,
0.014105524027313));
#2111=CARTESIAN_POINT('',(-0.00851287653481875,0.0265901781872978,0.0101074977858501));
#2112=CARTESIAN_POINT('',(-0.00851287653481875,0.0375901781872979,0.0101074977858501));
#2113=CARTESIAN_POINT('Origin',(-0.00863851957113126,0.0265901781872978,
0.014105524027313));
#2114=CARTESIAN_POINT('Origin',(-0.0130863237647586,0.0265901781872978,
0.0139657461494154));
#2115=CARTESIAN_POINT('',(-0.00877829744902892,0.0265901781872978,0.0185533282209404));
#2116=CARTESIAN_POINT('Origin',(-0.00863851957113126,0.0265901781872978,
0.014105524027313));
#2117=CARTESIAN_POINT('Origin',(-0.00863851957113126,0.0265901781872978,
0.014105524027313));
#2118=CARTESIAN_POINT('',(-0.00879400282856799,0.0260901781872978,0.0190530815011232));
#2119=CARTESIAN_POINT('',(-0.00848303631369453,0.0260901781872978,0.00915796655350285));
#2120=CARTESIAN_POINT('Origin',(-0.00863851957113126,0.0260901781872978,
0.014105524027313));
#2121=CARTESIAN_POINT('Origin',(-0.00863851957113126,0.0260901781872978,
0.014105524027313));
#2122=CARTESIAN_POINT('',(-0.00877829744902892,0.0265901781872978,0.0185533282209404));
#2123=CARTESIAN_POINT('Origin',(-0.00863851957113126,0.0375901781872979,
0.014105524027313));
#2124=CARTESIAN_POINT('',(-0.00848303631369453,0.0190901781872979,0.00915796655350285));
#2125=CARTESIAN_POINT('',(-0.00848303631369453,0.0375901781872979,0.00915796655350285));
#2126=CARTESIAN_POINT('Origin',(-0.00863851957113126,0.0190901781872979,
0.014105524027313));
#2127=CARTESIAN_POINT('Origin',(-0.00863851957113126,0.0190901781872979,
0.014105524027313));
#2128=CARTESIAN_POINT('',(-0.00849874169323359,0.0185901781872978,0.00965771983368572));
#2129=CARTESIAN_POINT('',(-0.00848303631369453,0.0190901781872979,0.00915796655350285));
#2130=CARTESIAN_POINT('Origin',(-0.00863851957113126,0.0185901781872978,
0.014105524027313));
#2131=CARTESIAN_POINT('Origin',(-0.0130863237647586,0.0185901781872978,
0.0139657461494154));
#2132=CARTESIAN_POINT('',(-0.00851444707277266,0.0185901781872978,0.0101574731138686));
#2133=CARTESIAN_POINT('Origin',(-0.00863851957113126,0.0185901781872978,
0.014105524027313));
#2134=CARTESIAN_POINT('Origin',(-0.00863851957113126,-0.00740982181270217,
0.014105524027313));
#2135=CARTESIAN_POINT('',(-0.00857726859092891,-0.00740982181270217,0.0121564862346));
#2136=CARTESIAN_POINT('Origin',(-0.00863851957113126,-0.00740982181270217,
0.014105524027313));
#2137=CARTESIAN_POINT('Origin',(-0.00863851957113126,-0.00540982181270217,
0.014105524027313));
#2138=CARTESIAN_POINT('',(-0.00851444707277266,-0.00540982181270217,0.0101574731138686));
#2139=CARTESIAN_POINT('Origin',(-0.00863851957113126,-0.00540982181270217,
0.014105524027313));
#2140=CARTESIAN_POINT('',(-0.00851444707277266,-0.00540982181270217,0.0101574731138686));
#2141=CARTESIAN_POINT('Origin',(-0.00863851957113126,0.0375901781872979,
0.014105524027313));
#2142=CARTESIAN_POINT('',(-0.00851444707277266,0.0375901781872979,0.0101574731138686));
#2143=CARTESIAN_POINT('',(-0.0104424436945789,-0.000853668606587067,0.0176195470432938));
#2144=CARTESIAN_POINT('',(-0.0119554806209194,0.00339017818729783,0.0162503478881899));
#2145=CARTESIAN_POINT('Ctrl Pts',(-0.0104424436945789,-0.000853668606587059,
0.0176195470432938));
#2146=CARTESIAN_POINT('Ctrl Pts',(-0.0104102177831205,-0.000883434718465498,
0.0176360902186843));
#2147=CARTESIAN_POINT('Ctrl Pts',(-0.0103776305209656,-0.000912316976431709,
0.0176522580577801));
#2148=CARTESIAN_POINT('Ctrl Pts',(-0.0101406155608516,-0.00111376701513546,
0.0177657749685778));
#2149=CARTESIAN_POINT('Ctrl Pts',(-0.00989193249471751,-0.00127659414063448,
0.0178619728261742));
#2150=CARTESIAN_POINT('Ctrl Pts',(-0.00934582722881287,-0.0015002469171056,
0.01800189005714));
#2151=CARTESIAN_POINT('Ctrl Pts',(-0.0090476399452381,-0.001559821812702,
0.0180446169503791));
#2152=CARTESIAN_POINT('Ctrl Pts',(-0.00847754419374163,-0.001559821812702,
0.0180625329311359));
#2153=CARTESIAN_POINT('Ctrl Pts',(-0.00817726247083222,-0.0015002469171056,
0.0180386136841132));
#2154=CARTESIAN_POINT('Ctrl Pts',(-0.00762344934330051,-0.00127659414063448,
0.0179332627812055));
#2155=CARTESIAN_POINT('Ctrl Pts',(-0.00736921668293512,-0.00111376701513545,
0.0178528696870274));
#2156=CARTESIAN_POINT('Ctrl Pts',(-0.0069134332774749,-0.000736963627671982,
0.0176687969774957));
#2157=CARTESIAN_POINT('Ctrl Pts',(-0.00668319788886985,-0.000482840112066638,
0.0175455676516317));
#2158=CARTESIAN_POINT('Ctrl Pts',(-0.00629097130375272,7.30517896826333E-5,
0.0172908339932929));
#2159=CARTESIAN_POINT('Ctrl Pts',(-0.00612834421747295,0.000374708748367973,
0.0171600665528209));
#2160=CARTESIAN_POINT('Ctrl Pts',(-0.00583052438762872,0.00105453487532392,
0.0168931377376333));
#2161=CARTESIAN_POINT('Ctrl Pts',(-0.00568947048095203,0.00150608855849797,
0.0167373157992528));
#2162=CARTESIAN_POINT('Ctrl Pts',(-0.00550573876390679,0.00244612365326291,
0.0165156907140523));
#2163=CARTESIAN_POINT('Ctrl Pts',(-0.00546277839081052,0.00293560549483508,
0.0164543892758136));
#2164=CARTESIAN_POINT('Ctrl Pts',(-0.00546277839081052,0.00390218429111271,
0.0164543892758136));
#2165=CARTESIAN_POINT('Ctrl Pts',(-0.00551699536648983,0.00445012099974181,
0.0165325214896265));
#2166=CARTESIAN_POINT('Ctrl Pts',(-0.00574811638814574,0.00549386158840047,
0.016803634279565));
#2167=CARTESIAN_POINT('Ctrl Pts',(-0.00592541248047502,0.00599122276527332,
0.0169902455105343));
#2168=CARTESIAN_POINT('Ctrl Pts',(-0.00627561632366381,0.0066721867011938,
0.0172753213141036));
#2169=CARTESIAN_POINT('Ctrl Pts',(-0.00644032511174382,0.00693814207486627,
0.0173950748461414));
#2170=CARTESIAN_POINT('Ctrl Pts',(-0.0068284011950771,0.0074253358786797,
0.0176235739762464));
#2171=CARTESIAN_POINT('Ctrl Pts',(-0.00705238956198728,0.00764636440885538,
0.017731711427573));
#2172=CARTESIAN_POINT('Ctrl Pts',(-0.00748552206394591,0.00796839555950813,
0.0178893784623645));
#2173=CARTESIAN_POINT('Ctrl Pts',(-0.00772252832677923,0.00810521777758076,
0.0179565357229182));
#2174=CARTESIAN_POINT('Ctrl Pts',(-0.00823226978641201,0.00829161233273645,
0.0180430730884226));
#2175=CARTESIAN_POINT('Ctrl Pts',(-0.00850550773739955,0.00834017818729764,
0.0180616541413734));
#2176=CARTESIAN_POINT('Ctrl Pts',(-0.00901967640158017,0.00834017818729764,
0.0180454957401417));
#2177=CARTESIAN_POINT('Ctrl Pts',(-0.00929120846591853,0.00829161233273645,
0.0180097945997568));
#2178=CARTESIAN_POINT('Ctrl Pts',(-0.00979451034108136,0.00810521777758076,
0.0178914210648997));
#2179=CARTESIAN_POINT('Ctrl Pts',(-0.0100268320869136,0.00796839555950814,
0.017809514577484));
#2180=CARTESIAN_POINT('Ctrl Pts',(-0.0104492099057921,0.00764636440885538,
0.0176249620477471));
#2181=CARTESIAN_POINT('Ctrl Pts',(-0.0106659662760761,0.0074253358786797,
0.0175029736350522));
#2182=CARTESIAN_POINT('Ctrl Pts',(-0.0110389290008152,0.00693814207486628,
0.0172505578968955));
#2183=CARTESIAN_POINT('Ctrl Pts',(-0.0111957933872339,0.00667218670119381,
0.0171206985207234));
#2184=CARTESIAN_POINT('Ctrl Pts',(-0.0115274061253233,0.00599122276527332,
0.0168141957678781));
#2185=CARTESIAN_POINT('Ctrl Pts',(-0.0116926349481712,0.00549386158840047,
0.016616820257798));
#2186=CARTESIAN_POINT('Ctrl Pts',(-0.0119062765923542,0.00445012099974181,
0.0163317302379967));
#2187=CARTESIAN_POINT('Ctrl Pts',(-0.0119554806209194,0.00390218429111271,
0.0162503478881899));
#2188=CARTESIAN_POINT('Ctrl Pts',(-0.0119554806209194,0.00339017818729783,
0.0162503478881899));
#2189=CARTESIAN_POINT('Ctrl Pts',(-0.0119554806209194,0.00339017818729783,
0.0162503478881899));
#2190=CARTESIAN_POINT('Ctrl Pts',(-0.0119554806209194,0.00293560549483508,
0.0162503478881899));
#2191=CARTESIAN_POINT('Ctrl Pts',(-0.011916454169461,0.00244612365326291,
0.0163142258661891));
#2192=CARTESIAN_POINT('Ctrl Pts',(-0.0117470009592303,0.00150608855849797,
0.0165469502348767));
#2193=CARTESIAN_POINT('Ctrl Pts',(-0.0116160095306827,0.00105453487532392,
0.0167113215423379));
#2194=CARTESIAN_POINT('Ctrl Pts',(-0.0113355379792252,0.000374708748367971,
0.0169964238963248));
#2195=CARTESIAN_POINT('Ctrl Pts',(-0.0111814427558763,7.30517896826334E-5,
0.0171371447363611));
#2196=CARTESIAN_POINT('Ctrl Pts',(-0.0108317916325008,-0.000444631556586192,
0.0173968368043928));
#2197=CARTESIAN_POINT('Ctrl Pts',(-0.0106446433323325,-0.000666902840569013,
0.0175157478357651));
#2198=CARTESIAN_POINT('Ctrl Pts',(-0.0104424436945789,-0.000853668606587059,
0.0176195470432938));
#2199=CARTESIAN_POINT('Origin',(-0.00876259206948987,0.00339017818729783,
0.0180535749407577));
#2200=CARTESIAN_POINT('',(-0.00860710881205313,0.00339017818729783,0.0131060174669473));
#2201=CARTESIAN_POINT('',(-0.0137101495433002,0.00339017818729782,0.017898091683321));
#2202=UNCERTAINTY_MEASURE_WITH_UNIT(LENGTH_MEASURE(1.E-5),#2206,
'DISTANCE_ACCURACY_VALUE',
'Maximum model space distance between geometric entities at asserted c
onnectivities');
#2203=UNCERTAINTY_MEASURE_WITH_UNIT(LENGTH_MEASURE(1.E-5),#2206,
'DISTANCE_ACCURACY_VALUE',
'Maximum model space distance between geometric entities at asserted c
onnectivities');
#2204=(
GEOMETRIC_REPRESENTATION_CONTEXT(3)
GLOBAL_UNCERTAINTY_ASSIGNED_CONTEXT((#2202))
GLOBAL_UNIT_ASSIGNED_CONTEXT((#2206,#2208,#2209))
REPRESENTATION_CONTEXT('','3D')
);
#2205=(
GEOMETRIC_REPRESENTATION_CONTEXT(3)
GLOBAL_UNCERTAINTY_ASSIGNED_CONTEXT((#2203))
GLOBAL_UNIT_ASSIGNED_CONTEXT((#2206,#2208,#2209))
REPRESENTATION_CONTEXT('','3D')
);
#2206=(
LENGTH_UNIT()
NAMED_UNIT(*)
SI_UNIT($,.METRE.)
);
#2207=(
LENGTH_UNIT()
NAMED_UNIT(*)
SI_UNIT(.CENTI.,.METRE.)
);
#2208=(
NAMED_UNIT(*)
PLANE_ANGLE_UNIT()
SI_UNIT($,.RADIAN.)
);
#2209=(
NAMED_UNIT(*)
SI_UNIT($,.STERADIAN.)
SOLID_ANGLE_UNIT()
);
#2210=SHAPE_DEFINITION_REPRESENTATION(#2211,#2212);
#2211=PRODUCT_DEFINITION_SHAPE('',$,#2214);
#2212=SHAPE_REPRESENTATION('',(#881,#856,#857,#858,#859),#2204);
#2213=PRODUCT_DEFINITION_CONTEXT('part definition',#2218,'design');
#2214=PRODUCT_DEFINITION('CAC30UN','CAC30UN',#2215,#2213);
#2215=PRODUCT_DEFINITION_FORMATION('',$,#2220);
#2216=PRODUCT_RELATED_PRODUCT_CATEGORY('CAC30UN','CAC30UN',(#2220));
#2217=APPLICATION_PROTOCOL_DEFINITION('international standard',
'automotive_design',2009,#2218);
#2218=APPLICATION_CONTEXT(
'Core Data for Automotive Mechanical Design Process');
#2219=PRODUCT_CONTEXT('part definition',#2218,'mechanical');
#2220=PRODUCT('CAC30UN','CAC30UN',$,(#2219));
#2221=PRESENTATION_STYLE_ASSIGNMENT((#2223));
#2222=PRESENTATION_STYLE_ASSIGNMENT((#2224));
#2223=SURFACE_STYLE_USAGE(.BOTH.,#2229);
#2224=SURFACE_STYLE_USAGE(.BOTH.,#2230);
#2225=SURFACE_STYLE_RENDERING_WITH_PROPERTIES($,#2237,(#2227));
#2226=SURFACE_STYLE_RENDERING_WITH_PROPERTIES($,#2238,(#2228));
#2227=SURFACE_STYLE_TRANSPARENT(0.);
#2228=SURFACE_STYLE_TRANSPARENT(0.);
#2229=SURFACE_SIDE_STYLE('',(#2231,#2225));
#2230=SURFACE_SIDE_STYLE('',(#2232,#2226));
#2231=SURFACE_STYLE_FILL_AREA(#2233);
#2232=SURFACE_STYLE_FILL_AREA(#2234);
#2233=FILL_AREA_STYLE('',(#2235));
#2234=FILL_AREA_STYLE('',(#2236));
#2235=FILL_AREA_STYLE_COLOUR('',#2237);
#2236=FILL_AREA_STYLE_COLOUR('',#2238);
#2237=COLOUR_RGB('',0.749019607843137,0.749019607843137,0.749019607843137);
#2238=COLOUR_RGB('',0.541176470588235,0.596078431372549,0.749019607843137);
ENDSEC;
END-ISO-10303-21;
