ISO-10303-21;
HEADER;
/* Generated by software containing ST-Developer
 * from STEP Tools, Inc. (www.steptools.com) 
 */

FILE_DESCRIPTION(
/* description */ (''),
/* implementation_level */ '2;1');

FILE_NAME(
/* name */ 
'C:\\Users\\Jo\X\E3o Tinoco\\Desktop\\Wolweiss - STEP\\C. Connecting\\
2. CBR\\CBR3060.step',
/* time_stamp */ '2024-04-29T17:18:34+01:00',
/* author */ ('project'),
/* organization */ (''),
/* preprocessor_version */ 'ST-DEVELOPER v19',
/* originating_system */ 'Autodesk Inventor 2023',
/* authorisation */ '');

FILE_SCHEMA (('AUTOMOTIVE_DESIGN { 1 0 10303 214 3 1 1 }'));
ENDSEC;

DATA;
#10=MECHANICAL_DESIGN_GEOMETRIC_PRESENTATION_REPRESENTATION('',(#13),#3159);
#11=SHAPE_REPRESENTATION_RELATIONSHIP('SRR','None',#3166,#12);
#12=ADVANCED_BREP_SHAPE_REPRESENTATION('',(#14),#3158);
#13=STYLED_ITEM('',(#3176),#14);
#14=MANIFOLD_SOLID_BREP('S\X\F3lido1',#1998);
#15=FACE_BOUND('',#205,.T.);
#16=FACE_BOUND('',#206,.T.);
#17=FACE_BOUND('',#210,.T.);
#18=FACE_BOUND('',#211,.T.);
#19=FACE_BOUND('',#212,.T.);
#20=FACE_BOUND('',#214,.T.);
#21=FACE_BOUND('',#215,.T.);
#22=FACE_BOUND('',#228,.T.);
#23=FACE_BOUND('',#229,.T.);
#24=FACE_BOUND('',#230,.T.);
#25=FACE_OUTER_BOUND('',#124,.T.);
#26=FACE_OUTER_BOUND('',#125,.T.);
#27=FACE_OUTER_BOUND('',#126,.T.);
#28=FACE_OUTER_BOUND('',#127,.T.);
#29=FACE_OUTER_BOUND('',#128,.T.);
#30=FACE_OUTER_BOUND('',#129,.T.);
#31=FACE_OUTER_BOUND('',#130,.T.);
#32=FACE_OUTER_BOUND('',#131,.T.);
#33=FACE_OUTER_BOUND('',#132,.T.);
#34=FACE_OUTER_BOUND('',#133,.T.);
#35=FACE_OUTER_BOUND('',#134,.T.);
#36=FACE_OUTER_BOUND('',#135,.T.);
#37=FACE_OUTER_BOUND('',#136,.T.);
#38=FACE_OUTER_BOUND('',#137,.T.);
#39=FACE_OUTER_BOUND('',#138,.T.);
#40=FACE_OUTER_BOUND('',#139,.T.);
#41=FACE_OUTER_BOUND('',#140,.T.);
#42=FACE_OUTER_BOUND('',#141,.T.);
#43=FACE_OUTER_BOUND('',#142,.T.);
#44=FACE_OUTER_BOUND('',#143,.T.);
#45=FACE_OUTER_BOUND('',#144,.T.);
#46=FACE_OUTER_BOUND('',#145,.T.);
#47=FACE_OUTER_BOUND('',#146,.T.);
#48=FACE_OUTER_BOUND('',#147,.T.);
#49=FACE_OUTER_BOUND('',#148,.T.);
#50=FACE_OUTER_BOUND('',#149,.T.);
#51=FACE_OUTER_BOUND('',#150,.T.);
#52=FACE_OUTER_BOUND('',#151,.T.);
#53=FACE_OUTER_BOUND('',#152,.T.);
#54=FACE_OUTER_BOUND('',#153,.T.);
#55=FACE_OUTER_BOUND('',#154,.T.);
#56=FACE_OUTER_BOUND('',#155,.T.);
#57=FACE_OUTER_BOUND('',#156,.T.);
#58=FACE_OUTER_BOUND('',#157,.T.);
#59=FACE_OUTER_BOUND('',#158,.T.);
#60=FACE_OUTER_BOUND('',#159,.T.);
#61=FACE_OUTER_BOUND('',#160,.T.);
#62=FACE_OUTER_BOUND('',#161,.T.);
#63=FACE_OUTER_BOUND('',#162,.T.);
#64=FACE_OUTER_BOUND('',#163,.T.);
#65=FACE_OUTER_BOUND('',#164,.T.);
#66=FACE_OUTER_BOUND('',#165,.T.);
#67=FACE_OUTER_BOUND('',#166,.T.);
#68=FACE_OUTER_BOUND('',#167,.T.);
#69=FACE_OUTER_BOUND('',#168,.T.);
#70=FACE_OUTER_BOUND('',#169,.T.);
#71=FACE_OUTER_BOUND('',#170,.T.);
#72=FACE_OUTER_BOUND('',#171,.T.);
#73=FACE_OUTER_BOUND('',#172,.T.);
#74=FACE_OUTER_BOUND('',#173,.T.);
#75=FACE_OUTER_BOUND('',#174,.T.);
#76=FACE_OUTER_BOUND('',#175,.T.);
#77=FACE_OUTER_BOUND('',#176,.T.);
#78=FACE_OUTER_BOUND('',#177,.T.);
#79=FACE_OUTER_BOUND('',#178,.T.);
#80=FACE_OUTER_BOUND('',#179,.T.);
#81=FACE_OUTER_BOUND('',#180,.T.);
#82=FACE_OUTER_BOUND('',#181,.T.);
#83=FACE_OUTER_BOUND('',#182,.T.);
#84=FACE_OUTER_BOUND('',#183,.T.);
#85=FACE_OUTER_BOUND('',#184,.T.);
#86=FACE_OUTER_BOUND('',#185,.T.);
#87=FACE_OUTER_BOUND('',#186,.T.);
#88=FACE_OUTER_BOUND('',#187,.T.);
#89=FACE_OUTER_BOUND('',#188,.T.);
#90=FACE_OUTER_BOUND('',#189,.T.);
#91=FACE_OUTER_BOUND('',#190,.T.);
#92=FACE_OUTER_BOUND('',#191,.T.);
#93=FACE_OUTER_BOUND('',#192,.T.);
#94=FACE_OUTER_BOUND('',#193,.T.);
#95=FACE_OUTER_BOUND('',#194,.T.);
#96=FACE_OUTER_BOUND('',#195,.T.);
#97=FACE_OUTER_BOUND('',#196,.T.);
#98=FACE_OUTER_BOUND('',#197,.T.);
#99=FACE_OUTER_BOUND('',#198,.T.);
#100=FACE_OUTER_BOUND('',#199,.T.);
#101=FACE_OUTER_BOUND('',#200,.T.);
#102=FACE_OUTER_BOUND('',#201,.T.);
#103=FACE_OUTER_BOUND('',#202,.T.);
#104=FACE_OUTER_BOUND('',#203,.T.);
#105=FACE_OUTER_BOUND('',#204,.T.);
#106=FACE_OUTER_BOUND('',#207,.T.);
#107=FACE_OUTER_BOUND('',#208,.T.);
#108=FACE_OUTER_BOUND('',#209,.T.);
#109=FACE_OUTER_BOUND('',#213,.T.);
#110=FACE_OUTER_BOUND('',#216,.T.);
#111=FACE_OUTER_BOUND('',#217,.T.);
#112=FACE_OUTER_BOUND('',#218,.T.);
#113=FACE_OUTER_BOUND('',#219,.T.);
#114=FACE_OUTER_BOUND('',#220,.T.);
#115=FACE_OUTER_BOUND('',#221,.T.);
#116=FACE_OUTER_BOUND('',#222,.T.);
#117=FACE_OUTER_BOUND('',#223,.T.);
#118=FACE_OUTER_BOUND('',#224,.T.);
#119=FACE_OUTER_BOUND('',#225,.T.);
#120=FACE_OUTER_BOUND('',#226,.T.);
#121=FACE_OUTER_BOUND('',#227,.T.);
#122=FACE_OUTER_BOUND('',#231,.T.);
#123=FACE_OUTER_BOUND('',#232,.T.);
#124=EDGE_LOOP('',(#1246,#1247,#1248,#1249));
#125=EDGE_LOOP('',(#1250,#1251,#1252,#1253));
#126=EDGE_LOOP('',(#1254,#1255,#1256,#1257));
#127=EDGE_LOOP('',(#1258,#1259,#1260,#1261));
#128=EDGE_LOOP('',(#1262,#1263,#1264,#1265));
#129=EDGE_LOOP('',(#1266,#1267,#1268,#1269));
#130=EDGE_LOOP('',(#1270,#1271,#1272,#1273));
#131=EDGE_LOOP('',(#1274,#1275,#1276,#1277));
#132=EDGE_LOOP('',(#1278,#1279,#1280,#1281));
#133=EDGE_LOOP('',(#1282,#1283,#1284,#1285));
#134=EDGE_LOOP('',(#1286,#1287,#1288,#1289));
#135=EDGE_LOOP('',(#1290,#1291,#1292,#1293));
#136=EDGE_LOOP('',(#1294,#1295,#1296,#1297));
#137=EDGE_LOOP('',(#1298,#1299,#1300,#1301));
#138=EDGE_LOOP('',(#1302,#1303,#1304,#1305));
#139=EDGE_LOOP('',(#1306,#1307,#1308,#1309));
#140=EDGE_LOOP('',(#1310,#1311,#1312,#1313));
#141=EDGE_LOOP('',(#1314,#1315,#1316,#1317));
#142=EDGE_LOOP('',(#1318,#1319,#1320,#1321));
#143=EDGE_LOOP('',(#1322,#1323,#1324,#1325));
#144=EDGE_LOOP('',(#1326,#1327,#1328,#1329));
#145=EDGE_LOOP('',(#1330,#1331,#1332,#1333));
#146=EDGE_LOOP('',(#1334,#1335,#1336,#1337));
#147=EDGE_LOOP('',(#1338,#1339,#1340,#1341));
#148=EDGE_LOOP('',(#1342,#1343,#1344,#1345));
#149=EDGE_LOOP('',(#1346,#1347,#1348,#1349));
#150=EDGE_LOOP('',(#1350,#1351,#1352,#1353));
#151=EDGE_LOOP('',(#1354,#1355,#1356,#1357));
#152=EDGE_LOOP('',(#1358,#1359,#1360,#1361));
#153=EDGE_LOOP('',(#1362,#1363,#1364,#1365));
#154=EDGE_LOOP('',(#1366,#1367,#1368,#1369));
#155=EDGE_LOOP('',(#1370,#1371,#1372,#1373));
#156=EDGE_LOOP('',(#1374,#1375,#1376,#1377));
#157=EDGE_LOOP('',(#1378,#1379,#1380,#1381));
#158=EDGE_LOOP('',(#1382,#1383,#1384));
#159=EDGE_LOOP('',(#1385,#1386,#1387,#1388));
#160=EDGE_LOOP('',(#1389,#1390,#1391));
#161=EDGE_LOOP('',(#1392,#1393,#1394,#1395));
#162=EDGE_LOOP('',(#1396,#1397,#1398,#1399));
#163=EDGE_LOOP('',(#1400,#1401,#1402,#1403));
#164=EDGE_LOOP('',(#1404,#1405,#1406,#1407));
#165=EDGE_LOOP('',(#1408,#1409,#1410,#1411,#1412,#1413,#1414,#1415,#1416,
#1417,#1418,#1419));
#166=EDGE_LOOP('',(#1420,#1421,#1422,#1423));
#167=EDGE_LOOP('',(#1424,#1425,#1426,#1427,#1428,#1429,#1430,#1431,#1432,
#1433));
#168=EDGE_LOOP('',(#1434,#1435,#1436,#1437));
#169=EDGE_LOOP('',(#1438,#1439,#1440,#1441));
#170=EDGE_LOOP('',(#1442,#1443,#1444,#1445));
#171=EDGE_LOOP('',(#1446,#1447,#1448,#1449));
#172=EDGE_LOOP('',(#1450,#1451,#1452,#1453));
#173=EDGE_LOOP('',(#1454,#1455,#1456,#1457));
#174=EDGE_LOOP('',(#1458,#1459,#1460,#1461));
#175=EDGE_LOOP('',(#1462,#1463,#1464,#1465));
#176=EDGE_LOOP('',(#1466,#1467,#1468,#1469));
#177=EDGE_LOOP('',(#1470,#1471,#1472,#1473));
#178=EDGE_LOOP('',(#1474,#1475,#1476,#1477));
#179=EDGE_LOOP('',(#1478,#1479,#1480,#1481,#1482,#1483));
#180=EDGE_LOOP('',(#1484,#1485,#1486,#1487));
#181=EDGE_LOOP('',(#1488,#1489,#1490,#1491));
#182=EDGE_LOOP('',(#1492,#1493,#1494,#1495));
#183=EDGE_LOOP('',(#1496,#1497,#1498,#1499));
#184=EDGE_LOOP('',(#1500,#1501,#1502,#1503));
#185=EDGE_LOOP('',(#1504,#1505,#1506,#1507,#1508,#1509));
#186=EDGE_LOOP('',(#1510,#1511,#1512,#1513));
#187=EDGE_LOOP('',(#1514,#1515,#1516,#1517));
#188=EDGE_LOOP('',(#1518,#1519,#1520,#1521));
#189=EDGE_LOOP('',(#1522,#1523,#1524,#1525));
#190=EDGE_LOOP('',(#1526,#1527,#1528,#1529));
#191=EDGE_LOOP('',(#1530,#1531,#1532,#1533,#1534,#1535));
#192=EDGE_LOOP('',(#1536,#1537,#1538,#1539));
#193=EDGE_LOOP('',(#1540,#1541,#1542,#1543));
#194=EDGE_LOOP('',(#1544,#1545,#1546,#1547));
#195=EDGE_LOOP('',(#1548,#1549,#1550,#1551));
#196=EDGE_LOOP('',(#1552,#1553,#1554,#1555));
#197=EDGE_LOOP('',(#1556,#1557,#1558,#1559,#1560,#1561));
#198=EDGE_LOOP('',(#1562,#1563,#1564,#1565));
#199=EDGE_LOOP('',(#1566,#1567,#1568,#1569));
#200=EDGE_LOOP('',(#1570,#1571,#1572,#1573,#1574,#1575,#1576,#1577));
#201=EDGE_LOOP('',(#1578,#1579,#1580,#1581,#1582,#1583,#1584,#1585));
#202=EDGE_LOOP('',(#1586,#1587,#1588,#1589,#1590,#1591,#1592,#1593));
#203=EDGE_LOOP('',(#1594,#1595,#1596,#1597,#1598,#1599,#1600,#1601,#1602,
#1603,#1604,#1605));
#204=EDGE_LOOP('',(#1606,#1607,#1608,#1609,#1610,#1611));
#205=EDGE_LOOP('',(#1612,#1613,#1614,#1615));
#206=EDGE_LOOP('',(#1616,#1617,#1618,#1619));
#207=EDGE_LOOP('',(#1620,#1621,#1622,#1623,#1624,#1625,#1626,#1627));
#208=EDGE_LOOP('',(#1628,#1629,#1630,#1631,#1632,#1633,#1634,#1635,#1636,
#1637,#1638,#1639));
#209=EDGE_LOOP('',(#1640,#1641,#1642,#1643,#1644,#1645,#1646,#1647,#1648,
#1649,#1650,#1651,#1652,#1653,#1654,#1655,#1656,#1657,#1658,#1659,#1660,
#1661,#1662,#1663,#1664,#1665,#1666,#1667));
#210=EDGE_LOOP('',(#1668,#1669,#1670,#1671));
#211=EDGE_LOOP('',(#1672,#1673,#1674,#1675));
#212=EDGE_LOOP('',(#1676,#1677,#1678,#1679));
#213=EDGE_LOOP('',(#1680,#1681,#1682,#1683,#1684,#1685));
#214=EDGE_LOOP('',(#1686,#1687,#1688,#1689));
#215=EDGE_LOOP('',(#1690,#1691,#1692,#1693));
#216=EDGE_LOOP('',(#1694,#1695,#1696,#1697));
#217=EDGE_LOOP('',(#1698,#1699,#1700,#1701,#1702,#1703,#1704,#1705,#1706,
#1707));
#218=EDGE_LOOP('',(#1708,#1709,#1710,#1711));
#219=EDGE_LOOP('',(#1712,#1713,#1714,#1715,#1716,#1717,#1718,#1719));
#220=EDGE_LOOP('',(#1720,#1721,#1722,#1723,#1724,#1725,#1726,#1727));
#221=EDGE_LOOP('',(#1728,#1729,#1730,#1731));
#222=EDGE_LOOP('',(#1732,#1733,#1734,#1735));
#223=EDGE_LOOP('',(#1736,#1737,#1738,#1739));
#224=EDGE_LOOP('',(#1740,#1741,#1742,#1743));
#225=EDGE_LOOP('',(#1744,#1745,#1746,#1747));
#226=EDGE_LOOP('',(#1748,#1749,#1750,#1751));
#227=EDGE_LOOP('',(#1752,#1753,#1754,#1755,#1756,#1757,#1758,#1759,#1760,
#1761,#1762,#1763,#1764,#1765,#1766,#1767,#1768,#1769,#1770,#1771,#1772,
#1773,#1774,#1775,#1776,#1777,#1778,#1779));
#228=EDGE_LOOP('',(#1780,#1781,#1782,#1783));
#229=EDGE_LOOP('',(#1784,#1785,#1786,#1787));
#230=EDGE_LOOP('',(#1788,#1789,#1790,#1791));
#231=EDGE_LOOP('',(#1792,#1793,#1794,#1795));
#232=EDGE_LOOP('',(#1796,#1797,#1798,#1799));
#233=LINE('',#2601,#510);
#234=LINE('',#2603,#511);
#235=LINE('',#2605,#512);
#236=LINE('',#2606,#513);
#237=LINE('',#2610,#514);
#238=LINE('',#2612,#515);
#239=LINE('',#2614,#516);
#240=LINE('',#2615,#517);
#241=LINE('',#2619,#518);
#242=LINE('',#2621,#519);
#243=LINE('',#2623,#520);
#244=LINE('',#2624,#521);
#245=LINE('',#2628,#522);
#246=LINE('',#2630,#523);
#247=LINE('',#2632,#524);
#248=LINE('',#2633,#525);
#249=LINE('',#2635,#526);
#250=LINE('',#2636,#527);
#251=LINE('',#2640,#528);
#252=LINE('',#2642,#529);
#253=LINE('',#2644,#530);
#254=LINE('',#2645,#531);
#255=LINE('',#2649,#532);
#256=LINE('',#2651,#533);
#257=LINE('',#2653,#534);
#258=LINE('',#2654,#535);
#259=LINE('',#2656,#536);
#260=LINE('',#2657,#537);
#261=LINE('',#2659,#538);
#262=LINE('',#2660,#539);
#263=LINE('',#2665,#540);
#264=LINE('',#2667,#541);
#265=LINE('',#2669,#542);
#266=LINE('',#2670,#543);
#267=LINE('',#2674,#544);
#268=LINE('',#2676,#545);
#269=LINE('',#2678,#546);
#270=LINE('',#2679,#547);
#271=LINE('',#2681,#548);
#272=LINE('',#2682,#549);
#273=LINE('',#2686,#550);
#274=LINE('',#2688,#551);
#275=LINE('',#2690,#552);
#276=LINE('',#2691,#553);
#277=LINE('',#2695,#554);
#278=LINE('',#2697,#555);
#279=LINE('',#2699,#556);
#280=LINE('',#2700,#557);
#281=LINE('',#2702,#558);
#282=LINE('',#2703,#559);
#283=LINE('',#2705,#560);
#284=LINE('',#2707,#561);
#285=LINE('',#2711,#562);
#286=LINE('',#2713,#563);
#287=LINE('',#2715,#564);
#288=LINE('',#2716,#565);
#289=LINE('',#2720,#566);
#290=LINE('',#2722,#567);
#291=LINE('',#2724,#568);
#292=LINE('',#2725,#569);
#293=LINE('',#2727,#570);
#294=LINE('',#2728,#571);
#295=LINE('',#2732,#572);
#296=LINE('',#2734,#573);
#297=LINE('',#2736,#574);
#298=LINE('',#2737,#575);
#299=LINE('',#2741,#576);
#300=LINE('',#2743,#577);
#301=LINE('',#2745,#578);
#302=LINE('',#2746,#579);
#303=LINE('',#2748,#580);
#304=LINE('',#2749,#581);
#305=LINE('',#2751,#582);
#306=LINE('',#2752,#583);
#307=LINE('',#2757,#584);
#308=LINE('',#2759,#585);
#309=LINE('',#2761,#586);
#310=LINE('',#2762,#587);
#311=LINE('',#2766,#588);
#312=LINE('',#2768,#589);
#313=LINE('',#2770,#590);
#314=LINE('',#2771,#591);
#315=LINE('',#2773,#592);
#316=LINE('',#2774,#593);
#317=LINE('',#2778,#594);
#318=LINE('',#2780,#595);
#319=LINE('',#2782,#596);
#320=LINE('',#2783,#597);
#321=LINE('',#2787,#598);
#322=LINE('',#2789,#599);
#323=LINE('',#2791,#600);
#324=LINE('',#2792,#601);
#325=LINE('',#2794,#602);
#326=LINE('',#2795,#603);
#327=LINE('',#2797,#604);
#328=LINE('',#2799,#605);
#329=LINE('',#2803,#606);
#330=LINE('',#2805,#607);
#331=LINE('',#2806,#608);
#332=LINE('',#2810,#609);
#333=LINE('',#2811,#610);
#334=LINE('',#2812,#611);
#335=LINE('',#2816,#612);
#336=LINE('',#2818,#613);
#337=LINE('',#2819,#614);
#338=LINE('',#2823,#615);
#339=LINE('',#2825,#616);
#340=LINE('',#2827,#617);
#341=LINE('',#2828,#618);
#342=LINE('',#2832,#619);
#343=LINE('',#2834,#620);
#344=LINE('',#2836,#621);
#345=LINE('',#2837,#622);
#346=LINE('',#2841,#623);
#347=LINE('',#2843,#624);
#348=LINE('',#2845,#625);
#349=LINE('',#2846,#626);
#350=LINE('',#2850,#627);
#351=LINE('',#2852,#628);
#352=LINE('',#2854,#629);
#353=LINE('',#2855,#630);
#354=LINE('',#2858,#631);
#355=LINE('',#2860,#632);
#356=LINE('',#2862,#633);
#357=LINE('',#2864,#634);
#358=LINE('',#2866,#635);
#359=LINE('',#2867,#636);
#360=LINE('',#2869,#637);
#361=LINE('',#2871,#638);
#362=LINE('',#2873,#639);
#363=LINE('',#2874,#640);
#364=LINE('',#2878,#641);
#365=LINE('',#2880,#642);
#366=LINE('',#2882,#643);
#367=LINE('',#2883,#644);
#368=LINE('',#2886,#645);
#369=LINE('',#2888,#646);
#370=LINE('',#2890,#647);
#371=LINE('',#2892,#648);
#372=LINE('',#2894,#649);
#373=LINE('',#2896,#650);
#374=LINE('',#2898,#651);
#375=LINE('',#2900,#652);
#376=LINE('',#2901,#653);
#377=LINE('',#2905,#654);
#378=LINE('',#2907,#655);
#379=LINE('',#2909,#656);
#380=LINE('',#2910,#657);
#381=LINE('',#2913,#658);
#382=LINE('',#2915,#659);
#383=LINE('',#2917,#660);
#384=LINE('',#2918,#661);
#385=LINE('',#2921,#662);
#386=LINE('',#2923,#663);
#387=LINE('',#2925,#664);
#388=LINE('',#2926,#665);
#389=LINE('',#2930,#666);
#390=LINE('',#2931,#667);
#391=LINE('',#2933,#668);
#392=LINE('',#2934,#669);
#393=LINE('',#2938,#670);
#394=LINE('',#2940,#671);
#395=LINE('',#2942,#672);
#396=LINE('',#2943,#673);
#397=LINE('',#2947,#674);
#398=LINE('',#2949,#675);
#399=LINE('',#2951,#676);
#400=LINE('',#2952,#677);
#401=LINE('',#2956,#678);
#402=LINE('',#2958,#679);
#403=LINE('',#2960,#680);
#404=LINE('',#2961,#681);
#405=LINE('',#2965,#682);
#406=LINE('',#2967,#683);
#407=LINE('',#2969,#684);
#408=LINE('',#2970,#685);
#409=LINE('',#2972,#686);
#410=LINE('',#2973,#687);
#411=LINE('',#2975,#688);
#412=LINE('',#2976,#689);
#413=LINE('',#2979,#690);
#414=LINE('',#2981,#691);
#415=LINE('',#2982,#692);
#416=LINE('',#2985,#693);
#417=LINE('',#2987,#694);
#418=LINE('',#2988,#695);
#419=LINE('',#2991,#696);
#420=LINE('',#2992,#697);
#421=LINE('',#2995,#698);
#422=LINE('',#2996,#699);
#423=LINE('',#2998,#700);
#424=LINE('',#2999,#701);
#425=LINE('',#3002,#702);
#426=LINE('',#3003,#703);
#427=LINE('',#3007,#704);
#428=LINE('',#3009,#705);
#429=LINE('',#3011,#706);
#430=LINE('',#3012,#707);
#431=LINE('',#3015,#708);
#432=LINE('',#3016,#709);
#433=LINE('',#3018,#710);
#434=LINE('',#3019,#711);
#435=LINE('',#3022,#712);
#436=LINE('',#3023,#713);
#437=LINE('',#3026,#714);
#438=LINE('',#3027,#715);
#439=LINE('',#3030,#716);
#440=LINE('',#3031,#717);
#441=LINE('',#3034,#718);
#442=LINE('',#3035,#719);
#443=LINE('',#3038,#720);
#444=LINE('',#3039,#721);
#445=LINE('',#3042,#722);
#446=LINE('',#3044,#723);
#447=LINE('',#3045,#724);
#448=LINE('',#3048,#725);
#449=LINE('',#3049,#726);
#450=LINE('',#3052,#727);
#451=LINE('',#3053,#728);
#452=LINE('',#3056,#729);
#453=LINE('',#3057,#730);
#454=LINE('',#3060,#731);
#455=LINE('',#3062,#732);
#456=LINE('',#3063,#733);
#457=LINE('',#3066,#734);
#458=LINE('',#3067,#735);
#459=LINE('',#3070,#736);
#460=LINE('',#3072,#737);
#461=LINE('',#3073,#738);
#462=LINE('',#3076,#739);
#463=LINE('',#3077,#740);
#464=LINE('',#3080,#741);
#465=LINE('',#3081,#742);
#466=LINE('',#3084,#743);
#467=LINE('',#3086,#744);
#468=LINE('',#3088,#745);
#469=LINE('',#3090,#746);
#470=LINE('',#3092,#747);
#471=LINE('',#3094,#748);
#472=LINE('',#3095,#749);
#473=LINE('',#3097,#750);
#474=LINE('',#3098,#751);
#475=LINE('',#3099,#752);
#476=LINE('',#3101,#753);
#477=LINE('',#3102,#754);
#478=LINE('',#3103,#755);
#479=LINE('',#3105,#756);
#480=LINE('',#3106,#757);
#481=LINE('',#3107,#758);
#482=LINE('',#3109,#759);
#483=LINE('',#3110,#760);
#484=LINE('',#3111,#761);
#485=LINE('',#3113,#762);
#486=LINE('',#3114,#763);
#487=LINE('',#3116,#764);
#488=LINE('',#3117,#765);
#489=LINE('',#3119,#766);
#490=LINE('',#3120,#767);
#491=LINE('',#3121,#768);
#492=LINE('',#3122,#769);
#493=LINE('',#3123,#770);
#494=LINE('',#3124,#771);
#495=LINE('',#3125,#772);
#496=LINE('',#3126,#773);
#497=LINE('',#3127,#774);
#498=LINE('',#3129,#775);
#499=LINE('',#3130,#776);
#500=LINE('',#3131,#777);
#501=LINE('',#3132,#778);
#502=LINE('',#3135,#779);
#503=LINE('',#3137,#780);
#504=LINE('',#3141,#781);
#505=LINE('',#3142,#782);
#506=LINE('',#3143,#783);
#507=LINE('',#3145,#784);
#508=LINE('',#3150,#785);
#509=LINE('',#3153,#786);
#510=VECTOR('',#2124,0.00141421356237311);
#511=VECTOR('',#2125,0.00900000000000002);
#512=VECTOR('',#2126,0.00141421356237311);
#513=VECTOR('',#2127,0.009);
#514=VECTOR('',#2130,0.00141421356237308);
#515=VECTOR('',#2131,0.00899999999999999);
#516=VECTOR('',#2132,0.00141421356237306);
#517=VECTOR('',#2133,0.00899999999999999);
#518=VECTOR('',#2136,0.00141421356237314);
#519=VECTOR('',#2137,0.00328444402022631);
#520=VECTOR('',#2138,0.00523034038686332);
#521=VECTOR('',#2139,0.002);
#522=VECTOR('',#2142,0.00141421356237314);
#523=VECTOR('',#2143,0.002);
#524=VECTOR('',#2144,0.00523034038686332);
#525=VECTOR('',#2145,0.00328444402022631);
#526=VECTOR('',#2148,0.004);
#527=VECTOR('',#2149,0.004);
#528=VECTOR('',#2152,0.044);
#529=VECTOR('',#2153,0.002);
#530=VECTOR('',#2154,0.0459999999999999);
#531=VECTOR('',#2155,0.00282842712474619);
#532=VECTOR('',#2158,0.044);
#533=VECTOR('',#2159,0.00282842712474619);
#534=VECTOR('',#2160,0.0459999999999999);
#535=VECTOR('',#2161,0.002);
#536=VECTOR('',#2164,0.004);
#537=VECTOR('',#2165,0.004);
#538=VECTOR('',#2168,0.004);
#539=VECTOR('',#2169,0.004);
#540=VECTOR('',#2174,0.00200000000000003);
#541=VECTOR('',#2175,0.00523034038686332);
#542=VECTOR('',#2176,0.0032844440202261);
#543=VECTOR('',#2177,0.00141421356237327);
#544=VECTOR('',#2180,0.00200000000000003);
#545=VECTOR('',#2181,0.00141421356237327);
#546=VECTOR('',#2182,0.0032844440202261);
#547=VECTOR('',#2183,0.00523034038686332);
#548=VECTOR('',#2186,0.004);
#549=VECTOR('',#2187,0.004);
#550=VECTOR('',#2190,0.00282842712474627);
#551=VECTOR('',#2191,0.0460000000000001);
#552=VECTOR('',#2192,0.00199999999999995);
#553=VECTOR('',#2193,0.044);
#554=VECTOR('',#2196,0.0028284271247462);
#555=VECTOR('',#2197,0.044);
#556=VECTOR('',#2198,0.00199999999999995);
#557=VECTOR('',#2199,0.0460000000000001);
#558=VECTOR('',#2202,0.004);
#559=VECTOR('',#2203,0.004);
#560=VECTOR('',#2206,0.004);
#561=VECTOR('',#2209,0.004);
#562=VECTOR('',#2212,0.00141421356237315);
#563=VECTOR('',#2213,0.002);
#564=VECTOR('',#2214,0.00523034038686333);
#565=VECTOR('',#2215,0.0032844440202263);
#566=VECTOR('',#2218,0.00141421356237314);
#567=VECTOR('',#2219,0.0032844440202263);
#568=VECTOR('',#2220,0.00523034038686332);
#569=VECTOR('',#2221,0.002);
#570=VECTOR('',#2224,0.004);
#571=VECTOR('',#2225,0.004);
#572=VECTOR('',#2228,0.044);
#573=VECTOR('',#2229,0.00282842712474607);
#574=VECTOR('',#2230,0.0459999999999999);
#575=VECTOR('',#2231,0.002);
#576=VECTOR('',#2234,0.044);
#577=VECTOR('',#2235,0.002);
#578=VECTOR('',#2236,0.0459999999999999);
#579=VECTOR('',#2237,0.00282842712474619);
#580=VECTOR('',#2240,0.004);
#581=VECTOR('',#2241,0.004);
#582=VECTOR('',#2244,0.004);
#583=VECTOR('',#2245,0.004);
#584=VECTOR('',#2250,0.00200000000000003);
#585=VECTOR('',#2251,0.00141421356237327);
#586=VECTOR('',#2252,0.0032844440202261);
#587=VECTOR('',#2253,0.00523034038686332);
#588=VECTOR('',#2256,0.00200000000000003);
#589=VECTOR('',#2257,0.00523034038686332);
#590=VECTOR('',#2258,0.0032844440202261);
#591=VECTOR('',#2259,0.00141421356237327);
#592=VECTOR('',#2262,0.004);
#593=VECTOR('',#2263,0.004);
#594=VECTOR('',#2266,0.00282842712474619);
#595=VECTOR('',#2267,0.044);
#596=VECTOR('',#2268,0.00199999999999999);
#597=VECTOR('',#2269,0.0460000000000001);
#598=VECTOR('',#2272,0.0028284271247462);
#599=VECTOR('',#2273,0.0460000000000001);
#600=VECTOR('',#2274,0.00199999999999995);
#601=VECTOR('',#2275,0.044);
#602=VECTOR('',#2278,0.004);
#603=VECTOR('',#2279,0.004);
#604=VECTOR('',#2282,0.004);
#605=VECTOR('',#2285,0.004);
#606=VECTOR('',#2288,0.00800000000000001);
#607=VECTOR('',#2289,0.0113137084989848);
#608=VECTOR('',#2290,0.00800000000000001);
#609=VECTOR('',#2293,0.0113137084989848);
#610=VECTOR('',#2294,0.00500000000000002);
#611=VECTOR('',#2295,0.00500000000000002);
#612=VECTOR('',#2298,0.05);
#613=VECTOR('',#2299,0.05);
#614=VECTOR('',#2300,0.0707106781186548);
#615=VECTOR('',#2303,0.012);
#616=VECTOR('',#2304,0.00848528137423855);
#617=VECTOR('',#2305,0.018);
#618=VECTOR('',#2306,0.00599999999999998);
#619=VECTOR('',#2309,0.012);
#620=VECTOR('',#2310,0.00848528137423858);
#621=VECTOR('',#2311,0.018);
#622=VECTOR('',#2312,0.00599999999999998);
#623=VECTOR('',#2315,0.012);
#624=VECTOR('',#2316,0.006);
#625=VECTOR('',#2317,0.018);
#626=VECTOR('',#2318,0.00848528137423857);
#627=VECTOR('',#2321,0.012);
#628=VECTOR('',#2322,0.00599999999999999);
#629=VECTOR('',#2323,0.0179999999999998);
#630=VECTOR('',#2324,0.00848528137423837);
#631=VECTOR('',#2327,0.0549999999999997);
#632=VECTOR('',#2328,0.0549999999999999);
#633=VECTOR('',#2329,0.00141421356237314);
#634=VECTOR('',#2330,0.00399999999999999);
#635=VECTOR('',#2331,0.0014142135623731);
#636=VECTOR('',#2332,0.042);
#637=VECTOR('',#2333,0.042);
#638=VECTOR('',#2334,0.0014142135623731);
#639=VECTOR('',#2335,0.00400000000000002);
#640=VECTOR('',#2336,0.00141421356237327);
#641=VECTOR('',#2339,0.00249999999999707);
#642=VECTOR('',#2340,0.0021213203435598);
#643=VECTOR('',#2341,0.000999999999997329);
#644=VECTOR('',#2342,0.00149999999999933);
#645=VECTOR('',#2345,0.00158578643762664);
#646=VECTOR('',#2346,0.0015857864376269);
#647=VECTOR('',#2347,0.001);
#648=VECTOR('',#2348,0.0013284271247454);
#649=VECTOR('',#2349,0.000999999999998843);
#650=VECTOR('',#2350,0.000999999999998773);
#651=VECTOR('',#2351,0.00100000000000134);
#652=VECTOR('',#2352,0.00132842712474551);
#653=VECTOR('',#2353,0.000999999999999992);
#654=VECTOR('',#2356,0.000999999999999703);
#655=VECTOR('',#2357,0.00212132034355999);
#656=VECTOR('',#2358,0.00249999999999917);
#657=VECTOR('',#2359,0.00150000000000074);
#658=VECTOR('',#2362,0.00141421356237283);
#659=VECTOR('',#2363,0.00300000000000097);
#660=VECTOR('',#2364,0.000999999999998905);
#661=VECTOR('',#2365,0.00200000000000246);
#662=VECTOR('',#2368,0.00141421356237349);
#663=VECTOR('',#2369,0.00199999999999886);
#664=VECTOR('',#2370,0.000999999999998912);
#665=VECTOR('',#2371,0.00300000000000035);
#666=VECTOR('',#2374,0.00300000000000033);
#667=VECTOR('',#2375,0.00141421356237327);
#668=VECTOR('',#2376,0.00199999999999888);
#669=VECTOR('',#2377,0.000999999999998918);
#670=VECTOR('',#2380,0.012);
#671=VECTOR('',#2381,0.00599999999999998);
#672=VECTOR('',#2382,0.018);
#673=VECTOR('',#2383,0.00848528137423855);
#674=VECTOR('',#2386,0.012);
#675=VECTOR('',#2387,0.00599999999999998);
#676=VECTOR('',#2388,0.0180000000000001);
#677=VECTOR('',#2389,0.0084852813742386);
#678=VECTOR('',#2392,0.012);
#679=VECTOR('',#2393,0.00848528137423857);
#680=VECTOR('',#2394,0.018);
#681=VECTOR('',#2395,0.00599999999999999);
#682=VECTOR('',#2398,0.012);
#683=VECTOR('',#2399,0.00848528137423858);
#684=VECTOR('',#2400,0.0179999999999998);
#685=VECTOR('',#2401,0.006);
#686=VECTOR('',#2404,0.0065);
#687=VECTOR('',#2405,0.0065);
#688=VECTOR('',#2408,0.0065);
#689=VECTOR('',#2409,0.0065);
#690=VECTOR('',#2412,0.00800000000000001);
#691=VECTOR('',#2413,0.00800000000000001);
#692=VECTOR('',#2414,0.000999999999998905);
#693=VECTOR('',#2417,0.00800000000000001);
#694=VECTOR('',#2418,0.00200000000000244);
#695=VECTOR('',#2419,0.000999999999997605);
#696=VECTOR('',#2422,0.00800000000000001);
#697=VECTOR('',#2423,0.0014999999999996);
#698=VECTOR('',#2426,0.00800000000000001);
#699=VECTOR('',#2427,0.00249999999999707);
#700=VECTOR('',#2430,0.0065);
#701=VECTOR('',#2431,0.0065);
#702=VECTOR('',#2434,0.00141421356237323);
#703=VECTOR('',#2435,0.00300000000000099);
#704=VECTOR('',#2438,0.00800000000000001);
#705=VECTOR('',#2439,0.00100000000000005);
#706=VECTOR('',#2440,0.00800000000000001);
#707=VECTOR('',#2441,0.00100000000000005);
#708=VECTOR('',#2444,0.00800000000000001);
#709=VECTOR('',#2445,0.0020000000000002);
#710=VECTOR('',#2446,0.00200000000000019);
#711=VECTOR('',#2447,0.00100000000000005);
#712=VECTOR('',#2450,0.00800000000000001);
#713=VECTOR('',#2451,0.00132842712474536);
#714=VECTOR('',#2454,0.00800000000000001);
#715=VECTOR('',#2455,0.000999999999998843);
#716=VECTOR('',#2458,0.00800000000000001);
#717=VECTOR('',#2459,0.000999999999998773);
#718=VECTOR('',#2462,0.00800000000000001);
#719=VECTOR('',#2463,0.00100000000000134);
#720=VECTOR('',#2466,0.00800000000000001);
#721=VECTOR('',#2467,0.00132842712474551);
#722=VECTOR('',#2470,0.00800000000000001);
#723=VECTOR('',#2471,0.000999999999999973);
#724=VECTOR('',#2472,0.00199999999999888);
#725=VECTOR('',#2475,0.00800000000000001);
#726=VECTOR('',#2476,0.000999999999998912);
#727=VECTOR('',#2479,0.00141421356237298);
#728=VECTOR('',#2480,0.00300000000000031);
#729=VECTOR('',#2483,0.00141421356237348);
#730=VECTOR('',#2484,0.00300000000000036);
#731=VECTOR('',#2487,0.00800000000000001);
#732=VECTOR('',#2488,0.00800000000000001);
#733=VECTOR('',#2489,0.00249999999999917);
#734=VECTOR('',#2492,0.00800000000000001);
#735=VECTOR('',#2493,0.00150000000000074);
#736=VECTOR('',#2496,0.00800000000000001);
#737=VECTOR('',#2497,0.000999999999999697);
#738=VECTOR('',#2498,0.00199999999999888);
#739=VECTOR('',#2501,0.00800000000000001);
#740=VECTOR('',#2502,0.000999999999998918);
#741=VECTOR('',#2505,0.00141421356237325);
#742=VECTOR('',#2506,0.00300000000000032);
#743=VECTOR('',#2509,0.0549999999999999);
#744=VECTOR('',#2510,0.0549999999999997);
#745=VECTOR('',#2511,0.00141421356237327);
#746=VECTOR('',#2512,0.00400000000000002);
#747=VECTOR('',#2513,0.073539105243401);
#748=VECTOR('',#2514,0.00399999999999999);
#749=VECTOR('',#2515,0.00141421356237315);
#750=VECTOR('',#2518,0.00199999999999999);
#751=VECTOR('',#2519,0.012);
#752=VECTOR('',#2520,0.00199999999999999);
#753=VECTOR('',#2523,0.012);
#754=VECTOR('',#2524,0.00199999999999999);
#755=VECTOR('',#2525,0.00199999999999998);
#756=VECTOR('',#2528,0.00300000000000001);
#757=VECTOR('',#2529,0.026);
#758=VECTOR('',#2530,0.00299999999999999);
#759=VECTOR('',#2533,0.016);
#760=VECTOR('',#2534,0.021);
#761=VECTOR('',#2535,0.0065);
#762=VECTOR('',#2538,0.026);
#763=VECTOR('',#2539,0.021);
#764=VECTOR('',#2542,0.00299999999999999);
#765=VECTOR('',#2543,0.00300000000000001);
#766=VECTOR('',#2546,0.00158578643762667);
#767=VECTOR('',#2547,0.00300000000000001);
#768=VECTOR('',#2548,0.00212132034356001);
#769=VECTOR('',#2549,0.00300000000000001);
#770=VECTOR('',#2550,0.000749999999999993);
#771=VECTOR('',#2551,0.0065);
#772=VECTOR('',#2552,0.000750000000000011);
#773=VECTOR('',#2553,0.0065);
#774=VECTOR('',#2554,0.0065);
#775=VECTOR('',#2557,0.0065);
#776=VECTOR('',#2558,0.0065);
#777=VECTOR('',#2559,0.0065);
#778=VECTOR('',#2560,0.0065);
#779=VECTOR('',#2565,0.00158578643762694);
#780=VECTOR('',#2568,0.0021213203435598);
#781=VECTOR('',#2573,0.00300000000000031);
#782=VECTOR('',#2574,0.000749999999999993);
#783=VECTOR('',#2575,0.000750000000000011);
#784=VECTOR('',#2578,0.00141421356237308);
#785=VECTOR('',#2587,0.00300000000000001);
#786=VECTOR('',#2592,0.00300000000000001);
#787=VERTEX_POINT('',#2599);
#788=VERTEX_POINT('',#2600);
#789=VERTEX_POINT('',#2602);
#790=VERTEX_POINT('',#2604);
#791=VERTEX_POINT('',#2608);
#792=VERTEX_POINT('',#2609);
#793=VERTEX_POINT('',#2611);
#794=VERTEX_POINT('',#2613);
#795=VERTEX_POINT('',#2617);
#796=VERTEX_POINT('',#2618);
#797=VERTEX_POINT('',#2620);
#798=VERTEX_POINT('',#2622);
#799=VERTEX_POINT('',#2626);
#800=VERTEX_POINT('',#2627);
#801=VERTEX_POINT('',#2629);
#802=VERTEX_POINT('',#2631);
#803=VERTEX_POINT('',#2638);
#804=VERTEX_POINT('',#2639);
#805=VERTEX_POINT('',#2641);
#806=VERTEX_POINT('',#2643);
#807=VERTEX_POINT('',#2647);
#808=VERTEX_POINT('',#2648);
#809=VERTEX_POINT('',#2650);
#810=VERTEX_POINT('',#2652);
#811=VERTEX_POINT('',#2663);
#812=VERTEX_POINT('',#2664);
#813=VERTEX_POINT('',#2666);
#814=VERTEX_POINT('',#2668);
#815=VERTEX_POINT('',#2672);
#816=VERTEX_POINT('',#2673);
#817=VERTEX_POINT('',#2675);
#818=VERTEX_POINT('',#2677);
#819=VERTEX_POINT('',#2684);
#820=VERTEX_POINT('',#2685);
#821=VERTEX_POINT('',#2687);
#822=VERTEX_POINT('',#2689);
#823=VERTEX_POINT('',#2693);
#824=VERTEX_POINT('',#2694);
#825=VERTEX_POINT('',#2696);
#826=VERTEX_POINT('',#2698);
#827=VERTEX_POINT('',#2709);
#828=VERTEX_POINT('',#2710);
#829=VERTEX_POINT('',#2712);
#830=VERTEX_POINT('',#2714);
#831=VERTEX_POINT('',#2718);
#832=VERTEX_POINT('',#2719);
#833=VERTEX_POINT('',#2721);
#834=VERTEX_POINT('',#2723);
#835=VERTEX_POINT('',#2730);
#836=VERTEX_POINT('',#2731);
#837=VERTEX_POINT('',#2733);
#838=VERTEX_POINT('',#2735);
#839=VERTEX_POINT('',#2739);
#840=VERTEX_POINT('',#2740);
#841=VERTEX_POINT('',#2742);
#842=VERTEX_POINT('',#2744);
#843=VERTEX_POINT('',#2755);
#844=VERTEX_POINT('',#2756);
#845=VERTEX_POINT('',#2758);
#846=VERTEX_POINT('',#2760);
#847=VERTEX_POINT('',#2764);
#848=VERTEX_POINT('',#2765);
#849=VERTEX_POINT('',#2767);
#850=VERTEX_POINT('',#2769);
#851=VERTEX_POINT('',#2776);
#852=VERTEX_POINT('',#2777);
#853=VERTEX_POINT('',#2779);
#854=VERTEX_POINT('',#2781);
#855=VERTEX_POINT('',#2785);
#856=VERTEX_POINT('',#2786);
#857=VERTEX_POINT('',#2788);
#858=VERTEX_POINT('',#2790);
#859=VERTEX_POINT('',#2801);
#860=VERTEX_POINT('',#2802);
#861=VERTEX_POINT('',#2804);
#862=VERTEX_POINT('',#2808);
#863=VERTEX_POINT('',#2809);
#864=VERTEX_POINT('',#2814);
#865=VERTEX_POINT('',#2815);
#866=VERTEX_POINT('',#2817);
#867=VERTEX_POINT('',#2821);
#868=VERTEX_POINT('',#2822);
#869=VERTEX_POINT('',#2824);
#870=VERTEX_POINT('',#2826);
#871=VERTEX_POINT('',#2830);
#872=VERTEX_POINT('',#2831);
#873=VERTEX_POINT('',#2833);
#874=VERTEX_POINT('',#2835);
#875=VERTEX_POINT('',#2839);
#876=VERTEX_POINT('',#2840);
#877=VERTEX_POINT('',#2842);
#878=VERTEX_POINT('',#2844);
#879=VERTEX_POINT('',#2848);
#880=VERTEX_POINT('',#2849);
#881=VERTEX_POINT('',#2851);
#882=VERTEX_POINT('',#2853);
#883=VERTEX_POINT('',#2857);
#884=VERTEX_POINT('',#2859);
#885=VERTEX_POINT('',#2861);
#886=VERTEX_POINT('',#2863);
#887=VERTEX_POINT('',#2865);
#888=VERTEX_POINT('',#2868);
#889=VERTEX_POINT('',#2870);
#890=VERTEX_POINT('',#2872);
#891=VERTEX_POINT('',#2876);
#892=VERTEX_POINT('',#2877);
#893=VERTEX_POINT('',#2879);
#894=VERTEX_POINT('',#2881);
#895=VERTEX_POINT('',#2885);
#896=VERTEX_POINT('',#2887);
#897=VERTEX_POINT('',#2889);
#898=VERTEX_POINT('',#2891);
#899=VERTEX_POINT('',#2893);
#900=VERTEX_POINT('',#2895);
#901=VERTEX_POINT('',#2897);
#902=VERTEX_POINT('',#2899);
#903=VERTEX_POINT('',#2903);
#904=VERTEX_POINT('',#2904);
#905=VERTEX_POINT('',#2906);
#906=VERTEX_POINT('',#2908);
#907=VERTEX_POINT('',#2912);
#908=VERTEX_POINT('',#2914);
#909=VERTEX_POINT('',#2916);
#910=VERTEX_POINT('',#2920);
#911=VERTEX_POINT('',#2922);
#912=VERTEX_POINT('',#2924);
#913=VERTEX_POINT('',#2928);
#914=VERTEX_POINT('',#2929);
#915=VERTEX_POINT('',#2932);
#916=VERTEX_POINT('',#2936);
#917=VERTEX_POINT('',#2937);
#918=VERTEX_POINT('',#2939);
#919=VERTEX_POINT('',#2941);
#920=VERTEX_POINT('',#2945);
#921=VERTEX_POINT('',#2946);
#922=VERTEX_POINT('',#2948);
#923=VERTEX_POINT('',#2950);
#924=VERTEX_POINT('',#2954);
#925=VERTEX_POINT('',#2955);
#926=VERTEX_POINT('',#2957);
#927=VERTEX_POINT('',#2959);
#928=VERTEX_POINT('',#2963);
#929=VERTEX_POINT('',#2964);
#930=VERTEX_POINT('',#2966);
#931=VERTEX_POINT('',#2968);
#932=VERTEX_POINT('',#2978);
#933=VERTEX_POINT('',#2980);
#934=VERTEX_POINT('',#2984);
#935=VERTEX_POINT('',#2986);
#936=VERTEX_POINT('',#2990);
#937=VERTEX_POINT('',#2994);
#938=VERTEX_POINT('',#3001);
#939=VERTEX_POINT('',#3005);
#940=VERTEX_POINT('',#3006);
#941=VERTEX_POINT('',#3008);
#942=VERTEX_POINT('',#3010);
#943=VERTEX_POINT('',#3014);
#944=VERTEX_POINT('',#3017);
#945=VERTEX_POINT('',#3021);
#946=VERTEX_POINT('',#3025);
#947=VERTEX_POINT('',#3029);
#948=VERTEX_POINT('',#3033);
#949=VERTEX_POINT('',#3037);
#950=VERTEX_POINT('',#3041);
#951=VERTEX_POINT('',#3043);
#952=VERTEX_POINT('',#3047);
#953=VERTEX_POINT('',#3051);
#954=VERTEX_POINT('',#3055);
#955=VERTEX_POINT('',#3059);
#956=VERTEX_POINT('',#3061);
#957=VERTEX_POINT('',#3065);
#958=VERTEX_POINT('',#3069);
#959=VERTEX_POINT('',#3071);
#960=VERTEX_POINT('',#3075);
#961=VERTEX_POINT('',#3079);
#962=VERTEX_POINT('',#3083);
#963=VERTEX_POINT('',#3085);
#964=VERTEX_POINT('',#3087);
#965=VERTEX_POINT('',#3089);
#966=VERTEX_POINT('',#3091);
#967=VERTEX_POINT('',#3093);
#968=VERTEX_POINT('',#3140);
#969=EDGE_CURVE('',#787,#788,#233,.T.);
#970=EDGE_CURVE('',#789,#787,#234,.T.);
#971=EDGE_CURVE('',#790,#789,#235,.T.);
#972=EDGE_CURVE('',#788,#790,#236,.T.);
#973=EDGE_CURVE('',#791,#792,#237,.T.);
#974=EDGE_CURVE('',#793,#791,#238,.T.);
#975=EDGE_CURVE('',#794,#793,#239,.T.);
#976=EDGE_CURVE('',#792,#794,#240,.T.);
#977=EDGE_CURVE('',#795,#796,#241,.T.);
#978=EDGE_CURVE('',#796,#797,#242,.T.);
#979=EDGE_CURVE('',#797,#798,#243,.T.);
#980=EDGE_CURVE('',#798,#795,#244,.T.);
#981=EDGE_CURVE('',#799,#800,#245,.T.);
#982=EDGE_CURVE('',#801,#799,#246,.T.);
#983=EDGE_CURVE('',#802,#801,#247,.T.);
#984=EDGE_CURVE('',#800,#802,#248,.T.);
#985=EDGE_CURVE('',#802,#797,#249,.T.);
#986=EDGE_CURVE('',#801,#798,#250,.T.);
#987=EDGE_CURVE('',#803,#804,#251,.T.);
#988=EDGE_CURVE('',#804,#805,#252,.T.);
#989=EDGE_CURVE('',#805,#806,#253,.T.);
#990=EDGE_CURVE('',#806,#803,#254,.T.);
#991=EDGE_CURVE('',#807,#808,#255,.T.);
#992=EDGE_CURVE('',#809,#807,#256,.T.);
#993=EDGE_CURVE('',#810,#809,#257,.T.);
#994=EDGE_CURVE('',#808,#810,#258,.T.);
#995=EDGE_CURVE('',#809,#806,#259,.T.);
#996=EDGE_CURVE('',#807,#803,#260,.T.);
#997=EDGE_CURVE('',#808,#804,#261,.T.);
#998=EDGE_CURVE('',#810,#805,#262,.T.);
#999=EDGE_CURVE('',#811,#812,#263,.T.);
#1000=EDGE_CURVE('',#811,#813,#264,.T.);
#1001=EDGE_CURVE('',#814,#813,#265,.T.);
#1002=EDGE_CURVE('',#812,#814,#266,.T.);
#1003=EDGE_CURVE('',#815,#816,#267,.T.);
#1004=EDGE_CURVE('',#816,#817,#268,.T.);
#1005=EDGE_CURVE('',#817,#818,#269,.T.);
#1006=EDGE_CURVE('',#815,#818,#270,.T.);
#1007=EDGE_CURVE('',#815,#811,#271,.T.);
#1008=EDGE_CURVE('',#818,#813,#272,.T.);
#1009=EDGE_CURVE('',#819,#820,#273,.T.);
#1010=EDGE_CURVE('',#821,#819,#274,.T.);
#1011=EDGE_CURVE('',#821,#822,#275,.T.);
#1012=EDGE_CURVE('',#822,#820,#276,.T.);
#1013=EDGE_CURVE('',#823,#824,#277,.T.);
#1014=EDGE_CURVE('',#825,#824,#278,.T.);
#1015=EDGE_CURVE('',#826,#825,#279,.T.);
#1016=EDGE_CURVE('',#826,#823,#280,.T.);
#1017=EDGE_CURVE('',#825,#822,#281,.T.);
#1018=EDGE_CURVE('',#824,#820,#282,.T.);
#1019=EDGE_CURVE('',#826,#821,#283,.T.);
#1020=EDGE_CURVE('',#823,#819,#284,.T.);
#1021=EDGE_CURVE('',#827,#828,#285,.T.);
#1022=EDGE_CURVE('',#829,#827,#286,.T.);
#1023=EDGE_CURVE('',#830,#829,#287,.T.);
#1024=EDGE_CURVE('',#828,#830,#288,.T.);
#1025=EDGE_CURVE('',#831,#832,#289,.T.);
#1026=EDGE_CURVE('',#832,#833,#290,.T.);
#1027=EDGE_CURVE('',#833,#834,#291,.T.);
#1028=EDGE_CURVE('',#834,#831,#292,.T.);
#1029=EDGE_CURVE('',#834,#829,#293,.T.);
#1030=EDGE_CURVE('',#833,#830,#294,.T.);
#1031=EDGE_CURVE('',#835,#836,#295,.T.);
#1032=EDGE_CURVE('',#837,#835,#296,.T.);
#1033=EDGE_CURVE('',#838,#837,#297,.T.);
#1034=EDGE_CURVE('',#836,#838,#298,.T.);
#1035=EDGE_CURVE('',#839,#840,#299,.T.);
#1036=EDGE_CURVE('',#840,#841,#300,.T.);
#1037=EDGE_CURVE('',#841,#842,#301,.T.);
#1038=EDGE_CURVE('',#842,#839,#302,.T.);
#1039=EDGE_CURVE('',#841,#838,#303,.T.);
#1040=EDGE_CURVE('',#840,#836,#304,.T.);
#1041=EDGE_CURVE('',#839,#835,#305,.T.);
#1042=EDGE_CURVE('',#842,#837,#306,.T.);
#1043=EDGE_CURVE('',#843,#844,#307,.T.);
#1044=EDGE_CURVE('',#844,#845,#308,.T.);
#1045=EDGE_CURVE('',#845,#846,#309,.T.);
#1046=EDGE_CURVE('',#843,#846,#310,.T.);
#1047=EDGE_CURVE('',#847,#848,#311,.T.);
#1048=EDGE_CURVE('',#847,#849,#312,.T.);
#1049=EDGE_CURVE('',#850,#849,#313,.T.);
#1050=EDGE_CURVE('',#848,#850,#314,.T.);
#1051=EDGE_CURVE('',#849,#846,#315,.T.);
#1052=EDGE_CURVE('',#847,#843,#316,.T.);
#1053=EDGE_CURVE('',#851,#852,#317,.T.);
#1054=EDGE_CURVE('',#853,#852,#318,.T.);
#1055=EDGE_CURVE('',#854,#853,#319,.T.);
#1056=EDGE_CURVE('',#854,#851,#320,.T.);
#1057=EDGE_CURVE('',#855,#856,#321,.T.);
#1058=EDGE_CURVE('',#857,#855,#322,.T.);
#1059=EDGE_CURVE('',#857,#858,#323,.T.);
#1060=EDGE_CURVE('',#858,#856,#324,.T.);
#1061=EDGE_CURVE('',#858,#853,#325,.T.);
#1062=EDGE_CURVE('',#857,#854,#326,.T.);
#1063=EDGE_CURVE('',#856,#852,#327,.T.);
#1064=EDGE_CURVE('',#855,#851,#328,.T.);
#1065=EDGE_CURVE('',#859,#860,#329,.T.);
#1066=EDGE_CURVE('',#861,#859,#330,.T.);
#1067=EDGE_CURVE('',#860,#861,#331,.T.);
#1068=EDGE_CURVE('',#862,#863,#332,.T.);
#1069=EDGE_CURVE('',#861,#862,#333,.T.);
#1070=EDGE_CURVE('',#859,#863,#334,.T.);
#1071=EDGE_CURVE('',#864,#865,#335,.T.);
#1072=EDGE_CURVE('',#866,#864,#336,.T.);
#1073=EDGE_CURVE('',#865,#866,#337,.T.);
#1074=EDGE_CURVE('',#867,#868,#338,.T.);
#1075=EDGE_CURVE('',#869,#867,#339,.T.);
#1076=EDGE_CURVE('',#870,#869,#340,.T.);
#1077=EDGE_CURVE('',#868,#870,#341,.T.);
#1078=EDGE_CURVE('',#871,#872,#342,.T.);
#1079=EDGE_CURVE('',#873,#871,#343,.T.);
#1080=EDGE_CURVE('',#874,#873,#344,.T.);
#1081=EDGE_CURVE('',#872,#874,#345,.T.);
#1082=EDGE_CURVE('',#875,#876,#346,.T.);
#1083=EDGE_CURVE('',#877,#875,#347,.T.);
#1084=EDGE_CURVE('',#878,#877,#348,.T.);
#1085=EDGE_CURVE('',#876,#878,#349,.T.);
#1086=EDGE_CURVE('',#879,#880,#350,.T.);
#1087=EDGE_CURVE('',#881,#879,#351,.T.);
#1088=EDGE_CURVE('',#882,#881,#352,.T.);
#1089=EDGE_CURVE('',#880,#882,#353,.T.);
#1090=EDGE_CURVE('',#787,#883,#354,.T.);
#1091=EDGE_CURVE('',#884,#788,#355,.T.);
#1092=EDGE_CURVE('',#885,#884,#356,.T.);
#1093=EDGE_CURVE('',#886,#885,#357,.T.);
#1094=EDGE_CURVE('',#887,#886,#358,.T.);
#1095=EDGE_CURVE('',#862,#887,#359,.T.);
#1096=EDGE_CURVE('',#888,#863,#360,.T.);
#1097=EDGE_CURVE('',#889,#888,#361,.T.);
#1098=EDGE_CURVE('',#890,#889,#362,.T.);
#1099=EDGE_CURVE('',#883,#890,#363,.T.);
#1100=EDGE_CURVE('',#891,#892,#364,.T.);
#1101=EDGE_CURVE('',#891,#893,#365,.T.);
#1102=EDGE_CURVE('',#894,#893,#366,.T.);
#1103=EDGE_CURVE('',#892,#894,#367,.T.);
#1104=EDGE_CURVE('',#895,#790,#368,.T.);
#1105=EDGE_CURVE('',#789,#896,#369,.T.);
#1106=EDGE_CURVE('',#897,#896,#370,.T.);
#1107=EDGE_CURVE('',#898,#897,#371,.T.);
#1108=EDGE_CURVE('',#899,#898,#372,.T.);
#1109=EDGE_CURVE('',#900,#899,#373,.T.);
#1110=EDGE_CURVE('',#901,#900,#374,.T.);
#1111=EDGE_CURVE('',#902,#901,#375,.T.);
#1112=EDGE_CURVE('',#895,#902,#376,.T.);
#1113=EDGE_CURVE('',#903,#904,#377,.T.);
#1114=EDGE_CURVE('',#903,#905,#378,.T.);
#1115=EDGE_CURVE('',#906,#905,#379,.T.);
#1116=EDGE_CURVE('',#904,#906,#380,.T.);
#1117=EDGE_CURVE('',#893,#907,#381,.T.);
#1118=EDGE_CURVE('',#908,#907,#382,.T.);
#1119=EDGE_CURVE('',#909,#908,#383,.T.);
#1120=EDGE_CURVE('',#893,#909,#384,.T.);
#1121=EDGE_CURVE('',#895,#910,#385,.T.);
#1122=EDGE_CURVE('',#911,#895,#386,.T.);
#1123=EDGE_CURVE('',#912,#911,#387,.T.);
#1124=EDGE_CURVE('',#910,#912,#388,.T.);
#1125=EDGE_CURVE('',#913,#914,#389,.T.);
#1126=EDGE_CURVE('',#913,#903,#390,.T.);
#1127=EDGE_CURVE('',#915,#903,#391,.T.);
#1128=EDGE_CURVE('',#914,#915,#392,.T.);
#1129=EDGE_CURVE('',#916,#917,#393,.T.);
#1130=EDGE_CURVE('',#917,#918,#394,.T.);
#1131=EDGE_CURVE('',#918,#919,#395,.T.);
#1132=EDGE_CURVE('',#919,#916,#396,.T.);
#1133=EDGE_CURVE('',#920,#921,#397,.T.);
#1134=EDGE_CURVE('',#921,#922,#398,.T.);
#1135=EDGE_CURVE('',#922,#923,#399,.T.);
#1136=EDGE_CURVE('',#923,#920,#400,.T.);
#1137=EDGE_CURVE('',#924,#925,#401,.T.);
#1138=EDGE_CURVE('',#925,#926,#402,.T.);
#1139=EDGE_CURVE('',#926,#927,#403,.T.);
#1140=EDGE_CURVE('',#927,#924,#404,.T.);
#1141=EDGE_CURVE('',#928,#929,#405,.T.);
#1142=EDGE_CURVE('',#929,#930,#406,.T.);
#1143=EDGE_CURVE('',#930,#931,#407,.T.);
#1144=EDGE_CURVE('',#931,#928,#408,.T.);
#1145=EDGE_CURVE('',#921,#872,#409,.T.);
#1146=EDGE_CURVE('',#922,#874,#410,.T.);
#1147=EDGE_CURVE('',#919,#869,#411,.T.);
#1148=EDGE_CURVE('',#916,#867,#412,.T.);
#1149=EDGE_CURVE('',#932,#909,#413,.T.);
#1150=EDGE_CURVE('',#933,#908,#414,.T.);
#1151=EDGE_CURVE('',#932,#933,#415,.T.);
#1152=EDGE_CURVE('',#934,#894,#416,.T.);
#1153=EDGE_CURVE('',#935,#932,#417,.T.);
#1154=EDGE_CURVE('',#934,#935,#418,.T.);
#1155=EDGE_CURVE('',#936,#892,#419,.T.);
#1156=EDGE_CURVE('',#936,#934,#420,.T.);
#1157=EDGE_CURVE('',#937,#891,#421,.T.);
#1158=EDGE_CURVE('',#937,#936,#422,.T.);
#1159=EDGE_CURVE('',#917,#868,#423,.T.);
#1160=EDGE_CURVE('',#918,#870,#424,.T.);
#1161=EDGE_CURVE('',#935,#938,#425,.T.);
#1162=EDGE_CURVE('',#933,#938,#426,.T.);
#1163=EDGE_CURVE('',#939,#940,#427,.T.);
#1164=EDGE_CURVE('',#940,#941,#428,.T.);
#1165=EDGE_CURVE('',#942,#941,#429,.T.);
#1166=EDGE_CURVE('',#939,#942,#430,.T.);
#1167=EDGE_CURVE('',#943,#897,#431,.T.);
#1168=EDGE_CURVE('',#896,#940,#432,.T.);
#1169=EDGE_CURVE('',#944,#939,#433,.T.);
#1170=EDGE_CURVE('',#943,#944,#434,.T.);
#1171=EDGE_CURVE('',#945,#898,#435,.T.);
#1172=EDGE_CURVE('',#945,#943,#436,.T.);
#1173=EDGE_CURVE('',#946,#899,#437,.T.);
#1174=EDGE_CURVE('',#946,#945,#438,.T.);
#1175=EDGE_CURVE('',#947,#900,#439,.T.);
#1176=EDGE_CURVE('',#947,#946,#440,.T.);
#1177=EDGE_CURVE('',#948,#901,#441,.T.);
#1178=EDGE_CURVE('',#948,#947,#442,.T.);
#1179=EDGE_CURVE('',#949,#902,#443,.T.);
#1180=EDGE_CURVE('',#949,#948,#444,.T.);
#1181=EDGE_CURVE('',#950,#911,#445,.T.);
#1182=EDGE_CURVE('',#951,#949,#446,.T.);
#1183=EDGE_CURVE('',#950,#951,#447,.T.);
#1184=EDGE_CURVE('',#952,#912,#448,.T.);
#1185=EDGE_CURVE('',#952,#950,#449,.T.);
#1186=EDGE_CURVE('',#944,#953,#450,.T.);
#1187=EDGE_CURVE('',#942,#953,#451,.T.);
#1188=EDGE_CURVE('',#954,#951,#452,.T.);
#1189=EDGE_CURVE('',#954,#952,#453,.T.);
#1190=EDGE_CURVE('',#955,#906,#454,.T.);
#1191=EDGE_CURVE('',#956,#905,#455,.T.);
#1192=EDGE_CURVE('',#955,#956,#456,.T.);
#1193=EDGE_CURVE('',#957,#904,#457,.T.);
#1194=EDGE_CURVE('',#957,#955,#458,.T.);
#1195=EDGE_CURVE('',#958,#915,#459,.T.);
#1196=EDGE_CURVE('',#959,#957,#460,.T.);
#1197=EDGE_CURVE('',#958,#959,#461,.T.);
#1198=EDGE_CURVE('',#960,#914,#462,.T.);
#1199=EDGE_CURVE('',#960,#958,#463,.T.);
#1200=EDGE_CURVE('',#961,#959,#464,.T.);
#1201=EDGE_CURVE('',#961,#960,#465,.T.);
#1202=EDGE_CURVE('',#962,#791,#466,.T.);
#1203=EDGE_CURVE('',#792,#963,#467,.T.);
#1204=EDGE_CURVE('',#963,#964,#468,.T.);
#1205=EDGE_CURVE('',#964,#965,#469,.T.);
#1206=EDGE_CURVE('',#965,#966,#470,.T.);
#1207=EDGE_CURVE('',#966,#967,#471,.T.);
#1208=EDGE_CURVE('',#967,#962,#472,.T.);
#1209=EDGE_CURVE('',#817,#907,#473,.T.);
#1210=EDGE_CURVE('',#848,#816,#474,.T.);
#1211=EDGE_CURVE('',#850,#938,#475,.T.);
#1212=EDGE_CURVE('',#831,#799,#476,.T.);
#1213=EDGE_CURVE('',#800,#913,#477,.T.);
#1214=EDGE_CURVE('',#832,#961,#478,.T.);
#1215=EDGE_CURVE('',#967,#827,#479,.T.);
#1216=EDGE_CURVE('',#966,#886,#480,.T.);
#1217=EDGE_CURVE('',#795,#885,#481,.T.);
#1218=EDGE_CURVE('',#864,#860,#482,.T.);
#1219=EDGE_CURVE('',#865,#888,#483,.T.);
#1220=EDGE_CURVE('',#920,#871,#484,.T.);
#1221=EDGE_CURVE('',#965,#889,#485,.T.);
#1222=EDGE_CURVE('',#866,#887,#486,.T.);
#1223=EDGE_CURVE('',#812,#890,#487,.T.);
#1224=EDGE_CURVE('',#964,#844,#488,.T.);
#1225=EDGE_CURVE('',#951,#793,#489,.T.);
#1226=EDGE_CURVE('',#962,#828,#490,.T.);
#1227=EDGE_CURVE('',#959,#956,#491,.T.);
#1228=EDGE_CURVE('',#884,#796,#492,.T.);
#1229=EDGE_CURVE('',#882,#910,#493,.T.);
#1230=EDGE_CURVE('',#931,#881,#494,.T.);
#1231=EDGE_CURVE('',#930,#954,#495,.T.);
#1232=EDGE_CURVE('',#926,#878,#496,.T.);
#1233=EDGE_CURVE('',#927,#877,#497,.T.);
#1234=EDGE_CURVE('',#924,#875,#498,.T.);
#1235=EDGE_CURVE('',#925,#876,#499,.T.);
#1236=EDGE_CURVE('',#928,#879,#500,.T.);
#1237=EDGE_CURVE('',#929,#880,#501,.T.);
#1238=EDGE_CURVE('',#794,#944,#502,.T.);
#1239=EDGE_CURVE('',#937,#935,#503,.T.);
#1240=EDGE_CURVE('',#941,#968,#504,.T.);
#1241=EDGE_CURVE('',#873,#968,#505,.T.);
#1242=EDGE_CURVE('',#923,#953,#506,.T.);
#1243=EDGE_CURVE('',#896,#968,#507,.T.);
#1244=EDGE_CURVE('',#963,#845,#508,.T.);
#1245=EDGE_CURVE('',#883,#814,#509,.T.);
#1246=ORIENTED_EDGE('',*,*,#969,.F.);
#1247=ORIENTED_EDGE('',*,*,#970,.F.);
#1248=ORIENTED_EDGE('',*,*,#971,.F.);
#1249=ORIENTED_EDGE('',*,*,#972,.F.);
#1250=ORIENTED_EDGE('',*,*,#973,.F.);
#1251=ORIENTED_EDGE('',*,*,#974,.F.);
#1252=ORIENTED_EDGE('',*,*,#975,.F.);
#1253=ORIENTED_EDGE('',*,*,#976,.F.);
#1254=ORIENTED_EDGE('',*,*,#977,.T.);
#1255=ORIENTED_EDGE('',*,*,#978,.T.);
#1256=ORIENTED_EDGE('',*,*,#979,.T.);
#1257=ORIENTED_EDGE('',*,*,#980,.T.);
#1258=ORIENTED_EDGE('',*,*,#981,.F.);
#1259=ORIENTED_EDGE('',*,*,#982,.F.);
#1260=ORIENTED_EDGE('',*,*,#983,.F.);
#1261=ORIENTED_EDGE('',*,*,#984,.F.);
#1262=ORIENTED_EDGE('',*,*,#979,.F.);
#1263=ORIENTED_EDGE('',*,*,#985,.F.);
#1264=ORIENTED_EDGE('',*,*,#983,.T.);
#1265=ORIENTED_EDGE('',*,*,#986,.T.);
#1266=ORIENTED_EDGE('',*,*,#987,.T.);
#1267=ORIENTED_EDGE('',*,*,#988,.T.);
#1268=ORIENTED_EDGE('',*,*,#989,.T.);
#1269=ORIENTED_EDGE('',*,*,#990,.T.);
#1270=ORIENTED_EDGE('',*,*,#991,.F.);
#1271=ORIENTED_EDGE('',*,*,#992,.F.);
#1272=ORIENTED_EDGE('',*,*,#993,.F.);
#1273=ORIENTED_EDGE('',*,*,#994,.F.);
#1274=ORIENTED_EDGE('',*,*,#990,.F.);
#1275=ORIENTED_EDGE('',*,*,#995,.F.);
#1276=ORIENTED_EDGE('',*,*,#992,.T.);
#1277=ORIENTED_EDGE('',*,*,#996,.T.);
#1278=ORIENTED_EDGE('',*,*,#988,.F.);
#1279=ORIENTED_EDGE('',*,*,#997,.F.);
#1280=ORIENTED_EDGE('',*,*,#994,.T.);
#1281=ORIENTED_EDGE('',*,*,#998,.T.);
#1282=ORIENTED_EDGE('',*,*,#987,.F.);
#1283=ORIENTED_EDGE('',*,*,#996,.F.);
#1284=ORIENTED_EDGE('',*,*,#991,.T.);
#1285=ORIENTED_EDGE('',*,*,#997,.T.);
#1286=ORIENTED_EDGE('',*,*,#999,.F.);
#1287=ORIENTED_EDGE('',*,*,#1000,.T.);
#1288=ORIENTED_EDGE('',*,*,#1001,.F.);
#1289=ORIENTED_EDGE('',*,*,#1002,.F.);
#1290=ORIENTED_EDGE('',*,*,#1003,.T.);
#1291=ORIENTED_EDGE('',*,*,#1004,.T.);
#1292=ORIENTED_EDGE('',*,*,#1005,.T.);
#1293=ORIENTED_EDGE('',*,*,#1006,.F.);
#1294=ORIENTED_EDGE('',*,*,#1000,.F.);
#1295=ORIENTED_EDGE('',*,*,#1007,.F.);
#1296=ORIENTED_EDGE('',*,*,#1006,.T.);
#1297=ORIENTED_EDGE('',*,*,#1008,.T.);
#1298=ORIENTED_EDGE('',*,*,#1009,.F.);
#1299=ORIENTED_EDGE('',*,*,#1010,.F.);
#1300=ORIENTED_EDGE('',*,*,#1011,.T.);
#1301=ORIENTED_EDGE('',*,*,#1012,.T.);
#1302=ORIENTED_EDGE('',*,*,#1013,.T.);
#1303=ORIENTED_EDGE('',*,*,#1014,.F.);
#1304=ORIENTED_EDGE('',*,*,#1015,.F.);
#1305=ORIENTED_EDGE('',*,*,#1016,.T.);
#1306=ORIENTED_EDGE('',*,*,#1012,.F.);
#1307=ORIENTED_EDGE('',*,*,#1017,.F.);
#1308=ORIENTED_EDGE('',*,*,#1014,.T.);
#1309=ORIENTED_EDGE('',*,*,#1018,.T.);
#1310=ORIENTED_EDGE('',*,*,#1011,.F.);
#1311=ORIENTED_EDGE('',*,*,#1019,.F.);
#1312=ORIENTED_EDGE('',*,*,#1015,.T.);
#1313=ORIENTED_EDGE('',*,*,#1017,.T.);
#1314=ORIENTED_EDGE('',*,*,#1009,.T.);
#1315=ORIENTED_EDGE('',*,*,#1018,.F.);
#1316=ORIENTED_EDGE('',*,*,#1013,.F.);
#1317=ORIENTED_EDGE('',*,*,#1020,.T.);
#1318=ORIENTED_EDGE('',*,*,#1021,.F.);
#1319=ORIENTED_EDGE('',*,*,#1022,.F.);
#1320=ORIENTED_EDGE('',*,*,#1023,.F.);
#1321=ORIENTED_EDGE('',*,*,#1024,.F.);
#1322=ORIENTED_EDGE('',*,*,#1025,.T.);
#1323=ORIENTED_EDGE('',*,*,#1026,.T.);
#1324=ORIENTED_EDGE('',*,*,#1027,.T.);
#1325=ORIENTED_EDGE('',*,*,#1028,.T.);
#1326=ORIENTED_EDGE('',*,*,#1023,.T.);
#1327=ORIENTED_EDGE('',*,*,#1029,.F.);
#1328=ORIENTED_EDGE('',*,*,#1027,.F.);
#1329=ORIENTED_EDGE('',*,*,#1030,.T.);
#1330=ORIENTED_EDGE('',*,*,#1031,.F.);
#1331=ORIENTED_EDGE('',*,*,#1032,.F.);
#1332=ORIENTED_EDGE('',*,*,#1033,.F.);
#1333=ORIENTED_EDGE('',*,*,#1034,.F.);
#1334=ORIENTED_EDGE('',*,*,#1035,.T.);
#1335=ORIENTED_EDGE('',*,*,#1036,.T.);
#1336=ORIENTED_EDGE('',*,*,#1037,.T.);
#1337=ORIENTED_EDGE('',*,*,#1038,.T.);
#1338=ORIENTED_EDGE('',*,*,#1034,.T.);
#1339=ORIENTED_EDGE('',*,*,#1039,.F.);
#1340=ORIENTED_EDGE('',*,*,#1036,.F.);
#1341=ORIENTED_EDGE('',*,*,#1040,.T.);
#1342=ORIENTED_EDGE('',*,*,#1032,.T.);
#1343=ORIENTED_EDGE('',*,*,#1041,.F.);
#1344=ORIENTED_EDGE('',*,*,#1038,.F.);
#1345=ORIENTED_EDGE('',*,*,#1042,.T.);
#1346=ORIENTED_EDGE('',*,*,#1031,.T.);
#1347=ORIENTED_EDGE('',*,*,#1040,.F.);
#1348=ORIENTED_EDGE('',*,*,#1035,.F.);
#1349=ORIENTED_EDGE('',*,*,#1041,.T.);
#1350=ORIENTED_EDGE('',*,*,#1043,.T.);
#1351=ORIENTED_EDGE('',*,*,#1044,.T.);
#1352=ORIENTED_EDGE('',*,*,#1045,.T.);
#1353=ORIENTED_EDGE('',*,*,#1046,.F.);
#1354=ORIENTED_EDGE('',*,*,#1047,.F.);
#1355=ORIENTED_EDGE('',*,*,#1048,.T.);
#1356=ORIENTED_EDGE('',*,*,#1049,.F.);
#1357=ORIENTED_EDGE('',*,*,#1050,.F.);
#1358=ORIENTED_EDGE('',*,*,#1046,.T.);
#1359=ORIENTED_EDGE('',*,*,#1051,.F.);
#1360=ORIENTED_EDGE('',*,*,#1048,.F.);
#1361=ORIENTED_EDGE('',*,*,#1052,.T.);
#1362=ORIENTED_EDGE('',*,*,#1053,.T.);
#1363=ORIENTED_EDGE('',*,*,#1054,.F.);
#1364=ORIENTED_EDGE('',*,*,#1055,.F.);
#1365=ORIENTED_EDGE('',*,*,#1056,.T.);
#1366=ORIENTED_EDGE('',*,*,#1057,.F.);
#1367=ORIENTED_EDGE('',*,*,#1058,.F.);
#1368=ORIENTED_EDGE('',*,*,#1059,.T.);
#1369=ORIENTED_EDGE('',*,*,#1060,.T.);
#1370=ORIENTED_EDGE('',*,*,#1055,.T.);
#1371=ORIENTED_EDGE('',*,*,#1061,.F.);
#1372=ORIENTED_EDGE('',*,*,#1059,.F.);
#1373=ORIENTED_EDGE('',*,*,#1062,.T.);
#1374=ORIENTED_EDGE('',*,*,#1054,.T.);
#1375=ORIENTED_EDGE('',*,*,#1063,.F.);
#1376=ORIENTED_EDGE('',*,*,#1060,.F.);
#1377=ORIENTED_EDGE('',*,*,#1061,.T.);
#1378=ORIENTED_EDGE('',*,*,#1053,.F.);
#1379=ORIENTED_EDGE('',*,*,#1064,.F.);
#1380=ORIENTED_EDGE('',*,*,#1057,.T.);
#1381=ORIENTED_EDGE('',*,*,#1063,.T.);
#1382=ORIENTED_EDGE('',*,*,#1065,.F.);
#1383=ORIENTED_EDGE('',*,*,#1066,.F.);
#1384=ORIENTED_EDGE('',*,*,#1067,.F.);
#1385=ORIENTED_EDGE('',*,*,#1068,.F.);
#1386=ORIENTED_EDGE('',*,*,#1069,.F.);
#1387=ORIENTED_EDGE('',*,*,#1066,.T.);
#1388=ORIENTED_EDGE('',*,*,#1070,.T.);
#1389=ORIENTED_EDGE('',*,*,#1071,.F.);
#1390=ORIENTED_EDGE('',*,*,#1072,.F.);
#1391=ORIENTED_EDGE('',*,*,#1073,.F.);
#1392=ORIENTED_EDGE('',*,*,#1074,.F.);
#1393=ORIENTED_EDGE('',*,*,#1075,.F.);
#1394=ORIENTED_EDGE('',*,*,#1076,.F.);
#1395=ORIENTED_EDGE('',*,*,#1077,.F.);
#1396=ORIENTED_EDGE('',*,*,#1078,.F.);
#1397=ORIENTED_EDGE('',*,*,#1079,.F.);
#1398=ORIENTED_EDGE('',*,*,#1080,.F.);
#1399=ORIENTED_EDGE('',*,*,#1081,.F.);
#1400=ORIENTED_EDGE('',*,*,#1082,.F.);
#1401=ORIENTED_EDGE('',*,*,#1083,.F.);
#1402=ORIENTED_EDGE('',*,*,#1084,.F.);
#1403=ORIENTED_EDGE('',*,*,#1085,.F.);
#1404=ORIENTED_EDGE('',*,*,#1086,.F.);
#1405=ORIENTED_EDGE('',*,*,#1087,.F.);
#1406=ORIENTED_EDGE('',*,*,#1088,.F.);
#1407=ORIENTED_EDGE('',*,*,#1089,.F.);
#1408=ORIENTED_EDGE('',*,*,#1090,.F.);
#1409=ORIENTED_EDGE('',*,*,#969,.T.);
#1410=ORIENTED_EDGE('',*,*,#1091,.F.);
#1411=ORIENTED_EDGE('',*,*,#1092,.F.);
#1412=ORIENTED_EDGE('',*,*,#1093,.F.);
#1413=ORIENTED_EDGE('',*,*,#1094,.F.);
#1414=ORIENTED_EDGE('',*,*,#1095,.F.);
#1415=ORIENTED_EDGE('',*,*,#1068,.T.);
#1416=ORIENTED_EDGE('',*,*,#1096,.F.);
#1417=ORIENTED_EDGE('',*,*,#1097,.F.);
#1418=ORIENTED_EDGE('',*,*,#1098,.F.);
#1419=ORIENTED_EDGE('',*,*,#1099,.F.);
#1420=ORIENTED_EDGE('',*,*,#1100,.F.);
#1421=ORIENTED_EDGE('',*,*,#1101,.T.);
#1422=ORIENTED_EDGE('',*,*,#1102,.F.);
#1423=ORIENTED_EDGE('',*,*,#1103,.F.);
#1424=ORIENTED_EDGE('',*,*,#1104,.T.);
#1425=ORIENTED_EDGE('',*,*,#971,.T.);
#1426=ORIENTED_EDGE('',*,*,#1105,.T.);
#1427=ORIENTED_EDGE('',*,*,#1106,.F.);
#1428=ORIENTED_EDGE('',*,*,#1107,.F.);
#1429=ORIENTED_EDGE('',*,*,#1108,.F.);
#1430=ORIENTED_EDGE('',*,*,#1109,.F.);
#1431=ORIENTED_EDGE('',*,*,#1110,.F.);
#1432=ORIENTED_EDGE('',*,*,#1111,.F.);
#1433=ORIENTED_EDGE('',*,*,#1112,.F.);
#1434=ORIENTED_EDGE('',*,*,#1113,.F.);
#1435=ORIENTED_EDGE('',*,*,#1114,.T.);
#1436=ORIENTED_EDGE('',*,*,#1115,.F.);
#1437=ORIENTED_EDGE('',*,*,#1116,.F.);
#1438=ORIENTED_EDGE('',*,*,#1117,.T.);
#1439=ORIENTED_EDGE('',*,*,#1118,.F.);
#1440=ORIENTED_EDGE('',*,*,#1119,.F.);
#1441=ORIENTED_EDGE('',*,*,#1120,.F.);
#1442=ORIENTED_EDGE('',*,*,#1121,.F.);
#1443=ORIENTED_EDGE('',*,*,#1122,.F.);
#1444=ORIENTED_EDGE('',*,*,#1123,.F.);
#1445=ORIENTED_EDGE('',*,*,#1124,.F.);
#1446=ORIENTED_EDGE('',*,*,#1125,.F.);
#1447=ORIENTED_EDGE('',*,*,#1126,.T.);
#1448=ORIENTED_EDGE('',*,*,#1127,.F.);
#1449=ORIENTED_EDGE('',*,*,#1128,.F.);
#1450=ORIENTED_EDGE('',*,*,#1129,.T.);
#1451=ORIENTED_EDGE('',*,*,#1130,.T.);
#1452=ORIENTED_EDGE('',*,*,#1131,.T.);
#1453=ORIENTED_EDGE('',*,*,#1132,.T.);
#1454=ORIENTED_EDGE('',*,*,#1133,.T.);
#1455=ORIENTED_EDGE('',*,*,#1134,.T.);
#1456=ORIENTED_EDGE('',*,*,#1135,.T.);
#1457=ORIENTED_EDGE('',*,*,#1136,.T.);
#1458=ORIENTED_EDGE('',*,*,#1137,.T.);
#1459=ORIENTED_EDGE('',*,*,#1138,.T.);
#1460=ORIENTED_EDGE('',*,*,#1139,.T.);
#1461=ORIENTED_EDGE('',*,*,#1140,.T.);
#1462=ORIENTED_EDGE('',*,*,#1141,.T.);
#1463=ORIENTED_EDGE('',*,*,#1142,.T.);
#1464=ORIENTED_EDGE('',*,*,#1143,.T.);
#1465=ORIENTED_EDGE('',*,*,#1144,.T.);
#1466=ORIENTED_EDGE('',*,*,#1145,.T.);
#1467=ORIENTED_EDGE('',*,*,#1081,.T.);
#1468=ORIENTED_EDGE('',*,*,#1146,.F.);
#1469=ORIENTED_EDGE('',*,*,#1134,.F.);
#1470=ORIENTED_EDGE('',*,*,#1147,.T.);
#1471=ORIENTED_EDGE('',*,*,#1075,.T.);
#1472=ORIENTED_EDGE('',*,*,#1148,.F.);
#1473=ORIENTED_EDGE('',*,*,#1132,.F.);
#1474=ORIENTED_EDGE('',*,*,#1149,.T.);
#1475=ORIENTED_EDGE('',*,*,#1119,.T.);
#1476=ORIENTED_EDGE('',*,*,#1150,.F.);
#1477=ORIENTED_EDGE('',*,*,#1151,.F.);
#1478=ORIENTED_EDGE('',*,*,#1152,.T.);
#1479=ORIENTED_EDGE('',*,*,#1102,.T.);
#1480=ORIENTED_EDGE('',*,*,#1120,.T.);
#1481=ORIENTED_EDGE('',*,*,#1149,.F.);
#1482=ORIENTED_EDGE('',*,*,#1153,.F.);
#1483=ORIENTED_EDGE('',*,*,#1154,.F.);
#1484=ORIENTED_EDGE('',*,*,#1155,.T.);
#1485=ORIENTED_EDGE('',*,*,#1103,.T.);
#1486=ORIENTED_EDGE('',*,*,#1152,.F.);
#1487=ORIENTED_EDGE('',*,*,#1156,.F.);
#1488=ORIENTED_EDGE('',*,*,#1157,.T.);
#1489=ORIENTED_EDGE('',*,*,#1100,.T.);
#1490=ORIENTED_EDGE('',*,*,#1155,.F.);
#1491=ORIENTED_EDGE('',*,*,#1158,.F.);
#1492=ORIENTED_EDGE('',*,*,#1159,.T.);
#1493=ORIENTED_EDGE('',*,*,#1077,.T.);
#1494=ORIENTED_EDGE('',*,*,#1160,.F.);
#1495=ORIENTED_EDGE('',*,*,#1130,.F.);
#1496=ORIENTED_EDGE('',*,*,#1161,.F.);
#1497=ORIENTED_EDGE('',*,*,#1153,.T.);
#1498=ORIENTED_EDGE('',*,*,#1151,.T.);
#1499=ORIENTED_EDGE('',*,*,#1162,.T.);
#1500=ORIENTED_EDGE('',*,*,#1163,.T.);
#1501=ORIENTED_EDGE('',*,*,#1164,.T.);
#1502=ORIENTED_EDGE('',*,*,#1165,.F.);
#1503=ORIENTED_EDGE('',*,*,#1166,.F.);
#1504=ORIENTED_EDGE('',*,*,#1167,.T.);
#1505=ORIENTED_EDGE('',*,*,#1106,.T.);
#1506=ORIENTED_EDGE('',*,*,#1168,.T.);
#1507=ORIENTED_EDGE('',*,*,#1163,.F.);
#1508=ORIENTED_EDGE('',*,*,#1169,.F.);
#1509=ORIENTED_EDGE('',*,*,#1170,.F.);
#1510=ORIENTED_EDGE('',*,*,#1171,.T.);
#1511=ORIENTED_EDGE('',*,*,#1107,.T.);
#1512=ORIENTED_EDGE('',*,*,#1167,.F.);
#1513=ORIENTED_EDGE('',*,*,#1172,.F.);
#1514=ORIENTED_EDGE('',*,*,#1173,.T.);
#1515=ORIENTED_EDGE('',*,*,#1108,.T.);
#1516=ORIENTED_EDGE('',*,*,#1171,.F.);
#1517=ORIENTED_EDGE('',*,*,#1174,.F.);
#1518=ORIENTED_EDGE('',*,*,#1175,.T.);
#1519=ORIENTED_EDGE('',*,*,#1109,.T.);
#1520=ORIENTED_EDGE('',*,*,#1173,.F.);
#1521=ORIENTED_EDGE('',*,*,#1176,.F.);
#1522=ORIENTED_EDGE('',*,*,#1177,.T.);
#1523=ORIENTED_EDGE('',*,*,#1110,.T.);
#1524=ORIENTED_EDGE('',*,*,#1175,.F.);
#1525=ORIENTED_EDGE('',*,*,#1178,.F.);
#1526=ORIENTED_EDGE('',*,*,#1179,.T.);
#1527=ORIENTED_EDGE('',*,*,#1111,.T.);
#1528=ORIENTED_EDGE('',*,*,#1177,.F.);
#1529=ORIENTED_EDGE('',*,*,#1180,.F.);
#1530=ORIENTED_EDGE('',*,*,#1181,.T.);
#1531=ORIENTED_EDGE('',*,*,#1122,.T.);
#1532=ORIENTED_EDGE('',*,*,#1112,.T.);
#1533=ORIENTED_EDGE('',*,*,#1179,.F.);
#1534=ORIENTED_EDGE('',*,*,#1182,.F.);
#1535=ORIENTED_EDGE('',*,*,#1183,.F.);
#1536=ORIENTED_EDGE('',*,*,#1184,.T.);
#1537=ORIENTED_EDGE('',*,*,#1123,.T.);
#1538=ORIENTED_EDGE('',*,*,#1181,.F.);
#1539=ORIENTED_EDGE('',*,*,#1185,.F.);
#1540=ORIENTED_EDGE('',*,*,#1186,.F.);
#1541=ORIENTED_EDGE('',*,*,#1169,.T.);
#1542=ORIENTED_EDGE('',*,*,#1166,.T.);
#1543=ORIENTED_EDGE('',*,*,#1187,.T.);
#1544=ORIENTED_EDGE('',*,*,#1188,.F.);
#1545=ORIENTED_EDGE('',*,*,#1189,.T.);
#1546=ORIENTED_EDGE('',*,*,#1185,.T.);
#1547=ORIENTED_EDGE('',*,*,#1183,.T.);
#1548=ORIENTED_EDGE('',*,*,#1190,.T.);
#1549=ORIENTED_EDGE('',*,*,#1115,.T.);
#1550=ORIENTED_EDGE('',*,*,#1191,.F.);
#1551=ORIENTED_EDGE('',*,*,#1192,.F.);
#1552=ORIENTED_EDGE('',*,*,#1193,.T.);
#1553=ORIENTED_EDGE('',*,*,#1116,.T.);
#1554=ORIENTED_EDGE('',*,*,#1190,.F.);
#1555=ORIENTED_EDGE('',*,*,#1194,.F.);
#1556=ORIENTED_EDGE('',*,*,#1195,.T.);
#1557=ORIENTED_EDGE('',*,*,#1127,.T.);
#1558=ORIENTED_EDGE('',*,*,#1113,.T.);
#1559=ORIENTED_EDGE('',*,*,#1193,.F.);
#1560=ORIENTED_EDGE('',*,*,#1196,.F.);
#1561=ORIENTED_EDGE('',*,*,#1197,.F.);
#1562=ORIENTED_EDGE('',*,*,#1198,.T.);
#1563=ORIENTED_EDGE('',*,*,#1128,.T.);
#1564=ORIENTED_EDGE('',*,*,#1195,.F.);
#1565=ORIENTED_EDGE('',*,*,#1199,.F.);
#1566=ORIENTED_EDGE('',*,*,#1197,.T.);
#1567=ORIENTED_EDGE('',*,*,#1200,.F.);
#1568=ORIENTED_EDGE('',*,*,#1201,.T.);
#1569=ORIENTED_EDGE('',*,*,#1199,.T.);
#1570=ORIENTED_EDGE('',*,*,#1202,.T.);
#1571=ORIENTED_EDGE('',*,*,#973,.T.);
#1572=ORIENTED_EDGE('',*,*,#1203,.T.);
#1573=ORIENTED_EDGE('',*,*,#1204,.T.);
#1574=ORIENTED_EDGE('',*,*,#1205,.T.);
#1575=ORIENTED_EDGE('',*,*,#1206,.T.);
#1576=ORIENTED_EDGE('',*,*,#1207,.T.);
#1577=ORIENTED_EDGE('',*,*,#1208,.T.);
#1578=ORIENTED_EDGE('',*,*,#1209,.F.);
#1579=ORIENTED_EDGE('',*,*,#1004,.F.);
#1580=ORIENTED_EDGE('',*,*,#1210,.F.);
#1581=ORIENTED_EDGE('',*,*,#1050,.T.);
#1582=ORIENTED_EDGE('',*,*,#1211,.T.);
#1583=ORIENTED_EDGE('',*,*,#1162,.F.);
#1584=ORIENTED_EDGE('',*,*,#1150,.T.);
#1585=ORIENTED_EDGE('',*,*,#1118,.T.);
#1586=ORIENTED_EDGE('',*,*,#1212,.T.);
#1587=ORIENTED_EDGE('',*,*,#981,.T.);
#1588=ORIENTED_EDGE('',*,*,#1213,.T.);
#1589=ORIENTED_EDGE('',*,*,#1125,.T.);
#1590=ORIENTED_EDGE('',*,*,#1198,.F.);
#1591=ORIENTED_EDGE('',*,*,#1201,.F.);
#1592=ORIENTED_EDGE('',*,*,#1214,.F.);
#1593=ORIENTED_EDGE('',*,*,#1025,.F.);
#1594=ORIENTED_EDGE('',*,*,#986,.F.);
#1595=ORIENTED_EDGE('',*,*,#982,.T.);
#1596=ORIENTED_EDGE('',*,*,#1212,.F.);
#1597=ORIENTED_EDGE('',*,*,#1028,.F.);
#1598=ORIENTED_EDGE('',*,*,#1029,.T.);
#1599=ORIENTED_EDGE('',*,*,#1022,.T.);
#1600=ORIENTED_EDGE('',*,*,#1215,.F.);
#1601=ORIENTED_EDGE('',*,*,#1207,.F.);
#1602=ORIENTED_EDGE('',*,*,#1216,.T.);
#1603=ORIENTED_EDGE('',*,*,#1093,.T.);
#1604=ORIENTED_EDGE('',*,*,#1217,.F.);
#1605=ORIENTED_EDGE('',*,*,#980,.F.);
#1606=ORIENTED_EDGE('',*,*,#1096,.T.);
#1607=ORIENTED_EDGE('',*,*,#1070,.F.);
#1608=ORIENTED_EDGE('',*,*,#1065,.T.);
#1609=ORIENTED_EDGE('',*,*,#1218,.F.);
#1610=ORIENTED_EDGE('',*,*,#1071,.T.);
#1611=ORIENTED_EDGE('',*,*,#1219,.T.);
#1612=ORIENTED_EDGE('',*,*,#1220,.T.);
#1613=ORIENTED_EDGE('',*,*,#1078,.T.);
#1614=ORIENTED_EDGE('',*,*,#1145,.F.);
#1615=ORIENTED_EDGE('',*,*,#1133,.F.);
#1616=ORIENTED_EDGE('',*,*,#1148,.T.);
#1617=ORIENTED_EDGE('',*,*,#1074,.T.);
#1618=ORIENTED_EDGE('',*,*,#1159,.F.);
#1619=ORIENTED_EDGE('',*,*,#1129,.F.);
#1620=ORIENTED_EDGE('',*,*,#1221,.T.);
#1621=ORIENTED_EDGE('',*,*,#1097,.T.);
#1622=ORIENTED_EDGE('',*,*,#1219,.F.);
#1623=ORIENTED_EDGE('',*,*,#1073,.T.);
#1624=ORIENTED_EDGE('',*,*,#1222,.T.);
#1625=ORIENTED_EDGE('',*,*,#1094,.T.);
#1626=ORIENTED_EDGE('',*,*,#1216,.F.);
#1627=ORIENTED_EDGE('',*,*,#1206,.F.);
#1628=ORIENTED_EDGE('',*,*,#1210,.T.);
#1629=ORIENTED_EDGE('',*,*,#1003,.F.);
#1630=ORIENTED_EDGE('',*,*,#1007,.T.);
#1631=ORIENTED_EDGE('',*,*,#999,.T.);
#1632=ORIENTED_EDGE('',*,*,#1223,.T.);
#1633=ORIENTED_EDGE('',*,*,#1098,.T.);
#1634=ORIENTED_EDGE('',*,*,#1221,.F.);
#1635=ORIENTED_EDGE('',*,*,#1205,.F.);
#1636=ORIENTED_EDGE('',*,*,#1224,.T.);
#1637=ORIENTED_EDGE('',*,*,#1043,.F.);
#1638=ORIENTED_EDGE('',*,*,#1052,.F.);
#1639=ORIENTED_EDGE('',*,*,#1047,.T.);
#1640=ORIENTED_EDGE('',*,*,#1225,.T.);
#1641=ORIENTED_EDGE('',*,*,#974,.T.);
#1642=ORIENTED_EDGE('',*,*,#1202,.F.);
#1643=ORIENTED_EDGE('',*,*,#1226,.T.);
#1644=ORIENTED_EDGE('',*,*,#1024,.T.);
#1645=ORIENTED_EDGE('',*,*,#1030,.F.);
#1646=ORIENTED_EDGE('',*,*,#1026,.F.);
#1647=ORIENTED_EDGE('',*,*,#1214,.T.);
#1648=ORIENTED_EDGE('',*,*,#1200,.T.);
#1649=ORIENTED_EDGE('',*,*,#1227,.T.);
#1650=ORIENTED_EDGE('',*,*,#1191,.T.);
#1651=ORIENTED_EDGE('',*,*,#1114,.F.);
#1652=ORIENTED_EDGE('',*,*,#1126,.F.);
#1653=ORIENTED_EDGE('',*,*,#1213,.F.);
#1654=ORIENTED_EDGE('',*,*,#984,.T.);
#1655=ORIENTED_EDGE('',*,*,#985,.T.);
#1656=ORIENTED_EDGE('',*,*,#978,.F.);
#1657=ORIENTED_EDGE('',*,*,#1228,.F.);
#1658=ORIENTED_EDGE('',*,*,#1091,.T.);
#1659=ORIENTED_EDGE('',*,*,#972,.T.);
#1660=ORIENTED_EDGE('',*,*,#1104,.F.);
#1661=ORIENTED_EDGE('',*,*,#1121,.T.);
#1662=ORIENTED_EDGE('',*,*,#1229,.F.);
#1663=ORIENTED_EDGE('',*,*,#1088,.T.);
#1664=ORIENTED_EDGE('',*,*,#1230,.F.);
#1665=ORIENTED_EDGE('',*,*,#1143,.F.);
#1666=ORIENTED_EDGE('',*,*,#1231,.T.);
#1667=ORIENTED_EDGE('',*,*,#1188,.T.);
#1668=ORIENTED_EDGE('',*,*,#1042,.F.);
#1669=ORIENTED_EDGE('',*,*,#1037,.F.);
#1670=ORIENTED_EDGE('',*,*,#1039,.T.);
#1671=ORIENTED_EDGE('',*,*,#1033,.T.);
#1672=ORIENTED_EDGE('',*,*,#998,.F.);
#1673=ORIENTED_EDGE('',*,*,#993,.T.);
#1674=ORIENTED_EDGE('',*,*,#995,.T.);
#1675=ORIENTED_EDGE('',*,*,#989,.F.);
#1676=ORIENTED_EDGE('',*,*,#1139,.F.);
#1677=ORIENTED_EDGE('',*,*,#1232,.T.);
#1678=ORIENTED_EDGE('',*,*,#1084,.T.);
#1679=ORIENTED_EDGE('',*,*,#1233,.F.);
#1680=ORIENTED_EDGE('',*,*,#1067,.T.);
#1681=ORIENTED_EDGE('',*,*,#1069,.T.);
#1682=ORIENTED_EDGE('',*,*,#1095,.T.);
#1683=ORIENTED_EDGE('',*,*,#1222,.F.);
#1684=ORIENTED_EDGE('',*,*,#1072,.T.);
#1685=ORIENTED_EDGE('',*,*,#1218,.T.);
#1686=ORIENTED_EDGE('',*,*,#1234,.T.);
#1687=ORIENTED_EDGE('',*,*,#1082,.T.);
#1688=ORIENTED_EDGE('',*,*,#1235,.F.);
#1689=ORIENTED_EDGE('',*,*,#1137,.F.);
#1690=ORIENTED_EDGE('',*,*,#1236,.T.);
#1691=ORIENTED_EDGE('',*,*,#1086,.T.);
#1692=ORIENTED_EDGE('',*,*,#1237,.F.);
#1693=ORIENTED_EDGE('',*,*,#1141,.F.);
#1694=ORIENTED_EDGE('',*,*,#1227,.F.);
#1695=ORIENTED_EDGE('',*,*,#1196,.T.);
#1696=ORIENTED_EDGE('',*,*,#1194,.T.);
#1697=ORIENTED_EDGE('',*,*,#1192,.T.);
#1698=ORIENTED_EDGE('',*,*,#1238,.F.);
#1699=ORIENTED_EDGE('',*,*,#975,.T.);
#1700=ORIENTED_EDGE('',*,*,#1225,.F.);
#1701=ORIENTED_EDGE('',*,*,#1182,.T.);
#1702=ORIENTED_EDGE('',*,*,#1180,.T.);
#1703=ORIENTED_EDGE('',*,*,#1178,.T.);
#1704=ORIENTED_EDGE('',*,*,#1176,.T.);
#1705=ORIENTED_EDGE('',*,*,#1174,.T.);
#1706=ORIENTED_EDGE('',*,*,#1172,.T.);
#1707=ORIENTED_EDGE('',*,*,#1170,.T.);
#1708=ORIENTED_EDGE('',*,*,#1239,.F.);
#1709=ORIENTED_EDGE('',*,*,#1158,.T.);
#1710=ORIENTED_EDGE('',*,*,#1156,.T.);
#1711=ORIENTED_EDGE('',*,*,#1154,.T.);
#1712=ORIENTED_EDGE('',*,*,#1089,.T.);
#1713=ORIENTED_EDGE('',*,*,#1229,.T.);
#1714=ORIENTED_EDGE('',*,*,#1124,.T.);
#1715=ORIENTED_EDGE('',*,*,#1184,.F.);
#1716=ORIENTED_EDGE('',*,*,#1189,.F.);
#1717=ORIENTED_EDGE('',*,*,#1231,.F.);
#1718=ORIENTED_EDGE('',*,*,#1142,.F.);
#1719=ORIENTED_EDGE('',*,*,#1237,.T.);
#1720=ORIENTED_EDGE('',*,*,#1240,.T.);
#1721=ORIENTED_EDGE('',*,*,#1241,.F.);
#1722=ORIENTED_EDGE('',*,*,#1079,.T.);
#1723=ORIENTED_EDGE('',*,*,#1220,.F.);
#1724=ORIENTED_EDGE('',*,*,#1136,.F.);
#1725=ORIENTED_EDGE('',*,*,#1242,.T.);
#1726=ORIENTED_EDGE('',*,*,#1187,.F.);
#1727=ORIENTED_EDGE('',*,*,#1165,.T.);
#1728=ORIENTED_EDGE('',*,*,#1243,.T.);
#1729=ORIENTED_EDGE('',*,*,#1240,.F.);
#1730=ORIENTED_EDGE('',*,*,#1164,.F.);
#1731=ORIENTED_EDGE('',*,*,#1168,.F.);
#1732=ORIENTED_EDGE('',*,*,#1087,.T.);
#1733=ORIENTED_EDGE('',*,*,#1236,.F.);
#1734=ORIENTED_EDGE('',*,*,#1144,.F.);
#1735=ORIENTED_EDGE('',*,*,#1230,.T.);
#1736=ORIENTED_EDGE('',*,*,#1083,.T.);
#1737=ORIENTED_EDGE('',*,*,#1234,.F.);
#1738=ORIENTED_EDGE('',*,*,#1140,.F.);
#1739=ORIENTED_EDGE('',*,*,#1233,.T.);
#1740=ORIENTED_EDGE('',*,*,#1085,.T.);
#1741=ORIENTED_EDGE('',*,*,#1232,.F.);
#1742=ORIENTED_EDGE('',*,*,#1138,.F.);
#1743=ORIENTED_EDGE('',*,*,#1235,.T.);
#1744=ORIENTED_EDGE('',*,*,#1044,.F.);
#1745=ORIENTED_EDGE('',*,*,#1224,.F.);
#1746=ORIENTED_EDGE('',*,*,#1204,.F.);
#1747=ORIENTED_EDGE('',*,*,#1244,.T.);
#1748=ORIENTED_EDGE('',*,*,#1021,.T.);
#1749=ORIENTED_EDGE('',*,*,#1226,.F.);
#1750=ORIENTED_EDGE('',*,*,#1208,.F.);
#1751=ORIENTED_EDGE('',*,*,#1215,.T.);
#1752=ORIENTED_EDGE('',*,*,#1203,.F.);
#1753=ORIENTED_EDGE('',*,*,#976,.T.);
#1754=ORIENTED_EDGE('',*,*,#1238,.T.);
#1755=ORIENTED_EDGE('',*,*,#1186,.T.);
#1756=ORIENTED_EDGE('',*,*,#1242,.F.);
#1757=ORIENTED_EDGE('',*,*,#1135,.F.);
#1758=ORIENTED_EDGE('',*,*,#1146,.T.);
#1759=ORIENTED_EDGE('',*,*,#1080,.T.);
#1760=ORIENTED_EDGE('',*,*,#1241,.T.);
#1761=ORIENTED_EDGE('',*,*,#1243,.F.);
#1762=ORIENTED_EDGE('',*,*,#1105,.F.);
#1763=ORIENTED_EDGE('',*,*,#970,.T.);
#1764=ORIENTED_EDGE('',*,*,#1090,.T.);
#1765=ORIENTED_EDGE('',*,*,#1245,.T.);
#1766=ORIENTED_EDGE('',*,*,#1001,.T.);
#1767=ORIENTED_EDGE('',*,*,#1008,.F.);
#1768=ORIENTED_EDGE('',*,*,#1005,.F.);
#1769=ORIENTED_EDGE('',*,*,#1209,.T.);
#1770=ORIENTED_EDGE('',*,*,#1117,.F.);
#1771=ORIENTED_EDGE('',*,*,#1101,.F.);
#1772=ORIENTED_EDGE('',*,*,#1157,.F.);
#1773=ORIENTED_EDGE('',*,*,#1239,.T.);
#1774=ORIENTED_EDGE('',*,*,#1161,.T.);
#1775=ORIENTED_EDGE('',*,*,#1211,.F.);
#1776=ORIENTED_EDGE('',*,*,#1049,.T.);
#1777=ORIENTED_EDGE('',*,*,#1051,.T.);
#1778=ORIENTED_EDGE('',*,*,#1045,.F.);
#1779=ORIENTED_EDGE('',*,*,#1244,.F.);
#1780=ORIENTED_EDGE('',*,*,#1058,.T.);
#1781=ORIENTED_EDGE('',*,*,#1064,.T.);
#1782=ORIENTED_EDGE('',*,*,#1056,.F.);
#1783=ORIENTED_EDGE('',*,*,#1062,.F.);
#1784=ORIENTED_EDGE('',*,*,#1016,.F.);
#1785=ORIENTED_EDGE('',*,*,#1019,.T.);
#1786=ORIENTED_EDGE('',*,*,#1010,.T.);
#1787=ORIENTED_EDGE('',*,*,#1020,.F.);
#1788=ORIENTED_EDGE('',*,*,#1131,.F.);
#1789=ORIENTED_EDGE('',*,*,#1160,.T.);
#1790=ORIENTED_EDGE('',*,*,#1076,.T.);
#1791=ORIENTED_EDGE('',*,*,#1147,.F.);
#1792=ORIENTED_EDGE('',*,*,#1002,.T.);
#1793=ORIENTED_EDGE('',*,*,#1245,.F.);
#1794=ORIENTED_EDGE('',*,*,#1099,.T.);
#1795=ORIENTED_EDGE('',*,*,#1223,.F.);
#1796=ORIENTED_EDGE('',*,*,#977,.F.);
#1797=ORIENTED_EDGE('',*,*,#1217,.T.);
#1798=ORIENTED_EDGE('',*,*,#1092,.T.);
#1799=ORIENTED_EDGE('',*,*,#1228,.T.);
#1800=PLANE('',#2021);
#1801=PLANE('',#2022);
#1802=PLANE('',#2023);
#1803=PLANE('',#2024);
#1804=PLANE('',#2025);
#1805=PLANE('',#2026);
#1806=PLANE('',#2027);
#1807=PLANE('',#2028);
#1808=PLANE('',#2029);
#1809=PLANE('',#2030);
#1810=PLANE('',#2031);
#1811=PLANE('',#2032);
#1812=PLANE('',#2033);
#1813=PLANE('',#2034);
#1814=PLANE('',#2035);
#1815=PLANE('',#2036);
#1816=PLANE('',#2037);
#1817=PLANE('',#2038);
#1818=PLANE('',#2039);
#1819=PLANE('',#2040);
#1820=PLANE('',#2041);
#1821=PLANE('',#2042);
#1822=PLANE('',#2043);
#1823=PLANE('',#2044);
#1824=PLANE('',#2045);
#1825=PLANE('',#2046);
#1826=PLANE('',#2047);
#1827=PLANE('',#2048);
#1828=PLANE('',#2049);
#1829=PLANE('',#2050);
#1830=PLANE('',#2051);
#1831=PLANE('',#2052);
#1832=PLANE('',#2053);
#1833=PLANE('',#2054);
#1834=PLANE('',#2055);
#1835=PLANE('',#2056);
#1836=PLANE('',#2057);
#1837=PLANE('',#2058);
#1838=PLANE('',#2059);
#1839=PLANE('',#2060);
#1840=PLANE('',#2061);
#1841=PLANE('',#2062);
#1842=PLANE('',#2063);
#1843=PLANE('',#2064);
#1844=PLANE('',#2065);
#1845=PLANE('',#2066);
#1846=PLANE('',#2067);
#1847=PLANE('',#2068);
#1848=PLANE('',#2069);
#1849=PLANE('',#2070);
#1850=PLANE('',#2071);
#1851=PLANE('',#2072);
#1852=PLANE('',#2073);
#1853=PLANE('',#2074);
#1854=PLANE('',#2075);
#1855=PLANE('',#2076);
#1856=PLANE('',#2077);
#1857=PLANE('',#2078);
#1858=PLANE('',#2079);
#1859=PLANE('',#2080);
#1860=PLANE('',#2081);
#1861=PLANE('',#2082);
#1862=PLANE('',#2083);
#1863=PLANE('',#2084);
#1864=PLANE('',#2085);
#1865=PLANE('',#2086);
#1866=PLANE('',#2087);
#1867=PLANE('',#2088);
#1868=PLANE('',#2089);
#1869=PLANE('',#2090);
#1870=PLANE('',#2091);
#1871=PLANE('',#2092);
#1872=PLANE('',#2093);
#1873=PLANE('',#2094);
#1874=PLANE('',#2095);
#1875=PLANE('',#2096);
#1876=PLANE('',#2097);
#1877=PLANE('',#2098);
#1878=PLANE('',#2099);
#1879=PLANE('',#2100);
#1880=PLANE('',#2101);
#1881=PLANE('',#2102);
#1882=PLANE('',#2103);
#1883=PLANE('',#2104);
#1884=PLANE('',#2105);
#1885=PLANE('',#2106);
#1886=PLANE('',#2107);
#1887=PLANE('',#2108);
#1888=PLANE('',#2109);
#1889=PLANE('',#2110);
#1890=PLANE('',#2111);
#1891=PLANE('',#2112);
#1892=PLANE('',#2113);
#1893=PLANE('',#2114);
#1894=PLANE('',#2115);
#1895=PLANE('',#2116);
#1896=PLANE('',#2117);
#1897=PLANE('',#2118);
#1898=PLANE('',#2119);
#1899=ADVANCED_FACE('',(#25),#1800,.F.);
#1900=ADVANCED_FACE('',(#26),#1801,.F.);
#1901=ADVANCED_FACE('',(#27),#1802,.T.);
#1902=ADVANCED_FACE('',(#28),#1803,.F.);
#1903=ADVANCED_FACE('',(#29),#1804,.T.);
#1904=ADVANCED_FACE('',(#30),#1805,.T.);
#1905=ADVANCED_FACE('',(#31),#1806,.F.);
#1906=ADVANCED_FACE('',(#32),#1807,.T.);
#1907=ADVANCED_FACE('',(#33),#1808,.T.);
#1908=ADVANCED_FACE('',(#34),#1809,.T.);
#1909=ADVANCED_FACE('',(#35),#1810,.T.);
#1910=ADVANCED_FACE('',(#36),#1811,.F.);
#1911=ADVANCED_FACE('',(#37),#1812,.T.);
#1912=ADVANCED_FACE('',(#38),#1813,.F.);
#1913=ADVANCED_FACE('',(#39),#1814,.T.);
#1914=ADVANCED_FACE('',(#40),#1815,.T.);
#1915=ADVANCED_FACE('',(#41),#1816,.T.);
#1916=ADVANCED_FACE('',(#42),#1817,.F.);
#1917=ADVANCED_FACE('',(#43),#1818,.T.);
#1918=ADVANCED_FACE('',(#44),#1819,.F.);
#1919=ADVANCED_FACE('',(#45),#1820,.F.);
#1920=ADVANCED_FACE('',(#46),#1821,.T.);
#1921=ADVANCED_FACE('',(#47),#1822,.F.);
#1922=ADVANCED_FACE('',(#48),#1823,.F.);
#1923=ADVANCED_FACE('',(#49),#1824,.F.);
#1924=ADVANCED_FACE('',(#50),#1825,.F.);
#1925=ADVANCED_FACE('',(#51),#1826,.T.);
#1926=ADVANCED_FACE('',(#52),#1827,.F.);
#1927=ADVANCED_FACE('',(#53),#1828,.F.);
#1928=ADVANCED_FACE('',(#54),#1829,.F.);
#1929=ADVANCED_FACE('',(#55),#1830,.T.);
#1930=ADVANCED_FACE('',(#56),#1831,.F.);
#1931=ADVANCED_FACE('',(#57),#1832,.F.);
#1932=ADVANCED_FACE('',(#58),#1833,.T.);
#1933=ADVANCED_FACE('',(#59),#1834,.T.);
#1934=ADVANCED_FACE('',(#60),#1835,.T.);
#1935=ADVANCED_FACE('',(#61),#1836,.T.);
#1936=ADVANCED_FACE('',(#62),#1837,.T.);
#1937=ADVANCED_FACE('',(#63),#1838,.T.);
#1938=ADVANCED_FACE('',(#64),#1839,.F.);
#1939=ADVANCED_FACE('',(#65),#1840,.F.);
#1940=ADVANCED_FACE('',(#66),#1841,.F.);
#1941=ADVANCED_FACE('',(#67),#1842,.T.);
#1942=ADVANCED_FACE('',(#68),#1843,.T.);
#1943=ADVANCED_FACE('',(#69),#1844,.T.);
#1944=ADVANCED_FACE('',(#70),#1845,.T.);
#1945=ADVANCED_FACE('',(#71),#1846,.T.);
#1946=ADVANCED_FACE('',(#72),#1847,.F.);
#1947=ADVANCED_FACE('',(#73),#1848,.T.);
#1948=ADVANCED_FACE('',(#74),#1849,.T.);
#1949=ADVANCED_FACE('',(#75),#1850,.F.);
#1950=ADVANCED_FACE('',(#76),#1851,.F.);
#1951=ADVANCED_FACE('',(#77),#1852,.F.);
#1952=ADVANCED_FACE('',(#78),#1853,.F.);
#1953=ADVANCED_FACE('',(#79),#1854,.F.);
#1954=ADVANCED_FACE('',(#80),#1855,.F.);
#1955=ADVANCED_FACE('',(#81),#1856,.F.);
#1956=ADVANCED_FACE('',(#82),#1857,.F.);
#1957=ADVANCED_FACE('',(#83),#1858,.F.);
#1958=ADVANCED_FACE('',(#84),#1859,.T.);
#1959=ADVANCED_FACE('',(#85),#1860,.F.);
#1960=ADVANCED_FACE('',(#86),#1861,.F.);
#1961=ADVANCED_FACE('',(#87),#1862,.F.);
#1962=ADVANCED_FACE('',(#88),#1863,.F.);
#1963=ADVANCED_FACE('',(#89),#1864,.F.);
#1964=ADVANCED_FACE('',(#90),#1865,.F.);
#1965=ADVANCED_FACE('',(#91),#1866,.F.);
#1966=ADVANCED_FACE('',(#92),#1867,.F.);
#1967=ADVANCED_FACE('',(#93),#1868,.F.);
#1968=ADVANCED_FACE('',(#94),#1869,.T.);
#1969=ADVANCED_FACE('',(#95),#1870,.T.);
#1970=ADVANCED_FACE('',(#96),#1871,.F.);
#1971=ADVANCED_FACE('',(#97),#1872,.F.);
#1972=ADVANCED_FACE('',(#98),#1873,.F.);
#1973=ADVANCED_FACE('',(#99),#1874,.F.);
#1974=ADVANCED_FACE('',(#100),#1875,.F.);
#1975=ADVANCED_FACE('',(#101),#1876,.F.);
#1976=ADVANCED_FACE('',(#102),#1877,.F.);
#1977=ADVANCED_FACE('',(#103),#1878,.F.);
#1978=ADVANCED_FACE('',(#104),#1879,.F.);
#1979=ADVANCED_FACE('',(#105,#15,#16),#1880,.F.);
#1980=ADVANCED_FACE('',(#106),#1881,.F.);
#1981=ADVANCED_FACE('',(#107),#1882,.F.);
#1982=ADVANCED_FACE('',(#108,#17,#18,#19),#1883,.F.);
#1983=ADVANCED_FACE('',(#109,#20,#21),#1884,.F.);
#1984=ADVANCED_FACE('',(#110),#1885,.T.);
#1985=ADVANCED_FACE('',(#111),#1886,.T.);
#1986=ADVANCED_FACE('',(#112),#1887,.T.);
#1987=ADVANCED_FACE('',(#113),#1888,.F.);
#1988=ADVANCED_FACE('',(#114),#1889,.F.);
#1989=ADVANCED_FACE('',(#115),#1890,.T.);
#1990=ADVANCED_FACE('',(#116),#1891,.F.);
#1991=ADVANCED_FACE('',(#117),#1892,.F.);
#1992=ADVANCED_FACE('',(#118),#1893,.F.);
#1993=ADVANCED_FACE('',(#119),#1894,.F.);
#1994=ADVANCED_FACE('',(#120),#1895,.F.);
#1995=ADVANCED_FACE('',(#121,#22,#23,#24),#1896,.F.);
#1996=ADVANCED_FACE('',(#122),#1897,.F.);
#1997=ADVANCED_FACE('',(#123),#1898,.F.);
#1998=CLOSED_SHELL('',(#1899,#1900,#1901,#1902,#1903,#1904,#1905,#1906,
#1907,#1908,#1909,#1910,#1911,#1912,#1913,#1914,#1915,#1916,#1917,#1918,
#1919,#1920,#1921,#1922,#1923,#1924,#1925,#1926,#1927,#1928,#1929,#1930,
#1931,#1932,#1933,#1934,#1935,#1936,#1937,#1938,#1939,#1940,#1941,#1942,
#1943,#1944,#1945,#1946,#1947,#1948,#1949,#1950,#1951,#1952,#1953,#1954,
#1955,#1956,#1957,#1958,#1959,#1960,#1961,#1962,#1963,#1964,#1965,#1966,
#1967,#1968,#1969,#1970,#1971,#1972,#1973,#1974,#1975,#1976,#1977,#1978,
#1979,#1980,#1981,#1982,#1983,#1984,#1985,#1986,#1987,#1988,#1989,#1990,
#1991,#1992,#1993,#1994,#1995,#1996,#1997));
#1999=DERIVED_UNIT_ELEMENT(#2002,1.);
#2000=DERIVED_UNIT_ELEMENT(#3161,-3.);
#2001=DIMENSIONAL_EXPONENTS(1.,0.,0.,0.,0.,0.,0.);
#2002=(
CONVERSION_BASED_UNIT('gram',#2004)
MASS_UNIT()
NAMED_UNIT(#2001)
);
#2003=(
MASS_UNIT()
NAMED_UNIT(*)
SI_UNIT(.KILO.,.GRAM.)
);
#2004=MASS_MEASURE_WITH_UNIT(MASS_MEASURE(0.001),#2003);
#2005=DERIVED_UNIT((#1999,#2000));
#2006=MEASURE_REPRESENTATION_ITEM('density measure',
POSITIVE_RATIO_MEASURE(10.5),#2005);
#2007=PROPERTY_DEFINITION_REPRESENTATION(#2012,#2009);
#2008=PROPERTY_DEFINITION_REPRESENTATION(#2013,#2010);
#2009=REPRESENTATION('material name',(#2011),#3158);
#2010=REPRESENTATION('density',(#2006),#3158);
#2011=DESCRIPTIVE_REPRESENTATION_ITEM('SolidEdge_Silver',
'SolidEdge_Silver');
#2012=PROPERTY_DEFINITION('material property','material name',#3168);
#2013=PROPERTY_DEFINITION('material property','density of part',#3168);
#2014=DATE_TIME_ROLE('creation_date');
#2015=APPLIED_DATE_AND_TIME_ASSIGNMENT(#2016,#2014,(#3168));
#2016=DATE_AND_TIME(#2017,#2018);
#2017=CALENDAR_DATE(2018,5,2);
#2018=LOCAL_TIME(15,45,33.,#2019);
#2019=COORDINATED_UNIVERSAL_TIME_OFFSET(0,0,.BEHIND.);
#2020=AXIS2_PLACEMENT_3D('placement',#2597,#2120,#2121);
#2021=AXIS2_PLACEMENT_3D('',#2598,#2122,#2123);
#2022=AXIS2_PLACEMENT_3D('',#2607,#2128,#2129);
#2023=AXIS2_PLACEMENT_3D('',#2616,#2134,#2135);
#2024=AXIS2_PLACEMENT_3D('',#2625,#2140,#2141);
#2025=AXIS2_PLACEMENT_3D('',#2634,#2146,#2147);
#2026=AXIS2_PLACEMENT_3D('',#2637,#2150,#2151);
#2027=AXIS2_PLACEMENT_3D('',#2646,#2156,#2157);
#2028=AXIS2_PLACEMENT_3D('',#2655,#2162,#2163);
#2029=AXIS2_PLACEMENT_3D('',#2658,#2166,#2167);
#2030=AXIS2_PLACEMENT_3D('',#2661,#2170,#2171);
#2031=AXIS2_PLACEMENT_3D('',#2662,#2172,#2173);
#2032=AXIS2_PLACEMENT_3D('',#2671,#2178,#2179);
#2033=AXIS2_PLACEMENT_3D('',#2680,#2184,#2185);
#2034=AXIS2_PLACEMENT_3D('',#2683,#2188,#2189);
#2035=AXIS2_PLACEMENT_3D('',#2692,#2194,#2195);
#2036=AXIS2_PLACEMENT_3D('',#2701,#2200,#2201);
#2037=AXIS2_PLACEMENT_3D('',#2704,#2204,#2205);
#2038=AXIS2_PLACEMENT_3D('',#2706,#2207,#2208);
#2039=AXIS2_PLACEMENT_3D('',#2708,#2210,#2211);
#2040=AXIS2_PLACEMENT_3D('',#2717,#2216,#2217);
#2041=AXIS2_PLACEMENT_3D('',#2726,#2222,#2223);
#2042=AXIS2_PLACEMENT_3D('',#2729,#2226,#2227);
#2043=AXIS2_PLACEMENT_3D('',#2738,#2232,#2233);
#2044=AXIS2_PLACEMENT_3D('',#2747,#2238,#2239);
#2045=AXIS2_PLACEMENT_3D('',#2750,#2242,#2243);
#2046=AXIS2_PLACEMENT_3D('',#2753,#2246,#2247);
#2047=AXIS2_PLACEMENT_3D('',#2754,#2248,#2249);
#2048=AXIS2_PLACEMENT_3D('',#2763,#2254,#2255);
#2049=AXIS2_PLACEMENT_3D('',#2772,#2260,#2261);
#2050=AXIS2_PLACEMENT_3D('',#2775,#2264,#2265);
#2051=AXIS2_PLACEMENT_3D('',#2784,#2270,#2271);
#2052=AXIS2_PLACEMENT_3D('',#2793,#2276,#2277);
#2053=AXIS2_PLACEMENT_3D('',#2796,#2280,#2281);
#2054=AXIS2_PLACEMENT_3D('',#2798,#2283,#2284);
#2055=AXIS2_PLACEMENT_3D('',#2800,#2286,#2287);
#2056=AXIS2_PLACEMENT_3D('',#2807,#2291,#2292);
#2057=AXIS2_PLACEMENT_3D('',#2813,#2296,#2297);
#2058=AXIS2_PLACEMENT_3D('',#2820,#2301,#2302);
#2059=AXIS2_PLACEMENT_3D('',#2829,#2307,#2308);
#2060=AXIS2_PLACEMENT_3D('',#2838,#2313,#2314);
#2061=AXIS2_PLACEMENT_3D('',#2847,#2319,#2320);
#2062=AXIS2_PLACEMENT_3D('',#2856,#2325,#2326);
#2063=AXIS2_PLACEMENT_3D('',#2875,#2337,#2338);
#2064=AXIS2_PLACEMENT_3D('',#2884,#2343,#2344);
#2065=AXIS2_PLACEMENT_3D('',#2902,#2354,#2355);
#2066=AXIS2_PLACEMENT_3D('',#2911,#2360,#2361);
#2067=AXIS2_PLACEMENT_3D('',#2919,#2366,#2367);
#2068=AXIS2_PLACEMENT_3D('',#2927,#2372,#2373);
#2069=AXIS2_PLACEMENT_3D('',#2935,#2378,#2379);
#2070=AXIS2_PLACEMENT_3D('',#2944,#2384,#2385);
#2071=AXIS2_PLACEMENT_3D('',#2953,#2390,#2391);
#2072=AXIS2_PLACEMENT_3D('',#2962,#2396,#2397);
#2073=AXIS2_PLACEMENT_3D('',#2971,#2402,#2403);
#2074=AXIS2_PLACEMENT_3D('',#2974,#2406,#2407);
#2075=AXIS2_PLACEMENT_3D('',#2977,#2410,#2411);
#2076=AXIS2_PLACEMENT_3D('',#2983,#2415,#2416);
#2077=AXIS2_PLACEMENT_3D('',#2989,#2420,#2421);
#2078=AXIS2_PLACEMENT_3D('',#2993,#2424,#2425);
#2079=AXIS2_PLACEMENT_3D('',#2997,#2428,#2429);
#2080=AXIS2_PLACEMENT_3D('',#3000,#2432,#2433);
#2081=AXIS2_PLACEMENT_3D('',#3004,#2436,#2437);
#2082=AXIS2_PLACEMENT_3D('',#3013,#2442,#2443);
#2083=AXIS2_PLACEMENT_3D('',#3020,#2448,#2449);
#2084=AXIS2_PLACEMENT_3D('',#3024,#2452,#2453);
#2085=AXIS2_PLACEMENT_3D('',#3028,#2456,#2457);
#2086=AXIS2_PLACEMENT_3D('',#3032,#2460,#2461);
#2087=AXIS2_PLACEMENT_3D('',#3036,#2464,#2465);
#2088=AXIS2_PLACEMENT_3D('',#3040,#2468,#2469);
#2089=AXIS2_PLACEMENT_3D('',#3046,#2473,#2474);
#2090=AXIS2_PLACEMENT_3D('',#3050,#2477,#2478);
#2091=AXIS2_PLACEMENT_3D('',#3054,#2481,#2482);
#2092=AXIS2_PLACEMENT_3D('',#3058,#2485,#2486);
#2093=AXIS2_PLACEMENT_3D('',#3064,#2490,#2491);
#2094=AXIS2_PLACEMENT_3D('',#3068,#2494,#2495);
#2095=AXIS2_PLACEMENT_3D('',#3074,#2499,#2500);
#2096=AXIS2_PLACEMENT_3D('',#3078,#2503,#2504);
#2097=AXIS2_PLACEMENT_3D('',#3082,#2507,#2508);
#2098=AXIS2_PLACEMENT_3D('',#3096,#2516,#2517);
#2099=AXIS2_PLACEMENT_3D('',#3100,#2521,#2522);
#2100=AXIS2_PLACEMENT_3D('',#3104,#2526,#2527);
#2101=AXIS2_PLACEMENT_3D('',#3108,#2531,#2532);
#2102=AXIS2_PLACEMENT_3D('',#3112,#2536,#2537);
#2103=AXIS2_PLACEMENT_3D('',#3115,#2540,#2541);
#2104=AXIS2_PLACEMENT_3D('',#3118,#2544,#2545);
#2105=AXIS2_PLACEMENT_3D('',#3128,#2555,#2556);
#2106=AXIS2_PLACEMENT_3D('',#3133,#2561,#2562);
#2107=AXIS2_PLACEMENT_3D('',#3134,#2563,#2564);
#2108=AXIS2_PLACEMENT_3D('',#3136,#2566,#2567);
#2109=AXIS2_PLACEMENT_3D('',#3138,#2569,#2570);
#2110=AXIS2_PLACEMENT_3D('',#3139,#2571,#2572);
#2111=AXIS2_PLACEMENT_3D('',#3144,#2576,#2577);
#2112=AXIS2_PLACEMENT_3D('',#3146,#2579,#2580);
#2113=AXIS2_PLACEMENT_3D('',#3147,#2581,#2582);
#2114=AXIS2_PLACEMENT_3D('',#3148,#2583,#2584);
#2115=AXIS2_PLACEMENT_3D('',#3149,#2585,#2586);
#2116=AXIS2_PLACEMENT_3D('',#3151,#2588,#2589);
#2117=AXIS2_PLACEMENT_3D('',#3152,#2590,#2591);
#2118=AXIS2_PLACEMENT_3D('',#3154,#2593,#2594);
#2119=AXIS2_PLACEMENT_3D('',#3155,#2595,#2596);
#2120=DIRECTION('axis',(0.,0.,1.));
#2121=DIRECTION('refdir',(1.,0.,0.));
#2122=DIRECTION('center_axis',(0.707106781186552,2.64953102402885E-16,0.707106781186543));
#2123=DIRECTION('ref_axis',(0.707106781186543,0.,-0.707106781186552));
#2124=DIRECTION('',(0.707106781186544,0.,-0.707106781186551));
#2125=DIRECTION('',(0.,-1.,9.86864910777915E-16));
#2126=DIRECTION('',(-0.707106781186544,0.,0.707106781186551));
#2127=DIRECTION('',(0.,1.,0.));
#2128=DIRECTION('center_axis',(0.707106781186545,2.64953102402888E-16,0.70710678118655));
#2129=DIRECTION('ref_axis',(0.70710678118655,0.,-0.707106781186545));
#2130=DIRECTION('',(-0.707106781186551,0.,0.707106781186544));
#2131=DIRECTION('',(0.,1.,0.));
#2132=DIRECTION('',(0.707106781186551,0.,-0.707106781186544));
#2133=DIRECTION('',(0.,-1.,0.));
#2134=DIRECTION('center_axis',(5.46964104205975E-32,1.,-3.7470027081099E-16));
#2135=DIRECTION('ref_axis',(0.,3.7470027081099E-16,1.));
#2136=DIRECTION('',(-0.707106781186573,0.,-0.707106781186522));
#2137=DIRECTION('',(-1.,0.,0.));
#2138=DIRECTION('',(0.819152044288994,0.,0.573576436351042));
#2139=DIRECTION('',(0.,0.,-1.));
#2140=DIRECTION('center_axis',(5.46964104205975E-32,1.,-3.7470027081099E-16));
#2141=DIRECTION('ref_axis',(0.,3.7470027081099E-16,1.));
#2142=DIRECTION('',(-0.707106781186573,0.,-0.707106781186522));
#2143=DIRECTION('',(0.,0.,-1.));
#2144=DIRECTION('',(0.819152044288994,0.,0.573576436351042));
#2145=DIRECTION('',(-1.,0.,0.));
#2146=DIRECTION('center_axis',(0.573576436351044,-3.06936492830462E-16,
-0.819152044288994));
#2147=DIRECTION('ref_axis',(-0.819152044288994,0.,-0.573576436351044));
#2148=DIRECTION('',(0.,-1.,0.));
#2149=DIRECTION('',(0.,-1.,0.));
#2150=DIRECTION('center_axis',(5.46964104205975E-32,1.,-3.7470027081099E-16));
#2151=DIRECTION('ref_axis',(0.,3.7470027081099E-16,1.));
#2152=DIRECTION('',(1.,0.,0.));
#2153=DIRECTION('',(0.,0.,-1.));
#2154=DIRECTION('',(-1.,0.,-3.28239850758743E-15));
#2155=DIRECTION('',(0.707106781186493,0.,0.707106781186603));
#2156=DIRECTION('center_axis',(5.46964104205975E-32,1.,-3.7470027081099E-16));
#2157=DIRECTION('ref_axis',(0.,3.7470027081099E-16,1.));
#2158=DIRECTION('',(1.,0.,0.));
#2159=DIRECTION('',(0.707106781186493,0.,0.707106781186603));
#2160=DIRECTION('',(-1.,0.,-3.28239850758743E-15));
#2161=DIRECTION('',(0.,0.,-1.));
#2162=DIRECTION('center_axis',(0.707106781186602,-2.64953102402867E-16,
-0.707106781186494));
#2163=DIRECTION('ref_axis',(-0.707106781186494,0.,-0.707106781186602));
#2164=DIRECTION('',(0.,-1.,0.));
#2165=DIRECTION('',(0.,-1.,0.));
#2166=DIRECTION('center_axis',(-1.,2.31111593326468E-33,-1.2490009027033E-16));
#2167=DIRECTION('ref_axis',(-1.2490009027033E-16,0.,1.));
#2168=DIRECTION('',(0.,-1.,0.));
#2169=DIRECTION('',(0.,-1.,0.));
#2170=DIRECTION('center_axis',(1.2490009027033E-16,-3.7470027081099E-16,
-1.));
#2171=DIRECTION('ref_axis',(-1.,0.,-1.2490009027033E-16));
#2172=DIRECTION('center_axis',(5.46964104205975E-32,1.,-3.7470027081099E-16));
#2173=DIRECTION('ref_axis',(0.,3.7470027081099E-16,1.));
#2174=DIRECTION('',(-1.,0.,0.));
#2175=DIRECTION('',(-0.573576436351042,0.,-0.819152044288994));
#2176=DIRECTION('',(0.,0.,-1.));
#2177=DIRECTION('',(-0.707106781186438,0.,-0.707106781186657));
#2178=DIRECTION('center_axis',(5.46964104205975E-32,1.,-3.7470027081099E-16));
#2179=DIRECTION('ref_axis',(0.,3.7470027081099E-16,1.));
#2180=DIRECTION('',(-1.,0.,0.));
#2181=DIRECTION('',(-0.707106781186438,0.,-0.707106781186657));
#2182=DIRECTION('',(0.,0.,-1.));
#2183=DIRECTION('',(-0.573576436351042,0.,-0.819152044288994));
#2184=DIRECTION('center_axis',(-0.819152044288994,2.14919246031539E-16,
0.573576436351043));
#2185=DIRECTION('ref_axis',(0.573576436351043,0.,0.819152044288994));
#2186=DIRECTION('',(0.,-1.,0.));
#2187=DIRECTION('',(0.,-1.,0.));
#2188=DIRECTION('center_axis',(-5.46964104205975E-32,-1.,3.7470027081099E-16));
#2189=DIRECTION('ref_axis',(0.,-3.7470027081099E-16,-1.));
#2190=DIRECTION('',(0.707106781186505,0.,0.70710678118659));
#2191=DIRECTION('',(2.31698718182641E-15,-7.72329060608802E-16,-1.));
#2192=DIRECTION('',(1.,0.,0.));
#2193=DIRECTION('',(0.,-8.07434927000114E-16,-1.));
#2194=DIRECTION('center_axis',(-5.46964104205975E-32,-1.,3.7470027081099E-16));
#2195=DIRECTION('ref_axis',(0.,-3.7470027081099E-16,-1.));
#2196=DIRECTION('',(0.707106781186505,0.,0.70710678118659));
#2197=DIRECTION('',(0.,-8.07434927000114E-16,-1.));
#2198=DIRECTION('',(1.,0.,0.));
#2199=DIRECTION('',(2.31698718182641E-15,-7.72329060608802E-16,-1.));
#2200=DIRECTION('center_axis',(-1.,6.26102316466251E-32,3.28020439093797E-17));
#2201=DIRECTION('ref_axis',(3.28020439093797E-17,0.,1.));
#2202=DIRECTION('',(0.,-1.,0.));
#2203=DIRECTION('',(0.,-1.,0.));
#2204=DIRECTION('center_axis',(1.2490009027033E-16,-3.7470027081099E-16,
-1.));
#2205=DIRECTION('ref_axis',(-1.,0.,-1.2490009027033E-16));
#2206=DIRECTION('',(0.,-1.,0.));
#2207=DIRECTION('center_axis',(0.707106781186589,-2.64953102402871E-16,
-0.707106781186506));
#2208=DIRECTION('ref_axis',(-0.707106781186506,0.,-0.707106781186589));
#2209=DIRECTION('',(0.,-1.,0.));
#2210=DIRECTION('center_axis',(-5.46964104205975E-32,-1.,3.7470027081099E-16));
#2211=DIRECTION('ref_axis',(0.,-3.7470027081099E-16,-1.));
#2212=DIRECTION('',(-0.707106781186569,0.,-0.707106781186526));
#2213=DIRECTION('',(0.,0.,-1.));
#2214=DIRECTION('',(0.819152044288994,0.,0.573576436351044));
#2215=DIRECTION('',(-1.,0.,0.));
#2216=DIRECTION('center_axis',(-5.46964104205975E-32,-1.,3.7470027081099E-16));
#2217=DIRECTION('ref_axis',(0.,-3.7470027081099E-16,-1.));
#2218=DIRECTION('',(-0.707106781186573,0.,-0.707106781186522));
#2219=DIRECTION('',(-1.,0.,0.));
#2220=DIRECTION('',(0.819152044288994,0.,0.573576436351042));
#2221=DIRECTION('',(0.,0.,-1.));
#2222=DIRECTION('center_axis',(-0.573576436351044,3.06936492830462E-16,
0.819152044288994));
#2223=DIRECTION('ref_axis',(0.819152044288994,0.,0.573576436351044));
#2224=DIRECTION('',(0.,1.,0.));
#2225=DIRECTION('',(0.,1.,0.));
#2226=DIRECTION('center_axis',(-5.46964104205975E-32,-1.,3.7470027081099E-16));
#2227=DIRECTION('ref_axis',(0.,-3.7470027081099E-16,-1.));
#2228=DIRECTION('',(1.,0.,0.));
#2229=DIRECTION('',(0.707106781186493,0.,0.707106781186603));
#2230=DIRECTION('',(-1.,0.,-3.28239850758743E-15));
#2231=DIRECTION('',(0.,0.,-1.));
#2232=DIRECTION('center_axis',(-5.46964104205975E-32,-1.,3.7470027081099E-16));
#2233=DIRECTION('ref_axis',(0.,-3.7470027081099E-16,-1.));
#2234=DIRECTION('',(1.,0.,0.));
#2235=DIRECTION('',(0.,0.,-1.));
#2236=DIRECTION('',(-1.,0.,-3.28239850758743E-15));
#2237=DIRECTION('',(0.707106781186493,0.,0.707106781186603));
#2238=DIRECTION('center_axis',(1.,-2.31111593326468E-33,1.2490009027033E-16));
#2239=DIRECTION('ref_axis',(1.2490009027033E-16,0.,-1.));
#2240=DIRECTION('',(0.,1.,0.));
#2241=DIRECTION('',(0.,1.,0.));
#2242=DIRECTION('center_axis',(-0.707106781186602,2.64953102402867E-16,
0.707106781186494));
#2243=DIRECTION('ref_axis',(0.707106781186494,0.,0.707106781186602));
#2244=DIRECTION('',(0.,1.,0.));
#2245=DIRECTION('',(0.,1.,0.));
#2246=DIRECTION('center_axis',(-1.2490009027033E-16,3.7470027081099E-16,
1.));
#2247=DIRECTION('ref_axis',(1.,0.,1.2490009027033E-16));
#2248=DIRECTION('center_axis',(-5.46964104205975E-32,-1.,3.7470027081099E-16));
#2249=DIRECTION('ref_axis',(0.,-3.7470027081099E-16,-1.));
#2250=DIRECTION('',(-1.,0.,0.));
#2251=DIRECTION('',(-0.707106781186438,0.,-0.707106781186657));
#2252=DIRECTION('',(0.,0.,-1.));
#2253=DIRECTION('',(-0.573576436351042,0.,-0.819152044288994));
#2254=DIRECTION('center_axis',(-5.46964104205975E-32,-1.,3.7470027081099E-16));
#2255=DIRECTION('ref_axis',(0.,-3.7470027081099E-16,-1.));
#2256=DIRECTION('',(-1.,0.,0.));
#2257=DIRECTION('',(-0.573576436351042,0.,-0.819152044288994));
#2258=DIRECTION('',(0.,0.,-1.));
#2259=DIRECTION('',(-0.707106781186438,0.,-0.707106781186657));
#2260=DIRECTION('center_axis',(0.819152044288994,-2.14919246031539E-16,
-0.573576436351043));
#2261=DIRECTION('ref_axis',(-0.573576436351043,0.,-0.819152044288994));
#2262=DIRECTION('',(0.,1.,0.));
#2263=DIRECTION('',(0.,1.,0.));
#2264=DIRECTION('center_axis',(5.46964104205975E-32,1.,-3.7470027081099E-16));
#2265=DIRECTION('ref_axis',(0.,3.7470027081099E-16,1.));
#2266=DIRECTION('',(0.707106781186507,0.,0.707106781186588));
#2267=DIRECTION('',(0.,-8.07434927000114E-16,-1.));
#2268=DIRECTION('',(1.,0.,0.));
#2269=DIRECTION('',(2.31698718182641E-15,-7.72329060608802E-16,-1.));
#2270=DIRECTION('center_axis',(5.46964104205975E-32,1.,-3.7470027081099E-16));
#2271=DIRECTION('ref_axis',(0.,3.7470027081099E-16,1.));
#2272=DIRECTION('',(0.707106781186505,0.,0.70710678118659));
#2273=DIRECTION('',(2.31698718182641E-15,-7.72329060608802E-16,-1.));
#2274=DIRECTION('',(1.,0.,0.));
#2275=DIRECTION('',(0.,-8.07434927000114E-16,-1.));
#2276=DIRECTION('center_axis',(-1.2490009027033E-16,3.7470027081099E-16,
1.));
#2277=DIRECTION('ref_axis',(1.,0.,1.2490009027033E-16));
#2278=DIRECTION('',(0.,1.,0.));
#2279=DIRECTION('',(0.,1.,0.));
#2280=DIRECTION('center_axis',(1.,-6.26102316466251E-32,-3.28020439093797E-17));
#2281=DIRECTION('ref_axis',(-3.28020439093797E-17,0.,-1.));
#2282=DIRECTION('',(0.,1.,0.));
#2283=DIRECTION('center_axis',(-0.707106781186589,2.64953102402871E-16,
0.707106781186506));
#2284=DIRECTION('ref_axis',(0.707106781186506,0.,0.707106781186589));
#2285=DIRECTION('',(0.,1.,0.));
#2286=DIRECTION('center_axis',(5.46964104205975E-32,1.,-3.7470027081099E-16));
#2287=DIRECTION('ref_axis',(0.,3.7470027081099E-16,1.));
#2288=DIRECTION('',(0.,0.,-1.));
#2289=DIRECTION('',(-0.707106781186547,0.,0.707106781186547));
#2290=DIRECTION('',(1.,0.,0.));
#2291=DIRECTION('center_axis',(0.707106781186548,2.64953102402887E-16,0.707106781186547));
#2292=DIRECTION('ref_axis',(0.707106781186547,0.,-0.707106781186548));
#2293=DIRECTION('',(-0.707106781186547,0.,0.707106781186547));
#2294=DIRECTION('',(0.,-1.,0.));
#2295=DIRECTION('',(0.,-1.,0.));
#2296=DIRECTION('center_axis',(-5.46964104205975E-32,-1.,3.7470027081099E-16));
#2297=DIRECTION('ref_axis',(0.,-3.7470027081099E-16,-1.));
#2298=DIRECTION('',(0.,3.5527136788005E-16,1.));
#2299=DIRECTION('',(-1.,0.,0.));
#2300=DIRECTION('',(0.707106781186548,-2.51214793389404E-16,-0.707106781186548));
#2301=DIRECTION('center_axis',(5.46964104205975E-32,1.,-3.7470027081099E-16));
#2302=DIRECTION('ref_axis',(0.,3.7470027081099E-16,1.));
#2303=DIRECTION('',(0.,0.,1.));
#2304=DIRECTION('',(0.707106781186546,0.,0.707106781186549));
#2305=DIRECTION('',(0.,0.,-1.));
#2306=DIRECTION('',(-1.,0.,0.));
#2307=DIRECTION('center_axis',(5.46964104205975E-32,1.,-3.7470027081099E-16));
#2308=DIRECTION('ref_axis',(0.,3.7470027081099E-16,1.));
#2309=DIRECTION('',(0.,0.,1.));
#2310=DIRECTION('',(0.707106781186531,0.,0.707106781186564));
#2311=DIRECTION('',(5.42775700927854E-15,0.,-1.));
#2312=DIRECTION('',(-1.,0.,0.));
#2313=DIRECTION('center_axis',(-5.46964104205975E-32,-1.,3.7470027081099E-16));
#2314=DIRECTION('ref_axis',(0.,-3.7470027081099E-16,-1.));
#2315=DIRECTION('',(-1.,0.,0.));
#2316=DIRECTION('',(0.,0.,1.));
#2317=DIRECTION('',(1.,0.,0.));
#2318=DIRECTION('',(-0.707106781186547,0.,-0.707106781186547));
#2319=DIRECTION('center_axis',(-5.46964104205975E-32,-1.,3.7470027081099E-16));
#2320=DIRECTION('ref_axis',(0.,-3.7470027081099E-16,-1.));
#2321=DIRECTION('',(-1.,0.,0.));
#2322=DIRECTION('',(0.,0.,1.));
#2323=DIRECTION('',(1.,0.,8.88178419700133E-15));
#2324=DIRECTION('',(-0.707106781186531,0.,-0.707106781186564));
#2325=DIRECTION('center_axis',(5.46964104205975E-32,1.,-3.7470027081099E-16));
#2326=DIRECTION('ref_axis',(0.,3.7470027081099E-16,1.));
#2327=DIRECTION('',(0.,3.22973970800047E-16,1.));
#2328=DIRECTION('',(-1.,0.,0.));
#2329=DIRECTION('',(-0.707106781186573,0.,-0.707106781186522));
#2330=DIRECTION('',(0.,0.,-1.));
#2331=DIRECTION('',(0.707106781186544,0.,-0.707106781186551));
#2332=DIRECTION('',(1.,0.,0.));
#2333=DIRECTION('',(0.,-4.22942104619107E-16,-1.));
#2334=DIRECTION('',(0.707106781186538,0.,-0.707106781186557));
#2335=DIRECTION('',(1.,0.,0.));
#2336=DIRECTION('',(0.707106781186438,0.,0.707106781186657));
#2337=DIRECTION('center_axis',(5.46964104205975E-32,1.,-3.7470027081099E-16));
#2338=DIRECTION('ref_axis',(0.,3.7470027081099E-16,1.));
#2339=DIRECTION('',(0.707106781186395,0.,0.7071067811867));
#2340=DIRECTION('',(0.,0.,1.));
#2341=DIRECTION('',(-0.707106781186721,0.,-0.707106781186374));
#2342=DIRECTION('',(-0.707106781186246,0.,0.70710678118685));
#2343=DIRECTION('center_axis',(5.46964104205975E-32,1.,-3.7470027081099E-16));
#2344=DIRECTION('ref_axis',(0.,3.7470027081099E-16,1.));
#2345=DIRECTION('',(-1.,0.,0.));
#2346=DIRECTION('',(0.,0.,1.));
#2347=DIRECTION('',(-0.707106781186605,0.,-0.70710678118649));
#2348=DIRECTION('',(-0.70710678118617,0.,0.707106781186925));
#2349=DIRECTION('',(0.707106781185677,0.,0.707106781187418));
#2350=DIRECTION('',(-0.707106781185726,0.,0.707106781187369));
#2351=DIRECTION('',(-0.707106781187538,0.,-0.707106781185557));
#2352=DIRECTION('',(-0.707106781186096,0.,0.707106781186999));
#2353=DIRECTION('',(0.707106781186685,0.,0.70710678118641));
#2354=DIRECTION('center_axis',(5.46964104205975E-32,1.,-3.7470027081099E-16));
#2355=DIRECTION('ref_axis',(0.,3.7470027081099E-16,1.));
#2356=DIRECTION('',(0.707106781186881,0.,0.707106781186215));
#2357=DIRECTION('',(-1.,0.,0.));
#2358=DIRECTION('',(-0.70710678118654,0.,-0.707106781186555));
#2359=DIRECTION('',(-0.707106781186918,0.,0.707106781186177));
#2360=DIRECTION('center_axis',(-5.46964104205975E-32,-1.,3.7470027081099E-16));
#2361=DIRECTION('ref_axis',(0.,-3.7470027081099E-16,-1.));
#2362=DIRECTION('',(0.,0.,1.));
#2363=DIRECTION('',(0.707106781186719,0.,0.707106781186376));
#2364=DIRECTION('',(-0.707106781185633,0.,0.707106781187462));
#2365=DIRECTION('',(-0.70710678118671,0.,-0.707106781186385));
#2366=DIRECTION('center_axis',(-5.46964104205975E-32,-1.,3.7470027081099E-16));
#2367=DIRECTION('ref_axis',(0.,-3.7470027081099E-16,-1.));
#2368=DIRECTION('',(1.,0.,0.));
#2369=DIRECTION('',(0.707106781186683,0.,0.707106781186412));
#2370=DIRECTION('',(-0.707106781185602,0.,0.707106781187493));
#2371=DIRECTION('',(-0.707106781186579,0.,-0.707106781186516));
#2372=DIRECTION('center_axis',(5.46964104205975E-32,1.,-3.7470027081099E-16));
#2373=DIRECTION('ref_axis',(0.,3.7470027081099E-16,1.));
#2374=DIRECTION('',(-0.707106781186582,0.,-0.707106781186514));
#2375=DIRECTION('',(-1.,0.,0.));
#2376=DIRECTION('',(0.707106781186881,0.,0.707106781186215));
#2377=DIRECTION('',(-0.707106781185606,0.,0.707106781187489));
#2378=DIRECTION('center_axis',(-5.46964104205975E-32,-1.,3.7470027081099E-16));
#2379=DIRECTION('ref_axis',(0.,-3.7470027081099E-16,-1.));
#2380=DIRECTION('',(0.,0.,1.));
#2381=DIRECTION('',(-1.,0.,0.));
#2382=DIRECTION('',(0.,0.,-1.));
#2383=DIRECTION('',(0.707106781186546,0.,0.707106781186549));
#2384=DIRECTION('center_axis',(-5.46964104205975E-32,-1.,3.7470027081099E-16));
#2385=DIRECTION('ref_axis',(0.,-3.7470027081099E-16,-1.));
#2386=DIRECTION('',(0.,0.,1.));
#2387=DIRECTION('',(-1.,0.,0.));
#2388=DIRECTION('',(5.4277570092785E-15,0.,-1.));
#2389=DIRECTION('',(0.70710678118653,0.,0.707106781186565));
#2390=DIRECTION('center_axis',(5.46964104205975E-32,1.,-3.7470027081099E-16));
#2391=DIRECTION('ref_axis',(0.,3.7470027081099E-16,1.));
#2392=DIRECTION('',(-1.,0.,0.));
#2393=DIRECTION('',(-0.707106781186547,0.,-0.707106781186547));
#2394=DIRECTION('',(1.,0.,0.));
#2395=DIRECTION('',(0.,0.,1.));
#2396=DIRECTION('center_axis',(5.46964104205975E-32,1.,-3.7470027081099E-16));
#2397=DIRECTION('ref_axis',(0.,3.7470027081099E-16,1.));
#2398=DIRECTION('',(-1.,0.,0.));
#2399=DIRECTION('',(-0.707106781186531,0.,-0.707106781186564));
#2400=DIRECTION('',(1.,0.,8.38835174161237E-15));
#2401=DIRECTION('',(0.,0.,1.));
#2402=DIRECTION('center_axis',(-1.2490009027033E-16,3.7470027081099E-16,
1.));
#2403=DIRECTION('ref_axis',(1.,0.,1.2490009027033E-16));
#2404=DIRECTION('',(0.,-1.,0.));
#2405=DIRECTION('',(0.,-1.,0.));
#2406=DIRECTION('center_axis',(0.707106781186549,-2.64953102402886E-16,
-0.707106781186546));
#2407=DIRECTION('ref_axis',(-0.707106781186546,0.,-0.707106781186549));
#2408=DIRECTION('',(0.,-1.,0.));
#2409=DIRECTION('',(0.,-1.,0.));
#2410=DIRECTION('center_axis',(0.707106781187463,2.64953102402544E-16,0.707106781185632));
#2411=DIRECTION('ref_axis',(0.707106781185632,0.,-0.707106781187463));
#2412=DIRECTION('',(0.,-1.,0.));
#2413=DIRECTION('',(0.,-1.,0.));
#2414=DIRECTION('',(-0.707106781185633,0.,0.707106781187462));
#2415=DIRECTION('center_axis',(-0.707106781186383,2.64953102402949E-16,
0.707106781186712));
#2416=DIRECTION('ref_axis',(0.707106781186712,0.,0.707106781186383));
#2417=DIRECTION('',(0.,-1.,0.));
#2418=DIRECTION('',(-0.707106781186523,0.,-0.707106781186572));
#2419=DIRECTION('',(-0.707106781186525,0.,-0.70710678118657));
#2420=DIRECTION('center_axis',(0.70710678118685,2.64953102402774E-16,0.707106781186245));
#2421=DIRECTION('ref_axis',(0.707106781186245,0.,-0.70710678118685));
#2422=DIRECTION('',(0.,-1.,0.));
#2423=DIRECTION('',(-0.707106781186242,0.,0.707106781186852));
#2424=DIRECTION('center_axis',(0.7071067811867,-2.6495310240283E-16,-0.707106781186395));
#2425=DIRECTION('ref_axis',(-0.707106781186395,0.,-0.7071067811867));
#2426=DIRECTION('',(0.,-1.,0.));
#2427=DIRECTION('',(0.707106781186395,0.,0.7071067811867));
#2428=DIRECTION('center_axis',(-1.2490009027033E-16,3.7470027081099E-16,
1.));
#2429=DIRECTION('ref_axis',(1.,0.,1.2490009027033E-16));
#2430=DIRECTION('',(0.,-1.,0.));
#2431=DIRECTION('',(0.,-1.,0.));
#2432=DIRECTION('center_axis',(5.46964104205975E-32,1.,-3.7470027081099E-16));
#2433=DIRECTION('ref_axis',(0.,3.7470027081099E-16,1.));
#2434=DIRECTION('',(0.,0.,1.));
#2435=DIRECTION('',(0.707106781186309,0.,0.707106781186786));
#2436=DIRECTION('center_axis',(0.707106781186468,2.64953102402917E-16,0.707106781186628));
#2437=DIRECTION('ref_axis',(0.707106781186628,0.,-0.707106781186468));
#2438=DIRECTION('',(0.,-1.,0.));
#2439=DIRECTION('',(-0.707106781186627,0.,0.707106781186468));
#2440=DIRECTION('',(0.,-1.,0.));
#2441=DIRECTION('',(-0.707106781186627,0.,0.707106781186468));
#2442=DIRECTION('center_axis',(-0.707106781186489,2.64953102402909E-16,
0.707106781186606));
#2443=DIRECTION('ref_axis',(0.707106781186606,0.,0.707106781186489));
#2444=DIRECTION('',(0.,-1.,0.));
#2445=DIRECTION('',(-0.707106781186605,0.,-0.70710678118649));
#2446=DIRECTION('',(-0.70710678118663,0.,-0.707106781186465));
#2447=DIRECTION('',(-0.707106781186632,0.,-0.707106781186463));
#2448=DIRECTION('center_axis',(0.707106781186926,2.64953102402745E-16,0.707106781186169));
#2449=DIRECTION('ref_axis',(0.707106781186169,0.,-0.707106781186926));
#2450=DIRECTION('',(0.,-1.,0.));
#2451=DIRECTION('',(-0.70710678118617,0.,0.707106781186925));
#2452=DIRECTION('center_axis',(0.707106781187419,-2.64953102402561E-16,
-0.707106781185677));
#2453=DIRECTION('ref_axis',(-0.707106781185677,0.,-0.707106781187419));
#2454=DIRECTION('',(0.,-1.,0.));
#2455=DIRECTION('',(0.707106781185677,0.,0.707106781187418));
#2456=DIRECTION('center_axis',(0.70710678118737,2.64953102402579E-16,0.707106781185725));
#2457=DIRECTION('ref_axis',(0.707106781185725,0.,-0.70710678118737));
#2458=DIRECTION('',(0.,-1.,0.));
#2459=DIRECTION('',(-0.707106781185726,0.,0.707106781187369));
#2460=DIRECTION('center_axis',(-0.707106781185559,2.64953102403258E-16,
0.707106781187536));
#2461=DIRECTION('ref_axis',(0.707106781187536,0.,0.707106781185559));
#2462=DIRECTION('',(0.,-1.,0.));
#2463=DIRECTION('',(-0.707106781187538,0.,-0.707106781185557));
#2464=DIRECTION('center_axis',(0.707106781186999,2.64953102402718E-16,0.707106781186096));
#2465=DIRECTION('ref_axis',(0.707106781186096,0.,-0.707106781186999));
#2466=DIRECTION('',(0.,-1.,0.));
#2467=DIRECTION('',(-0.707106781186096,0.,0.707106781186999));
#2468=DIRECTION('center_axis',(0.707106781186412,-2.64953102402938E-16,
-0.707106781186683));
#2469=DIRECTION('ref_axis',(-0.707106781186683,0.,-0.707106781186412));
#2470=DIRECTION('',(0.,-1.,0.));
#2471=DIRECTION('',(0.707106781186672,1.7763568394003E-14,0.707106781186423));
#2472=DIRECTION('',(0.707106781186152,0.,0.707106781186943));
#2473=DIRECTION('center_axis',(0.707106781187491,2.64953102402534E-16,0.707106781185604));
#2474=DIRECTION('ref_axis',(0.707106781185604,0.,-0.707106781187491));
#2475=DIRECTION('',(0.,-1.,0.));
#2476=DIRECTION('',(-0.707106781185602,0.,0.707106781187493));
#2477=DIRECTION('center_axis',(5.46964104205975E-32,1.,-3.7470027081099E-16));
#2478=DIRECTION('ref_axis',(0.,3.7470027081099E-16,1.));
#2479=DIRECTION('',(0.,0.,1.));
#2480=DIRECTION('',(0.707106781186636,0.,0.707106781186459));
#2481=DIRECTION('center_axis',(5.46964104205975E-32,1.,-3.7470027081099E-16));
#2482=DIRECTION('ref_axis',(0.,3.7470027081099E-16,1.));
#2483=DIRECTION('',(-1.,0.,0.));
#2484=DIRECTION('',(-0.707106781186531,0.,-0.707106781186564));
#2485=DIRECTION('center_axis',(-0.707106781186555,2.64953102402884E-16,
0.70710678118654));
#2486=DIRECTION('ref_axis',(0.70710678118654,0.,0.707106781186555));
#2487=DIRECTION('',(0.,-1.,0.));
#2488=DIRECTION('',(0.,-1.,0.));
#2489=DIRECTION('',(-0.70710678118654,0.,-0.707106781186555));
#2490=DIRECTION('center_axis',(0.707106781186174,2.64953102403027E-16,0.707106781186921));
#2491=DIRECTION('ref_axis',(0.707106781186921,0.,-0.707106781186174));
#2492=DIRECTION('',(0.,-1.,0.));
#2493=DIRECTION('',(-0.707106781186918,0.,0.707106781186177));
#2494=DIRECTION('center_axis',(0.707106781186216,-2.64953102403011E-16,
-0.707106781186879));
#2495=DIRECTION('ref_axis',(-0.707106781186879,0.,-0.707106781186216));
#2496=DIRECTION('',(0.,-1.,0.));
#2497=DIRECTION('',(0.707106781186157,0.,0.707106781186938));
#2498=DIRECTION('',(0.707106781186161,0.,0.707106781186934));
#2499=DIRECTION('center_axis',(0.707106781187486,2.64953102402535E-16,0.707106781185609));
#2500=DIRECTION('ref_axis',(0.707106781185609,0.,-0.707106781187486));
#2501=DIRECTION('',(0.,-1.,0.));
#2502=DIRECTION('',(-0.707106781185606,0.,0.707106781187489));
#2503=DIRECTION('center_axis',(-5.46964104205975E-32,-1.,3.7470027081099E-16));
#2504=DIRECTION('ref_axis',(0.,-3.7470027081099E-16,-1.));
#2505=DIRECTION('',(-1.,0.,0.));
#2506=DIRECTION('',(-0.707106781186548,0.,-0.707106781186548));
#2507=DIRECTION('center_axis',(-5.46964104205975E-32,-1.,3.7470027081099E-16));
#2508=DIRECTION('ref_axis',(0.,-3.7470027081099E-16,-1.));
#2509=DIRECTION('',(-1.,0.,0.));
#2510=DIRECTION('',(0.,3.22973970800047E-16,1.));
#2511=DIRECTION('',(0.707106781186438,0.,0.707106781186657));
#2512=DIRECTION('',(1.,0.,0.));
#2513=DIRECTION('',(0.70710678118654,-2.4155268595135E-16,-0.707106781186555));
#2514=DIRECTION('',(0.,0.,-1.));
#2515=DIRECTION('',(-0.707106781186569,0.,-0.707106781186526));
#2516=DIRECTION('center_axis',(0.707106781186658,-2.64953102402846E-16,
-0.707106781186437));
#2517=DIRECTION('ref_axis',(-0.707106781186437,0.,-0.707106781186658));
#2518=DIRECTION('',(0.,1.,0.));
#2519=DIRECTION('',(0.,-1.,1.48029736616688E-15));
#2520=DIRECTION('',(0.,-1.,0.));
#2521=DIRECTION('center_axis',(-0.707106781186525,2.64953102402896E-16,
0.70710678118657));
#2522=DIRECTION('ref_axis',(0.70710678118657,0.,0.707106781186525));
#2523=DIRECTION('',(0.,-1.,7.40148683083438E-16));
#2524=DIRECTION('',(0.,1.,0.));
#2525=DIRECTION('',(0.,-1.,0.));
#2526=DIRECTION('center_axis',(-1.,2.31111593326468E-33,-1.2490009027033E-16));
#2527=DIRECTION('ref_axis',(-1.2490009027033E-16,0.,1.));
#2528=DIRECTION('',(0.,-1.,0.));
#2529=DIRECTION('',(0.,-1.,3.41607084500048E-16));
#2530=DIRECTION('',(0.,-1.,0.));
#2531=DIRECTION('center_axis',(-1.,2.31111593326468E-33,-1.2490009027033E-16));
#2532=DIRECTION('ref_axis',(-1.2490009027033E-16,0.,1.));
#2533=DIRECTION('',(0.,-1.,5.55111512312578E-16));
#2534=DIRECTION('',(0.,-1.,8.45884209238215E-16));
#2535=DIRECTION('',(0.,-1.,0.));
#2536=DIRECTION('center_axis',(-0.707106781186555,-2.64953102402884E-16,
-0.70710678118654));
#2537=DIRECTION('ref_axis',(-0.70710678118654,0.,0.707106781186555));
#2538=DIRECTION('',(0.,-1.,0.));
#2539=DIRECTION('',(0.,-1.,8.45884209238215E-16));
#2540=DIRECTION('center_axis',(1.2490009027033E-16,-3.7470027081099E-16,
-1.));
#2541=DIRECTION('ref_axis',(-1.,0.,-1.2490009027033E-16));
#2542=DIRECTION('',(0.,-1.,0.));
#2543=DIRECTION('',(0.,-1.,0.));
#2544=DIRECTION('center_axis',(-1.2490009027033E-16,3.7470027081099E-16,
1.));
#2545=DIRECTION('ref_axis',(1.,0.,1.2490009027033E-16));
#2546=DIRECTION('',(-1.,0.,0.));
#2547=DIRECTION('',(0.,-1.,0.));
#2548=DIRECTION('',(-1.,0.,0.));
#2549=DIRECTION('',(0.,1.,0.));
#2550=DIRECTION('',(0.,-1.,0.));
#2551=DIRECTION('',(0.,-1.,0.));
#2552=DIRECTION('',(0.,1.,0.));
#2553=DIRECTION('',(0.,-1.,0.));
#2554=DIRECTION('',(0.,-1.,0.));
#2555=DIRECTION('center_axis',(1.2490009027033E-16,-3.7470027081099E-16,
-1.));
#2556=DIRECTION('ref_axis',(-1.,0.,-1.2490009027033E-16));
#2557=DIRECTION('',(0.,-1.,0.));
#2558=DIRECTION('',(0.,-1.,0.));
#2559=DIRECTION('',(0.,-1.,0.));
#2560=DIRECTION('',(0.,-1.,0.));
#2561=DIRECTION('center_axis',(-5.46964104205975E-32,-1.,3.7470027081099E-16));
#2562=DIRECTION('ref_axis',(0.,-3.7470027081099E-16,-1.));
#2563=DIRECTION('center_axis',(-5.46964104205975E-32,-1.,3.7470027081099E-16));
#2564=DIRECTION('ref_axis',(0.,-3.7470027081099E-16,-1.));
#2565=DIRECTION('',(0.,0.,1.));
#2566=DIRECTION('center_axis',(-5.46964104205975E-32,-1.,3.7470027081099E-16));
#2567=DIRECTION('ref_axis',(0.,-3.7470027081099E-16,-1.));
#2568=DIRECTION('',(0.,0.,1.));
#2569=DIRECTION('center_axis',(-0.707106781186515,2.64953102402899E-16,
0.70710678118658));
#2570=DIRECTION('ref_axis',(0.70710678118658,0.,0.707106781186515));
#2571=DIRECTION('center_axis',(0.70710678118655,-2.64953102402886E-16,-0.707106781186545));
#2572=DIRECTION('ref_axis',(-0.707106781186545,0.,-0.70710678118655));
#2573=DIRECTION('',(0.707106781186546,0.,0.707106781186549));
#2574=DIRECTION('',(0.,-1.,0.));
#2575=DIRECTION('',(0.,1.,0.));
#2576=DIRECTION('center_axis',(-5.46964104205975E-32,-1.,3.7470027081099E-16));
#2577=DIRECTION('ref_axis',(0.,-3.7470027081099E-16,-1.));
#2578=DIRECTION('',(0.,0.,1.));
#2579=DIRECTION('center_axis',(1.,-2.31111593326468E-33,1.2490009027033E-16));
#2580=DIRECTION('ref_axis',(1.2490009027033E-16,0.,-1.));
#2581=DIRECTION('center_axis',(1.,-2.31111593326468E-33,1.2490009027033E-16));
#2582=DIRECTION('ref_axis',(1.2490009027033E-16,0.,-1.));
#2583=DIRECTION('center_axis',(-0.707106781186547,2.64953102402887E-16,
0.707106781186548));
#2584=DIRECTION('ref_axis',(0.707106781186548,0.,0.707106781186547));
#2585=DIRECTION('center_axis',(0.707106781186658,-2.64953102402846E-16,
-0.707106781186437));
#2586=DIRECTION('ref_axis',(-0.707106781186437,0.,-0.707106781186658));
#2587=DIRECTION('',(0.,-1.,0.));
#2588=DIRECTION('center_axis',(-0.707106781186525,2.64953102402896E-16,
0.70710678118657));
#2589=DIRECTION('ref_axis',(0.70710678118657,0.,0.707106781186525));
#2590=DIRECTION('center_axis',(1.,-4.57270795367372E-32,9.91270557700413E-19));
#2591=DIRECTION('ref_axis',(9.91270557700413E-19,0.,-1.));
#2592=DIRECTION('',(0.,1.,0.));
#2593=DIRECTION('center_axis',(0.707106781186658,-2.64953102402846E-16,
-0.707106781186437));
#2594=DIRECTION('ref_axis',(-0.707106781186437,0.,-0.707106781186658));
#2595=DIRECTION('center_axis',(-0.707106781186525,2.64953102402896E-16,
0.70710678118657));
#2596=DIRECTION('ref_axis',(0.70710678118657,0.,0.707106781186525));
#2597=CARTESIAN_POINT('',(0.,0.,0.));
#2598=CARTESIAN_POINT('Origin',(0.060499970989109,0.097834400390865,0.0654644660940666));
#2599=CARTESIAN_POINT('',(0.059499970989109,0.080834400390865,0.0664644660940666));
#2600=CARTESIAN_POINT('',(0.060499970989109,0.080834400390865,0.0654644660940666));
#2601=CARTESIAN_POINT('',(0.059499970989109,0.080834400390865,0.0664644660940666));
#2602=CARTESIAN_POINT('',(0.059499970989109,0.089834400390865,0.0664644660940666));
#2603=CARTESIAN_POINT('',(0.059499970989109,0.089834400390865,0.0664644660940666));
#2604=CARTESIAN_POINT('',(0.060499970989109,0.089834400390865,0.0654644660940666));
#2605=CARTESIAN_POINT('',(0.060499970989109,0.089834400390865,0.0654644660940666));
#2606=CARTESIAN_POINT('',(0.060499970989109,0.080834400390865,0.0654644660940666));
#2607=CARTESIAN_POINT('Origin',(0.059499970989109,0.106834400390865,0.0664644660940666));
#2608=CARTESIAN_POINT('',(0.060499970989109,0.106834400390865,0.0654644660940666));
#2609=CARTESIAN_POINT('',(0.059499970989109,0.106834400390865,0.0664644660940666));
#2610=CARTESIAN_POINT('',(0.060499970989109,0.106834400390865,0.0654644660940666));
#2611=CARTESIAN_POINT('',(0.060499970989109,0.097834400390865,0.0654644660940666));
#2612=CARTESIAN_POINT('',(0.060499970989109,0.097834400390865,0.0654644660940666));
#2613=CARTESIAN_POINT('',(0.059499970989109,0.097834400390865,0.0664644660940666));
#2614=CARTESIAN_POINT('',(0.059499970989109,0.097834400390865,0.0664644660940666));
#2615=CARTESIAN_POINT('',(0.059499970989109,0.106834400390865,0.0664644660940666));
#2616=CARTESIAN_POINT('Origin',(0.116499970989109,0.083834400390865,0.0664644660940666));
#2617=CARTESIAN_POINT('',(0.116499970989109,0.083834400390865,0.0664644660940666));
#2618=CARTESIAN_POINT('',(0.115499970989109,0.083834400390865,0.0654644660940666));
#2619=CARTESIAN_POINT('',(0.116499970989109,0.083834400390865,0.0664644660940666));
#2620=CARTESIAN_POINT('',(0.112215526968883,0.083834400390865,0.0654644660940666));
#2621=CARTESIAN_POINT('',(0.115499970989109,0.083834400390865,0.0654644660940666));
#2622=CARTESIAN_POINT('',(0.116499970989109,0.083834400390865,0.0684644660940666));
#2623=CARTESIAN_POINT('',(0.112215526968883,0.083834400390865,0.0654644660940666));
#2624=CARTESIAN_POINT('',(0.116499970989109,0.083834400390865,0.0684644660940666));
#2625=CARTESIAN_POINT('Origin',(0.116499970989109,0.087834400390865,0.0664644660940666));
#2626=CARTESIAN_POINT('',(0.116499970989109,0.087834400390865,0.0664644660940666));
#2627=CARTESIAN_POINT('',(0.115499970989109,0.087834400390865,0.0654644660940666));
#2628=CARTESIAN_POINT('',(0.116499970989109,0.087834400390865,0.0664644660940666));
#2629=CARTESIAN_POINT('',(0.116499970989109,0.087834400390865,0.0684644660940666));
#2630=CARTESIAN_POINT('',(0.116499970989109,0.087834400390865,0.0684644660940666));
#2631=CARTESIAN_POINT('',(0.112215526968883,0.087834400390865,0.0654644660940666));
#2632=CARTESIAN_POINT('',(0.112215526968883,0.087834400390865,0.0654644660940666));
#2633=CARTESIAN_POINT('',(0.115499970989109,0.087834400390865,0.0654644660940666));
#2634=CARTESIAN_POINT('Origin',(0.116499970989109,0.087834400390865,0.0684644660940666));
#2635=CARTESIAN_POINT('',(0.112215526968883,0.087834400390865,0.0654644660940666));
#2636=CARTESIAN_POINT('',(0.116499970989109,0.087834400390865,0.0684644660940666));
#2637=CARTESIAN_POINT('Origin',(0.109499970989109,0.083834400390865,0.0674644660940666));
#2638=CARTESIAN_POINT('',(0.065499970989109,0.083834400390865,0.0674644660940666));
#2639=CARTESIAN_POINT('',(0.109499970989109,0.083834400390865,0.0674644660940666));
#2640=CARTESIAN_POINT('',(0.065499970989109,0.083834400390865,0.0674644660940666));
#2641=CARTESIAN_POINT('',(0.109499970989109,0.083834400390865,0.0654644660940666));
#2642=CARTESIAN_POINT('',(0.109499970989109,0.083834400390865,0.0674644660940666));
#2643=CARTESIAN_POINT('',(0.0634999709891091,0.083834400390865,0.0654644660940665));
#2644=CARTESIAN_POINT('',(0.109499970989109,0.083834400390865,0.0654644660940666));
#2645=CARTESIAN_POINT('',(0.0634999709891091,0.083834400390865,0.0654644660940665));
#2646=CARTESIAN_POINT('Origin',(0.109499970989109,0.087834400390865,0.0674644660940666));
#2647=CARTESIAN_POINT('',(0.065499970989109,0.087834400390865,0.0674644660940666));
#2648=CARTESIAN_POINT('',(0.109499970989109,0.087834400390865,0.0674644660940666));
#2649=CARTESIAN_POINT('',(0.065499970989109,0.087834400390865,0.0674644660940666));
#2650=CARTESIAN_POINT('',(0.0634999709891091,0.087834400390865,0.0654644660940665));
#2651=CARTESIAN_POINT('',(0.0634999709891091,0.087834400390865,0.0654644660940665));
#2652=CARTESIAN_POINT('',(0.109499970989109,0.087834400390865,0.0654644660940666));
#2653=CARTESIAN_POINT('',(0.109499970989109,0.087834400390865,0.0654644660940666));
#2654=CARTESIAN_POINT('',(0.109499970989109,0.087834400390865,0.0674644660940666));
#2655=CARTESIAN_POINT('Origin',(0.065499970989109,0.087834400390865,0.0674644660940666));
#2656=CARTESIAN_POINT('',(0.0634999709891091,0.087834400390865,0.0654644660940665));
#2657=CARTESIAN_POINT('',(0.065499970989109,0.087834400390865,0.0674644660940666));
#2658=CARTESIAN_POINT('Origin',(0.109499970989109,0.087834400390865,0.0674644660940666));
#2659=CARTESIAN_POINT('',(0.109499970989109,0.087834400390865,0.0674644660940666));
#2660=CARTESIAN_POINT('',(0.109499970989109,0.087834400390865,0.0654644660940666));
#2661=CARTESIAN_POINT('Origin',(0.109499970989109,0.087834400390865,0.0674644660940666));
#2662=CARTESIAN_POINT('Origin',(0.059499970989109,0.083834400390865,0.122464466094067));
#2663=CARTESIAN_POINT('',(0.062499970989109,0.083834400390865,0.122464466094067));
#2664=CARTESIAN_POINT('',(0.0604999709891089,0.083834400390865,0.122464466094067));
#2665=CARTESIAN_POINT('',(0.062499970989109,0.083834400390865,0.122464466094067));
#2666=CARTESIAN_POINT('',(0.059499970989109,0.083834400390865,0.11818002207384));
#2667=CARTESIAN_POINT('',(0.062499970989109,0.083834400390865,0.122464466094067));
#2668=CARTESIAN_POINT('',(0.059499970989109,0.083834400390865,0.121464466094066));
#2669=CARTESIAN_POINT('',(0.059499970989109,0.083834400390865,0.121464466094066));
#2670=CARTESIAN_POINT('',(0.0604999709891089,0.083834400390865,0.122464466094067));
#2671=CARTESIAN_POINT('Origin',(0.059499970989109,0.087834400390865,0.122464466094067));
#2672=CARTESIAN_POINT('',(0.062499970989109,0.087834400390865,0.122464466094067));
#2673=CARTESIAN_POINT('',(0.0604999709891089,0.087834400390865,0.122464466094067));
#2674=CARTESIAN_POINT('',(0.062499970989109,0.087834400390865,0.122464466094067));
#2675=CARTESIAN_POINT('',(0.059499970989109,0.087834400390865,0.121464466094066));
#2676=CARTESIAN_POINT('',(0.0604999709891089,0.087834400390865,0.122464466094067));
#2677=CARTESIAN_POINT('',(0.059499970989109,0.087834400390865,0.11818002207384));
#2678=CARTESIAN_POINT('',(0.059499970989109,0.087834400390865,0.121464466094066));
#2679=CARTESIAN_POINT('',(0.062499970989109,0.087834400390865,0.122464466094067));
#2680=CARTESIAN_POINT('Origin',(0.062499970989109,0.087834400390865,0.122464466094067));
#2681=CARTESIAN_POINT('',(0.062499970989109,0.087834400390865,0.122464466094067));
#2682=CARTESIAN_POINT('',(0.059499970989109,0.087834400390865,0.11818002207384));
#2683=CARTESIAN_POINT('Origin',(0.0586229318090999,0.083834400390865,0.0536578019656334));
#2684=CARTESIAN_POINT('',(0.059499970989109,0.083834400390865,0.0694644660940665));
#2685=CARTESIAN_POINT('',(0.061499970989109,0.083834400390865,0.0714644660940666));
#2686=CARTESIAN_POINT('',(0.059499970989109,0.083834400390865,0.0694644660940665));
#2687=CARTESIAN_POINT('',(0.059499970989109,0.083834400390865,0.115464466094067));
#2688=CARTESIAN_POINT('',(0.059499970989109,0.083834400390865,0.115464466094067));
#2689=CARTESIAN_POINT('',(0.061499970989109,0.083834400390865,0.115464466094067));
#2690=CARTESIAN_POINT('',(0.059499970989109,0.083834400390865,0.115464466094067));
#2691=CARTESIAN_POINT('',(0.061499970989109,0.083834400390865,0.115464466094067));
#2692=CARTESIAN_POINT('Origin',(0.0586229318090999,0.087834400390865,0.0536578019656334));
#2693=CARTESIAN_POINT('',(0.0594999709891091,0.087834400390865,0.0694644660940665));
#2694=CARTESIAN_POINT('',(0.061499970989109,0.087834400390865,0.0714644660940666));
#2695=CARTESIAN_POINT('',(0.0594999709891091,0.087834400390865,0.0694644660940665));
#2696=CARTESIAN_POINT('',(0.061499970989109,0.087834400390865,0.115464466094067));
#2697=CARTESIAN_POINT('',(0.061499970989109,0.087834400390865,0.115464466094067));
#2698=CARTESIAN_POINT('',(0.059499970989109,0.087834400390865,0.115464466094067));
#2699=CARTESIAN_POINT('',(0.059499970989109,0.087834400390865,0.115464466094067));
#2700=CARTESIAN_POINT('',(0.059499970989109,0.087834400390865,0.115464466094067));
#2701=CARTESIAN_POINT('Origin',(0.061499970989109,0.087834400390865,0.0536578019656334));
#2702=CARTESIAN_POINT('',(0.061499970989109,0.087834400390865,0.115464466094067));
#2703=CARTESIAN_POINT('',(0.061499970989109,0.087834400390865,0.0714644660940666));
#2704=CARTESIAN_POINT('Origin',(0.0586229318090999,0.087834400390865,0.115464466094067));
#2705=CARTESIAN_POINT('',(0.059499970989109,0.087834400390865,0.115464466094067));
#2706=CARTESIAN_POINT('Origin',(0.051158119334888,0.087834400390865,0.0611226144398444));
#2707=CARTESIAN_POINT('',(0.0594999709891091,0.087834400390865,0.0694644660940665));
#2708=CARTESIAN_POINT('Origin',(0.116499970989109,0.103834400390865,0.0664644660940666));
#2709=CARTESIAN_POINT('',(0.116499970989109,0.103834400390865,0.0664644660940666));
#2710=CARTESIAN_POINT('',(0.115499970989109,0.103834400390865,0.0654644660940666));
#2711=CARTESIAN_POINT('',(0.116499970989109,0.103834400390865,0.0664644660940666));
#2712=CARTESIAN_POINT('',(0.116499970989109,0.103834400390865,0.0684644660940666));
#2713=CARTESIAN_POINT('',(0.116499970989109,0.103834400390865,0.0684644660940666));
#2714=CARTESIAN_POINT('',(0.112215526968883,0.103834400390865,0.0654644660940666));
#2715=CARTESIAN_POINT('',(0.112215526968883,0.103834400390865,0.0654644660940666));
#2716=CARTESIAN_POINT('',(0.115499970989109,0.103834400390865,0.0654644660940666));
#2717=CARTESIAN_POINT('Origin',(0.116499970989109,0.099834400390865,0.0664644660940666));
#2718=CARTESIAN_POINT('',(0.116499970989109,0.099834400390865,0.0664644660940666));
#2719=CARTESIAN_POINT('',(0.115499970989109,0.099834400390865,0.0654644660940666));
#2720=CARTESIAN_POINT('',(0.116499970989109,0.099834400390865,0.0664644660940666));
#2721=CARTESIAN_POINT('',(0.112215526968883,0.099834400390865,0.0654644660940666));
#2722=CARTESIAN_POINT('',(0.115499970989109,0.099834400390865,0.0654644660940666));
#2723=CARTESIAN_POINT('',(0.116499970989109,0.099834400390865,0.0684644660940666));
#2724=CARTESIAN_POINT('',(0.112215526968883,0.099834400390865,0.0654644660940666));
#2725=CARTESIAN_POINT('',(0.116499970989109,0.099834400390865,0.0684644660940666));
#2726=CARTESIAN_POINT('Origin',(0.116499970989109,0.099834400390865,0.0684644660940666));
#2727=CARTESIAN_POINT('',(0.116499970989109,0.099834400390865,0.0684644660940666));
#2728=CARTESIAN_POINT('',(0.112215526968883,0.099834400390865,0.0654644660940666));
#2729=CARTESIAN_POINT('Origin',(0.109499970989109,0.103834400390865,0.0674644660940666));
#2730=CARTESIAN_POINT('',(0.065499970989109,0.103834400390865,0.0674644660940666));
#2731=CARTESIAN_POINT('',(0.109499970989109,0.103834400390865,0.0674644660940666));
#2732=CARTESIAN_POINT('',(0.065499970989109,0.103834400390865,0.0674644660940666));
#2733=CARTESIAN_POINT('',(0.0634999709891091,0.103834400390865,0.0654644660940666));
#2734=CARTESIAN_POINT('',(0.0634999709891092,0.103834400390865,0.0654644660940666));
#2735=CARTESIAN_POINT('',(0.109499970989109,0.103834400390865,0.0654644660940666));
#2736=CARTESIAN_POINT('',(0.109499970989109,0.103834400390865,0.0654644660940666));
#2737=CARTESIAN_POINT('',(0.109499970989109,0.103834400390865,0.0674644660940666));
#2738=CARTESIAN_POINT('Origin',(0.109499970989109,0.099834400390865,0.0674644660940666));
#2739=CARTESIAN_POINT('',(0.065499970989109,0.099834400390865,0.0674644660940666));
#2740=CARTESIAN_POINT('',(0.109499970989109,0.099834400390865,0.0674644660940666));
#2741=CARTESIAN_POINT('',(0.065499970989109,0.099834400390865,0.0674644660940666));
#2742=CARTESIAN_POINT('',(0.109499970989109,0.099834400390865,0.0654644660940666));
#2743=CARTESIAN_POINT('',(0.109499970989109,0.099834400390865,0.0674644660940666));
#2744=CARTESIAN_POINT('',(0.0634999709891091,0.099834400390865,0.0654644660940665));
#2745=CARTESIAN_POINT('',(0.109499970989109,0.099834400390865,0.0654644660940666));
#2746=CARTESIAN_POINT('',(0.0634999709891091,0.099834400390865,0.0654644660940665));
#2747=CARTESIAN_POINT('Origin',(0.109499970989109,0.099834400390865,0.0674644660940666));
#2748=CARTESIAN_POINT('',(0.109499970989109,0.099834400390865,0.0654644660940666));
#2749=CARTESIAN_POINT('',(0.109499970989109,0.099834400390865,0.0674644660940666));
#2750=CARTESIAN_POINT('Origin',(0.065499970989109,0.099834400390865,0.0674644660940666));
#2751=CARTESIAN_POINT('',(0.065499970989109,0.099834400390865,0.0674644660940666));
#2752=CARTESIAN_POINT('',(0.0634999709891091,0.099834400390865,0.0654644660940665));
#2753=CARTESIAN_POINT('Origin',(0.109499970989109,0.099834400390865,0.0674644660940666));
#2754=CARTESIAN_POINT('Origin',(0.059499970989109,0.103834400390865,0.122464466094067));
#2755=CARTESIAN_POINT('',(0.062499970989109,0.103834400390865,0.122464466094067));
#2756=CARTESIAN_POINT('',(0.0604999709891089,0.103834400390865,0.122464466094067));
#2757=CARTESIAN_POINT('',(0.062499970989109,0.103834400390865,0.122464466094067));
#2758=CARTESIAN_POINT('',(0.059499970989109,0.103834400390865,0.121464466094066));
#2759=CARTESIAN_POINT('',(0.0604999709891089,0.103834400390865,0.122464466094067));
#2760=CARTESIAN_POINT('',(0.059499970989109,0.103834400390865,0.11818002207384));
#2761=CARTESIAN_POINT('',(0.059499970989109,0.103834400390865,0.121464466094066));
#2762=CARTESIAN_POINT('',(0.062499970989109,0.103834400390865,0.122464466094067));
#2763=CARTESIAN_POINT('Origin',(0.059499970989109,0.099834400390865,0.122464466094067));
#2764=CARTESIAN_POINT('',(0.062499970989109,0.099834400390865,0.122464466094067));
#2765=CARTESIAN_POINT('',(0.0604999709891089,0.099834400390865,0.122464466094067));
#2766=CARTESIAN_POINT('',(0.062499970989109,0.099834400390865,0.122464466094067));
#2767=CARTESIAN_POINT('',(0.059499970989109,0.099834400390865,0.11818002207384));
#2768=CARTESIAN_POINT('',(0.062499970989109,0.099834400390865,0.122464466094067));
#2769=CARTESIAN_POINT('',(0.059499970989109,0.099834400390865,0.121464466094066));
#2770=CARTESIAN_POINT('',(0.059499970989109,0.099834400390865,0.121464466094066));
#2771=CARTESIAN_POINT('',(0.0604999709891089,0.099834400390865,0.122464466094067));
#2772=CARTESIAN_POINT('Origin',(0.062499970989109,0.099834400390865,0.122464466094067));
#2773=CARTESIAN_POINT('',(0.059499970989109,0.099834400390865,0.11818002207384));
#2774=CARTESIAN_POINT('',(0.062499970989109,0.099834400390865,0.122464466094067));
#2775=CARTESIAN_POINT('Origin',(0.0586229318090999,0.103834400390865,0.0536578019656334));
#2776=CARTESIAN_POINT('',(0.0594999709891091,0.103834400390865,0.0694644660940665));
#2777=CARTESIAN_POINT('',(0.061499970989109,0.103834400390865,0.0714644660940666));
#2778=CARTESIAN_POINT('',(0.0594999709891091,0.103834400390865,0.0694644660940665));
#2779=CARTESIAN_POINT('',(0.061499970989109,0.103834400390865,0.115464466094067));
#2780=CARTESIAN_POINT('',(0.061499970989109,0.103834400390865,0.115464466094067));
#2781=CARTESIAN_POINT('',(0.059499970989109,0.103834400390865,0.115464466094067));
#2782=CARTESIAN_POINT('',(0.059499970989109,0.103834400390865,0.115464466094067));
#2783=CARTESIAN_POINT('',(0.059499970989109,0.103834400390865,0.115464466094067));
#2784=CARTESIAN_POINT('Origin',(0.0586229318090999,0.099834400390865,0.0536578019656334));
#2785=CARTESIAN_POINT('',(0.0594999709891091,0.099834400390865,0.0694644660940665));
#2786=CARTESIAN_POINT('',(0.061499970989109,0.099834400390865,0.0714644660940666));
#2787=CARTESIAN_POINT('',(0.0594999709891091,0.099834400390865,0.0694644660940665));
#2788=CARTESIAN_POINT('',(0.059499970989109,0.099834400390865,0.115464466094067));
#2789=CARTESIAN_POINT('',(0.059499970989109,0.099834400390865,0.115464466094067));
#2790=CARTESIAN_POINT('',(0.061499970989109,0.099834400390865,0.115464466094067));
#2791=CARTESIAN_POINT('',(0.059499970989109,0.099834400390865,0.115464466094067));
#2792=CARTESIAN_POINT('',(0.061499970989109,0.099834400390865,0.115464466094067));
#2793=CARTESIAN_POINT('Origin',(0.0586229318090999,0.099834400390865,0.115464466094067));
#2794=CARTESIAN_POINT('',(0.061499970989109,0.099834400390865,0.115464466094067));
#2795=CARTESIAN_POINT('',(0.059499970989109,0.099834400390865,0.115464466094067));
#2796=CARTESIAN_POINT('Origin',(0.061499970989109,0.099834400390865,0.0536578019656334));
#2797=CARTESIAN_POINT('',(0.061499970989109,0.099834400390865,0.0714644660940666));
#2798=CARTESIAN_POINT('Origin',(0.051158119334888,0.099834400390865,0.0611226144398444));
#2799=CARTESIAN_POINT('',(0.0594999709891091,0.099834400390865,0.0694644660940665));
#2800=CARTESIAN_POINT('Origin',(0.065499970989109,0.085834400390865,0.0714644660940666));
#2801=CARTESIAN_POINT('',(0.065499970989109,0.085834400390865,0.0794644660940667));
#2802=CARTESIAN_POINT('',(0.065499970989109,0.085834400390865,0.0714644660940666));
#2803=CARTESIAN_POINT('',(0.065499970989109,0.085834400390865,0.0794644660940666));
#2804=CARTESIAN_POINT('',(0.0734999709891089,0.085834400390865,0.0714644660940666));
#2805=CARTESIAN_POINT('',(0.0734999709891089,0.085834400390865,0.0714644660940666));
#2806=CARTESIAN_POINT('',(0.065499970989109,0.085834400390865,0.0714644660940666));
#2807=CARTESIAN_POINT('Origin',(0.0734999709891089,0.085834400390865,0.0714644660940666));
#2808=CARTESIAN_POINT('',(0.0734999709891089,0.080834400390865,0.0714644660940666));
#2809=CARTESIAN_POINT('',(0.065499970989109,0.080834400390865,0.0794644660940667));
#2810=CARTESIAN_POINT('',(0.0734999709891089,0.080834400390865,0.0714644660940666));
#2811=CARTESIAN_POINT('',(0.0734999709891089,0.085834400390865,0.0714644660940666));
#2812=CARTESIAN_POINT('',(0.065499970989109,0.085834400390865,0.0794644660940667));
#2813=CARTESIAN_POINT('Origin',(0.065499970989109,0.101834400390865,0.0714644660940666));
#2814=CARTESIAN_POINT('',(0.065499970989109,0.101834400390865,0.0714644660940666));
#2815=CARTESIAN_POINT('',(0.065499970989109,0.101834400390865,0.121464466094067));
#2816=CARTESIAN_POINT('',(0.065499970989109,0.101834400390865,0.0714644660940666));
#2817=CARTESIAN_POINT('',(0.115499970989109,0.101834400390865,0.0714644660940666));
#2818=CARTESIAN_POINT('',(0.115499970989109,0.101834400390865,0.0714644660940666));
#2819=CARTESIAN_POINT('',(0.065499970989109,0.101834400390865,0.121464466094067));
#2820=CARTESIAN_POINT('Origin',(0.065499970989109,0.090584400390865,0.115464466094067));
#2821=CARTESIAN_POINT('',(0.0654999709891089,0.090584400390865,0.103464466094067));
#2822=CARTESIAN_POINT('',(0.065499970989109,0.090584400390865,0.115464466094067));
#2823=CARTESIAN_POINT('',(0.0654999709891089,0.090584400390865,0.103464466094067));
#2824=CARTESIAN_POINT('',(0.059499970989109,0.090584400390865,0.0974644660940667));
#2825=CARTESIAN_POINT('',(0.059499970989109,0.090584400390865,0.0974644660940667));
#2826=CARTESIAN_POINT('',(0.059499970989109,0.090584400390865,0.115464466094067));
#2827=CARTESIAN_POINT('',(0.059499970989109,0.090584400390865,0.115464466094067));
#2828=CARTESIAN_POINT('',(0.065499970989109,0.090584400390865,0.115464466094067));
#2829=CARTESIAN_POINT('Origin',(0.065499970989109,0.090584400390865,0.0874644660940667));
#2830=CARTESIAN_POINT('',(0.065499970989109,0.090584400390865,0.0754644660940667));
#2831=CARTESIAN_POINT('',(0.065499970989109,0.090584400390865,0.0874644660940667));
#2832=CARTESIAN_POINT('',(0.065499970989109,0.090584400390865,0.0754644660940667));
#2833=CARTESIAN_POINT('',(0.059499970989109,0.090584400390865,0.0694644660940666));
#2834=CARTESIAN_POINT('',(0.0594999709891091,0.090584400390865,0.0694644660940665));
#2835=CARTESIAN_POINT('',(0.059499970989109,0.090584400390865,0.0874644660940667));
#2836=CARTESIAN_POINT('',(0.059499970989109,0.090584400390865,0.0874644660940667));
#2837=CARTESIAN_POINT('',(0.065499970989109,0.090584400390865,0.0874644660940667));
#2838=CARTESIAN_POINT('Origin',(0.109499970989109,0.090584400390865,0.0714644660940666));
#2839=CARTESIAN_POINT('',(0.109499970989109,0.090584400390865,0.0714644660940666));
#2840=CARTESIAN_POINT('',(0.097499970989109,0.090584400390865,0.0714644660940666));
#2841=CARTESIAN_POINT('',(0.109499970989109,0.090584400390865,0.0714644660940666));
#2842=CARTESIAN_POINT('',(0.109499970989109,0.090584400390865,0.0654644660940666));
#2843=CARTESIAN_POINT('',(0.109499970989109,0.090584400390865,0.0654644660940666));
#2844=CARTESIAN_POINT('',(0.091499970989109,0.090584400390865,0.0654644660940666));
#2845=CARTESIAN_POINT('',(0.091499970989109,0.090584400390865,0.0654644660940666));
#2846=CARTESIAN_POINT('',(0.097499970989109,0.090584400390865,0.0714644660940666));
#2847=CARTESIAN_POINT('Origin',(0.081499970989109,0.090584400390865,0.0714644660940666));
#2848=CARTESIAN_POINT('',(0.081499970989109,0.090584400390865,0.0714644660940666));
#2849=CARTESIAN_POINT('',(0.069499970989109,0.090584400390865,0.0714644660940666));
#2850=CARTESIAN_POINT('',(0.081499970989109,0.090584400390865,0.0714644660940666));
#2851=CARTESIAN_POINT('',(0.081499970989109,0.090584400390865,0.0654644660940667));
#2852=CARTESIAN_POINT('',(0.081499970989109,0.090584400390865,0.0654644660940666));
#2853=CARTESIAN_POINT('',(0.0634999709891091,0.090584400390865,0.0654644660940668));
#2854=CARTESIAN_POINT('',(0.0634999709891091,0.090584400390865,0.0654644660940665));
#2855=CARTESIAN_POINT('',(0.069499970989109,0.090584400390865,0.0714644660940666));
#2856=CARTESIAN_POINT('Origin',(0.116499970989109,0.080834400390865,0.122464466094067));
#2857=CARTESIAN_POINT('',(0.059499970989109,0.080834400390865,0.121464466094066));
#2858=CARTESIAN_POINT('',(0.059499970989109,0.080834400390865,0.0664644660940666));
#2859=CARTESIAN_POINT('',(0.115499970989109,0.080834400390865,0.0654644660940666));
#2860=CARTESIAN_POINT('',(0.115499970989109,0.080834400390865,0.0654644660940666));
#2861=CARTESIAN_POINT('',(0.116499970989109,0.080834400390865,0.0664644660940666));
#2862=CARTESIAN_POINT('',(0.116499970989109,0.080834400390865,0.0664644660940666));
#2863=CARTESIAN_POINT('',(0.116499970989109,0.080834400390865,0.0704644660940666));
#2864=CARTESIAN_POINT('',(0.116499970989109,0.080834400390865,0.0704644660940666));
#2865=CARTESIAN_POINT('',(0.115499970989109,0.080834400390865,0.0714644660940666));
#2866=CARTESIAN_POINT('',(0.115499970989109,0.080834400390865,0.0714644660940666));
#2867=CARTESIAN_POINT('',(0.073499970989109,0.080834400390865,0.0714644660940666));
#2868=CARTESIAN_POINT('',(0.065499970989109,0.080834400390865,0.121464466094067));
#2869=CARTESIAN_POINT('',(0.065499970989109,0.080834400390865,0.121464466094067));
#2870=CARTESIAN_POINT('',(0.064499970989109,0.080834400390865,0.122464466094067));
#2871=CARTESIAN_POINT('',(0.064499970989109,0.080834400390865,0.122464466094067));
#2872=CARTESIAN_POINT('',(0.0604999709891089,0.080834400390865,0.122464466094067));
#2873=CARTESIAN_POINT('',(0.0604999709891089,0.080834400390865,0.122464466094067));
#2874=CARTESIAN_POINT('',(0.059499970989109,0.080834400390865,0.121464466094066));
#2875=CARTESIAN_POINT('Origin',(0.116499970989109,0.089834400390865,0.122464466094067));
#2876=CARTESIAN_POINT('',(0.059499970989109,0.089834400390865,0.117928932188134));
#2877=CARTESIAN_POINT('',(0.0612677379420729,0.089834400390865,0.119696699141098));
#2878=CARTESIAN_POINT('',(0.059499970989109,0.089834400390865,0.117928932188134));
#2879=CARTESIAN_POINT('',(0.059499970989109,0.089834400390865,0.120050252531694));
#2880=CARTESIAN_POINT('',(0.059499970989109,0.089834400390865,0.117928932188134));
#2881=CARTESIAN_POINT('',(0.0602070777702938,0.089834400390865,0.120757359312878));
#2882=CARTESIAN_POINT('',(0.0602070777702938,0.089834400390865,0.120757359312878));
#2883=CARTESIAN_POINT('',(0.0612677379420729,0.089834400390865,0.119696699141098));
#2884=CARTESIAN_POINT('Origin',(0.116499970989109,0.089834400390865,0.122464466094067));
#2885=CARTESIAN_POINT('',(0.0620857574267356,0.089834400390865,0.0654644660940666));
#2886=CARTESIAN_POINT('',(0.0620857574267356,0.089834400390865,0.0654644660940666));
#2887=CARTESIAN_POINT('',(0.059499970989109,0.089834400390865,0.0680502525316936));
#2888=CARTESIAN_POINT('',(0.059499970989109,0.089834400390865,0.0664644660940666));
#2889=CARTESIAN_POINT('',(0.0602070777702956,0.089834400390865,0.06875735931288));
#2890=CARTESIAN_POINT('',(0.0602070777702956,0.089834400390865,0.06875735931288));
#2891=CARTESIAN_POINT('',(0.0611464175985147,0.089834400390865,0.0678180194846599));
#2892=CARTESIAN_POINT('',(0.0611464175985147,0.089834400390865,0.0678180194846599));
#2893=CARTESIAN_POINT('',(0.0604393108173299,0.089834400390865,0.0671109127034733));
#2894=CARTESIAN_POINT('',(0.0604393108173299,0.089834400390865,0.0671109127034733));
#2895=CARTESIAN_POINT('',(0.0611464175985147,0.089834400390865,0.0664038059222868));
#2896=CARTESIAN_POINT('',(0.0611464175985147,0.089834400390865,0.0664038059222868));
#2897=CARTESIAN_POINT('',(0.0618535243797032,0.089834400390865,0.0671109127034733));
#2898=CARTESIAN_POINT('',(0.0618535243797032,0.089834400390865,0.0671109127034733));
#2899=CARTESIAN_POINT('',(0.0627928642079223,0.089834400390865,0.066171572875253));
#2900=CARTESIAN_POINT('',(0.0627928642079223,0.089834400390865,0.066171572875253));
#2901=CARTESIAN_POINT('',(0.0620857574267356,0.089834400390865,0.0654644660940666));
#2902=CARTESIAN_POINT('Origin',(0.116499970989109,0.089834400390865,0.122464466094067));
#2903=CARTESIAN_POINT('',(0.114085757426736,0.089834400390865,0.0654644660940666));
#2904=CARTESIAN_POINT('',(0.114792864207922,0.089834400390865,0.0661715728752526));
#2905=CARTESIAN_POINT('',(0.114085757426736,0.089834400390865,0.0654644660940666));
#2906=CARTESIAN_POINT('',(0.111964437083176,0.089834400390865,0.0654644660940666));
#2907=CARTESIAN_POINT('',(0.114085757426736,0.089834400390865,0.0654644660940666));
#2908=CARTESIAN_POINT('',(0.113732204036141,0.089834400390865,0.0672322330470324));
#2909=CARTESIAN_POINT('',(0.113732204036141,0.089834400390865,0.0672322330470324));
#2910=CARTESIAN_POINT('',(0.114792864207922,0.089834400390865,0.0661715728752526));
#2911=CARTESIAN_POINT('Origin',(0.065499970989109,0.089834400390865,0.115464466094067));
#2912=CARTESIAN_POINT('',(0.059499970989109,0.089834400390865,0.121464466094066));
#2913=CARTESIAN_POINT('',(0.059499970989109,0.089834400390865,0.120050252531694));
#2914=CARTESIAN_POINT('',(0.057378650645549,0.089834400390865,0.119343145750506));
#2915=CARTESIAN_POINT('',(0.0573786506455477,0.089834400390865,0.119343145750507));
#2916=CARTESIAN_POINT('',(0.0580857574267338,0.089834400390865,0.118636038969319));
#2917=CARTESIAN_POINT('',(0.0580857574267338,0.089834400390865,0.118636038969319));
#2918=CARTESIAN_POINT('',(0.059499970989109,0.089834400390865,0.120050252531694));
#2919=CARTESIAN_POINT('Origin',(0.065499970989109,0.089834400390865,0.0714644660940666));
#2920=CARTESIAN_POINT('',(0.0634999709891091,0.089834400390865,0.0654644660940665));
#2921=CARTESIAN_POINT('',(0.0620857574267356,0.089834400390865,0.0654644660940666));
#2922=CARTESIAN_POINT('',(0.0606715438643641,0.089834400390865,0.0640502525316936));
#2923=CARTESIAN_POINT('',(0.0606715438643631,0.089834400390865,0.0640502525316946));
#2924=CARTESIAN_POINT('',(0.061378650645549,0.089834400390865,0.0633431457505068));
#2925=CARTESIAN_POINT('',(0.0613786506455489,0.089834400390865,0.0633431457505068));
#2926=CARTESIAN_POINT('',(0.063499970989109,0.089834400390865,0.0654644660940666));
#2927=CARTESIAN_POINT('Origin',(0.109499970989109,0.089834400390865,0.0654644660940666));
#2928=CARTESIAN_POINT('',(0.115499970989109,0.089834400390865,0.0654644660940666));
#2929=CARTESIAN_POINT('',(0.113378650645549,0.089834400390865,0.0633431457505068));
#2930=CARTESIAN_POINT('',(0.115499970989109,0.089834400390865,0.0654644660940666));
#2931=CARTESIAN_POINT('',(0.115499970989109,0.089834400390865,0.0654644660940666));
#2932=CARTESIAN_POINT('',(0.112671543864364,0.089834400390865,0.0640502525316936));
#2933=CARTESIAN_POINT('',(0.112671543864363,0.089834400390865,0.064050252531695));
#2934=CARTESIAN_POINT('',(0.113378650645549,0.089834400390865,0.0633431457505069));
#2935=CARTESIAN_POINT('Origin',(0.065499970989109,0.097084400390865,0.115464466094067));
#2936=CARTESIAN_POINT('',(0.0654999709891089,0.097084400390865,0.103464466094067));
#2937=CARTESIAN_POINT('',(0.065499970989109,0.097084400390865,0.115464466094067));
#2938=CARTESIAN_POINT('',(0.0654999709891089,0.097084400390865,0.103464466094067));
#2939=CARTESIAN_POINT('',(0.059499970989109,0.097084400390865,0.115464466094067));
#2940=CARTESIAN_POINT('',(0.065499970989109,0.097084400390865,0.115464466094067));
#2941=CARTESIAN_POINT('',(0.059499970989109,0.097084400390865,0.0974644660940667));
#2942=CARTESIAN_POINT('',(0.059499970989109,0.097084400390865,0.115464466094067));
#2943=CARTESIAN_POINT('',(0.059499970989109,0.097084400390865,0.0974644660940667));
#2944=CARTESIAN_POINT('Origin',(0.065499970989109,0.097084400390865,0.0874644660940667));
#2945=CARTESIAN_POINT('',(0.065499970989109,0.097084400390865,0.0754644660940667));
#2946=CARTESIAN_POINT('',(0.065499970989109,0.097084400390865,0.0874644660940667));
#2947=CARTESIAN_POINT('',(0.065499970989109,0.097084400390865,0.0754644660940667));
#2948=CARTESIAN_POINT('',(0.059499970989109,0.097084400390865,0.0874644660940667));
#2949=CARTESIAN_POINT('',(0.065499970989109,0.097084400390865,0.0874644660940667));
#2950=CARTESIAN_POINT('',(0.0594999709891091,0.097084400390865,0.0694644660940665));
#2951=CARTESIAN_POINT('',(0.059499970989109,0.097084400390865,0.0874644660940667));
#2952=CARTESIAN_POINT('',(0.0594999709891091,0.097084400390865,0.0694644660940665));
#2953=CARTESIAN_POINT('Origin',(0.109499970989109,0.097084400390865,0.0714644660940666));
#2954=CARTESIAN_POINT('',(0.109499970989109,0.097084400390865,0.0714644660940666));
#2955=CARTESIAN_POINT('',(0.097499970989109,0.097084400390865,0.0714644660940666));
#2956=CARTESIAN_POINT('',(0.109499970989109,0.097084400390865,0.0714644660940666));
#2957=CARTESIAN_POINT('',(0.091499970989109,0.097084400390865,0.0654644660940666));
#2958=CARTESIAN_POINT('',(0.097499970989109,0.097084400390865,0.0714644660940666));
#2959=CARTESIAN_POINT('',(0.109499970989109,0.097084400390865,0.0654644660940666));
#2960=CARTESIAN_POINT('',(0.091499970989109,0.097084400390865,0.0654644660940666));
#2961=CARTESIAN_POINT('',(0.109499970989109,0.097084400390865,0.0654644660940666));
#2962=CARTESIAN_POINT('Origin',(0.081499970989109,0.097084400390865,0.0714644660940666));
#2963=CARTESIAN_POINT('',(0.081499970989109,0.097084400390865,0.0714644660940666));
#2964=CARTESIAN_POINT('',(0.069499970989109,0.097084400390865,0.0714644660940666));
#2965=CARTESIAN_POINT('',(0.081499970989109,0.097084400390865,0.0714644660940666));
#2966=CARTESIAN_POINT('',(0.0634999709891091,0.097084400390865,0.0654644660940665));
#2967=CARTESIAN_POINT('',(0.069499970989109,0.097084400390865,0.0714644660940666));
#2968=CARTESIAN_POINT('',(0.081499970989109,0.097084400390865,0.0654644660940666));
#2969=CARTESIAN_POINT('',(0.0634999709891091,0.097084400390865,0.0654644660940665));
#2970=CARTESIAN_POINT('',(0.081499970989109,0.097084400390865,0.0654644660940666));
#2971=CARTESIAN_POINT('Origin',(0.065499970989109,0.097834400390865,0.0874644660940667));
#2972=CARTESIAN_POINT('',(0.065499970989109,0.097084400390865,0.0874644660940667));
#2973=CARTESIAN_POINT('',(0.059499970989109,0.097084400390865,0.0874644660940667));
#2974=CARTESIAN_POINT('Origin',(0.059499970989109,0.097834400390865,0.0974644660940667));
#2975=CARTESIAN_POINT('',(0.059499970989109,0.097084400390865,0.0974644660940667));
#2976=CARTESIAN_POINT('',(0.0654999709891089,0.097084400390865,0.103464466094067));
#2977=CARTESIAN_POINT('Origin',(0.057378650645549,0.097834400390865,0.119343145750506));
#2978=CARTESIAN_POINT('',(0.0580857574267338,0.097834400390865,0.118636038969319));
#2979=CARTESIAN_POINT('',(0.0580857574267338,0.097834400390865,0.118636038969319));
#2980=CARTESIAN_POINT('',(0.057378650645549,0.097834400390865,0.119343145750506));
#2981=CARTESIAN_POINT('',(0.057378650645549,0.097834400390865,0.119343145750506));
#2982=CARTESIAN_POINT('',(0.0580857574267338,0.097834400390865,0.118636038969319));
#2983=CARTESIAN_POINT('Origin',(0.0580857574267338,0.097834400390865,0.118636038969319));
#2984=CARTESIAN_POINT('',(0.0602070777702938,0.097834400390865,0.120757359312878));
#2985=CARTESIAN_POINT('',(0.0602070777702938,0.097834400390865,0.120757359312878));
#2986=CARTESIAN_POINT('',(0.059499970989109,0.097834400390865,0.120050252531694));
#2987=CARTESIAN_POINT('',(0.059499970989109,0.097834400390865,0.120050252531694));
#2988=CARTESIAN_POINT('',(0.0602070777702938,0.097834400390865,0.120757359312878));
#2989=CARTESIAN_POINT('Origin',(0.0612677379420729,0.097834400390865,0.119696699141098));
#2990=CARTESIAN_POINT('',(0.0612677379420729,0.097834400390865,0.119696699141098));
#2991=CARTESIAN_POINT('',(0.0612677379420729,0.097834400390865,0.119696699141098));
#2992=CARTESIAN_POINT('',(0.0612677379420729,0.097834400390865,0.119696699141098));
#2993=CARTESIAN_POINT('Origin',(0.059499970989109,0.097834400390865,0.117928932188134));
#2994=CARTESIAN_POINT('',(0.059499970989109,0.097834400390865,0.117928932188134));
#2995=CARTESIAN_POINT('',(0.059499970989109,0.097834400390865,0.117928932188134));
#2996=CARTESIAN_POINT('',(0.059499970989109,0.097834400390865,0.117928932188134));
#2997=CARTESIAN_POINT('Origin',(0.0614999709891089,0.097834400390865,0.115464466094067));
#2998=CARTESIAN_POINT('',(0.065499970989109,0.097084400390865,0.115464466094067));
#2999=CARTESIAN_POINT('',(0.059499970989109,0.097084400390865,0.115464466094067));
#3000=CARTESIAN_POINT('Origin',(0.065499970989109,0.097834400390865,0.115464466094067));
#3001=CARTESIAN_POINT('',(0.0594999709891086,0.097834400390865,0.121464466094067));
#3002=CARTESIAN_POINT('',(0.059499970989109,0.097834400390865,0.120050252531694));
#3003=CARTESIAN_POINT('',(0.057378650645549,0.097834400390865,0.119343145750506));
#3004=CARTESIAN_POINT('Origin',(0.057378650645549,0.097834400390865,0.0673431457505069));
#3005=CARTESIAN_POINT('',(0.0580857574267356,0.097834400390865,0.0666360389693204));
#3006=CARTESIAN_POINT('',(0.0580857574267356,0.089834400390865,0.0666360389693204));
#3007=CARTESIAN_POINT('',(0.0580857574267356,0.097834400390865,0.0666360389693204));
#3008=CARTESIAN_POINT('',(0.057378650645549,0.089834400390865,0.0673431457505069));
#3009=CARTESIAN_POINT('',(0.0580857574267356,0.089834400390865,0.0666360389693204));
#3010=CARTESIAN_POINT('',(0.057378650645549,0.097834400390865,0.0673431457505069));
#3011=CARTESIAN_POINT('',(0.057378650645549,0.097834400390865,0.0673431457505069));
#3012=CARTESIAN_POINT('',(0.0580857574267356,0.097834400390865,0.0666360389693204));
#3013=CARTESIAN_POINT('Origin',(0.0580857574267356,0.097834400390865,0.0666360389693204));
#3014=CARTESIAN_POINT('',(0.0602070777702956,0.097834400390865,0.06875735931288));
#3015=CARTESIAN_POINT('',(0.0602070777702956,0.097834400390865,0.06875735931288));
#3016=CARTESIAN_POINT('',(0.059499970989109,0.089834400390865,0.0680502525316935));
#3017=CARTESIAN_POINT('',(0.059499970989109,0.097834400390865,0.0680502525316935));
#3018=CARTESIAN_POINT('',(0.059499970989109,0.097834400390865,0.0680502525316935));
#3019=CARTESIAN_POINT('',(0.0602070777702956,0.097834400390865,0.06875735931288));
#3020=CARTESIAN_POINT('Origin',(0.0611464175985147,0.097834400390865,0.0678180194846599));
#3021=CARTESIAN_POINT('',(0.0611464175985147,0.097834400390865,0.0678180194846599));
#3022=CARTESIAN_POINT('',(0.0611464175985147,0.097834400390865,0.0678180194846599));
#3023=CARTESIAN_POINT('',(0.0611464175985147,0.097834400390865,0.0678180194846599));
#3024=CARTESIAN_POINT('Origin',(0.0604393108173299,0.097834400390865,0.0671109127034733));
#3025=CARTESIAN_POINT('',(0.0604393108173299,0.097834400390865,0.0671109127034733));
#3026=CARTESIAN_POINT('',(0.0604393108173299,0.097834400390865,0.0671109127034733));
#3027=CARTESIAN_POINT('',(0.0604393108173299,0.097834400390865,0.0671109127034733));
#3028=CARTESIAN_POINT('Origin',(0.0611464175985147,0.097834400390865,0.0664038059222868));
#3029=CARTESIAN_POINT('',(0.0611464175985147,0.097834400390865,0.0664038059222868));
#3030=CARTESIAN_POINT('',(0.0611464175985147,0.097834400390865,0.0664038059222868));
#3031=CARTESIAN_POINT('',(0.0611464175985147,0.097834400390865,0.0664038059222868));
#3032=CARTESIAN_POINT('Origin',(0.0618535243797032,0.097834400390865,0.0671109127034733));
#3033=CARTESIAN_POINT('',(0.0618535243797032,0.097834400390865,0.0671109127034733));
#3034=CARTESIAN_POINT('',(0.0618535243797032,0.097834400390865,0.0671109127034733));
#3035=CARTESIAN_POINT('',(0.0618535243797032,0.097834400390865,0.0671109127034733));
#3036=CARTESIAN_POINT('Origin',(0.0627928642079223,0.097834400390865,0.066171572875253));
#3037=CARTESIAN_POINT('',(0.0627928642079223,0.097834400390865,0.066171572875253));
#3038=CARTESIAN_POINT('',(0.0627928642079223,0.097834400390865,0.066171572875253));
#3039=CARTESIAN_POINT('',(0.0627928642079223,0.097834400390865,0.066171572875253));
#3040=CARTESIAN_POINT('Origin',(0.0620857574267356,0.097834400390865,0.0654644660940666));
#3041=CARTESIAN_POINT('',(0.0606715438643641,0.097834400390865,0.0640502525316936));
#3042=CARTESIAN_POINT('',(0.0606715438643641,0.097834400390865,0.0640502525316936));
#3043=CARTESIAN_POINT('',(0.0620857574267356,0.097834400390865,0.0654644660940666));
#3044=CARTESIAN_POINT('',(0.0620857574267356,0.097834400390865,0.0654644660940666));
#3045=CARTESIAN_POINT('',(0.0606715438643641,0.097834400390865,0.0640502525316936));
#3046=CARTESIAN_POINT('Origin',(0.0606715438643641,0.097834400390865,0.0640502525316936));
#3047=CARTESIAN_POINT('',(0.061378650645549,0.097834400390865,0.0633431457505068));
#3048=CARTESIAN_POINT('',(0.061378650645549,0.097834400390865,0.0633431457505068));
#3049=CARTESIAN_POINT('',(0.0613786506455489,0.097834400390865,0.0633431457505068));
#3050=CARTESIAN_POINT('Origin',(0.065499970989109,0.097834400390865,0.0714644660940666));
#3051=CARTESIAN_POINT('',(0.0594999709891091,0.097834400390865,0.0694644660940665));
#3052=CARTESIAN_POINT('',(0.059499970989109,0.097834400390865,0.0680502525316935));
#3053=CARTESIAN_POINT('',(0.0573786506455489,0.097834400390865,0.0673431457505069));
#3054=CARTESIAN_POINT('Origin',(0.065499970989109,0.097834400390865,0.0714644660940666));
#3055=CARTESIAN_POINT('',(0.0634999709891091,0.097834400390865,0.0654644660940665));
#3056=CARTESIAN_POINT('',(0.0634999709891091,0.097834400390865,0.0654644660940666));
#3057=CARTESIAN_POINT('',(0.0634999709891091,0.097834400390865,0.0654644660940665));
#3058=CARTESIAN_POINT('Origin',(0.113732204036141,0.097834400390865,0.0672322330470324));
#3059=CARTESIAN_POINT('',(0.113732204036141,0.097834400390865,0.0672322330470324));
#3060=CARTESIAN_POINT('',(0.113732204036141,0.097834400390865,0.0672322330470324));
#3061=CARTESIAN_POINT('',(0.111964437083176,0.097834400390865,0.0654644660940666));
#3062=CARTESIAN_POINT('',(0.111964437083176,0.097834400390865,0.0654644660940666));
#3063=CARTESIAN_POINT('',(0.113732204036141,0.097834400390865,0.0672322330470324));
#3064=CARTESIAN_POINT('Origin',(0.114792864207922,0.097834400390865,0.0661715728752526));
#3065=CARTESIAN_POINT('',(0.114792864207922,0.097834400390865,0.0661715728752526));
#3066=CARTESIAN_POINT('',(0.114792864207922,0.097834400390865,0.0661715728752526));
#3067=CARTESIAN_POINT('',(0.114792864207922,0.097834400390865,0.0661715728752526));
#3068=CARTESIAN_POINT('Origin',(0.114085757426736,0.097834400390865,0.0654644660940666));
#3069=CARTESIAN_POINT('',(0.112671543864364,0.097834400390865,0.0640502525316936));
#3070=CARTESIAN_POINT('',(0.112671543864364,0.097834400390865,0.0640502525316936));
#3071=CARTESIAN_POINT('',(0.114085757426736,0.097834400390865,0.0654644660940666));
#3072=CARTESIAN_POINT('',(0.114085757426736,0.097834400390865,0.0654644660940666));
#3073=CARTESIAN_POINT('',(0.112671543864364,0.097834400390865,0.0640502525316936));
#3074=CARTESIAN_POINT('Origin',(0.112671543864364,0.097834400390865,0.0640502525316936));
#3075=CARTESIAN_POINT('',(0.113378650645549,0.097834400390865,0.0633431457505068));
#3076=CARTESIAN_POINT('',(0.113378650645549,0.097834400390865,0.0633431457505068));
#3077=CARTESIAN_POINT('',(0.113378650645549,0.097834400390865,0.0633431457505069));
#3078=CARTESIAN_POINT('Origin',(0.109499970989109,0.097834400390865,0.0654644660940666));
#3079=CARTESIAN_POINT('',(0.115499970989109,0.097834400390865,0.0654644660940666));
#3080=CARTESIAN_POINT('',(0.115499970989109,0.097834400390865,0.0654644660940666));
#3081=CARTESIAN_POINT('',(0.115499970989109,0.097834400390865,0.0654644660940666));
#3082=CARTESIAN_POINT('Origin',(0.116499970989109,0.106834400390865,0.122464466094067));
#3083=CARTESIAN_POINT('',(0.115499970989109,0.106834400390865,0.0654644660940666));
#3084=CARTESIAN_POINT('',(0.115499970989109,0.106834400390865,0.0654644660940666));
#3085=CARTESIAN_POINT('',(0.059499970989109,0.106834400390865,0.121464466094066));
#3086=CARTESIAN_POINT('',(0.059499970989109,0.106834400390865,0.0664644660940666));
#3087=CARTESIAN_POINT('',(0.0604999709891089,0.106834400390865,0.122464466094067));
#3088=CARTESIAN_POINT('',(0.059499970989109,0.106834400390865,0.121464466094066));
#3089=CARTESIAN_POINT('',(0.064499970989109,0.106834400390865,0.122464466094067));
#3090=CARTESIAN_POINT('',(0.0604999709891089,0.106834400390865,0.122464466094067));
#3091=CARTESIAN_POINT('',(0.116499970989109,0.106834400390865,0.0704644660940666));
#3092=CARTESIAN_POINT('',(0.064499970989109,0.106834400390865,0.122464466094067));
#3093=CARTESIAN_POINT('',(0.116499970989109,0.106834400390865,0.0664644660940666));
#3094=CARTESIAN_POINT('',(0.116499970989109,0.106834400390865,0.0704644660940666));
#3095=CARTESIAN_POINT('',(0.116499970989109,0.106834400390865,0.0664644660940666));
#3096=CARTESIAN_POINT('Origin',(0.0604999709891089,0.106834400390865,0.122464466094067));
#3097=CARTESIAN_POINT('',(0.059499970989109,0.087834400390865,0.121464466094066));
#3098=CARTESIAN_POINT('',(0.0604999709891089,0.099834400390865,0.122464466094067));
#3099=CARTESIAN_POINT('',(0.059499970989109,0.099834400390865,0.121464466094066));
#3100=CARTESIAN_POINT('Origin',(0.116499970989109,0.106834400390865,0.0664644660940666));
#3101=CARTESIAN_POINT('',(0.116499970989109,0.099834400390865,0.0664644660940666));
#3102=CARTESIAN_POINT('',(0.115499970989109,0.087834400390865,0.0654644660940666));
#3103=CARTESIAN_POINT('',(0.115499970989109,0.099834400390865,0.0654644660940666));
#3104=CARTESIAN_POINT('Origin',(0.116499970989109,0.106834400390865,0.0704644660940666));
#3105=CARTESIAN_POINT('',(0.116499970989109,0.106834400390865,0.0664644660940666));
#3106=CARTESIAN_POINT('',(0.116499970989109,0.106834400390865,0.0704644660940666));
#3107=CARTESIAN_POINT('',(0.116499970989109,0.083834400390865,0.0664644660940666));
#3108=CARTESIAN_POINT('Origin',(0.065499970989109,0.106834400390865,0.121464466094067));
#3109=CARTESIAN_POINT('',(0.065499970989109,0.101834400390865,0.0714644660940666));
#3110=CARTESIAN_POINT('',(0.065499970989109,0.101834400390865,0.121464466094067));
#3111=CARTESIAN_POINT('',(0.065499970989109,0.097084400390865,0.0754644660940667));
#3112=CARTESIAN_POINT('Origin',(0.064499970989109,0.106834400390865,0.122464466094067));
#3113=CARTESIAN_POINT('',(0.064499970989109,0.106834400390865,0.122464466094067));
#3114=CARTESIAN_POINT('',(0.115499970989109,0.101834400390865,0.0714644660940666));
#3115=CARTESIAN_POINT('Origin',(0.064499970989109,0.106834400390865,0.122464466094067));
#3116=CARTESIAN_POINT('',(0.0604999709891089,0.083834400390865,0.122464466094067));
#3117=CARTESIAN_POINT('',(0.0604999709891089,0.106834400390865,0.122464466094067));
#3118=CARTESIAN_POINT('Origin',(0.081499970989109,0.097834400390865,0.0654644660940666));
#3119=CARTESIAN_POINT('',(0.0620857574267356,0.097834400390865,0.0654644660940666));
#3120=CARTESIAN_POINT('',(0.115499970989109,0.106834400390865,0.0654644660940666));
#3121=CARTESIAN_POINT('',(0.114085757426736,0.097834400390865,0.0654644660940666));
#3122=CARTESIAN_POINT('',(0.115499970989109,0.080834400390865,0.0654644660940666));
#3123=CARTESIAN_POINT('',(0.0634999709891091,0.090584400390865,0.0654644660940665));
#3124=CARTESIAN_POINT('',(0.081499970989109,0.097084400390865,0.0654644660940666));
#3125=CARTESIAN_POINT('',(0.0634999709891091,0.097084400390865,0.0654644660940665));
#3126=CARTESIAN_POINT('',(0.091499970989109,0.097084400390865,0.0654644660940666));
#3127=CARTESIAN_POINT('',(0.109499970989109,0.097084400390865,0.0654644660940666));
#3128=CARTESIAN_POINT('Origin',(0.081499970989109,0.097834400390865,0.0714644660940666));
#3129=CARTESIAN_POINT('',(0.109499970989109,0.097084400390865,0.0714644660940666));
#3130=CARTESIAN_POINT('',(0.097499970989109,0.097084400390865,0.0714644660940666));
#3131=CARTESIAN_POINT('',(0.081499970989109,0.097084400390865,0.0714644660940666));
#3132=CARTESIAN_POINT('',(0.069499970989109,0.097084400390865,0.0714644660940666));
#3133=CARTESIAN_POINT('Origin',(0.116499970989109,0.097834400390865,0.122464466094067));
#3134=CARTESIAN_POINT('Origin',(0.116499970989109,0.097834400390865,0.122464466094067));
#3135=CARTESIAN_POINT('',(0.059499970989109,0.097834400390865,0.0664644660940666));
#3136=CARTESIAN_POINT('Origin',(0.116499970989109,0.097834400390865,0.122464466094067));
#3137=CARTESIAN_POINT('',(0.059499970989109,0.097834400390865,0.117928932188134));
#3138=CARTESIAN_POINT('Origin',(0.061378650645549,0.097834400390865,0.0633431457505068));
#3139=CARTESIAN_POINT('Origin',(0.0614999709891089,0.097834400390865,0.0714644660940666));
#3140=CARTESIAN_POINT('',(0.059499970989109,0.089834400390865,0.0694644660940666));
#3141=CARTESIAN_POINT('',(0.0573786506455491,0.089834400390865,0.0673431457505068));
#3142=CARTESIAN_POINT('',(0.0594999709891091,0.090584400390865,0.0694644660940665));
#3143=CARTESIAN_POINT('',(0.0594999709891091,0.097084400390865,0.0694644660940665));
#3144=CARTESIAN_POINT('Origin',(0.065499970989109,0.089834400390865,0.0714644660940666));
#3145=CARTESIAN_POINT('',(0.059499970989109,0.089834400390865,0.0680502525316935));
#3146=CARTESIAN_POINT('Origin',(0.081499970989109,0.097834400390865,0.0654644660940666));
#3147=CARTESIAN_POINT('Origin',(0.109499970989109,0.097834400390865,0.0674644660940666));
#3148=CARTESIAN_POINT('Origin',(0.097499970989109,0.097834400390865,0.0714644660940666));
#3149=CARTESIAN_POINT('Origin',(0.0604999709891089,0.106834400390865,0.122464466094067));
#3150=CARTESIAN_POINT('',(0.059499970989109,0.106834400390865,0.121464466094066));
#3151=CARTESIAN_POINT('Origin',(0.116499970989109,0.106834400390865,0.0664644660940666));
#3152=CARTESIAN_POINT('Origin',(0.059499970989109,0.106834400390865,0.121464466094066));
#3153=CARTESIAN_POINT('',(0.059499970989109,0.080834400390865,0.121464466094066));
#3154=CARTESIAN_POINT('Origin',(0.0604999709891089,0.106834400390865,0.122464466094067));
#3155=CARTESIAN_POINT('Origin',(0.116499970989109,0.106834400390865,0.0664644660940666));
#3156=UNCERTAINTY_MEASURE_WITH_UNIT(LENGTH_MEASURE(1.E-5),#3160,
'DISTANCE_ACCURACY_VALUE',
'Maximum model space distance between geometric entities at asserted c
onnectivities');
#3157=UNCERTAINTY_MEASURE_WITH_UNIT(LENGTH_MEASURE(1.E-5),#3160,
'DISTANCE_ACCURACY_VALUE',
'Maximum model space distance between geometric entities at asserted c
onnectivities');
#3158=(
GEOMETRIC_REPRESENTATION_CONTEXT(3)
GLOBAL_UNCERTAINTY_ASSIGNED_CONTEXT((#3156))
GLOBAL_UNIT_ASSIGNED_CONTEXT((#3160,#3162,#3163))
REPRESENTATION_CONTEXT('','3D')
);
#3159=(
GEOMETRIC_REPRESENTATION_CONTEXT(3)
GLOBAL_UNCERTAINTY_ASSIGNED_CONTEXT((#3157))
GLOBAL_UNIT_ASSIGNED_CONTEXT((#3160,#3162,#3163))
REPRESENTATION_CONTEXT('','3D')
);
#3160=(
LENGTH_UNIT()
NAMED_UNIT(*)
SI_UNIT($,.METRE.)
);
#3161=(
LENGTH_UNIT()
NAMED_UNIT(*)
SI_UNIT(.CENTI.,.METRE.)
);
#3162=(
NAMED_UNIT(*)
PLANE_ANGLE_UNIT()
SI_UNIT($,.RADIAN.)
);
#3163=(
NAMED_UNIT(*)
SI_UNIT($,.STERADIAN.)
SOLID_ANGLE_UNIT()
);
#3164=SHAPE_DEFINITION_REPRESENTATION(#3165,#3166);
#3165=PRODUCT_DEFINITION_SHAPE('',$,#3168);
#3166=SHAPE_REPRESENTATION('',(#2020),#3158);
#3167=PRODUCT_DEFINITION_CONTEXT('part definition',#3172,'design');
#3168=PRODUCT_DEFINITION('CBR3060','CBR3060',#3169,#3167);
#3169=PRODUCT_DEFINITION_FORMATION('',$,#3174);
#3170=PRODUCT_RELATED_PRODUCT_CATEGORY('CBR3060','CBR3060',(#3174));
#3171=APPLICATION_PROTOCOL_DEFINITION('international standard',
'automotive_design',2009,#3172);
#3172=APPLICATION_CONTEXT(
'Core Data for Automotive Mechanical Design Process');
#3173=PRODUCT_CONTEXT('part definition',#3172,'mechanical');
#3174=PRODUCT('CBR3060','CBR3060',$,(#3173));
#3175=PRESENTATION_STYLE_ASSIGNMENT((#3177));
#3176=PRESENTATION_STYLE_ASSIGNMENT((#3178));
#3177=SURFACE_STYLE_USAGE(.BOTH.,#3183);
#3178=SURFACE_STYLE_USAGE(.BOTH.,#3184);
#3179=SURFACE_STYLE_RENDERING_WITH_PROPERTIES($,#3191,(#3181));
#3180=SURFACE_STYLE_RENDERING_WITH_PROPERTIES($,#3192,(#3182));
#3181=SURFACE_STYLE_TRANSPARENT(0.);
#3182=SURFACE_STYLE_TRANSPARENT(0.);
#3183=SURFACE_SIDE_STYLE('',(#3185,#3179));
#3184=SURFACE_SIDE_STYLE('',(#3186,#3180));
#3185=SURFACE_STYLE_FILL_AREA(#3187);
#3186=SURFACE_STYLE_FILL_AREA(#3188);
#3187=FILL_AREA_STYLE('',(#3189));
#3188=FILL_AREA_STYLE('',(#3190));
#3189=FILL_AREA_STYLE_COLOUR('',#3191);
#3190=FILL_AREA_STYLE_COLOUR('',#3192);
#3191=COLOUR_RGB('',0.749019607843137,0.749019607843137,0.749019607843137);
#3192=COLOUR_RGB('',0.698039215686274,0.698039215686274,0.698039215686274);
ENDSEC;
END-ISO-10303-21;
