ISO-10303-21;
HEADER;
/* Generated by software containing ST-Developer
 * from STEP Tools, Inc. (www.steptools.com) 
 */

FILE_DESCRIPTION(
/* description */ (''),
/* implementation_level */ '2;1');

FILE_NAME(
/* name */ 
'C:\\Users\\Jo\X\E3o Tinoco\\Desktop\\Wolweiss - STEP\\C. Connecting\\
5. CIB\\CIB08D.step',
/* time_stamp */ '2024-04-30T10:02:29+01:00',
/* author */ ('project'),
/* organization */ (''),
/* preprocessor_version */ 'ST-DEVELOPER v19',
/* originating_system */ 'Autodesk Inventor 2023',
/* authorisation */ '');

FILE_SCHEMA (('AUTOMOTIVE_DESIGN { 1 0 10303 214 3 1 1 }'));
ENDSEC;

DATA;
#10=MECHANICAL_DESIGN_GEOMETRIC_PRESENTATION_REPRESENTATION('',(#1061,#1062,
#1063,#1064,#1065,#1066,#1067,#1068,#1069,#1070,#1071,#1072,#1073,#1074,
#1075,#1076,#1077,#1078,#1079,#1080,#1081,#1082,#1083,#1084,#1085,#1086,
#1087,#1088,#1089,#1090,#1091,#1092,#1093,#1094,#1095,#1096,#1097,#1098,
#1099,#1100,#1101,#1102,#1103,#1104,#1105,#1106,#1107,#1108,#1109,#1110,
#1111,#1112,#1113,#1114,#1115,#1116,#1117,#1118,#1119,#1120,#1121,#1122,
#1123,#1124),#1945);
#11=APPLIED_GROUP_ASSIGNMENT(#12,(#1192,#1193,#1194));
#12=GROUP('Composto1',$);
#13=CONICAL_SURFACE('',#1266,0.003,0.785398163397443);
#14=CONICAL_SURFACE('',#1277,1.73205080756889,1.0471975511966);
#15=CONICAL_SURFACE('',#1280,0.002,0.785398163397443);
#16=CONICAL_SURFACE('',#1300,1.73205080756889,1.0471975511966);
#17=CONICAL_SURFACE('',#1303,0.003,0.785398163397443);
#18=CONICAL_SURFACE('',#1308,0.002,0.785398163397443);
#19=ELLIPSE('',#1242,0.00250954959385836,0.00249999999999999);
#20=ELLIPSE('',#1245,0.00250954959385836,0.00249999999999999);
#21=CYLINDRICAL_SURFACE('',#1234,0.00249999999999999);
#22=CYLINDRICAL_SURFACE('',#1250,0.00249999999999999);
#23=CYLINDRICAL_SURFACE('',#1275,0.003);
#24=CYLINDRICAL_SURFACE('',#1306,0.003);
#25=FACE_BOUND('',#131,.T.);
#26=FACE_BOUND('',#143,.T.);
#27=FACE_BOUND('',#146,.T.);
#28=FACE_BOUND('',#149,.T.);
#29=FACE_BOUND('',#161,.T.);
#30=FACE_BOUND('',#175,.T.);
#31=CIRCLE('',#1227,0.00249999999999999);
#32=CIRCLE('',#1235,0.00249999999999999);
#33=CIRCLE('',#1254,0.0015);
#34=CIRCLE('',#1256,0.0015);
#35=CIRCLE('',#1259,0.0024585);
#36=CIRCLE('',#1263,0.0015);
#37=CIRCLE('',#1265,0.0015);
#38=CIRCLE('',#1267,0.003);
#39=CIRCLE('',#1268,0.003);
#40=CIRCLE('',#1270,0.0015);
#41=CIRCLE('',#1271,0.0015);
#42=CIRCLE('',#1273,0.002);
#43=CIRCLE('',#1276,0.003);
#44=CIRCLE('',#1278,0.0015);
#45=CIRCLE('',#1282,0.0024585);
#46=CIRCLE('',#1290,0.0015);
#47=CIRCLE('',#1292,0.0015);
#48=CIRCLE('',#1294,0.0015);
#49=CIRCLE('',#1296,0.0015);
#50=CIRCLE('',#1297,0.0015);
#51=CIRCLE('',#1299,0.002);
#52=CIRCLE('',#1301,0.0015);
#53=CIRCLE('',#1302,0.0015);
#54=CIRCLE('',#1304,0.003);
#55=CIRCLE('',#1305,0.003);
#56=CIRCLE('',#1307,0.003);
#57=FACE_OUTER_BOUND('',#121,.T.);
#58=FACE_OUTER_BOUND('',#122,.T.);
#59=FACE_OUTER_BOUND('',#123,.T.);
#60=FACE_OUTER_BOUND('',#124,.T.);
#61=FACE_OUTER_BOUND('',#125,.T.);
#62=FACE_OUTER_BOUND('',#126,.T.);
#63=FACE_OUTER_BOUND('',#127,.T.);
#64=FACE_OUTER_BOUND('',#128,.T.);
#65=FACE_OUTER_BOUND('',#129,.T.);
#66=FACE_OUTER_BOUND('',#130,.T.);
#67=FACE_OUTER_BOUND('',#132,.T.);
#68=FACE_OUTER_BOUND('',#133,.T.);
#69=FACE_OUTER_BOUND('',#134,.T.);
#70=FACE_OUTER_BOUND('',#135,.T.);
#71=FACE_OUTER_BOUND('',#136,.T.);
#72=FACE_OUTER_BOUND('',#137,.T.);
#73=FACE_OUTER_BOUND('',#138,.T.);
#74=FACE_OUTER_BOUND('',#139,.T.);
#75=FACE_OUTER_BOUND('',#140,.T.);
#76=FACE_OUTER_BOUND('',#141,.T.);
#77=FACE_OUTER_BOUND('',#142,.T.);
#78=FACE_OUTER_BOUND('',#144,.T.);
#79=FACE_OUTER_BOUND('',#145,.T.);
#80=FACE_OUTER_BOUND('',#147,.T.);
#81=FACE_OUTER_BOUND('',#148,.T.);
#82=FACE_OUTER_BOUND('',#150,.T.);
#83=FACE_OUTER_BOUND('',#151,.T.);
#84=FACE_OUTER_BOUND('',#152,.T.);
#85=FACE_OUTER_BOUND('',#153,.T.);
#86=FACE_OUTER_BOUND('',#154,.T.);
#87=FACE_OUTER_BOUND('',#155,.T.);
#88=FACE_OUTER_BOUND('',#156,.T.);
#89=FACE_OUTER_BOUND('',#157,.T.);
#90=FACE_OUTER_BOUND('',#158,.T.);
#91=FACE_OUTER_BOUND('',#159,.T.);
#92=FACE_OUTER_BOUND('',#160,.T.);
#93=FACE_OUTER_BOUND('',#162,.T.);
#94=FACE_OUTER_BOUND('',#163,.T.);
#95=FACE_OUTER_BOUND('',#164,.T.);
#96=FACE_OUTER_BOUND('',#165,.T.);
#97=FACE_OUTER_BOUND('',#166,.T.);
#98=FACE_OUTER_BOUND('',#167,.T.);
#99=FACE_OUTER_BOUND('',#168,.T.);
#100=FACE_OUTER_BOUND('',#169,.T.);
#101=FACE_OUTER_BOUND('',#170,.T.);
#102=FACE_OUTER_BOUND('',#171,.T.);
#103=FACE_OUTER_BOUND('',#172,.T.);
#104=FACE_OUTER_BOUND('',#173,.T.);
#105=FACE_OUTER_BOUND('',#174,.T.);
#106=FACE_OUTER_BOUND('',#176,.T.);
#107=FACE_OUTER_BOUND('',#177,.T.);
#108=FACE_OUTER_BOUND('',#178,.T.);
#109=FACE_OUTER_BOUND('',#179,.T.);
#110=FACE_OUTER_BOUND('',#180,.T.);
#111=FACE_OUTER_BOUND('',#181,.T.);
#112=FACE_OUTER_BOUND('',#182,.T.);
#113=FACE_OUTER_BOUND('',#183,.T.);
#114=FACE_OUTER_BOUND('',#184,.T.);
#115=FACE_OUTER_BOUND('',#185,.T.);
#116=FACE_OUTER_BOUND('',#186,.T.);
#117=FACE_OUTER_BOUND('',#187,.T.);
#118=FACE_OUTER_BOUND('',#188,.T.);
#119=FACE_OUTER_BOUND('',#189,.T.);
#120=FACE_OUTER_BOUND('',#190,.T.);
#121=EDGE_LOOP('',(#701,#702,#703,#704));
#122=EDGE_LOOP('',(#705,#706,#707,#708));
#123=EDGE_LOOP('',(#709,#710,#711,#712,#713,#714,#715,#716,#717,#718,#719,
#720,#721,#722));
#124=EDGE_LOOP('',(#723,#724,#725,#726));
#125=EDGE_LOOP('',(#727,#728,#729,#730));
#126=EDGE_LOOP('',(#731,#732,#733,#734));
#127=EDGE_LOOP('',(#735,#736,#737,#738));
#128=EDGE_LOOP('',(#739,#740,#741,#742));
#129=EDGE_LOOP('',(#743,#744,#745,#746,#747,#748,#749,#750,#751,#752,#753,
#754));
#130=EDGE_LOOP('',(#755,#756,#757,#758));
#131=EDGE_LOOP('',(#759));
#132=EDGE_LOOP('',(#760,#761,#762,#763));
#133=EDGE_LOOP('',(#764,#765,#766,#767));
#134=EDGE_LOOP('',(#768,#769,#770,#771));
#135=EDGE_LOOP('',(#772,#773,#774,#775));
#136=EDGE_LOOP('',(#776,#777,#778,#779,#780,#781,#782,#783,#784,#785,#786,
#787,#788,#789));
#137=EDGE_LOOP('',(#790,#791,#792,#793));
#138=EDGE_LOOP('',(#794,#795,#796,#797));
#139=EDGE_LOOP('',(#798,#799,#800,#801));
#140=EDGE_LOOP('',(#802,#803,#804,#805));
#141=EDGE_LOOP('',(#806,#807,#808,#809));
#142=EDGE_LOOP('',(#810,#811,#812,#813));
#143=EDGE_LOOP('',(#814));
#144=EDGE_LOOP('',(#815,#816,#817,#818));
#145=EDGE_LOOP('',(#819,#820,#821,#822));
#146=EDGE_LOOP('',(#823));
#147=EDGE_LOOP('',(#824,#825,#826,#827));
#148=EDGE_LOOP('',(#828,#829,#830,#831));
#149=EDGE_LOOP('',(#832));
#150=EDGE_LOOP('',(#833,#834,#835,#836));
#151=EDGE_LOOP('',(#837,#838,#839,#840));
#152=EDGE_LOOP('',(#841,#842,#843,#844));
#153=EDGE_LOOP('',(#845,#846,#847,#848));
#154=EDGE_LOOP('',(#849,#850,#851,#852));
#155=EDGE_LOOP('',(#853,#854,#855,#856,#857));
#156=EDGE_LOOP('',(#858,#859,#860,#861,#862));
#157=EDGE_LOOP('',(#863,#864,#865));
#158=EDGE_LOOP('',(#866,#867,#868));
#159=EDGE_LOOP('',(#869,#870,#871,#872,#873));
#160=EDGE_LOOP('',(#874));
#161=EDGE_LOOP('',(#875,#876,#877,#878,#879,#880));
#162=EDGE_LOOP('',(#881,#882,#883,#884,#885));
#163=EDGE_LOOP('',(#886,#887,#888,#889,#890));
#164=EDGE_LOOP('',(#891,#892,#893));
#165=EDGE_LOOP('',(#894,#895,#896));
#166=EDGE_LOOP('',(#897,#898,#899,#900,#901));
#167=EDGE_LOOP('',(#902,#903,#904,#905));
#168=EDGE_LOOP('',(#906));
#169=EDGE_LOOP('',(#907,#908,#909,#910,#911));
#170=EDGE_LOOP('',(#912,#913,#914,#915,#916));
#171=EDGE_LOOP('',(#917,#918,#919,#920,#921,#922,#923,#924,#925));
#172=EDGE_LOOP('',(#926,#927,#928));
#173=EDGE_LOOP('',(#929,#930,#931,#932));
#174=EDGE_LOOP('',(#933));
#175=EDGE_LOOP('',(#934,#935,#936,#937,#938,#939));
#176=EDGE_LOOP('',(#940,#941,#942,#943,#944));
#177=EDGE_LOOP('',(#945,#946,#947,#948,#949));
#178=EDGE_LOOP('',(#950,#951,#952,#953,#954));
#179=EDGE_LOOP('',(#955,#956,#957,#958,#959));
#180=EDGE_LOOP('',(#960,#961,#962,#963,#964));
#181=EDGE_LOOP('',(#965,#966,#967,#968,#969));
#182=EDGE_LOOP('',(#970,#971,#972));
#183=EDGE_LOOP('',(#973,#974,#975));
#184=EDGE_LOOP('',(#976,#977,#978));
#185=EDGE_LOOP('',(#979,#980,#981,#982));
#186=EDGE_LOOP('',(#983));
#187=EDGE_LOOP('',(#984,#985,#986,#987,#988,#989,#990,#991,#992));
#188=EDGE_LOOP('',(#993,#994,#995,#996,#997));
#189=EDGE_LOOP('',(#998,#999,#1000,#1001,#1002));
#190=EDGE_LOOP('',(#1003,#1004,#1005,#1006));
#191=LINE('',#1627,#319);
#192=LINE('',#1629,#320);
#193=LINE('',#1631,#321);
#194=LINE('',#1632,#322);
#195=LINE('',#1636,#323);
#196=LINE('',#1638,#324);
#197=LINE('',#1640,#325);
#198=LINE('',#1641,#326);
#199=LINE('',#1645,#327);
#200=LINE('',#1646,#328);
#201=LINE('',#1648,#329);
#202=LINE('',#1650,#330);
#203=LINE('',#1652,#331);
#204=LINE('',#1654,#332);
#205=LINE('',#1656,#333);
#206=LINE('',#1658,#334);
#207=LINE('',#1660,#335);
#208=LINE('',#1662,#336);
#209=LINE('',#1664,#337);
#210=LINE('',#1666,#338);
#211=LINE('',#1667,#339);
#212=LINE('',#1670,#340);
#213=LINE('',#1672,#341);
#214=LINE('',#1673,#342);
#215=LINE('',#1676,#343);
#216=LINE('',#1678,#344);
#217=LINE('',#1679,#345);
#218=LINE('',#1681,#346);
#219=LINE('',#1683,#347);
#220=LINE('',#1684,#348);
#221=LINE('',#1687,#349);
#222=LINE('',#1688,#350);
#223=LINE('',#1692,#351);
#224=LINE('',#1694,#352);
#225=LINE('',#1696,#353);
#226=LINE('',#1697,#354);
#227=LINE('',#1700,#355);
#228=LINE('',#1702,#356);
#229=LINE('',#1704,#357);
#230=LINE('',#1706,#358);
#231=LINE('',#1707,#359);
#232=LINE('',#1709,#360);
#233=LINE('',#1710,#361);
#234=LINE('',#1711,#362);
#235=LINE('',#1714,#363);
#236=LINE('',#1715,#364);
#237=LINE('',#1720,#365);
#238=LINE('',#1721,#366);
#239=LINE('',#1724,#367);
#240=LINE('',#1725,#368);
#241=LINE('',#1727,#369);
#242=LINE('',#1730,#370);
#243=LINE('',#1732,#371);
#244=LINE('',#1733,#372);
#245=LINE('',#1736,#373);
#246=LINE('',#1738,#374);
#247=LINE('',#1740,#375);
#248=LINE('',#1741,#376);
#249=LINE('',#1742,#377);
#250=LINE('',#1744,#378);
#251=LINE('',#1745,#379);
#252=LINE('',#1750,#380);
#253=LINE('',#1752,#381);
#254=LINE('',#1755,#382);
#255=LINE('',#1757,#383);
#256=LINE('',#1759,#384);
#257=LINE('',#1760,#385);
#258=LINE('',#1765,#386);
#259=LINE('',#1766,#387);
#260=LINE('',#1768,#388);
#261=LINE('',#1773,#389);
#262=LINE('',#1777,#390);
#263=LINE('',#1781,#391);
#264=LINE('',#1783,#392);
#265=LINE('',#1785,#393);
#266=LINE('',#1787,#394);
#267=LINE('',#1788,#395);
#268=LINE('',#1792,#396);
#269=LINE('',#1794,#397);
#270=LINE('',#1796,#398);
#271=LINE('',#1798,#399);
#272=LINE('',#1799,#400);
#273=LINE('',#1803,#401);
#274=LINE('',#1807,#402);
#275=LINE('',#1810,#403);
#276=LINE('',#1812,#404);
#277=LINE('',#1814,#405);
#278=LINE('',#1815,#406);
#279=LINE('',#1820,#407);
#280=LINE('',#1821,#408);
#281=LINE('',#1822,#409);
#282=LINE('',#1825,#410);
#283=LINE('',#1827,#411);
#284=LINE('',#1828,#412);
#285=LINE('',#1830,#413);
#286=LINE('',#1835,#414);
#287=LINE('',#1841,#415);
#288=LINE('',#1852,#416);
#289=LINE('',#1856,#417);
#290=LINE('',#1860,#418);
#291=LINE('',#1866,#419);
#292=LINE('',#1868,#420);
#293=LINE('',#1870,#421);
#294=LINE('',#1872,#422);
#295=LINE('',#1874,#423);
#296=LINE('',#1875,#424);
#297=LINE('',#1878,#425);
#298=LINE('',#1880,#426);
#299=LINE('',#1882,#427);
#300=LINE('',#1883,#428);
#301=LINE('',#1886,#429);
#302=LINE('',#1888,#430);
#303=LINE('',#1889,#431);
#304=LINE('',#1892,#432);
#305=LINE('',#1894,#433);
#306=LINE('',#1895,#434);
#307=LINE('',#1898,#435);
#308=LINE('',#1900,#436);
#309=LINE('',#1901,#437);
#310=LINE('',#1904,#438);
#311=LINE('',#1906,#439);
#312=LINE('',#1907,#440);
#313=LINE('',#1910,#441);
#314=LINE('',#1911,#442);
#315=LINE('',#1927,#443);
#316=LINE('',#1935,#444);
#317=LINE('',#1938,#445);
#318=LINE('',#1941,#446);
#319=VECTOR('',#1313,0.021);
#320=VECTOR('',#1314,0.00353553390593274);
#321=VECTOR('',#1315,0.0185);
#322=VECTOR('',#1316,0.0025);
#323=VECTOR('',#1319,0.021);
#324=VECTOR('',#1320,0.00353553390593274);
#325=VECTOR('',#1321,0.0185);
#326=VECTOR('',#1322,0.0025);
#327=VECTOR('',#1325,0.0286);
#328=VECTOR('',#1326,0.00197989898732235);
#329=VECTOR('',#1327,0.0039);
#330=VECTOR('',#1328,0.021);
#331=VECTOR('',#1329,0.00197989898732233);
#332=VECTOR('',#1330,0.0219);
#333=VECTOR('',#1331,0.0145);
#334=VECTOR('',#1332,0.0014);
#335=VECTOR('',#1333,0.0122);
#336=VECTOR('',#1334,0.0039);
#337=VECTOR('',#1335,0.0122);
#338=VECTOR('',#1336,0.0014);
#339=VECTOR('',#1337,0.0212);
#340=VECTOR('',#1340,0.0039);
#341=VECTOR('',#1341,0.0039);
#342=VECTOR('',#1342,0.0025);
#343=VECTOR('',#1345,0.0025);
#344=VECTOR('',#1346,0.0122);
#345=VECTOR('',#1347,0.0025);
#346=VECTOR('',#1350,0.0039);
#347=VECTOR('',#1351,0.00353553390593274);
#348=VECTOR('',#1352,0.0039);
#349=VECTOR('',#1355,0.0039);
#350=VECTOR('',#1356,0.0185);
#351=VECTOR('',#1359,0.0122);
#352=VECTOR('',#1360,0.0025);
#353=VECTOR('',#1361,0.0122);
#354=VECTOR('',#1362,0.0025);
#355=VECTOR('',#1365,0.0014);
#356=VECTOR('',#1366,0.0039);
#357=VECTOR('',#1367,0.0025);
#358=VECTOR('',#1368,0.0014);
#359=VECTOR('',#1369,0.008);
#360=VECTOR('',#1370,0.0039);
#361=VECTOR('',#1371,0.0025);
#362=VECTOR('',#1372,0.008);
#363=VECTOR('',#1375,0.0145);
#364=VECTOR('',#1376,0.008);
#365=VECTOR('',#1381,0.0185);
#366=VECTOR('',#1382,0.0025);
#367=VECTOR('',#1385,0.0039);
#368=VECTOR('',#1386,0.0122);
#369=VECTOR('',#1389,0.0025);
#370=VECTOR('',#1392,0.0039);
#371=VECTOR('',#1393,0.0025);
#372=VECTOR('',#1394,0.0039);
#373=VECTOR('',#1397,0.021);
#374=VECTOR('',#1398,0.00197989898732234);
#375=VECTOR('',#1399,0.0286);
#376=VECTOR('',#1400,0.0212);
#377=VECTOR('',#1401,0.0122);
#378=VECTOR('',#1402,0.0219);
#379=VECTOR('',#1403,0.00197989898732233);
#380=VECTOR('',#1410,0.00249999999999999);
#381=VECTOR('',#1413,0.0122);
#382=VECTOR('',#1418,0.0039);
#383=VECTOR('',#1421,0.008);
#384=VECTOR('',#1424,0.008);
#385=VECTOR('',#1425,0.008);
#386=VECTOR('',#1432,0.0039);
#387=VECTOR('',#1433,0.008);
#388=VECTOR('',#1436,0.008);
#389=VECTOR('',#1443,0.00353553390593274);
#390=VECTOR('',#1450,0.00249999999999999);
#391=VECTOR('',#1453,0.00173205080756888);
#392=VECTOR('',#1454,0.002);
#393=VECTOR('',#1455,0.000866025403784439);
#394=VECTOR('',#1456,0.00086602540378444);
#395=VECTOR('',#1457,0.002);
#396=VECTOR('',#1460,0.00173205080756888);
#397=VECTOR('',#1461,0.002);
#398=VECTOR('',#1462,0.00086602540378444);
#399=VECTOR('',#1463,0.000866025403784439);
#400=VECTOR('',#1464,0.002);
#401=VECTOR('',#1469,0.000866025403784438);
#402=VECTOR('',#1474,0.000866025403784438);
#403=VECTOR('',#1477,0.00173205080756888);
#404=VECTOR('',#1478,0.000866025403784439);
#405=VECTOR('',#1479,0.000866025403784438);
#406=VECTOR('',#1480,0.002);
#407=VECTOR('',#1485,0.00173205080756888);
#408=VECTOR('',#1486,0.00173205080756888);
#409=VECTOR('',#1487,0.00173205080756888);
#410=VECTOR('',#1490,0.00200000000011369);
#411=VECTOR('',#1491,0.000866025403784439);
#412=VECTOR('',#1492,0.000866025403784438);
#413=VECTOR('',#1495,0.000866025403784438);
#414=VECTOR('',#1504,0.000866025403784439);
#415=VECTOR('',#1511,0.003);
#416=VECTOR('',#1526,0.003);
#417=VECTOR('',#1531,1.73205080756889);
#418=VECTOR('',#1538,0.002);
#419=VECTOR('',#1543,0.00173205080756888);
#420=VECTOR('',#1544,0.00173205080756888);
#421=VECTOR('',#1545,0.00173205080756888);
#422=VECTOR('',#1546,0.00173205080756888);
#423=VECTOR('',#1547,0.00173205080756888);
#424=VECTOR('',#1548,0.00173205080756888);
#425=VECTOR('',#1551,0.002);
#426=VECTOR('',#1552,0.000866025403784439);
#427=VECTOR('',#1553,0.000866025403784438);
#428=VECTOR('',#1554,0.00200000000011369);
#429=VECTOR('',#1557,0.002);
#430=VECTOR('',#1558,0.000866025403784439);
#431=VECTOR('',#1559,0.000866025403784439);
#432=VECTOR('',#1562,0.002);
#433=VECTOR('',#1563,0.000866025403784439);
#434=VECTOR('',#1564,0.000866025403784438);
#435=VECTOR('',#1567,0.002);
#436=VECTOR('',#1568,0.000866025403784438);
#437=VECTOR('',#1569,0.000866025403784438);
#438=VECTOR('',#1572,0.002);
#439=VECTOR('',#1573,0.00086602540378444);
#440=VECTOR('',#1574,0.00086602540378444);
#441=VECTOR('',#1577,0.000866025403784439);
#442=VECTOR('',#1578,0.000866025403784438);
#443=VECTOR('',#1603,1.73205080756889);
#444=VECTOR('',#1614,0.003);
#445=VECTOR('',#1617,0.003);
#446=VECTOR('',#1622,0.002);
#447=VERTEX_POINT('',#1625);
#448=VERTEX_POINT('',#1626);
#449=VERTEX_POINT('',#1628);
#450=VERTEX_POINT('',#1630);
#451=VERTEX_POINT('',#1634);
#452=VERTEX_POINT('',#1635);
#453=VERTEX_POINT('',#1637);
#454=VERTEX_POINT('',#1639);
#455=VERTEX_POINT('',#1643);
#456=VERTEX_POINT('',#1644);
#457=VERTEX_POINT('',#1647);
#458=VERTEX_POINT('',#1649);
#459=VERTEX_POINT('',#1651);
#460=VERTEX_POINT('',#1653);
#461=VERTEX_POINT('',#1655);
#462=VERTEX_POINT('',#1657);
#463=VERTEX_POINT('',#1659);
#464=VERTEX_POINT('',#1661);
#465=VERTEX_POINT('',#1663);
#466=VERTEX_POINT('',#1665);
#467=VERTEX_POINT('',#1669);
#468=VERTEX_POINT('',#1671);
#469=VERTEX_POINT('',#1675);
#470=VERTEX_POINT('',#1677);
#471=VERTEX_POINT('',#1682);
#472=VERTEX_POINT('',#1686);
#473=VERTEX_POINT('',#1690);
#474=VERTEX_POINT('',#1691);
#475=VERTEX_POINT('',#1693);
#476=VERTEX_POINT('',#1695);
#477=VERTEX_POINT('',#1699);
#478=VERTEX_POINT('',#1701);
#479=VERTEX_POINT('',#1703);
#480=VERTEX_POINT('',#1705);
#481=VERTEX_POINT('',#1708);
#482=VERTEX_POINT('',#1713);
#483=VERTEX_POINT('',#1716);
#484=VERTEX_POINT('',#1719);
#485=VERTEX_POINT('',#1723);
#486=VERTEX_POINT('',#1729);
#487=VERTEX_POINT('',#1731);
#488=VERTEX_POINT('',#1735);
#489=VERTEX_POINT('',#1737);
#490=VERTEX_POINT('',#1739);
#491=VERTEX_POINT('',#1743);
#492=VERTEX_POINT('',#1748);
#493=VERTEX_POINT('',#1762);
#494=VERTEX_POINT('',#1769);
#495=VERTEX_POINT('',#1779);
#496=VERTEX_POINT('',#1780);
#497=VERTEX_POINT('',#1782);
#498=VERTEX_POINT('',#1784);
#499=VERTEX_POINT('',#1786);
#500=VERTEX_POINT('',#1790);
#501=VERTEX_POINT('',#1791);
#502=VERTEX_POINT('',#1793);
#503=VERTEX_POINT('',#1795);
#504=VERTEX_POINT('',#1797);
#505=VERTEX_POINT('',#1801);
#506=VERTEX_POINT('',#1805);
#507=VERTEX_POINT('',#1809);
#508=VERTEX_POINT('',#1811);
#509=VERTEX_POINT('',#1813);
#510=VERTEX_POINT('',#1817);
#511=VERTEX_POINT('',#1819);
#512=VERTEX_POINT('',#1824);
#513=VERTEX_POINT('',#1826);
#514=VERTEX_POINT('',#1837);
#515=VERTEX_POINT('',#1838);
#516=VERTEX_POINT('',#1843);
#517=VERTEX_POINT('',#1847);
#518=VERTEX_POINT('',#1851);
#519=VERTEX_POINT('',#1855);
#520=VERTEX_POINT('',#1862);
#521=VERTEX_POINT('',#1864);
#522=VERTEX_POINT('',#1865);
#523=VERTEX_POINT('',#1867);
#524=VERTEX_POINT('',#1869);
#525=VERTEX_POINT('',#1871);
#526=VERTEX_POINT('',#1873);
#527=VERTEX_POINT('',#1877);
#528=VERTEX_POINT('',#1879);
#529=VERTEX_POINT('',#1881);
#530=VERTEX_POINT('',#1885);
#531=VERTEX_POINT('',#1887);
#532=VERTEX_POINT('',#1891);
#533=VERTEX_POINT('',#1893);
#534=VERTEX_POINT('',#1897);
#535=VERTEX_POINT('',#1899);
#536=VERTEX_POINT('',#1903);
#537=VERTEX_POINT('',#1905);
#538=VERTEX_POINT('',#1909);
#539=VERTEX_POINT('',#1919);
#540=VERTEX_POINT('',#1923);
#541=VERTEX_POINT('',#1926);
#542=VERTEX_POINT('',#1931);
#543=VERTEX_POINT('',#1932);
#544=VERTEX_POINT('',#1937);
#545=EDGE_CURVE('',#447,#448,#191,.T.);
#546=EDGE_CURVE('',#448,#449,#192,.T.);
#547=EDGE_CURVE('',#450,#449,#193,.T.);
#548=EDGE_CURVE('',#450,#447,#194,.T.);
#549=EDGE_CURVE('',#451,#452,#195,.T.);
#550=EDGE_CURVE('',#451,#453,#196,.T.);
#551=EDGE_CURVE('',#453,#454,#197,.T.);
#552=EDGE_CURVE('',#454,#452,#198,.T.);
#553=EDGE_CURVE('',#455,#456,#199,.T.);
#554=EDGE_CURVE('',#456,#448,#200,.T.);
#555=EDGE_CURVE('',#457,#447,#201,.T.);
#556=EDGE_CURVE('',#458,#457,#202,.T.);
#557=EDGE_CURVE('',#458,#459,#203,.T.);
#558=EDGE_CURVE('',#459,#460,#204,.T.);
#559=EDGE_CURVE('',#460,#461,#205,.T.);
#560=EDGE_CURVE('',#461,#462,#206,.T.);
#561=EDGE_CURVE('',#463,#462,#207,.T.);
#562=EDGE_CURVE('',#464,#463,#208,.T.);
#563=EDGE_CURVE('',#465,#464,#209,.T.);
#564=EDGE_CURVE('',#465,#466,#210,.T.);
#565=EDGE_CURVE('',#466,#455,#211,.T.);
#566=EDGE_CURVE('',#452,#467,#212,.T.);
#567=EDGE_CURVE('',#454,#468,#213,.T.);
#568=EDGE_CURVE('',#468,#467,#214,.T.);
#569=EDGE_CURVE('',#469,#464,#215,.T.);
#570=EDGE_CURVE('',#470,#469,#216,.T.);
#571=EDGE_CURVE('',#470,#465,#217,.T.);
#572=EDGE_CURVE('',#458,#448,#218,.T.);
#573=EDGE_CURVE('',#471,#458,#219,.T.);
#574=EDGE_CURVE('',#449,#471,#220,.T.);
#575=EDGE_CURVE('',#453,#472,#221,.T.);
#576=EDGE_CURVE('',#468,#472,#222,.T.);
#577=EDGE_CURVE('',#473,#474,#223,.T.);
#578=EDGE_CURVE('',#475,#473,#224,.T.);
#579=EDGE_CURVE('',#475,#476,#225,.T.);
#580=EDGE_CURVE('',#476,#474,#226,.T.);
#581=EDGE_CURVE('',#477,#474,#227,.T.);
#582=EDGE_CURVE('',#476,#478,#228,.T.);
#583=EDGE_CURVE('',#478,#479,#229,.T.);
#584=EDGE_CURVE('',#479,#480,#230,.T.);
#585=EDGE_CURVE('',#466,#480,#231,.T.);
#586=EDGE_CURVE('',#481,#470,#232,.T.);
#587=EDGE_CURVE('',#481,#462,#233,.T.);
#588=EDGE_CURVE('',#461,#477,#234,.T.);
#589=EDGE_CURVE('',#482,#477,#235,.T.);
#590=EDGE_CURVE('',#460,#482,#236,.T.);
#591=EDGE_CURVE('',#483,#483,#31,.T.);
#592=EDGE_CURVE('',#471,#484,#237,.T.);
#593=EDGE_CURVE('',#484,#457,#238,.T.);
#594=EDGE_CURVE('',#469,#485,#239,.T.);
#595=EDGE_CURVE('',#485,#481,#240,.T.);
#596=EDGE_CURVE('',#485,#463,#241,.T.);
#597=EDGE_CURVE('',#486,#473,#242,.T.);
#598=EDGE_CURVE('',#487,#486,#243,.T.);
#599=EDGE_CURVE('',#487,#475,#244,.T.);
#600=EDGE_CURVE('',#467,#488,#245,.T.);
#601=EDGE_CURVE('',#488,#489,#246,.T.);
#602=EDGE_CURVE('',#490,#489,#247,.T.);
#603=EDGE_CURVE('',#480,#490,#248,.T.);
#604=EDGE_CURVE('',#479,#486,#249,.T.);
#605=EDGE_CURVE('',#491,#482,#250,.T.);
#606=EDGE_CURVE('',#491,#451,#251,.T.);
#607=EDGE_CURVE('',#492,#492,#32,.T.);
#608=EDGE_CURVE('',#492,#483,#252,.T.);
#609=EDGE_CURVE('',#478,#487,#253,.T.);
#610=EDGE_CURVE('',#484,#450,#254,.T.);
#611=EDGE_CURVE('',#455,#490,#255,.T.);
#612=EDGE_CURVE('',#489,#456,#256,.T.);
#613=EDGE_CURVE('',#448,#488,#257,.T.);
#614=EDGE_CURVE('',#493,#493,#19,.T.);
#615=EDGE_CURVE('',#488,#451,#258,.T.);
#616=EDGE_CURVE('',#451,#458,#259,.T.);
#617=EDGE_CURVE('',#459,#491,#260,.T.);
#618=EDGE_CURVE('',#494,#494,#20,.T.);
#619=EDGE_CURVE('',#472,#488,#261,.T.);
#620=EDGE_CURVE('',#493,#494,#262,.T.);
#621=EDGE_CURVE('',#495,#496,#263,.T.);
#622=EDGE_CURVE('',#497,#496,#264,.T.);
#623=EDGE_CURVE('',#498,#497,#265,.T.);
#624=EDGE_CURVE('',#499,#498,#266,.T.);
#625=EDGE_CURVE('',#499,#495,#267,.T.);
#626=EDGE_CURVE('',#500,#501,#268,.T.);
#627=EDGE_CURVE('',#502,#501,#269,.T.);
#628=EDGE_CURVE('',#503,#502,#270,.T.);
#629=EDGE_CURVE('',#504,#503,#271,.T.);
#630=EDGE_CURVE('',#504,#500,#272,.T.);
#631=EDGE_CURVE('',#498,#505,#33,.T.);
#632=EDGE_CURVE('',#497,#505,#273,.T.);
#633=EDGE_CURVE('',#506,#498,#34,.T.);
#634=EDGE_CURVE('',#506,#499,#274,.T.);
#635=EDGE_CURVE('',#507,#500,#275,.T.);
#636=EDGE_CURVE('',#508,#504,#276,.T.);
#637=EDGE_CURVE('',#509,#508,#277,.T.);
#638=EDGE_CURVE('',#509,#507,#278,.T.);
#639=EDGE_CURVE('',#510,#510,#35,.T.);
#640=EDGE_CURVE('',#511,#495,#279,.T.);
#641=EDGE_CURVE('',#501,#511,#280,.T.);
#642=EDGE_CURVE('',#496,#507,#281,.T.);
#643=EDGE_CURVE('',#512,#511,#282,.T.);
#644=EDGE_CURVE('',#513,#512,#283,.T.);
#645=EDGE_CURVE('',#502,#513,#284,.T.);
#646=EDGE_CURVE('',#505,#509,#285,.T.);
#647=EDGE_CURVE('',#508,#503,#36,.T.);
#648=EDGE_CURVE('',#513,#506,#37,.T.);
#649=EDGE_CURVE('',#512,#506,#286,.T.);
#650=EDGE_CURVE('',#514,#515,#38,.T.);
#651=EDGE_CURVE('',#515,#514,#39,.T.);
#652=EDGE_CURVE('',#514,#510,#287,.T.);
#653=EDGE_CURVE('',#505,#516,#40,.T.);
#654=EDGE_CURVE('',#516,#508,#41,.T.);
#655=EDGE_CURVE('',#517,#517,#42,.T.);
#656=EDGE_CURVE('',#515,#518,#288,.T.);
#657=EDGE_CURVE('',#518,#518,#43,.T.);
#658=EDGE_CURVE('',#519,#516,#289,.T.);
#659=EDGE_CURVE('',#503,#513,#44,.T.);
#660=EDGE_CURVE('',#518,#517,#290,.T.);
#661=EDGE_CURVE('',#520,#520,#45,.T.);
#662=EDGE_CURVE('',#521,#522,#291,.T.);
#663=EDGE_CURVE('',#523,#521,#292,.T.);
#664=EDGE_CURVE('',#524,#523,#293,.T.);
#665=EDGE_CURVE('',#525,#524,#294,.T.);
#666=EDGE_CURVE('',#526,#525,#295,.T.);
#667=EDGE_CURVE('',#522,#526,#296,.T.);
#668=EDGE_CURVE('',#527,#522,#297,.T.);
#669=EDGE_CURVE('',#528,#527,#298,.T.);
#670=EDGE_CURVE('',#529,#528,#299,.T.);
#671=EDGE_CURVE('',#529,#521,#300,.T.);
#672=EDGE_CURVE('',#530,#526,#301,.T.);
#673=EDGE_CURVE('',#531,#530,#302,.T.);
#674=EDGE_CURVE('',#527,#531,#303,.T.);
#675=EDGE_CURVE('',#532,#525,#304,.T.);
#676=EDGE_CURVE('',#533,#532,#305,.T.);
#677=EDGE_CURVE('',#530,#533,#306,.T.);
#678=EDGE_CURVE('',#534,#524,#307,.T.);
#679=EDGE_CURVE('',#535,#534,#308,.T.);
#680=EDGE_CURVE('',#532,#535,#309,.T.);
#681=EDGE_CURVE('',#536,#523,#310,.T.);
#682=EDGE_CURVE('',#537,#536,#311,.T.);
#683=EDGE_CURVE('',#534,#537,#312,.T.);
#684=EDGE_CURVE('',#538,#529,#313,.T.);
#685=EDGE_CURVE('',#536,#538,#314,.T.);
#686=EDGE_CURVE('',#535,#537,#46,.T.);
#687=EDGE_CURVE('',#528,#531,#47,.T.);
#688=EDGE_CURVE('',#531,#533,#48,.T.);
#689=EDGE_CURVE('',#533,#539,#49,.T.);
#690=EDGE_CURVE('',#539,#535,#50,.T.);
#691=EDGE_CURVE('',#540,#540,#51,.T.);
#692=EDGE_CURVE('',#541,#539,#315,.T.);
#693=EDGE_CURVE('',#537,#538,#52,.T.);
#694=EDGE_CURVE('',#538,#528,#53,.T.);
#695=EDGE_CURVE('',#542,#543,#54,.T.);
#696=EDGE_CURVE('',#543,#542,#55,.T.);
#697=EDGE_CURVE('',#542,#520,#316,.T.);
#698=EDGE_CURVE('',#543,#544,#317,.T.);
#699=EDGE_CURVE('',#544,#544,#56,.T.);
#700=EDGE_CURVE('',#544,#540,#318,.T.);
#701=ORIENTED_EDGE('',*,*,#545,.T.);
#702=ORIENTED_EDGE('',*,*,#546,.T.);
#703=ORIENTED_EDGE('',*,*,#547,.F.);
#704=ORIENTED_EDGE('',*,*,#548,.T.);
#705=ORIENTED_EDGE('',*,*,#549,.F.);
#706=ORIENTED_EDGE('',*,*,#550,.T.);
#707=ORIENTED_EDGE('',*,*,#551,.T.);
#708=ORIENTED_EDGE('',*,*,#552,.T.);
#709=ORIENTED_EDGE('',*,*,#553,.T.);
#710=ORIENTED_EDGE('',*,*,#554,.T.);
#711=ORIENTED_EDGE('',*,*,#545,.F.);
#712=ORIENTED_EDGE('',*,*,#555,.F.);
#713=ORIENTED_EDGE('',*,*,#556,.F.);
#714=ORIENTED_EDGE('',*,*,#557,.T.);
#715=ORIENTED_EDGE('',*,*,#558,.T.);
#716=ORIENTED_EDGE('',*,*,#559,.T.);
#717=ORIENTED_EDGE('',*,*,#560,.T.);
#718=ORIENTED_EDGE('',*,*,#561,.F.);
#719=ORIENTED_EDGE('',*,*,#562,.F.);
#720=ORIENTED_EDGE('',*,*,#563,.F.);
#721=ORIENTED_EDGE('',*,*,#564,.T.);
#722=ORIENTED_EDGE('',*,*,#565,.T.);
#723=ORIENTED_EDGE('',*,*,#566,.F.);
#724=ORIENTED_EDGE('',*,*,#552,.F.);
#725=ORIENTED_EDGE('',*,*,#567,.T.);
#726=ORIENTED_EDGE('',*,*,#568,.T.);
#727=ORIENTED_EDGE('',*,*,#563,.T.);
#728=ORIENTED_EDGE('',*,*,#569,.F.);
#729=ORIENTED_EDGE('',*,*,#570,.F.);
#730=ORIENTED_EDGE('',*,*,#571,.T.);
#731=ORIENTED_EDGE('',*,*,#546,.F.);
#732=ORIENTED_EDGE('',*,*,#572,.F.);
#733=ORIENTED_EDGE('',*,*,#573,.F.);
#734=ORIENTED_EDGE('',*,*,#574,.F.);
#735=ORIENTED_EDGE('',*,*,#551,.F.);
#736=ORIENTED_EDGE('',*,*,#575,.T.);
#737=ORIENTED_EDGE('',*,*,#576,.F.);
#738=ORIENTED_EDGE('',*,*,#567,.F.);
#739=ORIENTED_EDGE('',*,*,#577,.F.);
#740=ORIENTED_EDGE('',*,*,#578,.F.);
#741=ORIENTED_EDGE('',*,*,#579,.T.);
#742=ORIENTED_EDGE('',*,*,#580,.T.);
#743=ORIENTED_EDGE('',*,*,#581,.T.);
#744=ORIENTED_EDGE('',*,*,#580,.F.);
#745=ORIENTED_EDGE('',*,*,#582,.T.);
#746=ORIENTED_EDGE('',*,*,#583,.T.);
#747=ORIENTED_EDGE('',*,*,#584,.T.);
#748=ORIENTED_EDGE('',*,*,#585,.F.);
#749=ORIENTED_EDGE('',*,*,#564,.F.);
#750=ORIENTED_EDGE('',*,*,#571,.F.);
#751=ORIENTED_EDGE('',*,*,#586,.F.);
#752=ORIENTED_EDGE('',*,*,#587,.T.);
#753=ORIENTED_EDGE('',*,*,#560,.F.);
#754=ORIENTED_EDGE('',*,*,#588,.T.);
#755=ORIENTED_EDGE('',*,*,#589,.T.);
#756=ORIENTED_EDGE('',*,*,#588,.F.);
#757=ORIENTED_EDGE('',*,*,#559,.F.);
#758=ORIENTED_EDGE('',*,*,#590,.T.);
#759=ORIENTED_EDGE('',*,*,#591,.F.);
#760=ORIENTED_EDGE('',*,*,#592,.F.);
#761=ORIENTED_EDGE('',*,*,#573,.T.);
#762=ORIENTED_EDGE('',*,*,#556,.T.);
#763=ORIENTED_EDGE('',*,*,#593,.F.);
#764=ORIENTED_EDGE('',*,*,#570,.T.);
#765=ORIENTED_EDGE('',*,*,#594,.T.);
#766=ORIENTED_EDGE('',*,*,#595,.T.);
#767=ORIENTED_EDGE('',*,*,#586,.T.);
#768=ORIENTED_EDGE('',*,*,#561,.T.);
#769=ORIENTED_EDGE('',*,*,#587,.F.);
#770=ORIENTED_EDGE('',*,*,#595,.F.);
#771=ORIENTED_EDGE('',*,*,#596,.T.);
#772=ORIENTED_EDGE('',*,*,#597,.F.);
#773=ORIENTED_EDGE('',*,*,#598,.F.);
#774=ORIENTED_EDGE('',*,*,#599,.T.);
#775=ORIENTED_EDGE('',*,*,#578,.T.);
#776=ORIENTED_EDGE('',*,*,#600,.T.);
#777=ORIENTED_EDGE('',*,*,#601,.T.);
#778=ORIENTED_EDGE('',*,*,#602,.F.);
#779=ORIENTED_EDGE('',*,*,#603,.F.);
#780=ORIENTED_EDGE('',*,*,#584,.F.);
#781=ORIENTED_EDGE('',*,*,#604,.T.);
#782=ORIENTED_EDGE('',*,*,#597,.T.);
#783=ORIENTED_EDGE('',*,*,#577,.T.);
#784=ORIENTED_EDGE('',*,*,#581,.F.);
#785=ORIENTED_EDGE('',*,*,#589,.F.);
#786=ORIENTED_EDGE('',*,*,#605,.F.);
#787=ORIENTED_EDGE('',*,*,#606,.T.);
#788=ORIENTED_EDGE('',*,*,#549,.T.);
#789=ORIENTED_EDGE('',*,*,#566,.T.);
#790=ORIENTED_EDGE('',*,*,#562,.T.);
#791=ORIENTED_EDGE('',*,*,#596,.F.);
#792=ORIENTED_EDGE('',*,*,#594,.F.);
#793=ORIENTED_EDGE('',*,*,#569,.T.);
#794=ORIENTED_EDGE('',*,*,#607,.F.);
#795=ORIENTED_EDGE('',*,*,#608,.T.);
#796=ORIENTED_EDGE('',*,*,#591,.T.);
#797=ORIENTED_EDGE('',*,*,#608,.F.);
#798=ORIENTED_EDGE('',*,*,#609,.F.);
#799=ORIENTED_EDGE('',*,*,#582,.F.);
#800=ORIENTED_EDGE('',*,*,#579,.F.);
#801=ORIENTED_EDGE('',*,*,#599,.F.);
#802=ORIENTED_EDGE('',*,*,#604,.F.);
#803=ORIENTED_EDGE('',*,*,#583,.F.);
#804=ORIENTED_EDGE('',*,*,#609,.T.);
#805=ORIENTED_EDGE('',*,*,#598,.T.);
#806=ORIENTED_EDGE('',*,*,#555,.T.);
#807=ORIENTED_EDGE('',*,*,#548,.F.);
#808=ORIENTED_EDGE('',*,*,#610,.F.);
#809=ORIENTED_EDGE('',*,*,#593,.T.);
#810=ORIENTED_EDGE('',*,*,#603,.T.);
#811=ORIENTED_EDGE('',*,*,#611,.F.);
#812=ORIENTED_EDGE('',*,*,#565,.F.);
#813=ORIENTED_EDGE('',*,*,#585,.T.);
#814=ORIENTED_EDGE('',*,*,#607,.T.);
#815=ORIENTED_EDGE('',*,*,#554,.F.);
#816=ORIENTED_EDGE('',*,*,#612,.F.);
#817=ORIENTED_EDGE('',*,*,#601,.F.);
#818=ORIENTED_EDGE('',*,*,#613,.F.);
#819=ORIENTED_EDGE('',*,*,#602,.T.);
#820=ORIENTED_EDGE('',*,*,#612,.T.);
#821=ORIENTED_EDGE('',*,*,#553,.F.);
#822=ORIENTED_EDGE('',*,*,#611,.T.);
#823=ORIENTED_EDGE('',*,*,#614,.T.);
#824=ORIENTED_EDGE('',*,*,#572,.T.);
#825=ORIENTED_EDGE('',*,*,#613,.T.);
#826=ORIENTED_EDGE('',*,*,#615,.T.);
#827=ORIENTED_EDGE('',*,*,#616,.T.);
#828=ORIENTED_EDGE('',*,*,#558,.F.);
#829=ORIENTED_EDGE('',*,*,#617,.T.);
#830=ORIENTED_EDGE('',*,*,#605,.T.);
#831=ORIENTED_EDGE('',*,*,#590,.F.);
#832=ORIENTED_EDGE('',*,*,#618,.T.);
#833=ORIENTED_EDGE('',*,*,#547,.T.);
#834=ORIENTED_EDGE('',*,*,#574,.T.);
#835=ORIENTED_EDGE('',*,*,#592,.T.);
#836=ORIENTED_EDGE('',*,*,#610,.T.);
#837=ORIENTED_EDGE('',*,*,#576,.T.);
#838=ORIENTED_EDGE('',*,*,#619,.T.);
#839=ORIENTED_EDGE('',*,*,#600,.F.);
#840=ORIENTED_EDGE('',*,*,#568,.F.);
#841=ORIENTED_EDGE('',*,*,#619,.F.);
#842=ORIENTED_EDGE('',*,*,#575,.F.);
#843=ORIENTED_EDGE('',*,*,#550,.F.);
#844=ORIENTED_EDGE('',*,*,#615,.F.);
#845=ORIENTED_EDGE('',*,*,#557,.F.);
#846=ORIENTED_EDGE('',*,*,#616,.F.);
#847=ORIENTED_EDGE('',*,*,#606,.F.);
#848=ORIENTED_EDGE('',*,*,#617,.F.);
#849=ORIENTED_EDGE('',*,*,#614,.F.);
#850=ORIENTED_EDGE('',*,*,#620,.T.);
#851=ORIENTED_EDGE('',*,*,#618,.F.);
#852=ORIENTED_EDGE('',*,*,#620,.F.);
#853=ORIENTED_EDGE('',*,*,#621,.T.);
#854=ORIENTED_EDGE('',*,*,#622,.F.);
#855=ORIENTED_EDGE('',*,*,#623,.F.);
#856=ORIENTED_EDGE('',*,*,#624,.F.);
#857=ORIENTED_EDGE('',*,*,#625,.T.);
#858=ORIENTED_EDGE('',*,*,#626,.T.);
#859=ORIENTED_EDGE('',*,*,#627,.F.);
#860=ORIENTED_EDGE('',*,*,#628,.F.);
#861=ORIENTED_EDGE('',*,*,#629,.F.);
#862=ORIENTED_EDGE('',*,*,#630,.T.);
#863=ORIENTED_EDGE('',*,*,#631,.F.);
#864=ORIENTED_EDGE('',*,*,#623,.T.);
#865=ORIENTED_EDGE('',*,*,#632,.T.);
#866=ORIENTED_EDGE('',*,*,#633,.F.);
#867=ORIENTED_EDGE('',*,*,#634,.T.);
#868=ORIENTED_EDGE('',*,*,#624,.T.);
#869=ORIENTED_EDGE('',*,*,#635,.T.);
#870=ORIENTED_EDGE('',*,*,#630,.F.);
#871=ORIENTED_EDGE('',*,*,#636,.F.);
#872=ORIENTED_EDGE('',*,*,#637,.F.);
#873=ORIENTED_EDGE('',*,*,#638,.T.);
#874=ORIENTED_EDGE('',*,*,#639,.T.);
#875=ORIENTED_EDGE('',*,*,#640,.F.);
#876=ORIENTED_EDGE('',*,*,#641,.F.);
#877=ORIENTED_EDGE('',*,*,#626,.F.);
#878=ORIENTED_EDGE('',*,*,#635,.F.);
#879=ORIENTED_EDGE('',*,*,#642,.F.);
#880=ORIENTED_EDGE('',*,*,#621,.F.);
#881=ORIENTED_EDGE('',*,*,#641,.T.);
#882=ORIENTED_EDGE('',*,*,#643,.F.);
#883=ORIENTED_EDGE('',*,*,#644,.F.);
#884=ORIENTED_EDGE('',*,*,#645,.F.);
#885=ORIENTED_EDGE('',*,*,#627,.T.);
#886=ORIENTED_EDGE('',*,*,#642,.T.);
#887=ORIENTED_EDGE('',*,*,#638,.F.);
#888=ORIENTED_EDGE('',*,*,#646,.F.);
#889=ORIENTED_EDGE('',*,*,#632,.F.);
#890=ORIENTED_EDGE('',*,*,#622,.T.);
#891=ORIENTED_EDGE('',*,*,#647,.F.);
#892=ORIENTED_EDGE('',*,*,#636,.T.);
#893=ORIENTED_EDGE('',*,*,#629,.T.);
#894=ORIENTED_EDGE('',*,*,#648,.F.);
#895=ORIENTED_EDGE('',*,*,#644,.T.);
#896=ORIENTED_EDGE('',*,*,#649,.T.);
#897=ORIENTED_EDGE('',*,*,#650,.T.);
#898=ORIENTED_EDGE('',*,*,#651,.T.);
#899=ORIENTED_EDGE('',*,*,#652,.T.);
#900=ORIENTED_EDGE('',*,*,#639,.F.);
#901=ORIENTED_EDGE('',*,*,#652,.F.);
#902=ORIENTED_EDGE('',*,*,#653,.F.);
#903=ORIENTED_EDGE('',*,*,#646,.T.);
#904=ORIENTED_EDGE('',*,*,#637,.T.);
#905=ORIENTED_EDGE('',*,*,#654,.F.);
#906=ORIENTED_EDGE('',*,*,#655,.F.);
#907=ORIENTED_EDGE('',*,*,#640,.T.);
#908=ORIENTED_EDGE('',*,*,#625,.F.);
#909=ORIENTED_EDGE('',*,*,#634,.F.);
#910=ORIENTED_EDGE('',*,*,#649,.F.);
#911=ORIENTED_EDGE('',*,*,#643,.T.);
#912=ORIENTED_EDGE('',*,*,#650,.F.);
#913=ORIENTED_EDGE('',*,*,#651,.F.);
#914=ORIENTED_EDGE('',*,*,#656,.T.);
#915=ORIENTED_EDGE('',*,*,#657,.T.);
#916=ORIENTED_EDGE('',*,*,#656,.F.);
#917=ORIENTED_EDGE('',*,*,#658,.T.);
#918=ORIENTED_EDGE('',*,*,#654,.T.);
#919=ORIENTED_EDGE('',*,*,#647,.T.);
#920=ORIENTED_EDGE('',*,*,#659,.T.);
#921=ORIENTED_EDGE('',*,*,#648,.T.);
#922=ORIENTED_EDGE('',*,*,#633,.T.);
#923=ORIENTED_EDGE('',*,*,#631,.T.);
#924=ORIENTED_EDGE('',*,*,#653,.T.);
#925=ORIENTED_EDGE('',*,*,#658,.F.);
#926=ORIENTED_EDGE('',*,*,#659,.F.);
#927=ORIENTED_EDGE('',*,*,#628,.T.);
#928=ORIENTED_EDGE('',*,*,#645,.T.);
#929=ORIENTED_EDGE('',*,*,#657,.F.);
#930=ORIENTED_EDGE('',*,*,#660,.T.);
#931=ORIENTED_EDGE('',*,*,#655,.T.);
#932=ORIENTED_EDGE('',*,*,#660,.F.);
#933=ORIENTED_EDGE('',*,*,#661,.T.);
#934=ORIENTED_EDGE('',*,*,#662,.F.);
#935=ORIENTED_EDGE('',*,*,#663,.F.);
#936=ORIENTED_EDGE('',*,*,#664,.F.);
#937=ORIENTED_EDGE('',*,*,#665,.F.);
#938=ORIENTED_EDGE('',*,*,#666,.F.);
#939=ORIENTED_EDGE('',*,*,#667,.F.);
#940=ORIENTED_EDGE('',*,*,#662,.T.);
#941=ORIENTED_EDGE('',*,*,#668,.F.);
#942=ORIENTED_EDGE('',*,*,#669,.F.);
#943=ORIENTED_EDGE('',*,*,#670,.F.);
#944=ORIENTED_EDGE('',*,*,#671,.T.);
#945=ORIENTED_EDGE('',*,*,#667,.T.);
#946=ORIENTED_EDGE('',*,*,#672,.F.);
#947=ORIENTED_EDGE('',*,*,#673,.F.);
#948=ORIENTED_EDGE('',*,*,#674,.F.);
#949=ORIENTED_EDGE('',*,*,#668,.T.);
#950=ORIENTED_EDGE('',*,*,#666,.T.);
#951=ORIENTED_EDGE('',*,*,#675,.F.);
#952=ORIENTED_EDGE('',*,*,#676,.F.);
#953=ORIENTED_EDGE('',*,*,#677,.F.);
#954=ORIENTED_EDGE('',*,*,#672,.T.);
#955=ORIENTED_EDGE('',*,*,#665,.T.);
#956=ORIENTED_EDGE('',*,*,#678,.F.);
#957=ORIENTED_EDGE('',*,*,#679,.F.);
#958=ORIENTED_EDGE('',*,*,#680,.F.);
#959=ORIENTED_EDGE('',*,*,#675,.T.);
#960=ORIENTED_EDGE('',*,*,#664,.T.);
#961=ORIENTED_EDGE('',*,*,#681,.F.);
#962=ORIENTED_EDGE('',*,*,#682,.F.);
#963=ORIENTED_EDGE('',*,*,#683,.F.);
#964=ORIENTED_EDGE('',*,*,#678,.T.);
#965=ORIENTED_EDGE('',*,*,#663,.T.);
#966=ORIENTED_EDGE('',*,*,#671,.F.);
#967=ORIENTED_EDGE('',*,*,#684,.F.);
#968=ORIENTED_EDGE('',*,*,#685,.F.);
#969=ORIENTED_EDGE('',*,*,#681,.T.);
#970=ORIENTED_EDGE('',*,*,#686,.F.);
#971=ORIENTED_EDGE('',*,*,#679,.T.);
#972=ORIENTED_EDGE('',*,*,#683,.T.);
#973=ORIENTED_EDGE('',*,*,#687,.F.);
#974=ORIENTED_EDGE('',*,*,#669,.T.);
#975=ORIENTED_EDGE('',*,*,#674,.T.);
#976=ORIENTED_EDGE('',*,*,#688,.F.);
#977=ORIENTED_EDGE('',*,*,#673,.T.);
#978=ORIENTED_EDGE('',*,*,#677,.T.);
#979=ORIENTED_EDGE('',*,*,#689,.F.);
#980=ORIENTED_EDGE('',*,*,#676,.T.);
#981=ORIENTED_EDGE('',*,*,#680,.T.);
#982=ORIENTED_EDGE('',*,*,#690,.F.);
#983=ORIENTED_EDGE('',*,*,#691,.F.);
#984=ORIENTED_EDGE('',*,*,#692,.T.);
#985=ORIENTED_EDGE('',*,*,#690,.T.);
#986=ORIENTED_EDGE('',*,*,#686,.T.);
#987=ORIENTED_EDGE('',*,*,#693,.T.);
#988=ORIENTED_EDGE('',*,*,#694,.T.);
#989=ORIENTED_EDGE('',*,*,#687,.T.);
#990=ORIENTED_EDGE('',*,*,#688,.T.);
#991=ORIENTED_EDGE('',*,*,#689,.T.);
#992=ORIENTED_EDGE('',*,*,#692,.F.);
#993=ORIENTED_EDGE('',*,*,#695,.T.);
#994=ORIENTED_EDGE('',*,*,#696,.T.);
#995=ORIENTED_EDGE('',*,*,#697,.T.);
#996=ORIENTED_EDGE('',*,*,#661,.F.);
#997=ORIENTED_EDGE('',*,*,#697,.F.);
#998=ORIENTED_EDGE('',*,*,#695,.F.);
#999=ORIENTED_EDGE('',*,*,#696,.F.);
#1000=ORIENTED_EDGE('',*,*,#698,.T.);
#1001=ORIENTED_EDGE('',*,*,#699,.T.);
#1002=ORIENTED_EDGE('',*,*,#698,.F.);
#1003=ORIENTED_EDGE('',*,*,#699,.F.);
#1004=ORIENTED_EDGE('',*,*,#700,.T.);
#1005=ORIENTED_EDGE('',*,*,#691,.T.);
#1006=ORIENTED_EDGE('',*,*,#700,.F.);
#1007=PLANE('',#1217);
#1008=PLANE('',#1218);
#1009=PLANE('',#1219);
#1010=PLANE('',#1220);
#1011=PLANE('',#1221);
#1012=PLANE('',#1222);
#1013=PLANE('',#1223);
#1014=PLANE('',#1224);
#1015=PLANE('',#1225);
#1016=PLANE('',#1226);
#1017=PLANE('',#1228);
#1018=PLANE('',#1229);
#1019=PLANE('',#1230);
#1020=PLANE('',#1231);
#1021=PLANE('',#1232);
#1022=PLANE('',#1233);
#1023=PLANE('',#1236);
#1024=PLANE('',#1237);
#1025=PLANE('',#1238);
#1026=PLANE('',#1239);
#1027=PLANE('',#1240);
#1028=PLANE('',#1241);
#1029=PLANE('',#1243);
#1030=PLANE('',#1244);
#1031=PLANE('',#1246);
#1032=PLANE('',#1247);
#1033=PLANE('',#1248);
#1034=PLANE('',#1249);
#1035=PLANE('',#1251);
#1036=PLANE('',#1252);
#1037=PLANE('',#1253);
#1038=PLANE('',#1255);
#1039=PLANE('',#1257);
#1040=PLANE('',#1258);
#1041=PLANE('',#1260);
#1042=PLANE('',#1261);
#1043=PLANE('',#1262);
#1044=PLANE('',#1264);
#1045=PLANE('',#1269);
#1046=PLANE('',#1272);
#1047=PLANE('',#1274);
#1048=PLANE('',#1279);
#1049=PLANE('',#1281);
#1050=PLANE('',#1283);
#1051=PLANE('',#1284);
#1052=PLANE('',#1285);
#1053=PLANE('',#1286);
#1054=PLANE('',#1287);
#1055=PLANE('',#1288);
#1056=PLANE('',#1289);
#1057=PLANE('',#1291);
#1058=PLANE('',#1293);
#1059=PLANE('',#1295);
#1060=PLANE('',#1298);
#1061=STYLED_ITEM('',(#1962),#1125);
#1062=STYLED_ITEM('',(#1962),#1126);
#1063=STYLED_ITEM('',(#1962),#1127);
#1064=STYLED_ITEM('',(#1962),#1128);
#1065=STYLED_ITEM('',(#1962),#1129);
#1066=STYLED_ITEM('',(#1962),#1130);
#1067=STYLED_ITEM('',(#1962),#1131);
#1068=STYLED_ITEM('',(#1962),#1132);
#1069=STYLED_ITEM('',(#1962),#1133);
#1070=STYLED_ITEM('',(#1962),#1134);
#1071=STYLED_ITEM('',(#1962),#1135);
#1072=STYLED_ITEM('',(#1962),#1136);
#1073=STYLED_ITEM('',(#1962),#1137);
#1074=STYLED_ITEM('',(#1962),#1138);
#1075=STYLED_ITEM('',(#1962),#1139);
#1076=STYLED_ITEM('',(#1962),#1140);
#1077=STYLED_ITEM('',(#1962),#1141);
#1078=STYLED_ITEM('',(#1962),#1142);
#1079=STYLED_ITEM('',(#1962),#1143);
#1080=STYLED_ITEM('',(#1962),#1144);
#1081=STYLED_ITEM('',(#1962),#1145);
#1082=STYLED_ITEM('',(#1962),#1146);
#1083=STYLED_ITEM('',(#1962),#1147);
#1084=STYLED_ITEM('',(#1962),#1148);
#1085=STYLED_ITEM('',(#1962),#1149);
#1086=STYLED_ITEM('',(#1962),#1150);
#1087=STYLED_ITEM('',(#1962),#1151);
#1088=STYLED_ITEM('',(#1962),#1152);
#1089=STYLED_ITEM('',(#1962),#1153);
#1090=STYLED_ITEM('',(#1962),#1154);
#1091=STYLED_ITEM('',(#1962),#1155);
#1092=STYLED_ITEM('',(#1962),#1156);
#1093=STYLED_ITEM('',(#1962),#1157);
#1094=STYLED_ITEM('',(#1962),#1158);
#1095=STYLED_ITEM('',(#1962),#1159);
#1096=STYLED_ITEM('',(#1962),#1160);
#1097=STYLED_ITEM('',(#1962),#1161);
#1098=STYLED_ITEM('',(#1962),#1162);
#1099=STYLED_ITEM('',(#1962),#1163);
#1100=STYLED_ITEM('',(#1962),#1164);
#1101=STYLED_ITEM('',(#1962),#1165);
#1102=STYLED_ITEM('',(#1962),#1166);
#1103=STYLED_ITEM('',(#1962),#1167);
#1104=STYLED_ITEM('',(#1962),#1168);
#1105=STYLED_ITEM('',(#1962),#1169);
#1106=STYLED_ITEM('',(#1962),#1170);
#1107=STYLED_ITEM('',(#1962),#1171);
#1108=STYLED_ITEM('',(#1962),#1172);
#1109=STYLED_ITEM('',(#1962),#1173);
#1110=STYLED_ITEM('',(#1962),#1174);
#1111=STYLED_ITEM('',(#1962),#1175);
#1112=STYLED_ITEM('',(#1962),#1176);
#1113=STYLED_ITEM('',(#1962),#1177);
#1114=STYLED_ITEM('',(#1962),#1178);
#1115=STYLED_ITEM('',(#1962),#1179);
#1116=STYLED_ITEM('',(#1962),#1180);
#1117=STYLED_ITEM('',(#1962),#1181);
#1118=STYLED_ITEM('',(#1962),#1182);
#1119=STYLED_ITEM('',(#1962),#1183);
#1120=STYLED_ITEM('',(#1962),#1184);
#1121=STYLED_ITEM('',(#1962),#1185);
#1122=STYLED_ITEM('',(#1962),#1186);
#1123=STYLED_ITEM('',(#1962),#1187);
#1124=STYLED_ITEM('',(#1962),#1188);
#1125=ADVANCED_FACE('',(#57),#1007,.F.);
#1126=ADVANCED_FACE('',(#58),#1008,.T.);
#1127=ADVANCED_FACE('',(#59),#1009,.T.);
#1128=ADVANCED_FACE('',(#60),#1010,.T.);
#1129=ADVANCED_FACE('',(#61),#1011,.F.);
#1130=ADVANCED_FACE('',(#62),#1012,.T.);
#1131=ADVANCED_FACE('',(#63),#1013,.T.);
#1132=ADVANCED_FACE('',(#64),#1014,.T.);
#1133=ADVANCED_FACE('',(#65),#1015,.F.);
#1134=ADVANCED_FACE('',(#66,#25),#1016,.F.);
#1135=ADVANCED_FACE('',(#67),#1017,.F.);
#1136=ADVANCED_FACE('',(#68),#1018,.T.);
#1137=ADVANCED_FACE('',(#69),#1019,.F.);
#1138=ADVANCED_FACE('',(#70),#1020,.T.);
#1139=ADVANCED_FACE('',(#71),#1021,.F.);
#1140=ADVANCED_FACE('',(#72),#1022,.F.);
#1141=ADVANCED_FACE('',(#73),#21,.F.);
#1142=ADVANCED_FACE('',(#74),#1023,.T.);
#1143=ADVANCED_FACE('',(#75),#1024,.T.);
#1144=ADVANCED_FACE('',(#76),#1025,.F.);
#1145=ADVANCED_FACE('',(#77,#26),#1026,.F.);
#1146=ADVANCED_FACE('',(#78),#1027,.F.);
#1147=ADVANCED_FACE('',(#79,#27),#1028,.F.);
#1148=ADVANCED_FACE('',(#80),#1029,.F.);
#1149=ADVANCED_FACE('',(#81,#28),#1030,.F.);
#1150=ADVANCED_FACE('',(#82),#1031,.T.);
#1151=ADVANCED_FACE('',(#83),#1032,.T.);
#1152=ADVANCED_FACE('',(#84),#1033,.T.);
#1153=ADVANCED_FACE('',(#85),#1034,.F.);
#1154=ADVANCED_FACE('',(#86),#22,.F.);
#1155=ADVANCED_FACE('',(#87),#1035,.F.);
#1156=ADVANCED_FACE('',(#88),#1036,.F.);
#1157=ADVANCED_FACE('',(#89),#1037,.F.);
#1158=ADVANCED_FACE('',(#90),#1038,.F.);
#1159=ADVANCED_FACE('',(#91),#1039,.F.);
#1160=ADVANCED_FACE('',(#92,#29),#1040,.F.);
#1161=ADVANCED_FACE('',(#93),#1041,.F.);
#1162=ADVANCED_FACE('',(#94),#1042,.F.);
#1163=ADVANCED_FACE('',(#95),#1043,.F.);
#1164=ADVANCED_FACE('',(#96),#1044,.F.);
#1165=ADVANCED_FACE('',(#97),#13,.T.);
#1166=ADVANCED_FACE('',(#98),#1045,.F.);
#1167=ADVANCED_FACE('',(#99),#1046,.F.);
#1168=ADVANCED_FACE('',(#100),#1047,.F.);
#1169=ADVANCED_FACE('',(#101),#23,.T.);
#1170=ADVANCED_FACE('',(#102),#14,.F.);
#1171=ADVANCED_FACE('',(#103),#1048,.F.);
#1172=ADVANCED_FACE('',(#104),#15,.T.);
#1173=ADVANCED_FACE('',(#105,#30),#1049,.F.);
#1174=ADVANCED_FACE('',(#106),#1050,.F.);
#1175=ADVANCED_FACE('',(#107),#1051,.F.);
#1176=ADVANCED_FACE('',(#108),#1052,.F.);
#1177=ADVANCED_FACE('',(#109),#1053,.F.);
#1178=ADVANCED_FACE('',(#110),#1054,.F.);
#1179=ADVANCED_FACE('',(#111),#1055,.F.);
#1180=ADVANCED_FACE('',(#112),#1056,.F.);
#1181=ADVANCED_FACE('',(#113),#1057,.F.);
#1182=ADVANCED_FACE('',(#114),#1058,.F.);
#1183=ADVANCED_FACE('',(#115),#1059,.F.);
#1184=ADVANCED_FACE('',(#116),#1060,.F.);
#1185=ADVANCED_FACE('',(#117),#16,.F.);
#1186=ADVANCED_FACE('',(#118),#17,.T.);
#1187=ADVANCED_FACE('',(#119),#24,.T.);
#1188=ADVANCED_FACE('',(#120),#18,.T.);
#1189=OPEN_SHELL('',(#1125,#1126,#1127,#1128,#1129,#1130,#1131,#1132,#1133,
#1134,#1135,#1136,#1137,#1138,#1139,#1140,#1141,#1142,#1143,#1144,#1145,
#1146,#1147,#1148,#1149,#1150,#1151,#1152,#1153,#1154));
#1190=OPEN_SHELL('',(#1155,#1156,#1157,#1158,#1159,#1160,#1161,#1162,#1163,
#1164,#1165,#1166,#1167,#1168,#1169,#1170,#1171,#1172));
#1191=OPEN_SHELL('',(#1173,#1174,#1175,#1176,#1177,#1178,#1179,#1180,#1181,
#1182,#1183,#1184,#1185,#1186,#1187,#1188));
#1192=SHELL_BASED_SURFACE_MODEL('Sup1',(#1189));
#1193=SHELL_BASED_SURFACE_MODEL('Sup1',(#1190));
#1194=SHELL_BASED_SURFACE_MODEL('Sup1',(#1191));
#1195=DERIVED_UNIT_ELEMENT(#1198,1.);
#1196=DERIVED_UNIT_ELEMENT(#1947,-3.);
#1197=DIMENSIONAL_EXPONENTS(1.,0.,0.,0.,0.,0.,0.);
#1198=(
CONVERSION_BASED_UNIT('gram',#1200)
MASS_UNIT()
NAMED_UNIT(#1197)
);
#1199=(
MASS_UNIT()
NAMED_UNIT(*)
SI_UNIT(.KILO.,.GRAM.)
);
#1200=MASS_MEASURE_WITH_UNIT(MASS_MEASURE(0.001),#1199);
#1201=DERIVED_UNIT((#1195,#1196));
#1202=MEASURE_REPRESENTATION_ITEM('density measure',
POSITIVE_RATIO_MEASURE(1.),#1201);
#1203=PROPERTY_DEFINITION_REPRESENTATION(#1208,#1205);
#1204=PROPERTY_DEFINITION_REPRESENTATION(#1209,#1206);
#1205=REPRESENTATION('material name',(#1207),#1944);
#1206=REPRESENTATION('density',(#1202),#1944);
#1207=DESCRIPTIVE_REPRESENTATION_ITEM('Gen\X\E9rico','Gen\X\E9rico');
#1208=PROPERTY_DEFINITION('material property','material name',#1954);
#1209=PROPERTY_DEFINITION('material property','density of part',#1954);
#1210=DATE_TIME_ROLE('creation_date');
#1211=APPLIED_DATE_AND_TIME_ASSIGNMENT(#1212,#1210,(#1954));
#1212=DATE_AND_TIME(#1213,#1214);
#1213=CALENDAR_DATE(2018,5,12);
#1214=LOCAL_TIME(16,51,50.,#1215);
#1215=COORDINATED_UNIVERSAL_TIME_OFFSET(0,0,.BEHIND.);
#1216=AXIS2_PLACEMENT_3D('placement',#1623,#1309,#1310);
#1217=AXIS2_PLACEMENT_3D('',#1624,#1311,#1312);
#1218=AXIS2_PLACEMENT_3D('',#1633,#1317,#1318);
#1219=AXIS2_PLACEMENT_3D('',#1642,#1323,#1324);
#1220=AXIS2_PLACEMENT_3D('',#1668,#1338,#1339);
#1221=AXIS2_PLACEMENT_3D('',#1674,#1343,#1344);
#1222=AXIS2_PLACEMENT_3D('',#1680,#1348,#1349);
#1223=AXIS2_PLACEMENT_3D('',#1685,#1353,#1354);
#1224=AXIS2_PLACEMENT_3D('',#1689,#1357,#1358);
#1225=AXIS2_PLACEMENT_3D('',#1698,#1363,#1364);
#1226=AXIS2_PLACEMENT_3D('',#1712,#1373,#1374);
#1227=AXIS2_PLACEMENT_3D('',#1717,#1377,#1378);
#1228=AXIS2_PLACEMENT_3D('',#1718,#1379,#1380);
#1229=AXIS2_PLACEMENT_3D('',#1722,#1383,#1384);
#1230=AXIS2_PLACEMENT_3D('',#1726,#1387,#1388);
#1231=AXIS2_PLACEMENT_3D('',#1728,#1390,#1391);
#1232=AXIS2_PLACEMENT_3D('',#1734,#1395,#1396);
#1233=AXIS2_PLACEMENT_3D('',#1746,#1404,#1405);
#1234=AXIS2_PLACEMENT_3D('',#1747,#1406,#1407);
#1235=AXIS2_PLACEMENT_3D('',#1749,#1408,#1409);
#1236=AXIS2_PLACEMENT_3D('',#1751,#1411,#1412);
#1237=AXIS2_PLACEMENT_3D('',#1753,#1414,#1415);
#1238=AXIS2_PLACEMENT_3D('',#1754,#1416,#1417);
#1239=AXIS2_PLACEMENT_3D('',#1756,#1419,#1420);
#1240=AXIS2_PLACEMENT_3D('',#1758,#1422,#1423);
#1241=AXIS2_PLACEMENT_3D('',#1761,#1426,#1427);
#1242=AXIS2_PLACEMENT_3D('',#1763,#1428,#1429);
#1243=AXIS2_PLACEMENT_3D('',#1764,#1430,#1431);
#1244=AXIS2_PLACEMENT_3D('',#1767,#1434,#1435);
#1245=AXIS2_PLACEMENT_3D('',#1770,#1437,#1438);
#1246=AXIS2_PLACEMENT_3D('',#1771,#1439,#1440);
#1247=AXIS2_PLACEMENT_3D('',#1772,#1441,#1442);
#1248=AXIS2_PLACEMENT_3D('',#1774,#1444,#1445);
#1249=AXIS2_PLACEMENT_3D('',#1775,#1446,#1447);
#1250=AXIS2_PLACEMENT_3D('',#1776,#1448,#1449);
#1251=AXIS2_PLACEMENT_3D('',#1778,#1451,#1452);
#1252=AXIS2_PLACEMENT_3D('',#1789,#1458,#1459);
#1253=AXIS2_PLACEMENT_3D('',#1800,#1465,#1466);
#1254=AXIS2_PLACEMENT_3D('',#1802,#1467,#1468);
#1255=AXIS2_PLACEMENT_3D('',#1804,#1470,#1471);
#1256=AXIS2_PLACEMENT_3D('',#1806,#1472,#1473);
#1257=AXIS2_PLACEMENT_3D('',#1808,#1475,#1476);
#1258=AXIS2_PLACEMENT_3D('',#1816,#1481,#1482);
#1259=AXIS2_PLACEMENT_3D('',#1818,#1483,#1484);
#1260=AXIS2_PLACEMENT_3D('',#1823,#1488,#1489);
#1261=AXIS2_PLACEMENT_3D('',#1829,#1493,#1494);
#1262=AXIS2_PLACEMENT_3D('',#1831,#1496,#1497);
#1263=AXIS2_PLACEMENT_3D('',#1832,#1498,#1499);
#1264=AXIS2_PLACEMENT_3D('',#1833,#1500,#1501);
#1265=AXIS2_PLACEMENT_3D('',#1834,#1502,#1503);
#1266=AXIS2_PLACEMENT_3D('',#1836,#1505,#1506);
#1267=AXIS2_PLACEMENT_3D('',#1839,#1507,#1508);
#1268=AXIS2_PLACEMENT_3D('',#1840,#1509,#1510);
#1269=AXIS2_PLACEMENT_3D('',#1842,#1512,#1513);
#1270=AXIS2_PLACEMENT_3D('',#1844,#1514,#1515);
#1271=AXIS2_PLACEMENT_3D('',#1845,#1516,#1517);
#1272=AXIS2_PLACEMENT_3D('',#1846,#1518,#1519);
#1273=AXIS2_PLACEMENT_3D('',#1848,#1520,#1521);
#1274=AXIS2_PLACEMENT_3D('',#1849,#1522,#1523);
#1275=AXIS2_PLACEMENT_3D('',#1850,#1524,#1525);
#1276=AXIS2_PLACEMENT_3D('',#1853,#1527,#1528);
#1277=AXIS2_PLACEMENT_3D('',#1854,#1529,#1530);
#1278=AXIS2_PLACEMENT_3D('',#1857,#1532,#1533);
#1279=AXIS2_PLACEMENT_3D('',#1858,#1534,#1535);
#1280=AXIS2_PLACEMENT_3D('',#1859,#1536,#1537);
#1281=AXIS2_PLACEMENT_3D('',#1861,#1539,#1540);
#1282=AXIS2_PLACEMENT_3D('',#1863,#1541,#1542);
#1283=AXIS2_PLACEMENT_3D('',#1876,#1549,#1550);
#1284=AXIS2_PLACEMENT_3D('',#1884,#1555,#1556);
#1285=AXIS2_PLACEMENT_3D('',#1890,#1560,#1561);
#1286=AXIS2_PLACEMENT_3D('',#1896,#1565,#1566);
#1287=AXIS2_PLACEMENT_3D('',#1902,#1570,#1571);
#1288=AXIS2_PLACEMENT_3D('',#1908,#1575,#1576);
#1289=AXIS2_PLACEMENT_3D('',#1912,#1579,#1580);
#1290=AXIS2_PLACEMENT_3D('',#1913,#1581,#1582);
#1291=AXIS2_PLACEMENT_3D('',#1914,#1583,#1584);
#1292=AXIS2_PLACEMENT_3D('',#1915,#1585,#1586);
#1293=AXIS2_PLACEMENT_3D('',#1916,#1587,#1588);
#1294=AXIS2_PLACEMENT_3D('',#1917,#1589,#1590);
#1295=AXIS2_PLACEMENT_3D('',#1918,#1591,#1592);
#1296=AXIS2_PLACEMENT_3D('',#1920,#1593,#1594);
#1297=AXIS2_PLACEMENT_3D('',#1921,#1595,#1596);
#1298=AXIS2_PLACEMENT_3D('',#1922,#1597,#1598);
#1299=AXIS2_PLACEMENT_3D('',#1924,#1599,#1600);
#1300=AXIS2_PLACEMENT_3D('',#1925,#1601,#1602);
#1301=AXIS2_PLACEMENT_3D('',#1928,#1604,#1605);
#1302=AXIS2_PLACEMENT_3D('',#1929,#1606,#1607);
#1303=AXIS2_PLACEMENT_3D('',#1930,#1608,#1609);
#1304=AXIS2_PLACEMENT_3D('',#1933,#1610,#1611);
#1305=AXIS2_PLACEMENT_3D('',#1934,#1612,#1613);
#1306=AXIS2_PLACEMENT_3D('',#1936,#1615,#1616);
#1307=AXIS2_PLACEMENT_3D('',#1939,#1618,#1619);
#1308=AXIS2_PLACEMENT_3D('',#1940,#1620,#1621);
#1309=DIRECTION('axis',(0.,0.,1.));
#1310=DIRECTION('refdir',(1.,0.,0.));
#1311=DIRECTION('center_axis',(-1.23908819712629E-16,1.,0.));
#1312=DIRECTION('ref_axis',(0.,0.,1.));
#1313=DIRECTION('',(1.,1.58603289232165E-16,0.));
#1314=DIRECTION('',(-0.707106781186546,0.,0.707106781186549));
#1315=DIRECTION('',(1.,1.80036166155431E-16,0.));
#1316=DIRECTION('',(0.,0.,-1.));
#1317=DIRECTION('center_axis',(-1.65211759616839E-16,1.,0.));
#1318=DIRECTION('ref_axis',(0.,0.,1.));
#1319=DIRECTION('',(-1.,-1.58603289232165E-16,0.));
#1320=DIRECTION('',(-0.707106781186548,0.,-0.707106781186547));
#1321=DIRECTION('',(-1.,-1.50030138462859E-16,0.));
#1322=DIRECTION('',(0.,0.,1.));
#1323=DIRECTION('center_axis',(0.,0.,1.));
#1324=DIRECTION('ref_axis',(1.,0.,0.));
#1325=DIRECTION('',(1.,0.,0.));
#1326=DIRECTION('',(0.707106781186548,0.707106781186547,0.));
#1327=DIRECTION('',(0.,-1.,0.));
#1328=DIRECTION('',(-1.,-1.58603289232165E-16,0.));
#1329=DIRECTION('',(-0.707106781186547,0.707106781186548,0.));
#1330=DIRECTION('',(-1.,3.80213364597656E-17,0.));
#1331=DIRECTION('',(0.,1.,0.));
#1332=DIRECTION('',(-1.,0.,0.));
#1333=DIRECTION('',(0.,1.,0.));
#1334=DIRECTION('',(1.,0.,0.));
#1335=DIRECTION('',(0.,-1.,0.));
#1336=DIRECTION('',(-1.,0.,0.));
#1337=DIRECTION('',(0.,-1.,0.));
#1338=DIRECTION('center_axis',(-1.,0.,0.));
#1339=DIRECTION('ref_axis',(0.,0.,1.));
#1340=DIRECTION('',(0.,-1.,0.));
#1341=DIRECTION('',(0.,-1.,0.));
#1342=DIRECTION('',(0.,0.,1.));
#1343=DIRECTION('center_axis',(1.,1.06642836637918E-16,0.));
#1344=DIRECTION('ref_axis',(0.,0.,-1.));
#1345=DIRECTION('',(0.,0.,-1.));
#1346=DIRECTION('',(0.,-1.,0.));
#1347=DIRECTION('',(0.,0.,-1.));
#1348=DIRECTION('center_axis',(0.70710678118655,0.,0.707106781186546));
#1349=DIRECTION('ref_axis',(0.707106781186546,0.,-0.70710678118655));
#1350=DIRECTION('',(0.,-1.,0.));
#1351=DIRECTION('',(0.707106781186546,0.,-0.707106781186549));
#1352=DIRECTION('',(0.,1.,0.));
#1353=DIRECTION('center_axis',(0.,0.,-1.));
#1354=DIRECTION('ref_axis',(-1.,0.,0.));
#1355=DIRECTION('',(0.,-1.,0.));
#1356=DIRECTION('',(1.,1.80036166155431E-16,0.));
#1357=DIRECTION('center_axis',(1.,7.1095224425279E-17,0.));
#1358=DIRECTION('ref_axis',(0.,0.,-1.));
#1359=DIRECTION('',(0.,1.,0.));
#1360=DIRECTION('',(0.,0.,1.));
#1361=DIRECTION('',(0.,1.,0.));
#1362=DIRECTION('',(0.,0.,1.));
#1363=DIRECTION('center_axis',(0.,-1.,0.));
#1364=DIRECTION('ref_axis',(0.,0.,-1.));
#1365=DIRECTION('',(-1.,0.,0.));
#1366=DIRECTION('',(-1.,0.,0.));
#1367=DIRECTION('',(0.,0.,1.));
#1368=DIRECTION('',(-1.,0.,0.));
#1369=DIRECTION('',(0.,0.,-1.));
#1370=DIRECTION('',(-1.,0.,0.));
#1371=DIRECTION('',(0.,0.,-1.));
#1372=DIRECTION('',(0.,0.,-1.));
#1373=DIRECTION('center_axis',(-1.,-5.9818050895752E-17,0.));
#1374=DIRECTION('ref_axis',(0.,0.,1.));
#1375=DIRECTION('',(0.,1.,0.));
#1376=DIRECTION('',(0.,0.,-1.));
#1377=DIRECTION('center_axis',(1.,0.,0.));
#1378=DIRECTION('ref_axis',(0.,0.,-1.));
#1379=DIRECTION('center_axis',(1.65211759616839E-16,-1.,0.));
#1380=DIRECTION('ref_axis',(0.,0.,-1.));
#1381=DIRECTION('',(-1.,-1.50030138462859E-16,0.));
#1382=DIRECTION('',(0.,0.,-1.));
#1383=DIRECTION('center_axis',(0.,0.,1.));
#1384=DIRECTION('ref_axis',(1.,0.,0.));
#1385=DIRECTION('',(1.,0.,0.));
#1386=DIRECTION('',(0.,1.,0.));
#1387=DIRECTION('center_axis',(-1.,-7.1095224425279E-17,0.));
#1388=DIRECTION('ref_axis',(0.,0.,1.));
#1389=DIRECTION('',(0.,0.,-1.));
#1390=DIRECTION('center_axis',(0.,-1.,0.));
#1391=DIRECTION('ref_axis',(0.,0.,-1.));
#1392=DIRECTION('',(1.,0.,0.));
#1393=DIRECTION('',(0.,0.,1.));
#1394=DIRECTION('',(1.,0.,0.));
#1395=DIRECTION('center_axis',(0.,0.,1.));
#1396=DIRECTION('ref_axis',(1.,0.,0.));
#1397=DIRECTION('',(1.,1.58603289232165E-16,0.));
#1398=DIRECTION('',(-0.707106781186548,-0.707106781186547,0.));
#1399=DIRECTION('',(1.,0.,0.));
#1400=DIRECTION('',(0.,-1.,0.));
#1401=DIRECTION('',(0.,-1.,0.));
#1402=DIRECTION('',(-1.,3.80213364597656E-17,0.));
#1403=DIRECTION('',(0.707106781186547,-0.707106781186548,0.));
#1404=DIRECTION('center_axis',(0.,1.,0.));
#1405=DIRECTION('ref_axis',(0.,0.,1.));
#1406=DIRECTION('center_axis',(1.,0.,0.));
#1407=DIRECTION('ref_axis',(0.,0.,-1.));
#1408=DIRECTION('center_axis',(1.,0.,0.));
#1409=DIRECTION('ref_axis',(0.,0.,-1.));
#1410=DIRECTION('',(1.,0.,0.));
#1411=DIRECTION('center_axis',(0.,0.,-1.));
#1412=DIRECTION('ref_axis',(-1.,0.,0.));
#1413=DIRECTION('',(0.,-1.,0.));
#1414=DIRECTION('center_axis',(-1.,-1.06642836637918E-16,0.));
#1415=DIRECTION('ref_axis',(0.,0.,1.));
#1416=DIRECTION('center_axis',(1.,0.,0.));
#1417=DIRECTION('ref_axis',(0.,0.,-1.));
#1418=DIRECTION('',(0.,-1.,0.));
#1419=DIRECTION('center_axis',(1.,0.,0.));
#1420=DIRECTION('ref_axis',(0.,0.,-1.));
#1421=DIRECTION('',(0.,0.,-1.));
#1422=DIRECTION('center_axis',(-0.707106781186547,0.707106781186548,0.));
#1423=DIRECTION('ref_axis',(0.,0.,1.));
#1424=DIRECTION('',(0.,0.,1.));
#1425=DIRECTION('',(0.,0.,-1.));
#1426=DIRECTION('center_axis',(0.,1.,0.));
#1427=DIRECTION('ref_axis',(0.,0.,1.));
#1428=DIRECTION('center_axis',(4.93041476410445E-32,1.,-7.11236625150493E-16));
#1429=DIRECTION('ref_axis',(1.,2.03559931437667E-30,-3.4049057466517E-14));
#1430=DIRECTION('center_axis',(-1.,0.,0.));
#1431=DIRECTION('ref_axis',(0.,0.,1.));
#1432=DIRECTION('',(0.,1.,0.));
#1433=DIRECTION('',(0.,0.,1.));
#1434=DIRECTION('center_axis',(-3.72258256647384E-17,-1.,0.));
#1435=DIRECTION('ref_axis',(0.,0.,-1.));
#1436=DIRECTION('',(0.,0.,-1.));
#1437=DIRECTION('center_axis',(0.,-1.,0.));
#1438=DIRECTION('ref_axis',(1.,-3.92452416379636E-30,-6.40923434663572E-14));
#1439=DIRECTION('center_axis',(0.,0.,1.));
#1440=DIRECTION('ref_axis',(1.,0.,0.));
#1441=DIRECTION('center_axis',(1.23908819712629E-16,-1.,0.));
#1442=DIRECTION('ref_axis',(0.,0.,-1.));
#1443=DIRECTION('',(0.707106781186549,0.,0.707106781186546));
#1444=DIRECTION('center_axis',(0.707106781186546,0.,-0.707106781186549));
#1445=DIRECTION('ref_axis',(-0.707106781186549,0.,-0.707106781186546));
#1446=DIRECTION('center_axis',(-0.707106781186548,-0.707106781186547,0.));
#1447=DIRECTION('ref_axis',(0.,0.,1.));
#1448=DIRECTION('center_axis',(-0.0871557427476515,0.996194698091746,0.));
#1449=DIRECTION('ref_axis',(-0.996194698091746,-0.0871557427476515,0.));
#1450=DIRECTION('',(-0.0871557427476515,0.996194698091746,0.));
#1451=DIRECTION('center_axis',(-6.46176015833221E-18,0.364412124021449,
-0.93123778051912));
#1452=DIRECTION('ref_axis',(-1.,0.,6.93889390390722E-18));
#1453=DIRECTION('',(0.,0.931237780519119,0.364412124021449));
#1454=DIRECTION('',(1.,0.,0.));
#1455=DIRECTION('',(0.,0.93123778051912,0.364412124021449));
#1456=DIRECTION('',(0.,0.93123778051912,0.364412124021449));
#1457=DIRECTION('',(1.,0.,0.));
#1458=DIRECTION('center_axis',(6.46176015833221E-18,-0.364412124021449,
0.93123778051912));
#1459=DIRECTION('ref_axis',(1.,0.,-6.93889390390722E-18));
#1460=DIRECTION('',(0.,-0.931237780519119,-0.364412124021449));
#1461=DIRECTION('',(1.,0.,0.));
#1462=DIRECTION('',(0.,-0.93123778051912,-0.364412124021449));
#1463=DIRECTION('',(0.,-0.931237780519119,-0.36441212402145));
#1464=DIRECTION('',(1.,0.,0.));
#1465=DIRECTION('center_axis',(-1.,3.85185988877447E-34,6.93889390390723E-18));
#1466=DIRECTION('ref_axis',(6.93889390390722E-18,0.,1.));
#1467=DIRECTION('center_axis',(1.,0.,-6.93889390390723E-18));
#1468=DIRECTION('ref_axis',(0.,-0.93123778051912,-0.364412124021449));
#1469=DIRECTION('',(0.,0.150028733409939,0.98868163690412));
#1470=DIRECTION('center_axis',(-1.,3.85185988877447E-34,6.93889390390723E-18));
#1471=DIRECTION('ref_axis',(6.93889390390722E-18,0.,1.));
#1472=DIRECTION('center_axis',(1.,0.,-6.93889390390723E-18));
#1473=DIRECTION('ref_axis',(0.,-0.93123778051912,-0.364412124021449));
#1474=DIRECTION('',(0.,0.78120904710918,-0.62426951288267));
#1475=DIRECTION('center_axis',(5.42072669466306E-18,0.624269512882671,0.78120904710918));
#1476=DIRECTION('ref_axis',(1.,0.,-6.93889390390722E-18));
#1477=DIRECTION('',(0.,-0.78120904710918,0.624269512882671));
#1478=DIRECTION('',(0.,-0.78120904710918,0.62426951288267));
#1479=DIRECTION('',(0.,-0.78120904710918,0.624269512882671));
#1480=DIRECTION('',(1.,0.,0.));
#1481=DIRECTION('center_axis',(-1.,3.85185988877447E-34,6.93889390390723E-18));
#1482=DIRECTION('ref_axis',(6.93889390390722E-18,0.,1.));
#1483=DIRECTION('center_axis',(1.,0.,-6.93889390390723E-18));
#1484=DIRECTION('ref_axis',(0.,-0.93123778051912,-0.364412124021449));
#1485=DIRECTION('',(0.,0.78120904710918,-0.62426951288267));
#1486=DIRECTION('',(0.,-0.150028733409939,-0.98868163690412));
#1487=DIRECTION('',(0.,0.150028733409939,0.98868163690412));
#1488=DIRECTION('center_axis',(1.04103346366915E-18,-0.98868163690412,0.150028733409939));
#1489=DIRECTION('ref_axis',(0.,-0.150028733409939,-0.98868163690412));
#1490=DIRECTION('',(1.,0.,0.));
#1491=DIRECTION('',(0.,-0.150028733409939,-0.98868163690412));
#1492=DIRECTION('',(0.,-0.150028733409939,-0.98868163690412));
#1493=DIRECTION('center_axis',(-1.04103346366915E-18,0.98868163690412,-0.150028733409939));
#1494=DIRECTION('ref_axis',(0.,0.150028733409939,0.98868163690412));
#1495=DIRECTION('',(0.,0.150028733409939,0.98868163690412));
#1496=DIRECTION('center_axis',(-1.,3.85185988877447E-34,6.93889390390723E-18));
#1497=DIRECTION('ref_axis',(6.93889390390722E-18,0.,1.));
#1498=DIRECTION('center_axis',(1.,0.,-6.93889390390723E-18));
#1499=DIRECTION('ref_axis',(0.,-0.93123778051912,-0.364412124021449));
#1500=DIRECTION('center_axis',(-1.,3.85185988877447E-34,6.93889390390723E-18));
#1501=DIRECTION('ref_axis',(6.93889390390722E-18,0.,1.));
#1502=DIRECTION('center_axis',(1.,0.,-6.93889390390723E-18));
#1503=DIRECTION('ref_axis',(0.,-0.93123778051912,-0.364412124021449));
#1504=DIRECTION('',(0.,0.78120904710918,-0.62426951288267));
#1505=DIRECTION('center_axis',(-1.,0.,6.93889390390723E-18));
#1506=DIRECTION('ref_axis',(0.,0.93123778051912,0.364412124021449));
#1507=DIRECTION('center_axis',(1.,0.,-6.93889390390723E-18));
#1508=DIRECTION('ref_axis',(0.,-0.931237780519119,-0.364412124021449));
#1509=DIRECTION('center_axis',(1.,0.,-6.93889390390723E-18));
#1510=DIRECTION('ref_axis',(0.,-0.931237780519119,-0.364412124021449));
#1511=DIRECTION('',(0.707106781186551,0.658484549502176,0.257678284042159));
#1512=DIRECTION('center_axis',(-1.,3.85185988877447E-34,6.93889390390723E-18));
#1513=DIRECTION('ref_axis',(6.93889390390722E-18,0.,1.));
#1514=DIRECTION('center_axis',(1.,0.,-6.93889390390723E-18));
#1515=DIRECTION('ref_axis',(0.,-0.93123778051912,-0.364412124021449));
#1516=DIRECTION('center_axis',(1.,0.,-6.93889390390723E-18));
#1517=DIRECTION('ref_axis',(0.,-0.93123778051912,-0.364412124021449));
#1518=DIRECTION('center_axis',(1.,-3.85185988877447E-34,-6.93889390390723E-18));
#1519=DIRECTION('ref_axis',(-6.93889390390722E-18,0.,-1.));
#1520=DIRECTION('center_axis',(1.,0.,-6.93889390390723E-18));
#1521=DIRECTION('ref_axis',(0.,-0.93123778051912,-0.364412124021449));
#1522=DIRECTION('center_axis',(-5.42072669466306E-18,-0.62426951288267,
-0.78120904710918));
#1523=DIRECTION('ref_axis',(-1.,0.,6.93889390390722E-18));
#1524=DIRECTION('center_axis',(1.,0.,-6.93889390390723E-18));
#1525=DIRECTION('ref_axis',(0.,-0.93123778051912,-0.364412124021449));
#1526=DIRECTION('',(-1.,0.,6.93889390390723E-18));
#1527=DIRECTION('center_axis',(1.,0.,-6.93889390390723E-18));
#1528=DIRECTION('ref_axis',(0.,-0.93123778051912,-0.364412124021449));
#1529=DIRECTION('center_axis',(1.,0.,-6.93889390390723E-18));
#1530=DIRECTION('ref_axis',(0.,-0.93123778051912,-0.364412124021449));
#1531=DIRECTION('',(0.499999999999998,0.806475574893396,0.315590156849621));
#1532=DIRECTION('center_axis',(1.,0.,-6.93889390390723E-18));
#1533=DIRECTION('ref_axis',(0.,-0.93123778051912,-0.364412124021449));
#1534=DIRECTION('center_axis',(-1.,3.85185988877447E-34,6.93889390390723E-18));
#1535=DIRECTION('ref_axis',(6.93889390390722E-18,0.,1.));
#1536=DIRECTION('center_axis',(1.,0.,-6.93889390390723E-18));
#1537=DIRECTION('ref_axis',(0.,-0.93123778051912,-0.364412124021449));
#1538=DIRECTION('',(-0.707106781186551,-0.658484549502175,-0.257678284042159));
#1539=DIRECTION('center_axis',(-0.0871557427476516,0.996194698091746,-1.38777878078145E-17));
#1540=DIRECTION('ref_axis',(0.,1.39307987027013E-17,1.));
#1541=DIRECTION('center_axis',(0.0871557427476515,-0.996194698091746,-6.93889390390723E-18));
#1542=DIRECTION('ref_axis',(0.856796842655775,0.0749600106771796,0.510176603946489));
#1543=DIRECTION('',(-0.868543039823787,-0.0759876697689201,0.489753879021643));
#1544=DIRECTION('',(-0.0117461971680122,-0.00102765909174099,0.999930482968132));
#1545=DIRECTION('',(0.856796842655775,0.0749600106771791,0.510176603946489));
#1546=DIRECTION('',(0.868543039823786,0.0759876697689208,-0.489753879021643));
#1547=DIRECTION('',(0.0117461971680117,0.00102765909174099,-0.999930482968132));
#1548=DIRECTION('',(-0.856796842655775,-0.0749600106771791,-0.510176603946489));
#1549=DIRECTION('center_axis',(0.487890217651227,0.0426848630896748,0.871860733135318));
#1550=DIRECTION('ref_axis',(0.872656084200432,0.,-0.488335293326183));
#1551=DIRECTION('',(0.0871557427476516,-0.996194698091746,0.));
#1552=DIRECTION('',(-0.868543039823786,-0.0759876697689214,0.489753879021643));
#1553=DIRECTION('',(-0.868543039823787,-0.0759876697689202,0.489753879021643));
#1554=DIRECTION('',(0.0871557427476514,-0.996194698091746,0.));
#1555=DIRECTION('center_axis',(-0.508235227941945,-0.0444648208494307,0.860069667402372));
#1556=DIRECTION('ref_axis',(0.8609211608358,0.,0.508738395273188));
#1557=DIRECTION('',(0.0871557427476516,-0.996194698091746,0.));
#1558=DIRECTION('',(-0.856796842655775,-0.0749600106771792,-0.510176603946489));
#1559=DIRECTION('',(-0.856796842655775,-0.0749600106771791,-0.510176603946489));
#1560=DIRECTION('center_axis',(-0.996125445593172,-0.0871496839391055,-0.0117910657329456));
#1561=DIRECTION('ref_axis',(-0.0118360993907183,0.,0.99992995092217));
#1562=DIRECTION('',(0.0871557427476516,-0.996194698091746,0.));
#1563=DIRECTION('',(0.0117461971680119,0.00102765909174099,-0.999930482968132));
#1564=DIRECTION('',(0.0117461971680116,0.00102765909174099,-0.999930482968132));
#1565=DIRECTION('center_axis',(-0.487890217651227,-0.0426848630896748,-0.871860733135318));
#1566=DIRECTION('ref_axis',(-0.872656084200432,0.,0.488335293326183));
#1567=DIRECTION('',(0.0871557427476516,-0.996194698091746,0.));
#1568=DIRECTION('',(0.868543039823786,0.0759876697689202,-0.489753879021643));
#1569=DIRECTION('',(0.868543039823787,0.0759876697689202,-0.489753879021643));
#1570=DIRECTION('center_axis',(0.508235227941945,0.0444648208494307,-0.860069667402372));
#1571=DIRECTION('ref_axis',(-0.8609211608358,0.,-0.508738395273188));
#1572=DIRECTION('',(0.0871557427476513,-0.996194698091746,0.));
#1573=DIRECTION('',(0.856796842655774,0.0749600106771791,0.510176603946489));
#1574=DIRECTION('',(0.856796842655774,0.0749600106771804,0.510176603946489));
#1575=DIRECTION('center_axis',(0.996125445593172,0.0871496839391055,0.0117910657329458));
#1576=DIRECTION('ref_axis',(0.0118360993907186,0.,-0.99992995092217));
#1577=DIRECTION('',(-0.0117461971680128,-0.00102765909174099,0.999930482968132));
#1578=DIRECTION('',(-0.0117461971680116,-0.00102765909174099,0.999930482968132));
#1579=DIRECTION('center_axis',(-0.0871557427476516,0.996194698091746,-1.38777878078145E-17));
#1580=DIRECTION('ref_axis',(0.,1.39307987027013E-17,1.));
#1581=DIRECTION('center_axis',(0.0871557427476515,-0.996194698091746,-6.93889390390723E-18));
#1582=DIRECTION('ref_axis',(0.856796842655775,0.0749600106771797,0.510176603946489));
#1583=DIRECTION('center_axis',(-0.0871557427476516,0.996194698091746,-1.38777878078145E-17));
#1584=DIRECTION('ref_axis',(0.,1.39307987027013E-17,1.));
#1585=DIRECTION('center_axis',(0.0871557427476515,-0.996194698091746,-6.93889390390723E-18));
#1586=DIRECTION('ref_axis',(0.856796842655775,0.0749600106771797,0.510176603946489));
#1587=DIRECTION('center_axis',(-0.0871557427476516,0.996194698091746,-1.38777878078145E-17));
#1588=DIRECTION('ref_axis',(0.,1.39307987027013E-17,1.));
#1589=DIRECTION('center_axis',(0.0871557427476515,-0.996194698091746,-6.93889390390723E-18));
#1590=DIRECTION('ref_axis',(0.856796842655775,0.0749600106771797,0.510176603946489));
#1591=DIRECTION('center_axis',(-0.0871557427476516,0.996194698091746,-1.38777878078145E-17));
#1592=DIRECTION('ref_axis',(0.,1.39307987027013E-17,1.));
#1593=DIRECTION('center_axis',(0.0871557427476515,-0.996194698091746,-6.93889390390723E-18));
#1594=DIRECTION('ref_axis',(0.856796842655775,0.0749600106771797,0.510176603946489));
#1595=DIRECTION('center_axis',(0.0871557427476515,-0.996194698091746,-6.93889390390723E-18));
#1596=DIRECTION('ref_axis',(0.856796842655775,0.0749600106771797,0.510176603946489));
#1597=DIRECTION('center_axis',(0.0871557427476516,-0.996194698091746,1.38777878078145E-17));
#1598=DIRECTION('ref_axis',(0.,-1.39307987027013E-17,-1.));
#1599=DIRECTION('center_axis',(0.0871557427476515,-0.996194698091746,-6.93889390390723E-18));
#1600=DIRECTION('ref_axis',(0.856796842655774,0.0749600106771794,0.510176603946489));
#1601=DIRECTION('center_axis',(0.0871557427476515,-0.996194698091746,-6.93889390390723E-18));
#1602=DIRECTION('ref_axis',(0.856796842655775,0.0749600106771793,0.510176603946489));
#1603=DIRECTION('',(-0.698429960248375,-0.563014622560261,-0.441825899434133));
#1604=DIRECTION('center_axis',(0.0871557427476515,-0.996194698091746,-6.93889390390723E-18));
#1605=DIRECTION('ref_axis',(0.856796842655775,0.0749600106771797,0.510176603946489));
#1606=DIRECTION('center_axis',(0.0871557427476515,-0.996194698091746,-6.93889390390723E-18));
#1607=DIRECTION('ref_axis',(0.856796842655775,0.0749600106771797,0.510176603946489));
#1608=DIRECTION('center_axis',(-0.0871557427476515,0.996194698091746,6.93889390390723E-18));
#1609=DIRECTION('ref_axis',(-0.856796842655774,-0.0749600106771791,-0.510176603946489));
#1610=DIRECTION('center_axis',(0.0871557427476515,-0.996194698091746,-6.93889390390723E-18));
#1611=DIRECTION('ref_axis',(0.856796842655775,0.0749600106771791,0.510176603946489));
#1612=DIRECTION('center_axis',(0.0871557427476515,-0.996194698091746,-6.93889390390723E-18));
#1613=DIRECTION('ref_axis',(0.856796842655775,0.0749600106771791,0.510176603946489));
#1614=DIRECTION('',(-0.544218440824904,-0.757420758270412,-0.360749336253284));
#1615=DIRECTION('center_axis',(0.0871557427476515,-0.996194698091746,-6.93889390390723E-18));
#1616=DIRECTION('ref_axis',(0.856796842655774,0.0749600106771791,0.510176603946489));
#1617=DIRECTION('',(-0.0871557427476515,0.996194698091746,6.93889390390723E-18));
#1618=DIRECTION('center_axis',(0.0871557427476515,-0.996194698091746,-6.93889390390723E-18));
#1619=DIRECTION('ref_axis',(0.856796842655774,0.0749600106771794,0.510176603946489));
#1620=DIRECTION('center_axis',(0.0871557427476515,-0.996194698091746,-6.93889390390723E-18));
#1621=DIRECTION('ref_axis',(0.856796842655774,0.0749600106771794,0.510176603946489));
#1622=DIRECTION('',(0.544218440824903,0.757420758270412,0.360749336253284));
#1623=CARTESIAN_POINT('',(0.,0.,0.));
#1624=CARTESIAN_POINT('Origin',(0.01278797695122,-0.00728413897521013,0.00636563632126035));
#1625=CARTESIAN_POINT('',(-0.00821202304878002,-0.00728413897521013,0.00386563632126035));
#1626=CARTESIAN_POINT('',(0.01278797695122,-0.00728413897521013,0.00386563632126035));
#1627=CARTESIAN_POINT('',(-0.00821202304878002,-0.00728413897521013,0.00386563632126035));
#1628=CARTESIAN_POINT('',(0.01028797695122,-0.00728413897521013,0.00636563632126035));
#1629=CARTESIAN_POINT('',(0.01278797695122,-0.00728413897521013,0.00386563632126035));
#1630=CARTESIAN_POINT('',(-0.00821202304878002,-0.00728413897521013,0.00636563632126035));
#1631=CARTESIAN_POINT('',(-0.00821202304878002,-0.00728413897521013,0.00636563632126035));
#1632=CARTESIAN_POINT('',(-0.00821202304878002,-0.00728413897521013,0.00636563632126035));
#1633=CARTESIAN_POINT('Origin',(0.01278797695122,-0.00338413897521013,-0.00663436367873965));
#1634=CARTESIAN_POINT('',(0.01278797695122,-0.00338413897521013,-0.00413436367873965));
#1635=CARTESIAN_POINT('',(-0.00821202304878002,-0.00338413897521013,-0.00413436367873965));
#1636=CARTESIAN_POINT('',(0.01278797695122,-0.00338413897521013,-0.00413436367873965));
#1637=CARTESIAN_POINT('',(0.01028797695122,-0.00338413897521013,-0.00663436367873965));
#1638=CARTESIAN_POINT('',(0.01278797695122,-0.00338413897521013,-0.00413436367873965));
#1639=CARTESIAN_POINT('',(-0.00821202304878002,-0.00338413897521013,-0.00663436367873965));
#1640=CARTESIAN_POINT('',(0.01028797695122,-0.00338413897521013,-0.00663436367873965));
#1641=CARTESIAN_POINT('',(-0.00821202304878002,-0.00338413897521013,-0.00663436367873965));
#1642=CARTESIAN_POINT('Origin',(0.01278797695122,-0.00868413897521013,0.00386563632126035));
#1643=CARTESIAN_POINT('',(-0.01721202304878,-0.00868413897521013,0.00386563632126035));
#1644=CARTESIAN_POINT('',(0.01138797695122,-0.00868413897521013,0.00386563632126035));
#1645=CARTESIAN_POINT('',(-0.01721202304878,-0.00868413897521013,0.00386563632126035));
#1646=CARTESIAN_POINT('',(0.01138797695122,-0.00868413897521014,0.00386563632126035));
#1647=CARTESIAN_POINT('',(-0.00821202304878002,-0.00338413897521013,0.00386563632126035));
#1648=CARTESIAN_POINT('',(-0.00821202304878002,-0.00338413897521013,0.00386563632126035));
#1649=CARTESIAN_POINT('',(0.01278797695122,-0.00338413897521013,0.00386563632126035));
#1650=CARTESIAN_POINT('',(0.01278797695122,-0.00338413897521013,0.00386563632126035));
#1651=CARTESIAN_POINT('',(0.01138797695122,-0.00198413897521013,0.00386563632126035));
#1652=CARTESIAN_POINT('',(0.01278797695122,-0.00338413897521013,0.00386563632126035));
#1653=CARTESIAN_POINT('',(-0.01051202304878,-0.00198413897521013,0.00386563632126035));
#1654=CARTESIAN_POINT('',(0.01138797695122,-0.00198413897521013,0.00386563632126035));
#1655=CARTESIAN_POINT('',(-0.01051202304878,0.0125158610247899,0.00386563632126035));
#1656=CARTESIAN_POINT('',(-0.01051202304878,-0.00198413897521013,0.00386563632126035));
#1657=CARTESIAN_POINT('',(-0.01191202304878,0.0125158610247899,0.00386563632126035));
#1658=CARTESIAN_POINT('',(-0.01051202304878,0.0125158610247899,0.00386563632126035));
#1659=CARTESIAN_POINT('',(-0.01191202304878,0.000315861024789872,0.00386563632126035));
#1660=CARTESIAN_POINT('',(-0.01191202304878,0.000315861024789872,0.00386563632126035));
#1661=CARTESIAN_POINT('',(-0.01581202304878,0.000315861024789872,0.00386563632126035));
#1662=CARTESIAN_POINT('',(-0.01581202304878,0.000315861024789872,0.00386563632126035));
#1663=CARTESIAN_POINT('',(-0.01581202304878,0.0125158610247899,0.00386563632126035));
#1664=CARTESIAN_POINT('',(-0.01581202304878,0.0125158610247899,0.00386563632126035));
#1665=CARTESIAN_POINT('',(-0.01721202304878,0.0125158610247899,0.00386563632126035));
#1666=CARTESIAN_POINT('',(-0.01581202304878,0.0125158610247899,0.00386563632126035));
#1667=CARTESIAN_POINT('',(-0.01721202304878,0.0125158610247899,0.00386563632126035));
#1668=CARTESIAN_POINT('Origin',(-0.00821202304878002,-0.00728413897521013,
-0.00663436367873965));
#1669=CARTESIAN_POINT('',(-0.00821202304878002,-0.00728413897521013,-0.00413436367873965));
#1670=CARTESIAN_POINT('',(-0.00821202304878002,-0.00338413897521013,-0.00413436367873965));
#1671=CARTESIAN_POINT('',(-0.00821202304878002,-0.00728413897521013,-0.00663436367873965));
#1672=CARTESIAN_POINT('',(-0.00821202304878002,-0.00338413897521013,-0.00663436367873965));
#1673=CARTESIAN_POINT('',(-0.00821202304878002,-0.00728413897521013,-0.00663436367873965));
#1674=CARTESIAN_POINT('Origin',(-0.01581202304878,0.0125158610247899,0.00636563632126035));
#1675=CARTESIAN_POINT('',(-0.01581202304878,0.000315861024789872,0.00636563632126035));
#1676=CARTESIAN_POINT('',(-0.01581202304878,0.000315861024789872,0.00636563632126035));
#1677=CARTESIAN_POINT('',(-0.01581202304878,0.0125158610247899,0.00636563632126035));
#1678=CARTESIAN_POINT('',(-0.01581202304878,0.0125158610247899,0.00636563632126035));
#1679=CARTESIAN_POINT('',(-0.01581202304878,0.0125158610247899,0.00636563632126035));
#1680=CARTESIAN_POINT('Origin',(0.01028797695122,-0.00728413897521013,0.00636563632126035));
#1681=CARTESIAN_POINT('',(0.01278797695122,-0.00338413897521013,0.00386563632126034));
#1682=CARTESIAN_POINT('',(0.01028797695122,-0.00338413897521013,0.00636563632126035));
#1683=CARTESIAN_POINT('',(0.01028797695122,-0.00338413897521013,0.00636563632126035));
#1684=CARTESIAN_POINT('',(0.01028797695122,-0.00728413897521013,0.00636563632126035));
#1685=CARTESIAN_POINT('Origin',(0.01278797695122,-0.00728413897521013,-0.00663436367873965));
#1686=CARTESIAN_POINT('',(0.01028797695122,-0.00728413897521013,-0.00663436367873965));
#1687=CARTESIAN_POINT('',(0.01028797695122,-0.00338413897521013,-0.00663436367873965));
#1688=CARTESIAN_POINT('',(-0.00821202304878002,-0.00728413897521013,-0.00663436367873965));
#1689=CARTESIAN_POINT('Origin',(-0.01191202304878,0.0125158610247899,-0.00663436367873965));
#1690=CARTESIAN_POINT('',(-0.01191202304878,0.000315861024789872,-0.00413436367873965));
#1691=CARTESIAN_POINT('',(-0.01191202304878,0.0125158610247899,-0.00413436367873965));
#1692=CARTESIAN_POINT('',(-0.01191202304878,0.000315861024789872,-0.00413436367873965));
#1693=CARTESIAN_POINT('',(-0.01191202304878,0.000315861024789872,-0.00663436367873965));
#1694=CARTESIAN_POINT('',(-0.01191202304878,0.000315861024789872,-0.00663436367873965));
#1695=CARTESIAN_POINT('',(-0.01191202304878,0.0125158610247899,-0.00663436367873965));
#1696=CARTESIAN_POINT('',(-0.01191202304878,0.000315861024789872,-0.00663436367873965));
#1697=CARTESIAN_POINT('',(-0.01191202304878,0.0125158610247899,-0.00663436367873965));
#1698=CARTESIAN_POINT('Origin',(-0.01721202304878,0.0125158610247899,0.00386563632126035));
#1699=CARTESIAN_POINT('',(-0.01051202304878,0.0125158610247899,-0.00413436367873965));
#1700=CARTESIAN_POINT('',(-0.01051202304878,0.0125158610247899,-0.00413436367873965));
#1701=CARTESIAN_POINT('',(-0.01581202304878,0.0125158610247899,-0.00663436367873965));
#1702=CARTESIAN_POINT('',(-0.01191202304878,0.0125158610247899,-0.00663436367873965));
#1703=CARTESIAN_POINT('',(-0.01581202304878,0.0125158610247899,-0.00413436367873965));
#1704=CARTESIAN_POINT('',(-0.01581202304878,0.0125158610247899,-0.00663436367873965));
#1705=CARTESIAN_POINT('',(-0.01721202304878,0.0125158610247899,-0.00413436367873965));
#1706=CARTESIAN_POINT('',(-0.01581202304878,0.0125158610247899,-0.00413436367873965));
#1707=CARTESIAN_POINT('',(-0.01721202304878,0.0125158610247899,0.00386563632126035));
#1708=CARTESIAN_POINT('',(-0.01191202304878,0.0125158610247899,0.00636563632126035));
#1709=CARTESIAN_POINT('',(-0.01191202304878,0.0125158610247899,0.00636563632126035));
#1710=CARTESIAN_POINT('',(-0.01191202304878,0.0125158610247899,0.00636563632126035));
#1711=CARTESIAN_POINT('',(-0.01051202304878,0.0125158610247899,0.00386563632126035));
#1712=CARTESIAN_POINT('Origin',(-0.01051202304878,0.0125158610247899,0.00386563632126035));
#1713=CARTESIAN_POINT('',(-0.01051202304878,-0.00198413897521013,-0.00413436367873965));
#1714=CARTESIAN_POINT('',(-0.01051202304878,-0.00198413897521013,-0.00413436367873965));
#1715=CARTESIAN_POINT('',(-0.01051202304878,-0.00198413897521013,0.00386563632126035));
#1716=CARTESIAN_POINT('',(-0.01051202304878,0.00551586102478987,0.00236563632126035));
#1717=CARTESIAN_POINT('Origin',(-0.01051202304878,0.00551586102478987,-0.000134363678739647));
#1718=CARTESIAN_POINT('Origin',(0.01278797695122,-0.00338413897521013,0.00636563632126035));
#1719=CARTESIAN_POINT('',(-0.00821202304878002,-0.00338413897521013,0.00636563632126035));
#1720=CARTESIAN_POINT('',(0.01028797695122,-0.00338413897521013,0.00636563632126035));
#1721=CARTESIAN_POINT('',(-0.00821202304878002,-0.00338413897521013,0.00636563632126035));
#1722=CARTESIAN_POINT('Origin',(-0.01581202304878,0.000315861024789872,
0.00636563632126035));
#1723=CARTESIAN_POINT('',(-0.01191202304878,0.000315861024789872,0.00636563632126035));
#1724=CARTESIAN_POINT('',(-0.01581202304878,0.000315861024789872,0.00636563632126035));
#1725=CARTESIAN_POINT('',(-0.01191202304878,0.000315861024789872,0.00636563632126035));
#1726=CARTESIAN_POINT('Origin',(-0.01191202304878,0.0125158610247899,0.00636563632126035));
#1727=CARTESIAN_POINT('',(-0.01191202304878,0.000315861024789872,0.00636563632126035));
#1728=CARTESIAN_POINT('Origin',(-0.01581202304878,0.000315861024789872,
-0.00663436367873965));
#1729=CARTESIAN_POINT('',(-0.01581202304878,0.000315861024789872,-0.00413436367873965));
#1730=CARTESIAN_POINT('',(-0.01581202304878,0.000315861024789872,-0.00413436367873965));
#1731=CARTESIAN_POINT('',(-0.01581202304878,0.000315861024789872,-0.00663436367873965));
#1732=CARTESIAN_POINT('',(-0.01581202304878,0.000315861024789872,-0.00663436367873965));
#1733=CARTESIAN_POINT('',(-0.01581202304878,0.000315861024789872,-0.00663436367873965));
#1734=CARTESIAN_POINT('Origin',(0.01278797695122,-0.00868413897521013,-0.00413436367873965));
#1735=CARTESIAN_POINT('',(0.01278797695122,-0.00728413897521013,-0.00413436367873965));
#1736=CARTESIAN_POINT('',(-0.00821202304878002,-0.00728413897521013,-0.00413436367873965));
#1737=CARTESIAN_POINT('',(0.01138797695122,-0.00868413897521013,-0.00413436367873965));
#1738=CARTESIAN_POINT('',(0.01278797695122,-0.00728413897521013,-0.00413436367873965));
#1739=CARTESIAN_POINT('',(-0.01721202304878,-0.00868413897521013,-0.00413436367873965));
#1740=CARTESIAN_POINT('',(-0.01721202304878,-0.00868413897521013,-0.00413436367873965));
#1741=CARTESIAN_POINT('',(-0.01721202304878,0.0125158610247899,-0.00413436367873965));
#1742=CARTESIAN_POINT('',(-0.01581202304878,0.0125158610247899,-0.00413436367873965));
#1743=CARTESIAN_POINT('',(0.01138797695122,-0.00198413897521013,-0.00413436367873965));
#1744=CARTESIAN_POINT('',(0.01138797695122,-0.00198413897521013,-0.00413436367873965));
#1745=CARTESIAN_POINT('',(0.01138797695122,-0.00198413897521013,-0.00413436367873965));
#1746=CARTESIAN_POINT('Origin',(-0.01581202304878,0.000315861024789872,
0.00636563632126035));
#1747=CARTESIAN_POINT('Origin',(-0.01051202304878,0.00551586102478987,-0.000134363678739647));
#1748=CARTESIAN_POINT('',(-0.01721202304878,0.00551586102478987,0.00236563632126035));
#1749=CARTESIAN_POINT('Origin',(-0.01721202304878,0.00551586102478987,-0.000134363678739647));
#1750=CARTESIAN_POINT('',(-0.01051202304878,0.00551586102478987,0.00236563632126035));
#1751=CARTESIAN_POINT('Origin',(-0.01581202304878,0.000315861024789872,
-0.00663436367873965));
#1752=CARTESIAN_POINT('',(-0.01581202304878,0.0125158610247899,-0.00663436367873965));
#1753=CARTESIAN_POINT('Origin',(-0.01581202304878,0.0125158610247899,-0.00663436367873965));
#1754=CARTESIAN_POINT('Origin',(-0.00821202304878002,-0.00728413897521013,
0.00636563632126035));
#1755=CARTESIAN_POINT('',(-0.00821202304878002,-0.00338413897521013,0.00636563632126035));
#1756=CARTESIAN_POINT('Origin',(-0.01721202304878,-0.00868413897521013,
0.00386563632126035));
#1757=CARTESIAN_POINT('',(-0.01721202304878,-0.00868413897521013,0.00386563632126035));
#1758=CARTESIAN_POINT('Origin',(0.01278797695122,-0.00728413897521013,0.00386563632126035));
#1759=CARTESIAN_POINT('',(0.01138797695122,-0.00868413897521013,-0.00413436367873965));
#1760=CARTESIAN_POINT('',(0.01278797695122,-0.00728413897521013,0.00386563632126035));
#1761=CARTESIAN_POINT('Origin',(-0.01721202304878,-0.00868413897521013,
0.00386563632126035));
#1762=CARTESIAN_POINT('',(0.00582542581851766,-0.00868413897521013,-0.000134363678739733));
#1763=CARTESIAN_POINT('Origin',(0.0033158762246593,-0.00868413897521013,
-0.000134363678739648));
#1764=CARTESIAN_POINT('Origin',(0.01278797695122,-0.00868413897521013,0.00386563632126035));
#1765=CARTESIAN_POINT('',(0.01278797695122,-0.00728413897521013,-0.00413436367873965));
#1766=CARTESIAN_POINT('',(0.01278797695122,-0.00338413897521013,-0.00413436367873965));
#1767=CARTESIAN_POINT('Origin',(0.01278797695122,-0.00198413897521013,0.00386563632126035));
#1768=CARTESIAN_POINT('',(0.01138797695122,-0.00198413897521013,0.00386563632126035));
#1769=CARTESIAN_POINT('',(0.00523925177289401,-0.00198413897521013,-0.000134363678739811));
#1770=CARTESIAN_POINT('Origin',(0.00272970217903565,-0.00198413897521013,
-0.00013436367873965));
#1771=CARTESIAN_POINT('Origin',(0.01278797695122,-0.00728413897521013,0.00636563632126035));
#1772=CARTESIAN_POINT('Origin',(0.01278797695122,-0.00728413897521013,-0.00663436367873965));
#1773=CARTESIAN_POINT('',(0.01028797695122,-0.00728413897521013,-0.00663436367873965));
#1774=CARTESIAN_POINT('Origin',(0.01278797695122,-0.00868413897521013,-0.00413436367873965));
#1775=CARTESIAN_POINT('Origin',(0.01138797695122,-0.00198413897521013,0.00386563632126035));
#1776=CARTESIAN_POINT('Origin',(0.00270762008703584,-0.00173173950869792,
-0.000134363678739647));
#1777=CARTESIAN_POINT('',(0.0051981068322652,-0.00151385015182879,-0.000134363678739647));
#1778=CARTESIAN_POINT('Origin',(-0.0125120230488937,0.00525600363592865,
-0.00184681050636795));
#1779=CARTESIAN_POINT('',(-0.0105120230488937,0.00525600363592865,-0.00184681050636795));
#1780=CARTESIAN_POINT('',(-0.0105120230488937,0.00686895478571544,-0.00121563019266871));
#1781=CARTESIAN_POINT('',(-0.0105120230488937,0.00525600363592865,-0.00184681050636795));
#1782=CARTESIAN_POINT('',(-0.0125120230488937,0.00686895478571544,-0.00121563019266871));
#1783=CARTESIAN_POINT('',(-0.0125120230488937,0.00686895478571544,-0.00121563019266871));
#1784=CARTESIAN_POINT('',(-0.0125120230488937,0.00606247921082205,-0.00153122034951833));
#1785=CARTESIAN_POINT('',(-0.0125120230488937,0.00606247921082205,-0.00153122034951833));
#1786=CARTESIAN_POINT('',(-0.0125120230488937,0.00525600363592865,-0.00184681050636795));
#1787=CARTESIAN_POINT('',(-0.0125120230488937,0.00525600363592865,-0.00184681050636795));
#1788=CARTESIAN_POINT('',(-0.0125120230488937,0.00525600363592865,-0.00184681050636795));
#1789=CARTESIAN_POINT('Origin',(-0.0125120230488937,0.00577571841365109,
0.00157808314888865));
#1790=CARTESIAN_POINT('',(-0.0105120230488937,0.00577571841365109,0.00157808314888865));
#1791=CARTESIAN_POINT('',(-0.0105120230488937,0.0041627672638643,0.000946902835189411));
#1792=CARTESIAN_POINT('',(-0.0105120230488937,0.00577571841365109,0.00157808314888865));
#1793=CARTESIAN_POINT('',(-0.0125120230488937,0.0041627672638643,0.000946902835189411));
#1794=CARTESIAN_POINT('',(-0.0125120230488937,0.0041627672638643,0.000946902835189411));
#1795=CARTESIAN_POINT('',(-0.0125120230488937,0.0049692428387577,0.00126249299203903));
#1796=CARTESIAN_POINT('',(-0.0125120230488937,0.0049692428387577,0.00126249299203903));
#1797=CARTESIAN_POINT('',(-0.0125120230488937,0.00577571841365109,0.00157808314888865));
#1798=CARTESIAN_POINT('',(-0.0125120230488937,0.00577571841365109,0.00157808314888865));
#1799=CARTESIAN_POINT('',(-0.0125120230488937,0.00577571841365109,0.00157808314888865));
#1800=CARTESIAN_POINT('Origin',(-0.0125120230488937,0.0041627672638643,
0.000946902835189411));
#1801=CARTESIAN_POINT('',(-0.0125120230488937,0.00699888348014605,-0.000359406778854556));
#1802=CARTESIAN_POINT('Origin',(-0.0125120230488937,0.00551586102478987,
-0.000134363678739647));
#1803=CARTESIAN_POINT('',(-0.0125120230488937,0.00686895478571544,-0.00121563019266871));
#1804=CARTESIAN_POINT('Origin',(-0.0125120230488937,0.0041627672638643,
0.000946902835189411));
#1805=CARTESIAN_POINT('',(-0.0125120230488937,0.00457945675546587,-0.00130617724940342));
#1806=CARTESIAN_POINT('Origin',(-0.0125120230488937,0.00551586102478987,
-0.000134363678739647));
#1807=CARTESIAN_POINT('',(-0.0125120230488937,0.00457945675546587,-0.00130617724940342));
#1808=CARTESIAN_POINT('Origin',(-0.0125120230488937,0.00712881217457666,
0.000496816634959594));
#1809=CARTESIAN_POINT('',(-0.0105120230488937,0.00712881217457666,0.000496816634959594));
#1810=CARTESIAN_POINT('',(-0.0105120230488937,0.00712881217457666,0.000496816634959594));
#1811=CARTESIAN_POINT('',(-0.0125120230488937,0.00645226529411388,0.00103744989192412));
#1812=CARTESIAN_POINT('',(-0.0125120230488937,0.00645226529411388,0.00103744989192412));
#1813=CARTESIAN_POINT('',(-0.0125120230488937,0.00712881217457666,0.000496816634959594));
#1814=CARTESIAN_POINT('',(-0.0125120230488937,0.00712881217457666,0.000496816634959594));
#1815=CARTESIAN_POINT('',(-0.0125120230488937,0.00712881217457666,0.000496816634959594));
#1816=CARTESIAN_POINT('Origin',(-0.01051202304878,0.00641176823169661,-0.0024238117621459));
#1817=CARTESIAN_POINT('',(-0.01051202304878,0.00322641294138362,-0.00103027088564638));
#1818=CARTESIAN_POINT('Origin',(-0.01051202304878,0.00551586102478987,-0.000134363678739647));
#1819=CARTESIAN_POINT('',(-0.01051202304878,0.00390290987500308,-0.000765543992438889));
#1820=CARTESIAN_POINT('',(-0.0105120230488937,0.00390290987500308,-0.000765543992438889));
#1821=CARTESIAN_POINT('',(-0.0105120230488937,0.0041627672638643,0.000946902835189411));
#1822=CARTESIAN_POINT('',(-0.0105120230488937,0.00686895478571544,-0.00121563019266871));
#1823=CARTESIAN_POINT('Origin',(-0.0125120230488937,0.0041627672638643,
0.000946902835189411));
#1824=CARTESIAN_POINT('',(-0.0125120230488937,0.00390290987500308,-0.000765543992438889));
#1825=CARTESIAN_POINT('',(-0.0125120230488937,0.00390290987500308,-0.000765543992438889));
#1826=CARTESIAN_POINT('',(-0.0125120230488937,0.00403283856943369,9.06794213752614E-5));
#1827=CARTESIAN_POINT('',(-0.0125120230488937,0.00403283856943369,9.06794213752616E-5));
#1828=CARTESIAN_POINT('',(-0.0125120230488937,0.0041627672638643,0.000946902835189411));
#1829=CARTESIAN_POINT('Origin',(-0.0125120230488937,0.00686895478571544,
-0.00121563019266871));
#1830=CARTESIAN_POINT('',(-0.0125120230488937,0.00699888348014605,-0.000359406778854556));
#1831=CARTESIAN_POINT('Origin',(-0.0125120230488937,0.0041627672638643,
0.000946902835189411));
#1832=CARTESIAN_POINT('Origin',(-0.0125120230488937,0.00551586102478987,
-0.000134363678739647));
#1833=CARTESIAN_POINT('Origin',(-0.0125120230488937,0.0041627672638643,
0.000946902835189411));
#1834=CARTESIAN_POINT('Origin',(-0.0125120230488937,0.00551586102478987,
-0.000134363678739647));
#1835=CARTESIAN_POINT('',(-0.0125120230488937,0.00390290987500308,-0.000765543992438889));
#1836=CARTESIAN_POINT('Origin',(-0.01105352304878,0.00551586102478987,-0.000134363678739647));
#1837=CARTESIAN_POINT('',(-0.01105352304878,0.00272214768323251,-0.001227600050804));
#1838=CARTESIAN_POINT('',(-0.01105352304878,0.00830957436634723,0.000958872693324702));
#1839=CARTESIAN_POINT('Origin',(-0.01105352304878,0.00551586102478987,-0.000134363678739647));
#1840=CARTESIAN_POINT('Origin',(-0.01105352304878,0.00551586102478987,-0.000134363678739647));
#1841=CARTESIAN_POINT('',(-0.01105352304878,0.00272214768323251,-0.001227600050804));
#1842=CARTESIAN_POINT('Origin',(-0.0125120230488937,0.0041627672638643,
0.000946902835189411));
#1843=CARTESIAN_POINT('',(-0.0125120230488938,0.00691271769556835,0.000412254507292573));
#1844=CARTESIAN_POINT('Origin',(-0.0125120230488937,0.00551586102478987,
-0.000134363678739647));
#1845=CARTESIAN_POINT('Origin',(-0.0125120230488937,0.00551586102478987,
-0.000134363678739647));
#1846=CARTESIAN_POINT('Origin',(-0.01851202304878,0.00551586102478987,-0.000134363678739647));
#1847=CARTESIAN_POINT('',(-0.01851202304878,0.00737833658582811,0.000594460569303252));
#1848=CARTESIAN_POINT('Origin',(-0.01851202304878,0.00551586102478987,-0.000134363678739647));
#1849=CARTESIAN_POINT('Origin',(-0.0125120230488937,0.00390290987500308,
-0.000765543992438889));
#1850=CARTESIAN_POINT('Origin',(0.000232991494307817,0.00551586102478987,
-0.000134363678739647));
#1851=CARTESIAN_POINT('',(-0.01751202304878,0.00830957436634723,0.000958872693324702));
#1852=CARTESIAN_POINT('',(0.000232991494307817,0.00830957436634723,0.000958872693324702));
#1853=CARTESIAN_POINT('Origin',(-0.01751202304878,0.00551586102478987,-0.000134363678739647));
#1854=CARTESIAN_POINT('Origin',(0.986621951547322,0.00551586102478987,-0.000134363678739654));
#1855=CARTESIAN_POINT('',(-0.0133780484526781,0.00551586102478987,-0.000134363678739647));
#1856=CARTESIAN_POINT('',(0.986621951547322,1.61846701081159,0.631045950020505));
#1857=CARTESIAN_POINT('Origin',(-0.0125120230488937,0.00551586102478987,
-0.000134363678739647));
#1858=CARTESIAN_POINT('Origin',(-0.0125120230488937,0.0041627672638643,
0.000946902835189411));
#1859=CARTESIAN_POINT('Origin',(-0.01851202304878,0.00551586102478987,-0.000134363678739647));
#1860=CARTESIAN_POINT('',(-0.01851202304878,0.00737833658582811,0.000594460569303252));
#1861=CARTESIAN_POINT('Origin',(0.00207954422493133,-0.0089439244681504,
0.00198011759856908));
#1862=CARTESIAN_POINT('',(0.00543547557049582,-0.00865031851984223,0.0011199055020628));
#1863=CARTESIAN_POINT('Origin',(0.0033290405328266,-0.00883460770609207,
-0.000134363678739648));
#1864=CARTESIAN_POINT('',(0.004813056196071,-0.00870477315906329,0.000749288120128617));
#1865=CARTESIAN_POINT('',(0.00330869552252598,-0.00883638766373857,0.00159756672179804));
#1866=CARTESIAN_POINT('',(0.00481305619606109,-0.00870477315895004,0.000749288120128617));
#1867=CARTESIAN_POINT('',(0.00483340120635181,-0.00870299320119028,-0.000982642280409073));
#1868=CARTESIAN_POINT('',(0.00483340120635181,-0.00870299320119028,-0.000982642280409073));
#1869=CARTESIAN_POINT('',(0.00334938554310741,-0.00883282774821906,-0.00186629407927734));
#1870=CARTESIAN_POINT('',(0.00334938554310741,-0.00883282774821906,-0.00186629407927734));
#1871=CARTESIAN_POINT('',(0.00184502486957229,-0.0089644422530076,-0.00101801547760791));
#1872=CARTESIAN_POINT('',(0.00184502486957229,-0.0089644422530076,-0.00101801547760791));
#1873=CARTESIAN_POINT('',(0.00182467985928158,-0.00896622221076735,0.000713914922929779));
#1874=CARTESIAN_POINT('',(0.00182467985928158,-0.00896622221076735,0.000713914922929779));
#1875=CARTESIAN_POINT('',(0.00330869552252598,-0.00883638766373857,0.00159756672179804));
#1876=CARTESIAN_POINT('Origin',(0.00463874471056579,-0.00671238376276654,
0.000749288120128617));
#1877=CARTESIAN_POINT('',(0.00313438403703067,-0.00684399826755508,0.00159756672179804));
#1878=CARTESIAN_POINT('',(0.00313438403703067,-0.00684399826755508,0.00159756672179804));
#1879=CARTESIAN_POINT('',(0.00388656437379823,-0.00677819101516081,0.00117342742096333));
#1880=CARTESIAN_POINT('',(0.00388656437379823,-0.00677819101516081,0.00117342742096333));
#1881=CARTESIAN_POINT('',(0.00463874471056579,-0.00671238376276654,0.000749288120128617));
#1882=CARTESIAN_POINT('',(0.00463874471056579,-0.00671238376276654,0.000749288120128617));
#1883=CARTESIAN_POINT('',(0.00463874471056579,-0.00671238376276654,0.000749288120128617));
#1884=CARTESIAN_POINT('Origin',(0.00313438403703067,-0.00684399826755508,
0.00159756672179804));
#1885=CARTESIAN_POINT('',(0.00165036837378627,-0.00697383281458386,0.000713914922929779));
#1886=CARTESIAN_POINT('',(0.00165036837378627,-0.00697383281458386,0.000713914922929779));
#1887=CARTESIAN_POINT('',(0.00239237620540847,-0.00690891554106947,0.00115574082236391));
#1888=CARTESIAN_POINT('',(0.00239237620540847,-0.00690891554106947,0.00115574082236391));
#1889=CARTESIAN_POINT('',(0.00313438403703067,-0.00684399826755508,0.00159756672179804));
#1890=CARTESIAN_POINT('Origin',(0.00165036837378627,-0.00697383281458386,
0.000713914922929779));
#1891=CARTESIAN_POINT('',(0.00167071338407699,-0.00697205285682411,-0.00101801547760791));
#1892=CARTESIAN_POINT('',(0.00167071338407699,-0.00697205285682411,-0.00101801547760791));
#1893=CARTESIAN_POINT('',(0.00166054087893163,-0.00697294283570398,-0.000152050277339066));
#1894=CARTESIAN_POINT('',(0.00166054087893163,-0.00697294283570398,-0.000152050277339066));
#1895=CARTESIAN_POINT('',(0.00165036837378627,-0.00697383281458386,0.000713914922929779));
#1896=CARTESIAN_POINT('Origin',(0.00167071338407699,-0.00697205285682411,
-0.00101801547760791));
#1897=CARTESIAN_POINT('',(0.00317507405761211,-0.00684043835203557,-0.00186629407927734));
#1898=CARTESIAN_POINT('',(0.00317507405761211,-0.00684043835203557,-0.00186629407927734));
#1899=CARTESIAN_POINT('',(0.00242289372084455,-0.00690624560442984,-0.00144215477844262));
#1900=CARTESIAN_POINT('',(0.00242289372084455,-0.00690624560442984,-0.00144215477844262));
#1901=CARTESIAN_POINT('',(0.00167071338407699,-0.00697205285682411,-0.00101801547760791));
#1902=CARTESIAN_POINT('Origin',(0.00317507405761211,-0.00684043835203557,
-0.00186629407927734));
#1903=CARTESIAN_POINT('',(0.00465908972085651,-0.00671060380500679,-0.000982642280409073));
#1904=CARTESIAN_POINT('',(0.00465908972085651,-0.00671060380500679,-0.000982642280409073));
#1905=CARTESIAN_POINT('',(0.00391708188923431,-0.00677552107852118,-0.00142446817984321));
#1906=CARTESIAN_POINT('',(0.00391708188923431,-0.00677552107852118,-0.00142446817984321));
#1907=CARTESIAN_POINT('',(0.00317507405761211,-0.00684043835203557,-0.00186629407927734));
#1908=CARTESIAN_POINT('Origin',(0.00465908972085651,-0.00671060380500679,
-0.000982642280409073));
#1909=CARTESIAN_POINT('',(0.00464891721571115,-0.00671149378388667,-0.000116677080140229));
#1910=CARTESIAN_POINT('',(0.00464891721571115,-0.00671149378388667,-0.000116677080140229));
#1911=CARTESIAN_POINT('',(0.00465908972085651,-0.00671060380500679,-0.000982642280409073));
#1912=CARTESIAN_POINT('Origin',(0.00465908972085651,-0.00671060380500679,
-0.000982642280409073));
#1913=CARTESIAN_POINT('Origin',(0.00315472904732139,-0.00684221830979533,
-0.000134363678739648));
#1914=CARTESIAN_POINT('Origin',(0.00465908972085651,-0.00671060380500679,
-0.000982642280409073));
#1915=CARTESIAN_POINT('Origin',(0.00315472904732139,-0.00684221830979533,
-0.000134363678739648));
#1916=CARTESIAN_POINT('Origin',(0.00465908972085651,-0.00671060380500679,
-0.000982642280409073));
#1917=CARTESIAN_POINT('Origin',(0.00315472904732139,-0.00684221830979533,
-0.000134363678739648));
#1918=CARTESIAN_POINT('Origin',(0.00465908972085651,-0.00671060380500679,
-0.000982642280409073));
#1919=CARTESIAN_POINT('',(0.00186953378333754,-0.00695465832581107,-0.000899628584659524));
#1920=CARTESIAN_POINT('Origin',(0.00315472904732139,-0.00684221830979533,
-0.000134363678739648));
#1921=CARTESIAN_POINT('Origin',(0.00315472904732139,-0.00684221830979533,
-0.000134363678739648));
#1922=CARTESIAN_POINT('Origin',(0.00263179459084539,-0.000865050121358103,
-0.000134363678739648));
#1923=CARTESIAN_POINT('',(0.00091820090553384,-0.00101497014271246,-0.00115471688663263));
#1924=CARTESIAN_POINT('Origin',(0.00263179459084539,-0.000865050121358105,
-0.000134363678739648));
#1925=CARTESIAN_POINT('Origin',(0.0902349927076678,-1.00217418648588,-0.000134363678739655));
#1926=CARTESIAN_POINT('',(0.00307924996001622,-0.00597948839413251,-0.000134363678739648));
#1927=CARTESIAN_POINT('',(-1.39378067053674,-1.13200873351466,-0.883786162547009));
#1928=CARTESIAN_POINT('Origin',(0.00315472904732139,-0.00684221830979533,
-0.000134363678739648));
#1929=CARTESIAN_POINT('Origin',(0.00315472904732139,-0.00684221830979533,
-0.000134363678739648));
#1930=CARTESIAN_POINT('Origin',(0.00328184569812875,-0.00829516827707539,
-0.000134363678739648));
#1931=CARTESIAN_POINT('',(0.00585223622609607,-0.00807028824504385,0.00139616613309982));
#1932=CARTESIAN_POINT('',(0.000711455170161424,-0.00852004830910692,-0.00166489349057912));
#1933=CARTESIAN_POINT('Origin',(0.00328184569812875,-0.00829516827707539,
-0.000134363678739648));
#1934=CARTESIAN_POINT('Origin',(0.00328184569812875,-0.00829516827707539,
-0.000134363678739648));
#1935=CARTESIAN_POINT('',(0.00585223622609607,-0.00807028824504385,0.00139616613309982));
#1936=CARTESIAN_POINT('Origin',(0.00426553025616374,-0.0195387342248349,
-0.000134363678739648));
#1937=CARTESIAN_POINT('',(0.000148559805625718,-0.0020861248514814,-0.00166489349057912));
#1938=CARTESIAN_POINT('',(0.00169513972819642,-0.0197636142568664,-0.00166489349057912));
#1939=CARTESIAN_POINT('Origin',(0.00271895033359304,-0.00186124481944986,
-0.000134363678739648));
#1940=CARTESIAN_POINT('Origin',(0.00263179459084539,-0.000865050121358105,
-0.000134363678739648));
#1941=CARTESIAN_POINT('',(0.00091820090553384,-0.00101497014271246,-0.00115471688663263));
#1942=UNCERTAINTY_MEASURE_WITH_UNIT(LENGTH_MEASURE(1.E-5),#1946,
'DISTANCE_ACCURACY_VALUE',
'Maximum model space distance between geometric entities at asserted c
onnectivities');
#1943=UNCERTAINTY_MEASURE_WITH_UNIT(LENGTH_MEASURE(1.E-5),#1946,
'DISTANCE_ACCURACY_VALUE',
'Maximum model space distance between geometric entities at asserted c
onnectivities');
#1944=(
GEOMETRIC_REPRESENTATION_CONTEXT(3)
GLOBAL_UNCERTAINTY_ASSIGNED_CONTEXT((#1942))
GLOBAL_UNIT_ASSIGNED_CONTEXT((#1946,#1948,#1949))
REPRESENTATION_CONTEXT('','3D')
);
#1945=(
GEOMETRIC_REPRESENTATION_CONTEXT(3)
GLOBAL_UNCERTAINTY_ASSIGNED_CONTEXT((#1943))
GLOBAL_UNIT_ASSIGNED_CONTEXT((#1946,#1948,#1949))
REPRESENTATION_CONTEXT('','3D')
);
#1946=(
LENGTH_UNIT()
NAMED_UNIT(*)
SI_UNIT($,.METRE.)
);
#1947=(
LENGTH_UNIT()
NAMED_UNIT(*)
SI_UNIT(.CENTI.,.METRE.)
);
#1948=(
NAMED_UNIT(*)
PLANE_ANGLE_UNIT()
SI_UNIT($,.RADIAN.)
);
#1949=(
NAMED_UNIT(*)
SI_UNIT($,.STERADIAN.)
SOLID_ANGLE_UNIT()
);
#1950=SHAPE_DEFINITION_REPRESENTATION(#1951,#1952);
#1951=PRODUCT_DEFINITION_SHAPE('',$,#1954);
#1952=SHAPE_REPRESENTATION('',(#1216,#1192,#1193,#1194),#1944);
#1953=PRODUCT_DEFINITION_CONTEXT('part definition',#1958,'design');
#1954=PRODUCT_DEFINITION('CIB08D','CIB08D',#1955,#1953);
#1955=PRODUCT_DEFINITION_FORMATION('',$,#1960);
#1956=PRODUCT_RELATED_PRODUCT_CATEGORY('CIB08D','CIB08D',(#1960));
#1957=APPLICATION_PROTOCOL_DEFINITION('international standard',
'automotive_design',2009,#1958);
#1958=APPLICATION_CONTEXT(
'Core Data for Automotive Mechanical Design Process');
#1959=PRODUCT_CONTEXT('part definition',#1958,'mechanical');
#1960=PRODUCT('CIB08D','CIB08D',$,(#1959));
#1961=PRESENTATION_STYLE_ASSIGNMENT((#1963));
#1962=PRESENTATION_STYLE_ASSIGNMENT((#1964));
#1963=SURFACE_STYLE_USAGE(.BOTH.,#1969);
#1964=SURFACE_STYLE_USAGE(.BOTH.,#1970);
#1965=SURFACE_STYLE_RENDERING_WITH_PROPERTIES($,#1977,(#1967));
#1966=SURFACE_STYLE_RENDERING_WITH_PROPERTIES($,#1978,(#1968));
#1967=SURFACE_STYLE_TRANSPARENT(0.);
#1968=SURFACE_STYLE_TRANSPARENT(0.);
#1969=SURFACE_SIDE_STYLE('',(#1971,#1965));
#1970=SURFACE_SIDE_STYLE('',(#1972,#1966));
#1971=SURFACE_STYLE_FILL_AREA(#1973);
#1972=SURFACE_STYLE_FILL_AREA(#1974);
#1973=FILL_AREA_STYLE('',(#1975));
#1974=FILL_AREA_STYLE('',(#1976));
#1975=FILL_AREA_STYLE_COLOUR('',#1977);
#1976=FILL_AREA_STYLE_COLOUR('',#1978);
#1977=COLOUR_RGB('',0.749019607843137,0.749019607843137,0.749019607843137);
#1978=COLOUR_RGB('',0.541176470588235,0.596078431372549,0.749019607843137);
ENDSEC;
END-ISO-10303-21;
