ISO-10303-21;
HEADER;
/* Generated by software containing ST-Developer
 * from STEP Tools, Inc. (www.steptools.com) 
 */

FILE_DESCRIPTION(
/* description */ (''),
/* implementation_level */ '2;1');

FILE_NAME(
/* name */ 
'C:\\Users\\Jo\X\E3o Tinoco\\Desktop\\Wolweiss - STEP\\C. Connecting\\
2. CBR\\CBR3030.step',
/* time_stamp */ '2024-04-29T17:18:00+01:00',
/* author */ ('project'),
/* organization */ (''),
/* preprocessor_version */ 'ST-DEVELOPER v19',
/* originating_system */ 'Autodesk Inventor 2023',
/* authorisation */ '');

FILE_SCHEMA (('AUTOMOTIVE_DESIGN { 1 0 10303 214 3 1 1 }'));
ENDSEC;

DATA;
#10=MECHANICAL_DESIGN_GEOMETRIC_PRESENTATION_REPRESENTATION('',(#13),#2831);
#11=SHAPE_REPRESENTATION_RELATIONSHIP('SRR','None',#2838,#12);
#12=ADVANCED_BREP_SHAPE_REPRESENTATION('',(#14),#2830);
#13=STYLED_ITEM('',(#2848),#14);
#14=MANIFOLD_SOLID_BREP('S\X\F3lido1',#1786);
#15=FACE_BOUND('',#113,.T.);
#16=FACE_BOUND('',#114,.T.);
#17=FACE_BOUND('',#134,.T.);
#18=FACE_BOUND('',#136,.T.);
#19=FACE_BOUND('',#140,.T.);
#20=FACE_BOUND('',#142,.T.);
#21=FACE_BOUND('',#143,.T.);
#22=FACE_OUTER_BOUND('',#112,.T.);
#23=FACE_OUTER_BOUND('',#115,.T.);
#24=FACE_OUTER_BOUND('',#116,.T.);
#25=FACE_OUTER_BOUND('',#117,.T.);
#26=FACE_OUTER_BOUND('',#118,.T.);
#27=FACE_OUTER_BOUND('',#119,.T.);
#28=FACE_OUTER_BOUND('',#120,.T.);
#29=FACE_OUTER_BOUND('',#121,.T.);
#30=FACE_OUTER_BOUND('',#122,.T.);
#31=FACE_OUTER_BOUND('',#123,.T.);
#32=FACE_OUTER_BOUND('',#124,.T.);
#33=FACE_OUTER_BOUND('',#125,.T.);
#34=FACE_OUTER_BOUND('',#126,.T.);
#35=FACE_OUTER_BOUND('',#127,.T.);
#36=FACE_OUTER_BOUND('',#128,.T.);
#37=FACE_OUTER_BOUND('',#129,.T.);
#38=FACE_OUTER_BOUND('',#130,.T.);
#39=FACE_OUTER_BOUND('',#131,.T.);
#40=FACE_OUTER_BOUND('',#132,.T.);
#41=FACE_OUTER_BOUND('',#133,.T.);
#42=FACE_OUTER_BOUND('',#135,.T.);
#43=FACE_OUTER_BOUND('',#137,.T.);
#44=FACE_OUTER_BOUND('',#138,.T.);
#45=FACE_OUTER_BOUND('',#139,.T.);
#46=FACE_OUTER_BOUND('',#141,.T.);
#47=FACE_OUTER_BOUND('',#144,.T.);
#48=FACE_OUTER_BOUND('',#145,.T.);
#49=FACE_OUTER_BOUND('',#146,.T.);
#50=FACE_OUTER_BOUND('',#147,.T.);
#51=FACE_OUTER_BOUND('',#148,.T.);
#52=FACE_OUTER_BOUND('',#149,.T.);
#53=FACE_OUTER_BOUND('',#150,.T.);
#54=FACE_OUTER_BOUND('',#151,.T.);
#55=FACE_OUTER_BOUND('',#152,.T.);
#56=FACE_OUTER_BOUND('',#153,.T.);
#57=FACE_OUTER_BOUND('',#154,.T.);
#58=FACE_OUTER_BOUND('',#155,.T.);
#59=FACE_OUTER_BOUND('',#156,.T.);
#60=FACE_OUTER_BOUND('',#157,.T.);
#61=FACE_OUTER_BOUND('',#158,.T.);
#62=FACE_OUTER_BOUND('',#159,.T.);
#63=FACE_OUTER_BOUND('',#160,.T.);
#64=FACE_OUTER_BOUND('',#161,.T.);
#65=FACE_OUTER_BOUND('',#162,.T.);
#66=FACE_OUTER_BOUND('',#163,.T.);
#67=FACE_OUTER_BOUND('',#164,.T.);
#68=FACE_OUTER_BOUND('',#165,.T.);
#69=FACE_OUTER_BOUND('',#166,.T.);
#70=FACE_OUTER_BOUND('',#167,.T.);
#71=FACE_OUTER_BOUND('',#168,.T.);
#72=FACE_OUTER_BOUND('',#169,.T.);
#73=FACE_OUTER_BOUND('',#170,.T.);
#74=FACE_OUTER_BOUND('',#171,.T.);
#75=FACE_OUTER_BOUND('',#172,.T.);
#76=FACE_OUTER_BOUND('',#173,.T.);
#77=FACE_OUTER_BOUND('',#174,.T.);
#78=FACE_OUTER_BOUND('',#175,.T.);
#79=FACE_OUTER_BOUND('',#176,.T.);
#80=FACE_OUTER_BOUND('',#177,.T.);
#81=FACE_OUTER_BOUND('',#178,.T.);
#82=FACE_OUTER_BOUND('',#179,.T.);
#83=FACE_OUTER_BOUND('',#180,.T.);
#84=FACE_OUTER_BOUND('',#181,.T.);
#85=FACE_OUTER_BOUND('',#182,.T.);
#86=FACE_OUTER_BOUND('',#183,.T.);
#87=FACE_OUTER_BOUND('',#184,.T.);
#88=FACE_OUTER_BOUND('',#185,.T.);
#89=FACE_OUTER_BOUND('',#186,.T.);
#90=FACE_OUTER_BOUND('',#187,.T.);
#91=FACE_OUTER_BOUND('',#188,.T.);
#92=FACE_OUTER_BOUND('',#189,.T.);
#93=FACE_OUTER_BOUND('',#190,.T.);
#94=FACE_OUTER_BOUND('',#191,.T.);
#95=FACE_OUTER_BOUND('',#192,.T.);
#96=FACE_OUTER_BOUND('',#193,.T.);
#97=FACE_OUTER_BOUND('',#194,.T.);
#98=FACE_OUTER_BOUND('',#195,.T.);
#99=FACE_OUTER_BOUND('',#196,.T.);
#100=FACE_OUTER_BOUND('',#197,.T.);
#101=FACE_OUTER_BOUND('',#198,.T.);
#102=FACE_OUTER_BOUND('',#199,.T.);
#103=FACE_OUTER_BOUND('',#200,.T.);
#104=FACE_OUTER_BOUND('',#201,.T.);
#105=FACE_OUTER_BOUND('',#202,.T.);
#106=FACE_OUTER_BOUND('',#203,.T.);
#107=FACE_OUTER_BOUND('',#204,.T.);
#108=FACE_OUTER_BOUND('',#205,.T.);
#109=FACE_OUTER_BOUND('',#206,.T.);
#110=FACE_OUTER_BOUND('',#207,.T.);
#111=FACE_OUTER_BOUND('',#208,.T.);
#112=EDGE_LOOP('',(#1112,#1113,#1114,#1115,#1116,#1117,#1118,#1119,#1120,
#1121,#1122,#1123,#1124,#1125,#1126,#1127,#1128,#1129,#1130,#1131,#1132,
#1133,#1134,#1135,#1136,#1137,#1138,#1139));
#113=EDGE_LOOP('',(#1140,#1141,#1142,#1143));
#114=EDGE_LOOP('',(#1144,#1145,#1146,#1147));
#115=EDGE_LOOP('',(#1148,#1149,#1150,#1151,#1152,#1153,#1154,#1155,#1156,
#1157,#1158,#1159));
#116=EDGE_LOOP('',(#1160,#1161,#1162,#1163,#1164,#1165,#1166,#1167));
#117=EDGE_LOOP('',(#1168,#1169,#1170,#1171));
#118=EDGE_LOOP('',(#1172,#1173,#1174,#1175));
#119=EDGE_LOOP('',(#1176,#1177,#1178,#1179));
#120=EDGE_LOOP('',(#1180,#1181,#1182,#1183));
#121=EDGE_LOOP('',(#1184,#1185,#1186,#1187));
#122=EDGE_LOOP('',(#1188,#1189,#1190,#1191,#1192,#1193,#1194,#1195));
#123=EDGE_LOOP('',(#1196,#1197,#1198,#1199,#1200,#1201,#1202,#1203));
#124=EDGE_LOOP('',(#1204,#1205,#1206,#1207,#1208,#1209,#1210,#1211,#1212,
#1213));
#125=EDGE_LOOP('',(#1214,#1215,#1216,#1217));
#126=EDGE_LOOP('',(#1218,#1219,#1220,#1221));
#127=EDGE_LOOP('',(#1222,#1223,#1224,#1225));
#128=EDGE_LOOP('',(#1226,#1227,#1228,#1229));
#129=EDGE_LOOP('',(#1230,#1231,#1232,#1233,#1234,#1235));
#130=EDGE_LOOP('',(#1236,#1237,#1238,#1239));
#131=EDGE_LOOP('',(#1240,#1241,#1242,#1243));
#132=EDGE_LOOP('',(#1244,#1245,#1246,#1247));
#133=EDGE_LOOP('',(#1248,#1249,#1250,#1251));
#134=EDGE_LOOP('',(#1252,#1253,#1254,#1255));
#135=EDGE_LOOP('',(#1256,#1257,#1258,#1259));
#136=EDGE_LOOP('',(#1260,#1261,#1262,#1263));
#137=EDGE_LOOP('',(#1264,#1265,#1266,#1267));
#138=EDGE_LOOP('',(#1268,#1269,#1270,#1271,#1272,#1273,#1274,#1275,#1276,
#1277,#1278,#1279));
#139=EDGE_LOOP('',(#1280,#1281,#1282,#1283));
#140=EDGE_LOOP('',(#1284,#1285,#1286,#1287));
#141=EDGE_LOOP('',(#1288,#1289,#1290,#1291,#1292,#1293,#1294,#1295,#1296,
#1297,#1298,#1299,#1300,#1301,#1302,#1303,#1304,#1305,#1306,#1307,#1308,
#1309,#1310,#1311,#1312,#1313,#1314,#1315));
#142=EDGE_LOOP('',(#1316,#1317,#1318,#1319));
#143=EDGE_LOOP('',(#1320,#1321,#1322,#1323));
#144=EDGE_LOOP('',(#1324,#1325,#1326,#1327,#1328,#1329,#1330,#1331));
#145=EDGE_LOOP('',(#1332,#1333,#1334,#1335));
#146=EDGE_LOOP('',(#1336,#1337,#1338,#1339));
#147=EDGE_LOOP('',(#1340,#1341,#1342,#1343));
#148=EDGE_LOOP('',(#1344,#1345,#1346,#1347,#1348,#1349));
#149=EDGE_LOOP('',(#1350,#1351,#1352,#1353));
#150=EDGE_LOOP('',(#1354,#1355,#1356,#1357));
#151=EDGE_LOOP('',(#1358,#1359,#1360,#1361));
#152=EDGE_LOOP('',(#1362,#1363,#1364,#1365));
#153=EDGE_LOOP('',(#1366,#1367,#1368,#1369,#1370,#1371));
#154=EDGE_LOOP('',(#1372,#1373,#1374,#1375));
#155=EDGE_LOOP('',(#1376,#1377,#1378,#1379));
#156=EDGE_LOOP('',(#1380,#1381,#1382,#1383));
#157=EDGE_LOOP('',(#1384,#1385,#1386,#1387));
#158=EDGE_LOOP('',(#1388,#1389,#1390,#1391));
#159=EDGE_LOOP('',(#1392,#1393,#1394,#1395,#1396,#1397));
#160=EDGE_LOOP('',(#1398,#1399,#1400,#1401));
#161=EDGE_LOOP('',(#1402,#1403,#1404));
#162=EDGE_LOOP('',(#1405,#1406,#1407,#1408,#1409,#1410,#1411,#1412));
#163=EDGE_LOOP('',(#1413,#1414,#1415,#1416));
#164=EDGE_LOOP('',(#1417,#1418,#1419,#1420));
#165=EDGE_LOOP('',(#1421,#1422,#1423,#1424));
#166=EDGE_LOOP('',(#1425,#1426,#1427,#1428));
#167=EDGE_LOOP('',(#1429,#1430,#1431,#1432));
#168=EDGE_LOOP('',(#1433,#1434,#1435,#1436));
#169=EDGE_LOOP('',(#1437,#1438,#1439,#1440));
#170=EDGE_LOOP('',(#1441,#1442,#1443,#1444));
#171=EDGE_LOOP('',(#1445,#1446,#1447,#1448));
#172=EDGE_LOOP('',(#1449,#1450,#1451,#1452));
#173=EDGE_LOOP('',(#1453,#1454,#1455,#1456));
#174=EDGE_LOOP('',(#1457,#1458,#1459,#1460));
#175=EDGE_LOOP('',(#1461,#1462,#1463,#1464));
#176=EDGE_LOOP('',(#1465,#1466,#1467,#1468));
#177=EDGE_LOOP('',(#1469,#1470,#1471,#1472));
#178=EDGE_LOOP('',(#1473,#1474,#1475,#1476));
#179=EDGE_LOOP('',(#1477,#1478,#1479,#1480));
#180=EDGE_LOOP('',(#1481,#1482,#1483,#1484));
#181=EDGE_LOOP('',(#1485,#1486,#1487,#1488));
#182=EDGE_LOOP('',(#1489,#1490,#1491,#1492));
#183=EDGE_LOOP('',(#1493,#1494,#1495,#1496));
#184=EDGE_LOOP('',(#1497,#1498,#1499,#1500));
#185=EDGE_LOOP('',(#1501,#1502,#1503,#1504));
#186=EDGE_LOOP('',(#1505,#1506,#1507,#1508));
#187=EDGE_LOOP('',(#1509,#1510,#1511,#1512,#1513,#1514,#1515,#1516,#1517,
#1518));
#188=EDGE_LOOP('',(#1519,#1520,#1521,#1522,#1523,#1524,#1525,#1526));
#189=EDGE_LOOP('',(#1527,#1528,#1529));
#190=EDGE_LOOP('',(#1530,#1531,#1532,#1533));
#191=EDGE_LOOP('',(#1534,#1535,#1536,#1537));
#192=EDGE_LOOP('',(#1538,#1539,#1540,#1541));
#193=EDGE_LOOP('',(#1542,#1543,#1544,#1545));
#194=EDGE_LOOP('',(#1546,#1547,#1548,#1549));
#195=EDGE_LOOP('',(#1550,#1551,#1552,#1553));
#196=EDGE_LOOP('',(#1554,#1555,#1556,#1557));
#197=EDGE_LOOP('',(#1558,#1559,#1560,#1561));
#198=EDGE_LOOP('',(#1562,#1563,#1564,#1565));
#199=EDGE_LOOP('',(#1566,#1567,#1568,#1569));
#200=EDGE_LOOP('',(#1570,#1571,#1572,#1573));
#201=EDGE_LOOP('',(#1574,#1575,#1576,#1577));
#202=EDGE_LOOP('',(#1578,#1579,#1580,#1581));
#203=EDGE_LOOP('',(#1582,#1583,#1584,#1585));
#204=EDGE_LOOP('',(#1586,#1587,#1588,#1589));
#205=EDGE_LOOP('',(#1590,#1591,#1592,#1593));
#206=EDGE_LOOP('',(#1594,#1595,#1596,#1597));
#207=EDGE_LOOP('',(#1598,#1599,#1600,#1601));
#208=EDGE_LOOP('',(#1602,#1603,#1604,#1605));
#209=LINE('',#2332,#456);
#210=LINE('',#2334,#457);
#211=LINE('',#2336,#458);
#212=LINE('',#2338,#459);
#213=LINE('',#2340,#460);
#214=LINE('',#2342,#461);
#215=LINE('',#2344,#462);
#216=LINE('',#2346,#463);
#217=LINE('',#2348,#464);
#218=LINE('',#2350,#465);
#219=LINE('',#2352,#466);
#220=LINE('',#2354,#467);
#221=LINE('',#2356,#468);
#222=LINE('',#2358,#469);
#223=LINE('',#2360,#470);
#224=LINE('',#2362,#471);
#225=LINE('',#2364,#472);
#226=LINE('',#2366,#473);
#227=LINE('',#2368,#474);
#228=LINE('',#2370,#475);
#229=LINE('',#2372,#476);
#230=LINE('',#2374,#477);
#231=LINE('',#2376,#478);
#232=LINE('',#2378,#479);
#233=LINE('',#2380,#480);
#234=LINE('',#2382,#481);
#235=LINE('',#2384,#482);
#236=LINE('',#2385,#483);
#237=LINE('',#2388,#484);
#238=LINE('',#2390,#485);
#239=LINE('',#2392,#486);
#240=LINE('',#2393,#487);
#241=LINE('',#2396,#488);
#242=LINE('',#2398,#489);
#243=LINE('',#2400,#490);
#244=LINE('',#2401,#491);
#245=LINE('',#2405,#492);
#246=LINE('',#2407,#493);
#247=LINE('',#2409,#494);
#248=LINE('',#2411,#495);
#249=LINE('',#2413,#496);
#250=LINE('',#2415,#497);
#251=LINE('',#2417,#498);
#252=LINE('',#2419,#499);
#253=LINE('',#2421,#500);
#254=LINE('',#2423,#501);
#255=LINE('',#2425,#502);
#256=LINE('',#2426,#503);
#257=LINE('',#2428,#504);
#258=LINE('',#2430,#505);
#259=LINE('',#2432,#506);
#260=LINE('',#2433,#507);
#261=LINE('',#2434,#508);
#262=LINE('',#2438,#509);
#263=LINE('',#2440,#510);
#264=LINE('',#2442,#511);
#265=LINE('',#2443,#512);
#266=LINE('',#2447,#513);
#267=LINE('',#2449,#514);
#268=LINE('',#2451,#515);
#269=LINE('',#2452,#516);
#270=LINE('',#2456,#517);
#271=LINE('',#2458,#518);
#272=LINE('',#2460,#519);
#273=LINE('',#2461,#520);
#274=LINE('',#2463,#521);
#275=LINE('',#2464,#522);
#276=LINE('',#2468,#523);
#277=LINE('',#2470,#524);
#278=LINE('',#2472,#525);
#279=LINE('',#2473,#526);
#280=LINE('',#2476,#527);
#281=LINE('',#2478,#528);
#282=LINE('',#2480,#529);
#283=LINE('',#2481,#530);
#284=LINE('',#2483,#531);
#285=LINE('',#2484,#532);
#286=LINE('',#2487,#533);
#287=LINE('',#2489,#534);
#288=LINE('',#2491,#535);
#289=LINE('',#2493,#536);
#290=LINE('',#2495,#537);
#291=LINE('',#2497,#538);
#292=LINE('',#2498,#539);
#293=LINE('',#2502,#540);
#294=LINE('',#2503,#541);
#295=LINE('',#2505,#542);
#296=LINE('',#2507,#543);
#297=LINE('',#2509,#544);
#298=LINE('',#2511,#545);
#299=LINE('',#2513,#546);
#300=LINE('',#2515,#547);
#301=LINE('',#2516,#548);
#302=LINE('',#2520,#549);
#303=LINE('',#2522,#550);
#304=LINE('',#2524,#551);
#305=LINE('',#2525,#552);
#306=LINE('',#2528,#553);
#307=LINE('',#2529,#554);
#308=LINE('',#2531,#555);
#309=LINE('',#2532,#556);
#310=LINE('',#2535,#557);
#311=LINE('',#2536,#558);
#312=LINE('',#2538,#559);
#313=LINE('',#2540,#560);
#314=LINE('',#2542,#561);
#315=LINE('',#2543,#562);
#316=LINE('',#2546,#563);
#317=LINE('',#2548,#564);
#318=LINE('',#2549,#565);
#319=LINE('',#2551,#566);
#320=LINE('',#2552,#567);
#321=LINE('',#2555,#568);
#322=LINE('',#2557,#569);
#323=LINE('',#2558,#570);
#324=LINE('',#2562,#571);
#325=LINE('',#2564,#572);
#326=LINE('',#2566,#573);
#327=LINE('',#2567,#574);
#328=LINE('',#2568,#575);
#329=LINE('',#2569,#576);
#330=LINE('',#2572,#577);
#331=LINE('',#2574,#578);
#332=LINE('',#2575,#579);
#333=LINE('',#2577,#580);
#334=LINE('',#2579,#581);
#335=LINE('',#2580,#582);
#336=LINE('',#2585,#583);
#337=LINE('',#2587,#584);
#338=LINE('',#2589,#585);
#339=LINE('',#2590,#586);
#340=LINE('',#2591,#587);
#341=LINE('',#2592,#588);
#342=LINE('',#2594,#589);
#343=LINE('',#2596,#590);
#344=LINE('',#2597,#591);
#345=LINE('',#2599,#592);
#346=LINE('',#2600,#593);
#347=LINE('',#2601,#594);
#348=LINE('',#2602,#595);
#349=LINE('',#2605,#596);
#350=LINE('',#2607,#597);
#351=LINE('',#2608,#598);
#352=LINE('',#2610,#599);
#353=LINE('',#2612,#600);
#354=LINE('',#2614,#601);
#355=LINE('',#2616,#602);
#356=LINE('',#2618,#603);
#357=LINE('',#2620,#604);
#358=LINE('',#2621,#605);
#359=LINE('',#2623,#606);
#360=LINE('',#2625,#607);
#361=LINE('',#2627,#608);
#362=LINE('',#2629,#609);
#363=LINE('',#2630,#610);
#364=LINE('',#2632,#611);
#365=LINE('',#2633,#612);
#366=LINE('',#2634,#613);
#367=LINE('',#2635,#614);
#368=LINE('',#2636,#615);
#369=LINE('',#2639,#616);
#370=LINE('',#2641,#617);
#371=LINE('',#2643,#618);
#372=LINE('',#2644,#619);
#373=LINE('',#2647,#620);
#374=LINE('',#2649,#621);
#375=LINE('',#2651,#622);
#376=LINE('',#2652,#623);
#377=LINE('',#2654,#624);
#378=LINE('',#2655,#625);
#379=LINE('',#2657,#626);
#380=LINE('',#2659,#627);
#381=LINE('',#2660,#628);
#382=LINE('',#2663,#629);
#383=LINE('',#2664,#630);
#384=LINE('',#2667,#631);
#385=LINE('',#2668,#632);
#386=LINE('',#2671,#633);
#387=LINE('',#2672,#634);
#388=LINE('',#2674,#635);
#389=LINE('',#2676,#636);
#390=LINE('',#2677,#637);
#391=LINE('',#2679,#638);
#392=LINE('',#2682,#639);
#393=LINE('',#2683,#640);
#394=LINE('',#2686,#641);
#395=LINE('',#2687,#642);
#396=LINE('',#2690,#643);
#397=LINE('',#2691,#644);
#398=LINE('',#2693,#645);
#399=LINE('',#2695,#646);
#400=LINE('',#2696,#647);
#401=LINE('',#2699,#648);
#402=LINE('',#2700,#649);
#403=LINE('',#2703,#650);
#404=LINE('',#2704,#651);
#405=LINE('',#2707,#652);
#406=LINE('',#2708,#653);
#407=LINE('',#2711,#654);
#408=LINE('',#2712,#655);
#409=LINE('',#2715,#656);
#410=LINE('',#2716,#657);
#411=LINE('',#2718,#658);
#412=LINE('',#2719,#659);
#413=LINE('',#2723,#660);
#414=LINE('',#2728,#661);
#415=LINE('',#2730,#662);
#416=LINE('',#2731,#663);
#417=LINE('',#2734,#664);
#418=LINE('',#2736,#665);
#419=LINE('',#2737,#666);
#420=LINE('',#2739,#667);
#421=LINE('',#2740,#668);
#422=LINE('',#2744,#669);
#423=LINE('',#2745,#670);
#424=LINE('',#2751,#671);
#425=LINE('',#2753,#672);
#426=LINE('',#2755,#673);
#427=LINE('',#2756,#674);
#428=LINE('',#2758,#675);
#429=LINE('',#2759,#676);
#430=LINE('',#2761,#677);
#431=LINE('',#2762,#678);
#432=LINE('',#2766,#679);
#433=LINE('',#2767,#680);
#434=LINE('',#2777,#681);
#435=LINE('',#2779,#682);
#436=LINE('',#2785,#683);
#437=LINE('',#2787,#684);
#438=LINE('',#2788,#685);
#439=LINE('',#2791,#686);
#440=LINE('',#2793,#687);
#441=LINE('',#2794,#688);
#442=LINE('',#2796,#689);
#443=LINE('',#2797,#690);
#444=LINE('',#2801,#691);
#445=LINE('',#2802,#692);
#446=LINE('',#2808,#693);
#447=LINE('',#2810,#694);
#448=LINE('',#2812,#695);
#449=LINE('',#2813,#696);
#450=LINE('',#2815,#697);
#451=LINE('',#2816,#698);
#452=LINE('',#2818,#699);
#453=LINE('',#2819,#700);
#454=LINE('',#2823,#701);
#455=LINE('',#2824,#702);
#456=VECTOR('',#1903,0.025);
#457=VECTOR('',#1904,0.009);
#458=VECTOR('',#1905,0.0015857864376269);
#459=VECTOR('',#1906,0.00141421356237305);
#460=VECTOR('',#1907,0.000750000000000002);
#461=VECTOR('',#1908,0.017);
#462=VECTOR('',#1909,0.0065);
#463=VECTOR('',#1910,0.017);
#464=VECTOR('',#1911,0.000750000000000002);
#465=VECTOR('',#1912,0.00141421356237305);
#466=VECTOR('',#1913,0.0015857864376269);
#467=VECTOR('',#1914,0.009);
#468=VECTOR('',#1915,0.025);
#469=VECTOR('',#1916,0.003);
#470=VECTOR('',#1917,0.00328444402022633);
#471=VECTOR('',#1918,0.004);
#472=VECTOR('',#1919,0.00328444402022634);
#473=VECTOR('',#1920,0.002);
#474=VECTOR('',#1921,0.00141421356237305);
#475=VECTOR('',#1922,0.00212132034355957);
#476=VECTOR('',#1923,0.008);
#477=VECTOR('',#1924,0.00212132034355957);
#478=VECTOR('',#1925,0.00141421356237309);
#479=VECTOR('',#1926,0.00200000000000001);
#480=VECTOR('',#1927,0.00328444402022634);
#481=VECTOR('',#1928,0.00399999999999999);
#482=VECTOR('',#1929,0.00328444402022634);
#483=VECTOR('',#1930,0.003);
#484=VECTOR('',#1931,0.017);
#485=VECTOR('',#1932,0.00399999999999999);
#486=VECTOR('',#1933,0.017);
#487=VECTOR('',#1934,0.00399999999999999);
#488=VECTOR('',#1935,0.017);
#489=VECTOR('',#1936,0.004);
#490=VECTOR('',#1937,0.017);
#491=VECTOR('',#1938,0.004);
#492=VECTOR('',#1941,0.002);
#493=VECTOR('',#1942,0.012);
#494=VECTOR('',#1943,0.002);
#495=VECTOR('',#1944,0.004);
#496=VECTOR('',#1945,0.002);
#497=VECTOR('',#1946,0.003);
#498=VECTOR('',#1947,0.004);
#499=VECTOR('',#1948,0.026);
#500=VECTOR('',#1949,0.004);
#501=VECTOR('',#1950,0.003);
#502=VECTOR('',#1951,0.002);
#503=VECTOR('',#1952,0.004);
#504=VECTOR('',#1955,0.00141421356237307);
#505=VECTOR('',#1956,0.003);
#506=VECTOR('',#1957,0.008);
#507=VECTOR('',#1958,0.00299999999999994);
#508=VECTOR('',#1959,0.00141421356237307);
#509=VECTOR('',#1962,0.00141421356237309);
#510=VECTOR('',#1963,0.003);
#511=VECTOR('',#1964,0.00141421356237309);
#512=VECTOR('',#1965,0.003);
#513=VECTOR('',#1968,0.00599999999999999);
#514=VECTOR('',#1969,0.0065);
#515=VECTOR('',#1970,0.00599999999999999);
#516=VECTOR('',#1971,0.0065);
#517=VECTOR('',#1974,0.0014142135623731);
#518=VECTOR('',#1975,0.00300000000000013);
#519=VECTOR('',#1976,0.000999999999999963);
#520=VECTOR('',#1977,0.00200000000000008);
#521=VECTOR('',#1980,0.00141421356237307);
#522=VECTOR('',#1981,0.00141421356237307);
#523=VECTOR('',#1984,0.0014142135623731);
#524=VECTOR('',#1985,0.003);
#525=VECTOR('',#1986,0.0014142135623731);
#526=VECTOR('',#1987,0.003);
#527=VECTOR('',#1990,0.00848528137423853);
#528=VECTOR('',#1991,0.00299999999999997);
#529=VECTOR('',#1992,0.008);
#530=VECTOR('',#1993,0.00299999999999997);
#531=VECTOR('',#1994,0.00848528137423853);
#532=VECTOR('',#1995,0.0065);
#533=VECTOR('',#1998,0.00075);
#534=VECTOR('',#1999,0.00848528137423853);
#535=VECTOR('',#2000,0.0065);
#536=VECTOR('',#2001,0.00848528137423853);
#537=VECTOR('',#2002,0.000750000000000001);
#538=VECTOR('',#2003,0.00300000000000013);
#539=VECTOR('',#2004,0.008);
#540=VECTOR('',#2007,0.0015857864376269);
#541=VECTOR('',#2008,0.00141421356237313);
#542=VECTOR('',#2009,0.000999999999999937);
#543=VECTOR('',#2010,0.00132842712474619);
#544=VECTOR('',#2011,0.00100000000000004);
#545=VECTOR('',#2012,0.00100000000000004);
#546=VECTOR('',#2013,0.000999999999999974);
#547=VECTOR('',#2014,0.00132842712474623);
#548=VECTOR('',#2015,0.000999999999999973);
#549=VECTOR('',#2018,0.00249999999999859);
#550=VECTOR('',#2019,0.00150000000000002);
#551=VECTOR('',#2020,0.000999999999998515);
#552=VECTOR('',#2021,0.0021213203435597);
#553=VECTOR('',#2024,0.000999999999999967);
#554=VECTOR('',#2025,0.00200000000000004);
#555=VECTOR('',#2028,0.00141421356237308);
#556=VECTOR('',#2029,0.00141421356237307);
#557=VECTOR('',#2032,0.000999999999999963);
#558=VECTOR('',#2033,0.008);
#559=VECTOR('',#2036,0.00200000000000004);
#560=VECTOR('',#2037,0.000999999999999144);
#561=VECTOR('',#2038,0.008);
#562=VECTOR('',#2039,0.000999999999999142);
#563=VECTOR('',#2042,0.00150000000000002);
#564=VECTOR('',#2043,0.008);
#565=VECTOR('',#2044,0.00150000000000001);
#566=VECTOR('',#2047,0.00249999999999906);
#567=VECTOR('',#2048,0.00249999999999912);
#568=VECTOR('',#2051,0.00599999999999989);
#569=VECTOR('',#2052,0.0065);
#570=VECTOR('',#2053,0.00599999999999989);
#571=VECTOR('',#2056,0.02);
#572=VECTOR('',#2057,0.02);
#573=VECTOR('',#2058,0.02);
#574=VECTOR('',#2059,0.02);
#575=VECTOR('',#2060,0.011);
#576=VECTOR('',#2061,0.011);
#577=VECTOR('',#2064,0.031112698372208);
#578=VECTOR('',#2065,0.031112698372208);
#579=VECTOR('',#2066,0.026);
#580=VECTOR('',#2067,0.0282842712474619);
#581=VECTOR('',#2068,0.02);
#582=VECTOR('',#2069,0.0282842712474619);
#583=VECTOR('',#2074,0.012);
#584=VECTOR('',#2075,0.002);
#585=VECTOR('',#2076,0.00399999999999999);
#586=VECTOR('',#2077,0.002);
#587=VECTOR('',#2078,0.004);
#588=VECTOR('',#2079,0.004);
#589=VECTOR('',#2080,0.002);
#590=VECTOR('',#2081,0.004);
#591=VECTOR('',#2082,0.002);
#592=VECTOR('',#2085,0.02);
#593=VECTOR('',#2086,0.02);
#594=VECTOR('',#2087,0.0110000000000001);
#595=VECTOR('',#2088,0.0110000000000001);
#596=VECTOR('',#2091,0.0015857864376269);
#597=VECTOR('',#2092,0.009);
#598=VECTOR('',#2093,0.025);
#599=VECTOR('',#2094,0.00328444402022629);
#600=VECTOR('',#2095,0.004);
#601=VECTOR('',#2096,0.00328444402022629);
#602=VECTOR('',#2097,0.002);
#603=VECTOR('',#2098,0.00141421356237309);
#604=VECTOR('',#2099,0.0021213203435597);
#605=VECTOR('',#2100,0.008);
#606=VECTOR('',#2101,0.00141421356237309);
#607=VECTOR('',#2102,0.002);
#608=VECTOR('',#2103,0.00328444402022629);
#609=VECTOR('',#2104,0.004);
#610=VECTOR('',#2105,0.00328444402022629);
#611=VECTOR('',#2106,0.025);
#612=VECTOR('',#2107,0.009);
#613=VECTOR('',#2108,0.0014142135623731);
#614=VECTOR('',#2109,0.017);
#615=VECTOR('',#2110,0.017);
#616=VECTOR('',#2111,0.004);
#617=VECTOR('',#2112,0.0169999999999999);
#618=VECTOR('',#2113,0.00399999999999999);
#619=VECTOR('',#2114,0.0169999999999999);
#620=VECTOR('',#2115,0.004);
#621=VECTOR('',#2116,0.0169999999999999);
#622=VECTOR('',#2117,0.004);
#623=VECTOR('',#2118,0.0169999999999999);
#624=VECTOR('',#2121,0.00141421356237309);
#625=VECTOR('',#2122,0.0014142135623731);
#626=VECTOR('',#2123,0.00300000000000063);
#627=VECTOR('',#2124,0.008);
#628=VECTOR('',#2125,0.00300000000000063);
#629=VECTOR('',#2128,0.00200000000000064);
#630=VECTOR('',#2129,0.00100000000000002);
#631=VECTOR('',#2132,0.00249999999999859);
#632=VECTOR('',#2133,0.008);
#633=VECTOR('',#2136,0.00150000000000002);
#634=VECTOR('',#2137,0.008);
#635=VECTOR('',#2140,0.000999999999998516);
#636=VECTOR('',#2141,0.00200000000000065);
#637=VECTOR('',#2142,0.008);
#638=VECTOR('',#2145,0.00100000000000002);
#639=VECTOR('',#2148,0.000999999999999965);
#640=VECTOR('',#2149,0.00200000000000004);
#641=VECTOR('',#2152,0.00200000000000008);
#642=VECTOR('',#2153,0.000999999999999963);
#643=VECTOR('',#2156,0.000999999999999962);
#644=VECTOR('',#2157,0.008);
#645=VECTOR('',#2160,0.00200000000000004);
#646=VECTOR('',#2161,0.000999999999999937);
#647=VECTOR('',#2162,0.008);
#648=VECTOR('',#2165,0.00132842712474619);
#649=VECTOR('',#2166,0.008);
#650=VECTOR('',#2169,0.00100000000000004);
#651=VECTOR('',#2170,0.008);
#652=VECTOR('',#2173,0.00100000000000004);
#653=VECTOR('',#2174,0.008);
#654=VECTOR('',#2177,0.000999999999999974);
#655=VECTOR('',#2178,0.008);
#656=VECTOR('',#2181,0.00132842712474623);
#657=VECTOR('',#2182,0.008);
#658=VECTOR('',#2185,0.000999999999999971);
#659=VECTOR('',#2186,0.008);
#660=VECTOR('',#2193,0.00141421356237313);
#661=VECTOR('',#2200,0.00282842712474615);
#662=VECTOR('',#2201,0.00282842712474615);
#663=VECTOR('',#2202,0.004);
#664=VECTOR('',#2205,0.015);
#665=VECTOR('',#2206,0.015);
#666=VECTOR('',#2207,0.004);
#667=VECTOR('',#2210,0.00200000000000004);
#668=VECTOR('',#2211,0.00199999999999999);
#669=VECTOR('',#2218,0.00523034038686324);
#670=VECTOR('',#2219,0.00523034038686324);
#671=VECTOR('',#2226,0.015);
#672=VECTOR('',#2227,0.004);
#673=VECTOR('',#2228,0.015);
#674=VECTOR('',#2229,0.004);
#675=VECTOR('',#2232,0.0028284271247462);
#676=VECTOR('',#2233,0.0028284271247462);
#677=VECTOR('',#2236,0.002);
#678=VECTOR('',#2237,0.002);
#679=VECTOR('',#2244,0.00523034038686327);
#680=VECTOR('',#2245,0.00523034038686327);
#681=VECTOR('',#2264,0.00141421356237313);
#682=VECTOR('',#2267,0.00141421356237303);
#683=VECTOR('',#2276,0.00282842712474615);
#684=VECTOR('',#2277,0.00399999999999999);
#685=VECTOR('',#2278,0.00282842712474615);
#686=VECTOR('',#2281,0.00199999999999999);
#687=VECTOR('',#2282,0.00199999999999999);
#688=VECTOR('',#2283,0.00399999999999999);
#689=VECTOR('',#2286,0.015);
#690=VECTOR('',#2287,0.015);
#691=VECTOR('',#2294,0.00523034038686324);
#692=VECTOR('',#2295,0.00523034038686324);
#693=VECTOR('',#2302,0.015);
#694=VECTOR('',#2303,0.004);
#695=VECTOR('',#2304,0.015);
#696=VECTOR('',#2305,0.004);
#697=VECTOR('',#2308,0.002);
#698=VECTOR('',#2309,0.002);
#699=VECTOR('',#2312,0.00282842712474619);
#700=VECTOR('',#2313,0.00282842712474619);
#701=VECTOR('',#2320,0.00523034038686327);
#702=VECTOR('',#2321,0.00523034038686327);
#703=VERTEX_POINT('',#2330);
#704=VERTEX_POINT('',#2331);
#705=VERTEX_POINT('',#2333);
#706=VERTEX_POINT('',#2335);
#707=VERTEX_POINT('',#2337);
#708=VERTEX_POINT('',#2339);
#709=VERTEX_POINT('',#2341);
#710=VERTEX_POINT('',#2343);
#711=VERTEX_POINT('',#2345);
#712=VERTEX_POINT('',#2347);
#713=VERTEX_POINT('',#2349);
#714=VERTEX_POINT('',#2351);
#715=VERTEX_POINT('',#2353);
#716=VERTEX_POINT('',#2355);
#717=VERTEX_POINT('',#2357);
#718=VERTEX_POINT('',#2359);
#719=VERTEX_POINT('',#2361);
#720=VERTEX_POINT('',#2363);
#721=VERTEX_POINT('',#2365);
#722=VERTEX_POINT('',#2367);
#723=VERTEX_POINT('',#2369);
#724=VERTEX_POINT('',#2371);
#725=VERTEX_POINT('',#2373);
#726=VERTEX_POINT('',#2375);
#727=VERTEX_POINT('',#2377);
#728=VERTEX_POINT('',#2379);
#729=VERTEX_POINT('',#2381);
#730=VERTEX_POINT('',#2383);
#731=VERTEX_POINT('',#2386);
#732=VERTEX_POINT('',#2387);
#733=VERTEX_POINT('',#2389);
#734=VERTEX_POINT('',#2391);
#735=VERTEX_POINT('',#2394);
#736=VERTEX_POINT('',#2395);
#737=VERTEX_POINT('',#2397);
#738=VERTEX_POINT('',#2399);
#739=VERTEX_POINT('',#2403);
#740=VERTEX_POINT('',#2404);
#741=VERTEX_POINT('',#2406);
#742=VERTEX_POINT('',#2408);
#743=VERTEX_POINT('',#2410);
#744=VERTEX_POINT('',#2412);
#745=VERTEX_POINT('',#2414);
#746=VERTEX_POINT('',#2416);
#747=VERTEX_POINT('',#2418);
#748=VERTEX_POINT('',#2420);
#749=VERTEX_POINT('',#2422);
#750=VERTEX_POINT('',#2424);
#751=VERTEX_POINT('',#2429);
#752=VERTEX_POINT('',#2431);
#753=VERTEX_POINT('',#2436);
#754=VERTEX_POINT('',#2437);
#755=VERTEX_POINT('',#2439);
#756=VERTEX_POINT('',#2441);
#757=VERTEX_POINT('',#2445);
#758=VERTEX_POINT('',#2446);
#759=VERTEX_POINT('',#2448);
#760=VERTEX_POINT('',#2450);
#761=VERTEX_POINT('',#2454);
#762=VERTEX_POINT('',#2455);
#763=VERTEX_POINT('',#2457);
#764=VERTEX_POINT('',#2459);
#765=VERTEX_POINT('',#2466);
#766=VERTEX_POINT('',#2467);
#767=VERTEX_POINT('',#2469);
#768=VERTEX_POINT('',#2471);
#769=VERTEX_POINT('',#2475);
#770=VERTEX_POINT('',#2477);
#771=VERTEX_POINT('',#2479);
#772=VERTEX_POINT('',#2482);
#773=VERTEX_POINT('',#2486);
#774=VERTEX_POINT('',#2488);
#775=VERTEX_POINT('',#2490);
#776=VERTEX_POINT('',#2492);
#777=VERTEX_POINT('',#2494);
#778=VERTEX_POINT('',#2496);
#779=VERTEX_POINT('',#2500);
#780=VERTEX_POINT('',#2501);
#781=VERTEX_POINT('',#2504);
#782=VERTEX_POINT('',#2506);
#783=VERTEX_POINT('',#2508);
#784=VERTEX_POINT('',#2510);
#785=VERTEX_POINT('',#2512);
#786=VERTEX_POINT('',#2514);
#787=VERTEX_POINT('',#2518);
#788=VERTEX_POINT('',#2519);
#789=VERTEX_POINT('',#2521);
#790=VERTEX_POINT('',#2523);
#791=VERTEX_POINT('',#2527);
#792=VERTEX_POINT('',#2534);
#793=VERTEX_POINT('',#2539);
#794=VERTEX_POINT('',#2541);
#795=VERTEX_POINT('',#2545);
#796=VERTEX_POINT('',#2547);
#797=VERTEX_POINT('',#2554);
#798=VERTEX_POINT('',#2556);
#799=VERTEX_POINT('',#2560);
#800=VERTEX_POINT('',#2561);
#801=VERTEX_POINT('',#2563);
#802=VERTEX_POINT('',#2565);
#803=VERTEX_POINT('',#2571);
#804=VERTEX_POINT('',#2573);
#805=VERTEX_POINT('',#2576);
#806=VERTEX_POINT('',#2578);
#807=VERTEX_POINT('',#2583);
#808=VERTEX_POINT('',#2584);
#809=VERTEX_POINT('',#2586);
#810=VERTEX_POINT('',#2588);
#811=VERTEX_POINT('',#2593);
#812=VERTEX_POINT('',#2595);
#813=VERTEX_POINT('',#2604);
#814=VERTEX_POINT('',#2606);
#815=VERTEX_POINT('',#2609);
#816=VERTEX_POINT('',#2611);
#817=VERTEX_POINT('',#2613);
#818=VERTEX_POINT('',#2615);
#819=VERTEX_POINT('',#2617);
#820=VERTEX_POINT('',#2619);
#821=VERTEX_POINT('',#2622);
#822=VERTEX_POINT('',#2624);
#823=VERTEX_POINT('',#2626);
#824=VERTEX_POINT('',#2628);
#825=VERTEX_POINT('',#2631);
#826=VERTEX_POINT('',#2637);
#827=VERTEX_POINT('',#2638);
#828=VERTEX_POINT('',#2640);
#829=VERTEX_POINT('',#2642);
#830=VERTEX_POINT('',#2645);
#831=VERTEX_POINT('',#2646);
#832=VERTEX_POINT('',#2648);
#833=VERTEX_POINT('',#2650);
#834=VERTEX_POINT('',#2656);
#835=VERTEX_POINT('',#2658);
#836=VERTEX_POINT('',#2662);
#837=VERTEX_POINT('',#2666);
#838=VERTEX_POINT('',#2670);
#839=VERTEX_POINT('',#2675);
#840=VERTEX_POINT('',#2681);
#841=VERTEX_POINT('',#2685);
#842=VERTEX_POINT('',#2689);
#843=VERTEX_POINT('',#2694);
#844=VERTEX_POINT('',#2698);
#845=VERTEX_POINT('',#2702);
#846=VERTEX_POINT('',#2706);
#847=VERTEX_POINT('',#2710);
#848=VERTEX_POINT('',#2714);
#849=VERTEX_POINT('',#2727);
#850=VERTEX_POINT('',#2729);
#851=VERTEX_POINT('',#2733);
#852=VERTEX_POINT('',#2735);
#853=VERTEX_POINT('',#2749);
#854=VERTEX_POINT('',#2750);
#855=VERTEX_POINT('',#2752);
#856=VERTEX_POINT('',#2754);
#857=VERTEX_POINT('',#2784);
#858=VERTEX_POINT('',#2786);
#859=VERTEX_POINT('',#2790);
#860=VERTEX_POINT('',#2792);
#861=VERTEX_POINT('',#2806);
#862=VERTEX_POINT('',#2807);
#863=VERTEX_POINT('',#2809);
#864=VERTEX_POINT('',#2811);
#865=EDGE_CURVE('',#703,#704,#209,.T.);
#866=EDGE_CURVE('',#704,#705,#210,.T.);
#867=EDGE_CURVE('',#706,#705,#211,.T.);
#868=EDGE_CURVE('',#706,#707,#212,.T.);
#869=EDGE_CURVE('',#708,#707,#213,.T.);
#870=EDGE_CURVE('',#708,#709,#214,.T.);
#871=EDGE_CURVE('',#710,#709,#215,.T.);
#872=EDGE_CURVE('',#711,#710,#216,.T.);
#873=EDGE_CURVE('',#711,#712,#217,.T.);
#874=EDGE_CURVE('',#712,#713,#218,.T.);
#875=EDGE_CURVE('',#713,#714,#219,.T.);
#876=EDGE_CURVE('',#714,#715,#220,.T.);
#877=EDGE_CURVE('',#716,#715,#221,.T.);
#878=EDGE_CURVE('',#716,#717,#222,.T.);
#879=EDGE_CURVE('',#718,#717,#223,.T.);
#880=EDGE_CURVE('',#719,#718,#224,.T.);
#881=EDGE_CURVE('',#719,#720,#225,.T.);
#882=EDGE_CURVE('',#720,#721,#226,.T.);
#883=EDGE_CURVE('',#721,#722,#227,.T.);
#884=EDGE_CURVE('',#722,#723,#228,.T.);
#885=EDGE_CURVE('',#723,#724,#229,.T.);
#886=EDGE_CURVE('',#725,#724,#230,.T.);
#887=EDGE_CURVE('',#726,#725,#231,.T.);
#888=EDGE_CURVE('',#727,#726,#232,.T.);
#889=EDGE_CURVE('',#728,#727,#233,.T.);
#890=EDGE_CURVE('',#728,#729,#234,.T.);
#891=EDGE_CURVE('',#729,#730,#235,.T.);
#892=EDGE_CURVE('',#703,#730,#236,.T.);
#893=EDGE_CURVE('',#731,#732,#237,.T.);
#894=EDGE_CURVE('',#731,#733,#238,.T.);
#895=EDGE_CURVE('',#733,#734,#239,.T.);
#896=EDGE_CURVE('',#732,#734,#240,.T.);
#897=EDGE_CURVE('',#735,#736,#241,.T.);
#898=EDGE_CURVE('',#736,#737,#242,.T.);
#899=EDGE_CURVE('',#738,#737,#243,.T.);
#900=EDGE_CURVE('',#735,#738,#244,.T.);
#901=EDGE_CURVE('',#739,#740,#245,.T.);
#902=EDGE_CURVE('',#741,#739,#246,.T.);
#903=EDGE_CURVE('',#741,#742,#247,.T.);
#904=EDGE_CURVE('',#742,#743,#248,.T.);
#905=EDGE_CURVE('',#744,#743,#249,.T.);
#906=EDGE_CURVE('',#745,#744,#250,.T.);
#907=EDGE_CURVE('',#746,#745,#251,.T.);
#908=EDGE_CURVE('',#746,#747,#252,.T.);
#909=EDGE_CURVE('',#747,#748,#253,.T.);
#910=EDGE_CURVE('',#749,#748,#254,.T.);
#911=EDGE_CURVE('',#749,#750,#255,.T.);
#912=EDGE_CURVE('',#740,#750,#256,.T.);
#913=EDGE_CURVE('',#727,#739,#257,.T.);
#914=EDGE_CURVE('',#726,#751,#258,.T.);
#915=EDGE_CURVE('',#752,#751,#259,.T.);
#916=EDGE_CURVE('',#721,#752,#260,.T.);
#917=EDGE_CURVE('',#720,#741,#261,.T.);
#918=EDGE_CURVE('',#753,#754,#262,.T.);
#919=EDGE_CURVE('',#755,#754,#263,.T.);
#920=EDGE_CURVE('',#755,#756,#264,.T.);
#921=EDGE_CURVE('',#753,#756,#265,.T.);
#922=EDGE_CURVE('',#757,#758,#266,.T.);
#923=EDGE_CURVE('',#759,#758,#267,.T.);
#924=EDGE_CURVE('',#760,#759,#268,.T.);
#925=EDGE_CURVE('',#760,#757,#269,.T.);
#926=EDGE_CURVE('',#761,#762,#270,.T.);
#927=EDGE_CURVE('',#763,#761,#271,.T.);
#928=EDGE_CURVE('',#764,#763,#272,.T.);
#929=EDGE_CURVE('',#762,#764,#273,.T.);
#930=EDGE_CURVE('',#730,#749,#274,.T.);
#931=EDGE_CURVE('',#748,#703,#275,.T.);
#932=EDGE_CURVE('',#765,#766,#276,.T.);
#933=EDGE_CURVE('',#767,#765,#277,.T.);
#934=EDGE_CURVE('',#768,#767,#278,.T.);
#935=EDGE_CURVE('',#768,#766,#279,.T.);
#936=EDGE_CURVE('',#769,#708,#280,.T.);
#937=EDGE_CURVE('',#707,#770,#281,.T.);
#938=EDGE_CURVE('',#771,#770,#282,.T.);
#939=EDGE_CURVE('',#712,#771,#283,.T.);
#940=EDGE_CURVE('',#772,#711,#284,.T.);
#941=EDGE_CURVE('',#772,#769,#285,.T.);
#942=EDGE_CURVE('',#773,#761,#286,.T.);
#943=EDGE_CURVE('',#773,#774,#287,.T.);
#944=EDGE_CURVE('',#775,#774,#288,.T.);
#945=EDGE_CURVE('',#776,#775,#289,.T.);
#946=EDGE_CURVE('',#776,#777,#290,.T.);
#947=EDGE_CURVE('',#778,#777,#291,.T.);
#948=EDGE_CURVE('',#778,#763,#292,.T.);
#949=EDGE_CURVE('',#779,#780,#293,.T.);
#950=EDGE_CURVE('',#779,#714,#294,.F.);
#951=EDGE_CURVE('',#713,#781,#295,.T.);
#952=EDGE_CURVE('',#781,#782,#296,.T.);
#953=EDGE_CURVE('',#782,#783,#297,.T.);
#954=EDGE_CURVE('',#783,#784,#298,.T.);
#955=EDGE_CURVE('',#784,#785,#299,.T.);
#956=EDGE_CURVE('',#785,#786,#300,.T.);
#957=EDGE_CURVE('',#786,#780,#301,.T.);
#958=EDGE_CURVE('',#787,#788,#302,.T.);
#959=EDGE_CURVE('',#788,#789,#303,.T.);
#960=EDGE_CURVE('',#789,#790,#304,.T.);
#961=EDGE_CURVE('',#787,#790,#305,.T.);
#962=EDGE_CURVE('',#752,#791,#306,.T.);
#963=EDGE_CURVE('',#791,#722,#307,.T.);
#964=EDGE_CURVE('',#717,#744,#308,.T.);
#965=EDGE_CURVE('',#745,#716,#309,.T.);
#966=EDGE_CURVE('',#751,#792,#310,.T.);
#967=EDGE_CURVE('',#791,#792,#311,.T.);
#968=EDGE_CURVE('',#792,#725,#312,.T.);
#969=EDGE_CURVE('',#725,#793,#313,.T.);
#970=EDGE_CURVE('',#794,#793,#314,.T.);
#971=EDGE_CURVE('',#722,#794,#315,.T.);
#972=EDGE_CURVE('',#793,#795,#316,.T.);
#973=EDGE_CURVE('',#796,#795,#317,.T.);
#974=EDGE_CURVE('',#794,#796,#318,.T.);
#975=EDGE_CURVE('',#795,#724,#319,.T.);
#976=EDGE_CURVE('',#796,#723,#320,.T.);
#977=EDGE_CURVE('',#709,#797,#321,.T.);
#978=EDGE_CURVE('',#798,#797,#322,.T.);
#979=EDGE_CURVE('',#710,#798,#323,.T.);
#980=EDGE_CURVE('',#799,#800,#324,.T.);
#981=EDGE_CURVE('',#801,#800,#325,.T.);
#982=EDGE_CURVE('',#802,#801,#326,.T.);
#983=EDGE_CURVE('',#802,#799,#327,.T.);
#984=EDGE_CURVE('',#798,#772,#328,.T.);
#985=EDGE_CURVE('',#797,#769,#329,.T.);
#986=EDGE_CURVE('',#803,#747,#330,.T.);
#987=EDGE_CURVE('',#804,#746,#331,.T.);
#988=EDGE_CURVE('',#804,#803,#332,.T.);
#989=EDGE_CURVE('',#805,#800,#333,.T.);
#990=EDGE_CURVE('',#806,#805,#334,.T.);
#991=EDGE_CURVE('',#806,#801,#335,.T.);
#992=EDGE_CURVE('',#807,#808,#336,.T.);
#993=EDGE_CURVE('',#809,#808,#337,.T.);
#994=EDGE_CURVE('',#809,#810,#338,.T.);
#995=EDGE_CURVE('',#810,#753,#339,.T.);
#996=EDGE_CURVE('',#756,#803,#340,.T.);
#997=EDGE_CURVE('',#767,#804,#341,.T.);
#998=EDGE_CURVE('',#811,#765,#342,.T.);
#999=EDGE_CURVE('',#812,#811,#343,.T.);
#1000=EDGE_CURVE('',#812,#807,#344,.T.);
#1001=EDGE_CURVE('',#805,#799,#345,.T.);
#1002=EDGE_CURVE('',#806,#802,#346,.T.);
#1003=EDGE_CURVE('',#774,#757,#347,.T.);
#1004=EDGE_CURVE('',#775,#760,#348,.T.);
#1005=EDGE_CURVE('',#813,#762,#349,.T.);
#1006=EDGE_CURVE('',#813,#814,#350,.T.);
#1007=EDGE_CURVE('',#814,#755,#351,.T.);
#1008=EDGE_CURVE('',#754,#815,#352,.T.);
#1009=EDGE_CURVE('',#816,#815,#353,.T.);
#1010=EDGE_CURVE('',#817,#816,#354,.T.);
#1011=EDGE_CURVE('',#817,#818,#355,.T.);
#1012=EDGE_CURVE('',#819,#818,#356,.T.);
#1013=EDGE_CURVE('',#820,#819,#357,.T.);
#1014=EDGE_CURVE('',#787,#820,#358,.T.);
#1015=EDGE_CURVE('',#821,#790,#359,.T.);
#1016=EDGE_CURVE('',#822,#821,#360,.T.);
#1017=EDGE_CURVE('',#822,#823,#361,.T.);
#1018=EDGE_CURVE('',#823,#824,#362,.T.);
#1019=EDGE_CURVE('',#766,#824,#363,.T.);
#1020=EDGE_CURVE('',#825,#768,#364,.T.);
#1021=EDGE_CURVE('',#825,#779,#365,.T.);
#1022=EDGE_CURVE('',#780,#777,#366,.T.);
#1023=EDGE_CURVE('',#759,#776,#367,.T.);
#1024=EDGE_CURVE('',#758,#773,#368,.T.);
#1025=EDGE_CURVE('',#826,#827,#369,.T.);
#1026=EDGE_CURVE('',#828,#826,#370,.T.);
#1027=EDGE_CURVE('',#828,#829,#371,.T.);
#1028=EDGE_CURVE('',#829,#827,#372,.T.);
#1029=EDGE_CURVE('',#830,#831,#373,.T.);
#1030=EDGE_CURVE('',#830,#832,#374,.T.);
#1031=EDGE_CURVE('',#832,#833,#375,.T.);
#1032=EDGE_CURVE('',#831,#833,#376,.T.);
#1033=EDGE_CURVE('',#808,#817,#377,.T.);
#1034=EDGE_CURVE('',#807,#822,#378,.T.);
#1035=EDGE_CURVE('',#834,#821,#379,.T.);
#1036=EDGE_CURVE('',#834,#835,#380,.T.);
#1037=EDGE_CURVE('',#835,#818,#381,.T.);
#1038=EDGE_CURVE('',#790,#836,#382,.T.);
#1039=EDGE_CURVE('',#836,#834,#383,.T.);
#1040=EDGE_CURVE('',#820,#837,#384,.T.);
#1041=EDGE_CURVE('',#788,#837,#385,.T.);
#1042=EDGE_CURVE('',#837,#838,#386,.T.);
#1043=EDGE_CURVE('',#789,#838,#387,.T.);
#1044=EDGE_CURVE('',#838,#819,#388,.T.);
#1045=EDGE_CURVE('',#819,#839,#389,.T.);
#1046=EDGE_CURVE('',#836,#839,#390,.T.);
#1047=EDGE_CURVE('',#839,#835,#391,.T.);
#1048=EDGE_CURVE('',#771,#840,#392,.T.);
#1049=EDGE_CURVE('',#840,#713,#393,.T.);
#1050=EDGE_CURVE('',#780,#841,#394,.T.);
#1051=EDGE_CURVE('',#841,#778,#395,.T.);
#1052=EDGE_CURVE('',#770,#842,#396,.T.);
#1053=EDGE_CURVE('',#840,#842,#397,.T.);
#1054=EDGE_CURVE('',#842,#706,#398,.T.);
#1055=EDGE_CURVE('',#706,#843,#399,.T.);
#1056=EDGE_CURVE('',#781,#843,#400,.T.);
#1057=EDGE_CURVE('',#843,#844,#401,.T.);
#1058=EDGE_CURVE('',#782,#844,#402,.T.);
#1059=EDGE_CURVE('',#844,#845,#403,.T.);
#1060=EDGE_CURVE('',#783,#845,#404,.T.);
#1061=EDGE_CURVE('',#845,#846,#405,.T.);
#1062=EDGE_CURVE('',#784,#846,#406,.T.);
#1063=EDGE_CURVE('',#846,#847,#407,.T.);
#1064=EDGE_CURVE('',#785,#847,#408,.T.);
#1065=EDGE_CURVE('',#847,#848,#409,.T.);
#1066=EDGE_CURVE('',#786,#848,#410,.T.);
#1067=EDGE_CURVE('',#848,#762,#411,.T.);
#1068=EDGE_CURVE('',#841,#764,#412,.T.);
#1069=EDGE_CURVE('',#715,#825,#413,.F.);
#1070=EDGE_CURVE('',#849,#833,#414,.T.);
#1071=EDGE_CURVE('',#850,#832,#415,.T.);
#1072=EDGE_CURVE('',#850,#849,#416,.T.);
#1073=EDGE_CURVE('',#851,#849,#417,.T.);
#1074=EDGE_CURVE('',#852,#850,#418,.T.);
#1075=EDGE_CURVE('',#852,#851,#419,.T.);
#1076=EDGE_CURVE('',#851,#831,#420,.T.);
#1077=EDGE_CURVE('',#852,#830,#421,.T.);
#1078=EDGE_CURVE('',#811,#824,#422,.T.);
#1079=EDGE_CURVE('',#812,#823,#423,.T.);
#1080=EDGE_CURVE('',#853,#854,#424,.T.);
#1081=EDGE_CURVE('',#855,#853,#425,.T.);
#1082=EDGE_CURVE('',#855,#856,#426,.T.);
#1083=EDGE_CURVE('',#856,#854,#427,.T.);
#1084=EDGE_CURVE('',#854,#738,#428,.T.);
#1085=EDGE_CURVE('',#856,#735,#429,.T.);
#1086=EDGE_CURVE('',#737,#853,#430,.T.);
#1087=EDGE_CURVE('',#736,#855,#431,.T.);
#1088=EDGE_CURVE('',#743,#718,#432,.T.);
#1089=EDGE_CURVE('',#742,#719,#433,.T.);
#1090=EDGE_CURVE('',#705,#813,#434,.F.);
#1091=EDGE_CURVE('',#814,#704,#435,.F.);
#1092=EDGE_CURVE('',#857,#827,#436,.T.);
#1093=EDGE_CURVE('',#858,#857,#437,.T.);
#1094=EDGE_CURVE('',#858,#826,#438,.T.);
#1095=EDGE_CURVE('',#859,#829,#439,.T.);
#1096=EDGE_CURVE('',#860,#828,#440,.T.);
#1097=EDGE_CURVE('',#860,#859,#441,.T.);
#1098=EDGE_CURVE('',#859,#857,#442,.T.);
#1099=EDGE_CURVE('',#860,#858,#443,.T.);
#1100=EDGE_CURVE('',#810,#815,#444,.T.);
#1101=EDGE_CURVE('',#809,#816,#445,.T.);
#1102=EDGE_CURVE('',#861,#862,#446,.T.);
#1103=EDGE_CURVE('',#863,#862,#447,.T.);
#1104=EDGE_CURVE('',#864,#863,#448,.T.);
#1105=EDGE_CURVE('',#864,#861,#449,.T.);
#1106=EDGE_CURVE('',#734,#861,#450,.T.);
#1107=EDGE_CURVE('',#732,#864,#451,.T.);
#1108=EDGE_CURVE('',#862,#733,#452,.T.);
#1109=EDGE_CURVE('',#863,#731,#453,.T.);
#1110=EDGE_CURVE('',#750,#729,#454,.T.);
#1111=EDGE_CURVE('',#740,#728,#455,.T.);
#1112=ORIENTED_EDGE('',*,*,#865,.T.);
#1113=ORIENTED_EDGE('',*,*,#866,.T.);
#1114=ORIENTED_EDGE('',*,*,#867,.F.);
#1115=ORIENTED_EDGE('',*,*,#868,.T.);
#1116=ORIENTED_EDGE('',*,*,#869,.F.);
#1117=ORIENTED_EDGE('',*,*,#870,.T.);
#1118=ORIENTED_EDGE('',*,*,#871,.F.);
#1119=ORIENTED_EDGE('',*,*,#872,.F.);
#1120=ORIENTED_EDGE('',*,*,#873,.T.);
#1121=ORIENTED_EDGE('',*,*,#874,.T.);
#1122=ORIENTED_EDGE('',*,*,#875,.T.);
#1123=ORIENTED_EDGE('',*,*,#876,.T.);
#1124=ORIENTED_EDGE('',*,*,#877,.F.);
#1125=ORIENTED_EDGE('',*,*,#878,.T.);
#1126=ORIENTED_EDGE('',*,*,#879,.F.);
#1127=ORIENTED_EDGE('',*,*,#880,.F.);
#1128=ORIENTED_EDGE('',*,*,#881,.T.);
#1129=ORIENTED_EDGE('',*,*,#882,.T.);
#1130=ORIENTED_EDGE('',*,*,#883,.T.);
#1131=ORIENTED_EDGE('',*,*,#884,.T.);
#1132=ORIENTED_EDGE('',*,*,#885,.T.);
#1133=ORIENTED_EDGE('',*,*,#886,.F.);
#1134=ORIENTED_EDGE('',*,*,#887,.F.);
#1135=ORIENTED_EDGE('',*,*,#888,.F.);
#1136=ORIENTED_EDGE('',*,*,#889,.F.);
#1137=ORIENTED_EDGE('',*,*,#890,.T.);
#1138=ORIENTED_EDGE('',*,*,#891,.T.);
#1139=ORIENTED_EDGE('',*,*,#892,.F.);
#1140=ORIENTED_EDGE('',*,*,#893,.F.);
#1141=ORIENTED_EDGE('',*,*,#894,.T.);
#1142=ORIENTED_EDGE('',*,*,#895,.T.);
#1143=ORIENTED_EDGE('',*,*,#896,.F.);
#1144=ORIENTED_EDGE('',*,*,#897,.T.);
#1145=ORIENTED_EDGE('',*,*,#898,.T.);
#1146=ORIENTED_EDGE('',*,*,#899,.F.);
#1147=ORIENTED_EDGE('',*,*,#900,.F.);
#1148=ORIENTED_EDGE('',*,*,#901,.F.);
#1149=ORIENTED_EDGE('',*,*,#902,.F.);
#1150=ORIENTED_EDGE('',*,*,#903,.T.);
#1151=ORIENTED_EDGE('',*,*,#904,.T.);
#1152=ORIENTED_EDGE('',*,*,#905,.F.);
#1153=ORIENTED_EDGE('',*,*,#906,.F.);
#1154=ORIENTED_EDGE('',*,*,#907,.F.);
#1155=ORIENTED_EDGE('',*,*,#908,.T.);
#1156=ORIENTED_EDGE('',*,*,#909,.T.);
#1157=ORIENTED_EDGE('',*,*,#910,.F.);
#1158=ORIENTED_EDGE('',*,*,#911,.T.);
#1159=ORIENTED_EDGE('',*,*,#912,.F.);
#1160=ORIENTED_EDGE('',*,*,#913,.F.);
#1161=ORIENTED_EDGE('',*,*,#888,.T.);
#1162=ORIENTED_EDGE('',*,*,#914,.T.);
#1163=ORIENTED_EDGE('',*,*,#915,.F.);
#1164=ORIENTED_EDGE('',*,*,#916,.F.);
#1165=ORIENTED_EDGE('',*,*,#882,.F.);
#1166=ORIENTED_EDGE('',*,*,#917,.T.);
#1167=ORIENTED_EDGE('',*,*,#902,.T.);
#1168=ORIENTED_EDGE('',*,*,#918,.T.);
#1169=ORIENTED_EDGE('',*,*,#919,.F.);
#1170=ORIENTED_EDGE('',*,*,#920,.T.);
#1171=ORIENTED_EDGE('',*,*,#921,.F.);
#1172=ORIENTED_EDGE('',*,*,#922,.T.);
#1173=ORIENTED_EDGE('',*,*,#923,.F.);
#1174=ORIENTED_EDGE('',*,*,#924,.F.);
#1175=ORIENTED_EDGE('',*,*,#925,.T.);
#1176=ORIENTED_EDGE('',*,*,#926,.F.);
#1177=ORIENTED_EDGE('',*,*,#927,.F.);
#1178=ORIENTED_EDGE('',*,*,#928,.F.);
#1179=ORIENTED_EDGE('',*,*,#929,.F.);
#1180=ORIENTED_EDGE('',*,*,#892,.T.);
#1181=ORIENTED_EDGE('',*,*,#930,.T.);
#1182=ORIENTED_EDGE('',*,*,#910,.T.);
#1183=ORIENTED_EDGE('',*,*,#931,.T.);
#1184=ORIENTED_EDGE('',*,*,#932,.F.);
#1185=ORIENTED_EDGE('',*,*,#933,.F.);
#1186=ORIENTED_EDGE('',*,*,#934,.F.);
#1187=ORIENTED_EDGE('',*,*,#935,.T.);
#1188=ORIENTED_EDGE('',*,*,#936,.T.);
#1189=ORIENTED_EDGE('',*,*,#869,.T.);
#1190=ORIENTED_EDGE('',*,*,#937,.T.);
#1191=ORIENTED_EDGE('',*,*,#938,.F.);
#1192=ORIENTED_EDGE('',*,*,#939,.F.);
#1193=ORIENTED_EDGE('',*,*,#873,.F.);
#1194=ORIENTED_EDGE('',*,*,#940,.F.);
#1195=ORIENTED_EDGE('',*,*,#941,.T.);
#1196=ORIENTED_EDGE('',*,*,#927,.T.);
#1197=ORIENTED_EDGE('',*,*,#942,.F.);
#1198=ORIENTED_EDGE('',*,*,#943,.T.);
#1199=ORIENTED_EDGE('',*,*,#944,.F.);
#1200=ORIENTED_EDGE('',*,*,#945,.F.);
#1201=ORIENTED_EDGE('',*,*,#946,.T.);
#1202=ORIENTED_EDGE('',*,*,#947,.F.);
#1203=ORIENTED_EDGE('',*,*,#948,.T.);
#1204=ORIENTED_EDGE('',*,*,#949,.F.);
#1205=ORIENTED_EDGE('',*,*,#950,.T.);
#1206=ORIENTED_EDGE('',*,*,#875,.F.);
#1207=ORIENTED_EDGE('',*,*,#951,.T.);
#1208=ORIENTED_EDGE('',*,*,#952,.T.);
#1209=ORIENTED_EDGE('',*,*,#953,.T.);
#1210=ORIENTED_EDGE('',*,*,#954,.T.);
#1211=ORIENTED_EDGE('',*,*,#955,.T.);
#1212=ORIENTED_EDGE('',*,*,#956,.T.);
#1213=ORIENTED_EDGE('',*,*,#957,.T.);
#1214=ORIENTED_EDGE('',*,*,#958,.T.);
#1215=ORIENTED_EDGE('',*,*,#959,.T.);
#1216=ORIENTED_EDGE('',*,*,#960,.T.);
#1217=ORIENTED_EDGE('',*,*,#961,.F.);
#1218=ORIENTED_EDGE('',*,*,#883,.F.);
#1219=ORIENTED_EDGE('',*,*,#916,.T.);
#1220=ORIENTED_EDGE('',*,*,#962,.T.);
#1221=ORIENTED_EDGE('',*,*,#963,.T.);
#1222=ORIENTED_EDGE('',*,*,#906,.T.);
#1223=ORIENTED_EDGE('',*,*,#964,.F.);
#1224=ORIENTED_EDGE('',*,*,#878,.F.);
#1225=ORIENTED_EDGE('',*,*,#965,.F.);
#1226=ORIENTED_EDGE('',*,*,#915,.T.);
#1227=ORIENTED_EDGE('',*,*,#966,.T.);
#1228=ORIENTED_EDGE('',*,*,#967,.F.);
#1229=ORIENTED_EDGE('',*,*,#962,.F.);
#1230=ORIENTED_EDGE('',*,*,#967,.T.);
#1231=ORIENTED_EDGE('',*,*,#968,.T.);
#1232=ORIENTED_EDGE('',*,*,#969,.T.);
#1233=ORIENTED_EDGE('',*,*,#970,.F.);
#1234=ORIENTED_EDGE('',*,*,#971,.F.);
#1235=ORIENTED_EDGE('',*,*,#963,.F.);
#1236=ORIENTED_EDGE('',*,*,#970,.T.);
#1237=ORIENTED_EDGE('',*,*,#972,.T.);
#1238=ORIENTED_EDGE('',*,*,#973,.F.);
#1239=ORIENTED_EDGE('',*,*,#974,.F.);
#1240=ORIENTED_EDGE('',*,*,#973,.T.);
#1241=ORIENTED_EDGE('',*,*,#975,.T.);
#1242=ORIENTED_EDGE('',*,*,#885,.F.);
#1243=ORIENTED_EDGE('',*,*,#976,.F.);
#1244=ORIENTED_EDGE('',*,*,#871,.T.);
#1245=ORIENTED_EDGE('',*,*,#977,.T.);
#1246=ORIENTED_EDGE('',*,*,#978,.F.);
#1247=ORIENTED_EDGE('',*,*,#979,.F.);
#1248=ORIENTED_EDGE('',*,*,#980,.T.);
#1249=ORIENTED_EDGE('',*,*,#981,.F.);
#1250=ORIENTED_EDGE('',*,*,#982,.F.);
#1251=ORIENTED_EDGE('',*,*,#983,.T.);
#1252=ORIENTED_EDGE('',*,*,#984,.F.);
#1253=ORIENTED_EDGE('',*,*,#978,.T.);
#1254=ORIENTED_EDGE('',*,*,#985,.T.);
#1255=ORIENTED_EDGE('',*,*,#941,.F.);
#1256=ORIENTED_EDGE('',*,*,#986,.T.);
#1257=ORIENTED_EDGE('',*,*,#908,.F.);
#1258=ORIENTED_EDGE('',*,*,#987,.F.);
#1259=ORIENTED_EDGE('',*,*,#988,.T.);
#1260=ORIENTED_EDGE('',*,*,#981,.T.);
#1261=ORIENTED_EDGE('',*,*,#989,.F.);
#1262=ORIENTED_EDGE('',*,*,#990,.F.);
#1263=ORIENTED_EDGE('',*,*,#991,.T.);
#1264=ORIENTED_EDGE('',*,*,#884,.F.);
#1265=ORIENTED_EDGE('',*,*,#971,.T.);
#1266=ORIENTED_EDGE('',*,*,#974,.T.);
#1267=ORIENTED_EDGE('',*,*,#976,.T.);
#1268=ORIENTED_EDGE('',*,*,#992,.T.);
#1269=ORIENTED_EDGE('',*,*,#993,.F.);
#1270=ORIENTED_EDGE('',*,*,#994,.T.);
#1271=ORIENTED_EDGE('',*,*,#995,.T.);
#1272=ORIENTED_EDGE('',*,*,#921,.T.);
#1273=ORIENTED_EDGE('',*,*,#996,.T.);
#1274=ORIENTED_EDGE('',*,*,#988,.F.);
#1275=ORIENTED_EDGE('',*,*,#997,.F.);
#1276=ORIENTED_EDGE('',*,*,#933,.T.);
#1277=ORIENTED_EDGE('',*,*,#998,.F.);
#1278=ORIENTED_EDGE('',*,*,#999,.F.);
#1279=ORIENTED_EDGE('',*,*,#1000,.T.);
#1280=ORIENTED_EDGE('',*,*,#990,.T.);
#1281=ORIENTED_EDGE('',*,*,#1001,.T.);
#1282=ORIENTED_EDGE('',*,*,#983,.F.);
#1283=ORIENTED_EDGE('',*,*,#1002,.F.);
#1284=ORIENTED_EDGE('',*,*,#944,.T.);
#1285=ORIENTED_EDGE('',*,*,#1003,.T.);
#1286=ORIENTED_EDGE('',*,*,#925,.F.);
#1287=ORIENTED_EDGE('',*,*,#1004,.F.);
#1288=ORIENTED_EDGE('',*,*,#1005,.F.);
#1289=ORIENTED_EDGE('',*,*,#1006,.T.);
#1290=ORIENTED_EDGE('',*,*,#1007,.T.);
#1291=ORIENTED_EDGE('',*,*,#919,.T.);
#1292=ORIENTED_EDGE('',*,*,#1008,.T.);
#1293=ORIENTED_EDGE('',*,*,#1009,.F.);
#1294=ORIENTED_EDGE('',*,*,#1010,.F.);
#1295=ORIENTED_EDGE('',*,*,#1011,.T.);
#1296=ORIENTED_EDGE('',*,*,#1012,.F.);
#1297=ORIENTED_EDGE('',*,*,#1013,.F.);
#1298=ORIENTED_EDGE('',*,*,#1014,.F.);
#1299=ORIENTED_EDGE('',*,*,#961,.T.);
#1300=ORIENTED_EDGE('',*,*,#1015,.F.);
#1301=ORIENTED_EDGE('',*,*,#1016,.F.);
#1302=ORIENTED_EDGE('',*,*,#1017,.T.);
#1303=ORIENTED_EDGE('',*,*,#1018,.T.);
#1304=ORIENTED_EDGE('',*,*,#1019,.F.);
#1305=ORIENTED_EDGE('',*,*,#935,.F.);
#1306=ORIENTED_EDGE('',*,*,#1020,.F.);
#1307=ORIENTED_EDGE('',*,*,#1021,.T.);
#1308=ORIENTED_EDGE('',*,*,#949,.T.);
#1309=ORIENTED_EDGE('',*,*,#1022,.T.);
#1310=ORIENTED_EDGE('',*,*,#946,.F.);
#1311=ORIENTED_EDGE('',*,*,#1023,.F.);
#1312=ORIENTED_EDGE('',*,*,#923,.T.);
#1313=ORIENTED_EDGE('',*,*,#1024,.T.);
#1314=ORIENTED_EDGE('',*,*,#942,.T.);
#1315=ORIENTED_EDGE('',*,*,#926,.T.);
#1316=ORIENTED_EDGE('',*,*,#1025,.F.);
#1317=ORIENTED_EDGE('',*,*,#1026,.F.);
#1318=ORIENTED_EDGE('',*,*,#1027,.T.);
#1319=ORIENTED_EDGE('',*,*,#1028,.T.);
#1320=ORIENTED_EDGE('',*,*,#1029,.F.);
#1321=ORIENTED_EDGE('',*,*,#1030,.T.);
#1322=ORIENTED_EDGE('',*,*,#1031,.T.);
#1323=ORIENTED_EDGE('',*,*,#1032,.F.);
#1324=ORIENTED_EDGE('',*,*,#1011,.F.);
#1325=ORIENTED_EDGE('',*,*,#1033,.F.);
#1326=ORIENTED_EDGE('',*,*,#992,.F.);
#1327=ORIENTED_EDGE('',*,*,#1034,.T.);
#1328=ORIENTED_EDGE('',*,*,#1016,.T.);
#1329=ORIENTED_EDGE('',*,*,#1035,.F.);
#1330=ORIENTED_EDGE('',*,*,#1036,.T.);
#1331=ORIENTED_EDGE('',*,*,#1037,.T.);
#1332=ORIENTED_EDGE('',*,*,#1035,.T.);
#1333=ORIENTED_EDGE('',*,*,#1015,.T.);
#1334=ORIENTED_EDGE('',*,*,#1038,.T.);
#1335=ORIENTED_EDGE('',*,*,#1039,.T.);
#1336=ORIENTED_EDGE('',*,*,#1014,.T.);
#1337=ORIENTED_EDGE('',*,*,#1040,.T.);
#1338=ORIENTED_EDGE('',*,*,#1041,.F.);
#1339=ORIENTED_EDGE('',*,*,#958,.F.);
#1340=ORIENTED_EDGE('',*,*,#1041,.T.);
#1341=ORIENTED_EDGE('',*,*,#1042,.T.);
#1342=ORIENTED_EDGE('',*,*,#1043,.F.);
#1343=ORIENTED_EDGE('',*,*,#959,.F.);
#1344=ORIENTED_EDGE('',*,*,#1043,.T.);
#1345=ORIENTED_EDGE('',*,*,#1044,.T.);
#1346=ORIENTED_EDGE('',*,*,#1045,.T.);
#1347=ORIENTED_EDGE('',*,*,#1046,.F.);
#1348=ORIENTED_EDGE('',*,*,#1038,.F.);
#1349=ORIENTED_EDGE('',*,*,#960,.F.);
#1350=ORIENTED_EDGE('',*,*,#1046,.T.);
#1351=ORIENTED_EDGE('',*,*,#1047,.T.);
#1352=ORIENTED_EDGE('',*,*,#1036,.F.);
#1353=ORIENTED_EDGE('',*,*,#1039,.F.);
#1354=ORIENTED_EDGE('',*,*,#874,.F.);
#1355=ORIENTED_EDGE('',*,*,#939,.T.);
#1356=ORIENTED_EDGE('',*,*,#1048,.T.);
#1357=ORIENTED_EDGE('',*,*,#1049,.T.);
#1358=ORIENTED_EDGE('',*,*,#1022,.F.);
#1359=ORIENTED_EDGE('',*,*,#1050,.T.);
#1360=ORIENTED_EDGE('',*,*,#1051,.T.);
#1361=ORIENTED_EDGE('',*,*,#947,.T.);
#1362=ORIENTED_EDGE('',*,*,#938,.T.);
#1363=ORIENTED_EDGE('',*,*,#1052,.T.);
#1364=ORIENTED_EDGE('',*,*,#1053,.F.);
#1365=ORIENTED_EDGE('',*,*,#1048,.F.);
#1366=ORIENTED_EDGE('',*,*,#1053,.T.);
#1367=ORIENTED_EDGE('',*,*,#1054,.T.);
#1368=ORIENTED_EDGE('',*,*,#1055,.T.);
#1369=ORIENTED_EDGE('',*,*,#1056,.F.);
#1370=ORIENTED_EDGE('',*,*,#951,.F.);
#1371=ORIENTED_EDGE('',*,*,#1049,.F.);
#1372=ORIENTED_EDGE('',*,*,#1056,.T.);
#1373=ORIENTED_EDGE('',*,*,#1057,.T.);
#1374=ORIENTED_EDGE('',*,*,#1058,.F.);
#1375=ORIENTED_EDGE('',*,*,#952,.F.);
#1376=ORIENTED_EDGE('',*,*,#1058,.T.);
#1377=ORIENTED_EDGE('',*,*,#1059,.T.);
#1378=ORIENTED_EDGE('',*,*,#1060,.F.);
#1379=ORIENTED_EDGE('',*,*,#953,.F.);
#1380=ORIENTED_EDGE('',*,*,#1060,.T.);
#1381=ORIENTED_EDGE('',*,*,#1061,.T.);
#1382=ORIENTED_EDGE('',*,*,#1062,.F.);
#1383=ORIENTED_EDGE('',*,*,#954,.F.);
#1384=ORIENTED_EDGE('',*,*,#1062,.T.);
#1385=ORIENTED_EDGE('',*,*,#1063,.T.);
#1386=ORIENTED_EDGE('',*,*,#1064,.F.);
#1387=ORIENTED_EDGE('',*,*,#955,.F.);
#1388=ORIENTED_EDGE('',*,*,#1064,.T.);
#1389=ORIENTED_EDGE('',*,*,#1065,.T.);
#1390=ORIENTED_EDGE('',*,*,#1066,.F.);
#1391=ORIENTED_EDGE('',*,*,#956,.F.);
#1392=ORIENTED_EDGE('',*,*,#1066,.T.);
#1393=ORIENTED_EDGE('',*,*,#1067,.T.);
#1394=ORIENTED_EDGE('',*,*,#929,.T.);
#1395=ORIENTED_EDGE('',*,*,#1068,.F.);
#1396=ORIENTED_EDGE('',*,*,#1050,.F.);
#1397=ORIENTED_EDGE('',*,*,#957,.F.);
#1398=ORIENTED_EDGE('',*,*,#1068,.T.);
#1399=ORIENTED_EDGE('',*,*,#928,.T.);
#1400=ORIENTED_EDGE('',*,*,#948,.F.);
#1401=ORIENTED_EDGE('',*,*,#1051,.F.);
#1402=ORIENTED_EDGE('',*,*,#991,.F.);
#1403=ORIENTED_EDGE('',*,*,#1002,.T.);
#1404=ORIENTED_EDGE('',*,*,#982,.T.);
#1405=ORIENTED_EDGE('',*,*,#877,.T.);
#1406=ORIENTED_EDGE('',*,*,#1069,.T.);
#1407=ORIENTED_EDGE('',*,*,#1020,.T.);
#1408=ORIENTED_EDGE('',*,*,#934,.T.);
#1409=ORIENTED_EDGE('',*,*,#997,.T.);
#1410=ORIENTED_EDGE('',*,*,#987,.T.);
#1411=ORIENTED_EDGE('',*,*,#907,.T.);
#1412=ORIENTED_EDGE('',*,*,#965,.T.);
#1413=ORIENTED_EDGE('',*,*,#1023,.T.);
#1414=ORIENTED_EDGE('',*,*,#945,.T.);
#1415=ORIENTED_EDGE('',*,*,#1004,.T.);
#1416=ORIENTED_EDGE('',*,*,#924,.T.);
#1417=ORIENTED_EDGE('',*,*,#872,.T.);
#1418=ORIENTED_EDGE('',*,*,#979,.T.);
#1419=ORIENTED_EDGE('',*,*,#984,.T.);
#1420=ORIENTED_EDGE('',*,*,#940,.T.);
#1421=ORIENTED_EDGE('',*,*,#1070,.T.);
#1422=ORIENTED_EDGE('',*,*,#1031,.F.);
#1423=ORIENTED_EDGE('',*,*,#1071,.F.);
#1424=ORIENTED_EDGE('',*,*,#1072,.T.);
#1425=ORIENTED_EDGE('',*,*,#1073,.T.);
#1426=ORIENTED_EDGE('',*,*,#1072,.F.);
#1427=ORIENTED_EDGE('',*,*,#1074,.F.);
#1428=ORIENTED_EDGE('',*,*,#1075,.T.);
#1429=ORIENTED_EDGE('',*,*,#1076,.F.);
#1430=ORIENTED_EDGE('',*,*,#1075,.F.);
#1431=ORIENTED_EDGE('',*,*,#1077,.T.);
#1432=ORIENTED_EDGE('',*,*,#1029,.T.);
#1433=ORIENTED_EDGE('',*,*,#1071,.T.);
#1434=ORIENTED_EDGE('',*,*,#1030,.F.);
#1435=ORIENTED_EDGE('',*,*,#1077,.F.);
#1436=ORIENTED_EDGE('',*,*,#1074,.T.);
#1437=ORIENTED_EDGE('',*,*,#1070,.F.);
#1438=ORIENTED_EDGE('',*,*,#1073,.F.);
#1439=ORIENTED_EDGE('',*,*,#1076,.T.);
#1440=ORIENTED_EDGE('',*,*,#1032,.T.);
#1441=ORIENTED_EDGE('',*,*,#1078,.T.);
#1442=ORIENTED_EDGE('',*,*,#1018,.F.);
#1443=ORIENTED_EDGE('',*,*,#1079,.F.);
#1444=ORIENTED_EDGE('',*,*,#999,.T.);
#1445=ORIENTED_EDGE('',*,*,#1000,.F.);
#1446=ORIENTED_EDGE('',*,*,#1079,.T.);
#1447=ORIENTED_EDGE('',*,*,#1017,.F.);
#1448=ORIENTED_EDGE('',*,*,#1034,.F.);
#1449=ORIENTED_EDGE('',*,*,#998,.T.);
#1450=ORIENTED_EDGE('',*,*,#932,.T.);
#1451=ORIENTED_EDGE('',*,*,#1019,.T.);
#1452=ORIENTED_EDGE('',*,*,#1078,.F.);
#1453=ORIENTED_EDGE('',*,*,#1080,.F.);
#1454=ORIENTED_EDGE('',*,*,#1081,.F.);
#1455=ORIENTED_EDGE('',*,*,#1082,.T.);
#1456=ORIENTED_EDGE('',*,*,#1083,.T.);
#1457=ORIENTED_EDGE('',*,*,#1084,.F.);
#1458=ORIENTED_EDGE('',*,*,#1083,.F.);
#1459=ORIENTED_EDGE('',*,*,#1085,.T.);
#1460=ORIENTED_EDGE('',*,*,#900,.T.);
#1461=ORIENTED_EDGE('',*,*,#1086,.F.);
#1462=ORIENTED_EDGE('',*,*,#898,.F.);
#1463=ORIENTED_EDGE('',*,*,#1087,.T.);
#1464=ORIENTED_EDGE('',*,*,#1081,.T.);
#1465=ORIENTED_EDGE('',*,*,#1082,.F.);
#1466=ORIENTED_EDGE('',*,*,#1087,.F.);
#1467=ORIENTED_EDGE('',*,*,#897,.F.);
#1468=ORIENTED_EDGE('',*,*,#1085,.F.);
#1469=ORIENTED_EDGE('',*,*,#1080,.T.);
#1470=ORIENTED_EDGE('',*,*,#1084,.T.);
#1471=ORIENTED_EDGE('',*,*,#899,.T.);
#1472=ORIENTED_EDGE('',*,*,#1086,.T.);
#1473=ORIENTED_EDGE('',*,*,#1088,.F.);
#1474=ORIENTED_EDGE('',*,*,#904,.F.);
#1475=ORIENTED_EDGE('',*,*,#1089,.T.);
#1476=ORIENTED_EDGE('',*,*,#880,.T.);
#1477=ORIENTED_EDGE('',*,*,#917,.F.);
#1478=ORIENTED_EDGE('',*,*,#881,.F.);
#1479=ORIENTED_EDGE('',*,*,#1089,.F.);
#1480=ORIENTED_EDGE('',*,*,#903,.F.);
#1481=ORIENTED_EDGE('',*,*,#964,.T.);
#1482=ORIENTED_EDGE('',*,*,#905,.T.);
#1483=ORIENTED_EDGE('',*,*,#1088,.T.);
#1484=ORIENTED_EDGE('',*,*,#879,.T.);
#1485=ORIENTED_EDGE('',*,*,#1069,.F.);
#1486=ORIENTED_EDGE('',*,*,#876,.F.);
#1487=ORIENTED_EDGE('',*,*,#950,.F.);
#1488=ORIENTED_EDGE('',*,*,#1021,.F.);
#1489=ORIENTED_EDGE('',*,*,#914,.F.);
#1490=ORIENTED_EDGE('',*,*,#887,.T.);
#1491=ORIENTED_EDGE('',*,*,#968,.F.);
#1492=ORIENTED_EDGE('',*,*,#966,.F.);
#1493=ORIENTED_EDGE('',*,*,#1045,.F.);
#1494=ORIENTED_EDGE('',*,*,#1012,.T.);
#1495=ORIENTED_EDGE('',*,*,#1037,.F.);
#1496=ORIENTED_EDGE('',*,*,#1047,.F.);
#1497=ORIENTED_EDGE('',*,*,#868,.F.);
#1498=ORIENTED_EDGE('',*,*,#1054,.F.);
#1499=ORIENTED_EDGE('',*,*,#1052,.F.);
#1500=ORIENTED_EDGE('',*,*,#937,.F.);
#1501=ORIENTED_EDGE('',*,*,#972,.F.);
#1502=ORIENTED_EDGE('',*,*,#969,.F.);
#1503=ORIENTED_EDGE('',*,*,#886,.T.);
#1504=ORIENTED_EDGE('',*,*,#975,.F.);
#1505=ORIENTED_EDGE('',*,*,#1042,.F.);
#1506=ORIENTED_EDGE('',*,*,#1040,.F.);
#1507=ORIENTED_EDGE('',*,*,#1013,.T.);
#1508=ORIENTED_EDGE('',*,*,#1044,.F.);
#1509=ORIENTED_EDGE('',*,*,#867,.T.);
#1510=ORIENTED_EDGE('',*,*,#1090,.T.);
#1511=ORIENTED_EDGE('',*,*,#1005,.T.);
#1512=ORIENTED_EDGE('',*,*,#1067,.F.);
#1513=ORIENTED_EDGE('',*,*,#1065,.F.);
#1514=ORIENTED_EDGE('',*,*,#1063,.F.);
#1515=ORIENTED_EDGE('',*,*,#1061,.F.);
#1516=ORIENTED_EDGE('',*,*,#1059,.F.);
#1517=ORIENTED_EDGE('',*,*,#1057,.F.);
#1518=ORIENTED_EDGE('',*,*,#1055,.F.);
#1519=ORIENTED_EDGE('',*,*,#1007,.F.);
#1520=ORIENTED_EDGE('',*,*,#1091,.T.);
#1521=ORIENTED_EDGE('',*,*,#865,.F.);
#1522=ORIENTED_EDGE('',*,*,#931,.F.);
#1523=ORIENTED_EDGE('',*,*,#909,.F.);
#1524=ORIENTED_EDGE('',*,*,#986,.F.);
#1525=ORIENTED_EDGE('',*,*,#996,.F.);
#1526=ORIENTED_EDGE('',*,*,#920,.F.);
#1527=ORIENTED_EDGE('',*,*,#980,.F.);
#1528=ORIENTED_EDGE('',*,*,#1001,.F.);
#1529=ORIENTED_EDGE('',*,*,#989,.T.);
#1530=ORIENTED_EDGE('',*,*,#1024,.F.);
#1531=ORIENTED_EDGE('',*,*,#922,.F.);
#1532=ORIENTED_EDGE('',*,*,#1003,.F.);
#1533=ORIENTED_EDGE('',*,*,#943,.F.);
#1534=ORIENTED_EDGE('',*,*,#870,.F.);
#1535=ORIENTED_EDGE('',*,*,#936,.F.);
#1536=ORIENTED_EDGE('',*,*,#985,.F.);
#1537=ORIENTED_EDGE('',*,*,#977,.F.);
#1538=ORIENTED_EDGE('',*,*,#1092,.F.);
#1539=ORIENTED_EDGE('',*,*,#1093,.F.);
#1540=ORIENTED_EDGE('',*,*,#1094,.T.);
#1541=ORIENTED_EDGE('',*,*,#1025,.T.);
#1542=ORIENTED_EDGE('',*,*,#1095,.T.);
#1543=ORIENTED_EDGE('',*,*,#1027,.F.);
#1544=ORIENTED_EDGE('',*,*,#1096,.F.);
#1545=ORIENTED_EDGE('',*,*,#1097,.T.);
#1546=ORIENTED_EDGE('',*,*,#1098,.F.);
#1547=ORIENTED_EDGE('',*,*,#1097,.F.);
#1548=ORIENTED_EDGE('',*,*,#1099,.T.);
#1549=ORIENTED_EDGE('',*,*,#1093,.T.);
#1550=ORIENTED_EDGE('',*,*,#1094,.F.);
#1551=ORIENTED_EDGE('',*,*,#1099,.F.);
#1552=ORIENTED_EDGE('',*,*,#1096,.T.);
#1553=ORIENTED_EDGE('',*,*,#1026,.T.);
#1554=ORIENTED_EDGE('',*,*,#1092,.T.);
#1555=ORIENTED_EDGE('',*,*,#1028,.F.);
#1556=ORIENTED_EDGE('',*,*,#1095,.F.);
#1557=ORIENTED_EDGE('',*,*,#1098,.T.);
#1558=ORIENTED_EDGE('',*,*,#1100,.F.);
#1559=ORIENTED_EDGE('',*,*,#994,.F.);
#1560=ORIENTED_EDGE('',*,*,#1101,.T.);
#1561=ORIENTED_EDGE('',*,*,#1009,.T.);
#1562=ORIENTED_EDGE('',*,*,#993,.T.);
#1563=ORIENTED_EDGE('',*,*,#1033,.T.);
#1564=ORIENTED_EDGE('',*,*,#1010,.T.);
#1565=ORIENTED_EDGE('',*,*,#1101,.F.);
#1566=ORIENTED_EDGE('',*,*,#995,.F.);
#1567=ORIENTED_EDGE('',*,*,#1100,.T.);
#1568=ORIENTED_EDGE('',*,*,#1008,.F.);
#1569=ORIENTED_EDGE('',*,*,#918,.F.);
#1570=ORIENTED_EDGE('',*,*,#1102,.T.);
#1571=ORIENTED_EDGE('',*,*,#1103,.F.);
#1572=ORIENTED_EDGE('',*,*,#1104,.F.);
#1573=ORIENTED_EDGE('',*,*,#1105,.T.);
#1574=ORIENTED_EDGE('',*,*,#1106,.T.);
#1575=ORIENTED_EDGE('',*,*,#1105,.F.);
#1576=ORIENTED_EDGE('',*,*,#1107,.F.);
#1577=ORIENTED_EDGE('',*,*,#896,.T.);
#1578=ORIENTED_EDGE('',*,*,#1108,.T.);
#1579=ORIENTED_EDGE('',*,*,#894,.F.);
#1580=ORIENTED_EDGE('',*,*,#1109,.F.);
#1581=ORIENTED_EDGE('',*,*,#1103,.T.);
#1582=ORIENTED_EDGE('',*,*,#1104,.T.);
#1583=ORIENTED_EDGE('',*,*,#1109,.T.);
#1584=ORIENTED_EDGE('',*,*,#893,.T.);
#1585=ORIENTED_EDGE('',*,*,#1107,.T.);
#1586=ORIENTED_EDGE('',*,*,#1102,.F.);
#1587=ORIENTED_EDGE('',*,*,#1106,.F.);
#1588=ORIENTED_EDGE('',*,*,#895,.F.);
#1589=ORIENTED_EDGE('',*,*,#1108,.F.);
#1590=ORIENTED_EDGE('',*,*,#1110,.T.);
#1591=ORIENTED_EDGE('',*,*,#890,.F.);
#1592=ORIENTED_EDGE('',*,*,#1111,.F.);
#1593=ORIENTED_EDGE('',*,*,#912,.T.);
#1594=ORIENTED_EDGE('',*,*,#913,.T.);
#1595=ORIENTED_EDGE('',*,*,#901,.T.);
#1596=ORIENTED_EDGE('',*,*,#1111,.T.);
#1597=ORIENTED_EDGE('',*,*,#889,.T.);
#1598=ORIENTED_EDGE('',*,*,#930,.F.);
#1599=ORIENTED_EDGE('',*,*,#891,.F.);
#1600=ORIENTED_EDGE('',*,*,#1110,.F.);
#1601=ORIENTED_EDGE('',*,*,#911,.F.);
#1602=ORIENTED_EDGE('',*,*,#1091,.F.);
#1603=ORIENTED_EDGE('',*,*,#1006,.F.);
#1604=ORIENTED_EDGE('',*,*,#1090,.F.);
#1605=ORIENTED_EDGE('',*,*,#866,.F.);
#1606=PLANE('',#1809);
#1607=PLANE('',#1810);
#1608=PLANE('',#1811);
#1609=PLANE('',#1812);
#1610=PLANE('',#1813);
#1611=PLANE('',#1814);
#1612=PLANE('',#1815);
#1613=PLANE('',#1816);
#1614=PLANE('',#1817);
#1615=PLANE('',#1818);
#1616=PLANE('',#1819);
#1617=PLANE('',#1820);
#1618=PLANE('',#1821);
#1619=PLANE('',#1822);
#1620=PLANE('',#1823);
#1621=PLANE('',#1824);
#1622=PLANE('',#1825);
#1623=PLANE('',#1826);
#1624=PLANE('',#1827);
#1625=PLANE('',#1828);
#1626=PLANE('',#1829);
#1627=PLANE('',#1830);
#1628=PLANE('',#1831);
#1629=PLANE('',#1832);
#1630=PLANE('',#1833);
#1631=PLANE('',#1834);
#1632=PLANE('',#1835);
#1633=PLANE('',#1836);
#1634=PLANE('',#1837);
#1635=PLANE('',#1838);
#1636=PLANE('',#1839);
#1637=PLANE('',#1840);
#1638=PLANE('',#1841);
#1639=PLANE('',#1842);
#1640=PLANE('',#1843);
#1641=PLANE('',#1844);
#1642=PLANE('',#1845);
#1643=PLANE('',#1846);
#1644=PLANE('',#1847);
#1645=PLANE('',#1848);
#1646=PLANE('',#1849);
#1647=PLANE('',#1850);
#1648=PLANE('',#1851);
#1649=PLANE('',#1852);
#1650=PLANE('',#1853);
#1651=PLANE('',#1854);
#1652=PLANE('',#1855);
#1653=PLANE('',#1856);
#1654=PLANE('',#1857);
#1655=PLANE('',#1858);
#1656=PLANE('',#1859);
#1657=PLANE('',#1860);
#1658=PLANE('',#1861);
#1659=PLANE('',#1862);
#1660=PLANE('',#1863);
#1661=PLANE('',#1864);
#1662=PLANE('',#1865);
#1663=PLANE('',#1866);
#1664=PLANE('',#1867);
#1665=PLANE('',#1868);
#1666=PLANE('',#1869);
#1667=PLANE('',#1870);
#1668=PLANE('',#1871);
#1669=PLANE('',#1872);
#1670=PLANE('',#1873);
#1671=PLANE('',#1874);
#1672=PLANE('',#1875);
#1673=PLANE('',#1876);
#1674=PLANE('',#1877);
#1675=PLANE('',#1878);
#1676=PLANE('',#1879);
#1677=PLANE('',#1880);
#1678=PLANE('',#1881);
#1679=PLANE('',#1882);
#1680=PLANE('',#1883);
#1681=PLANE('',#1884);
#1682=PLANE('',#1885);
#1683=PLANE('',#1886);
#1684=PLANE('',#1887);
#1685=PLANE('',#1888);
#1686=PLANE('',#1889);
#1687=PLANE('',#1890);
#1688=PLANE('',#1891);
#1689=PLANE('',#1892);
#1690=PLANE('',#1893);
#1691=PLANE('',#1894);
#1692=PLANE('',#1895);
#1693=PLANE('',#1896);
#1694=PLANE('',#1897);
#1695=PLANE('',#1898);
#1696=ADVANCED_FACE('',(#22,#15,#16),#1606,.F.);
#1697=ADVANCED_FACE('',(#23),#1607,.F.);
#1698=ADVANCED_FACE('',(#24),#1608,.F.);
#1699=ADVANCED_FACE('',(#25),#1609,.F.);
#1700=ADVANCED_FACE('',(#26),#1610,.F.);
#1701=ADVANCED_FACE('',(#27),#1611,.T.);
#1702=ADVANCED_FACE('',(#28),#1612,.F.);
#1703=ADVANCED_FACE('',(#29),#1613,.F.);
#1704=ADVANCED_FACE('',(#30),#1614,.F.);
#1705=ADVANCED_FACE('',(#31),#1615,.F.);
#1706=ADVANCED_FACE('',(#32),#1616,.F.);
#1707=ADVANCED_FACE('',(#33),#1617,.F.);
#1708=ADVANCED_FACE('',(#34),#1618,.F.);
#1709=ADVANCED_FACE('',(#35),#1619,.F.);
#1710=ADVANCED_FACE('',(#36),#1620,.F.);
#1711=ADVANCED_FACE('',(#37),#1621,.F.);
#1712=ADVANCED_FACE('',(#38),#1622,.F.);
#1713=ADVANCED_FACE('',(#39),#1623,.F.);
#1714=ADVANCED_FACE('',(#40),#1624,.F.);
#1715=ADVANCED_FACE('',(#41,#17),#1625,.F.);
#1716=ADVANCED_FACE('',(#42,#18),#1626,.F.);
#1717=ADVANCED_FACE('',(#43),#1627,.F.);
#1718=ADVANCED_FACE('',(#44),#1628,.F.);
#1719=ADVANCED_FACE('',(#45,#19),#1629,.F.);
#1720=ADVANCED_FACE('',(#46,#20,#21),#1630,.F.);
#1721=ADVANCED_FACE('',(#47),#1631,.F.);
#1722=ADVANCED_FACE('',(#48),#1632,.F.);
#1723=ADVANCED_FACE('',(#49),#1633,.F.);
#1724=ADVANCED_FACE('',(#50),#1634,.F.);
#1725=ADVANCED_FACE('',(#51),#1635,.F.);
#1726=ADVANCED_FACE('',(#52),#1636,.F.);
#1727=ADVANCED_FACE('',(#53),#1637,.T.);
#1728=ADVANCED_FACE('',(#54),#1638,.T.);
#1729=ADVANCED_FACE('',(#55),#1639,.F.);
#1730=ADVANCED_FACE('',(#56),#1640,.F.);
#1731=ADVANCED_FACE('',(#57),#1641,.F.);
#1732=ADVANCED_FACE('',(#58),#1642,.F.);
#1733=ADVANCED_FACE('',(#59),#1643,.F.);
#1734=ADVANCED_FACE('',(#60),#1644,.F.);
#1735=ADVANCED_FACE('',(#61),#1645,.F.);
#1736=ADVANCED_FACE('',(#62),#1646,.F.);
#1737=ADVANCED_FACE('',(#63),#1647,.F.);
#1738=ADVANCED_FACE('',(#64),#1648,.F.);
#1739=ADVANCED_FACE('',(#65),#1649,.T.);
#1740=ADVANCED_FACE('',(#66),#1650,.F.);
#1741=ADVANCED_FACE('',(#67),#1651,.T.);
#1742=ADVANCED_FACE('',(#68),#1652,.F.);
#1743=ADVANCED_FACE('',(#69),#1653,.F.);
#1744=ADVANCED_FACE('',(#70),#1654,.T.);
#1745=ADVANCED_FACE('',(#71),#1655,.F.);
#1746=ADVANCED_FACE('',(#72),#1656,.T.);
#1747=ADVANCED_FACE('',(#73),#1657,.F.);
#1748=ADVANCED_FACE('',(#74),#1658,.F.);
#1749=ADVANCED_FACE('',(#75),#1659,.T.);
#1750=ADVANCED_FACE('',(#76),#1660,.T.);
#1751=ADVANCED_FACE('',(#77),#1661,.T.);
#1752=ADVANCED_FACE('',(#78),#1662,.T.);
#1753=ADVANCED_FACE('',(#79),#1663,.T.);
#1754=ADVANCED_FACE('',(#80),#1664,.F.);
#1755=ADVANCED_FACE('',(#81),#1665,.T.);
#1756=ADVANCED_FACE('',(#82),#1666,.T.);
#1757=ADVANCED_FACE('',(#83),#1667,.F.);
#1758=ADVANCED_FACE('',(#84),#1668,.F.);
#1759=ADVANCED_FACE('',(#85),#1669,.F.);
#1760=ADVANCED_FACE('',(#86),#1670,.F.);
#1761=ADVANCED_FACE('',(#87),#1671,.T.);
#1762=ADVANCED_FACE('',(#88),#1672,.F.);
#1763=ADVANCED_FACE('',(#89),#1673,.F.);
#1764=ADVANCED_FACE('',(#90),#1674,.F.);
#1765=ADVANCED_FACE('',(#91),#1675,.T.);
#1766=ADVANCED_FACE('',(#92),#1676,.F.);
#1767=ADVANCED_FACE('',(#93),#1677,.F.);
#1768=ADVANCED_FACE('',(#94),#1678,.T.);
#1769=ADVANCED_FACE('',(#95),#1679,.T.);
#1770=ADVANCED_FACE('',(#96),#1680,.F.);
#1771=ADVANCED_FACE('',(#97),#1681,.T.);
#1772=ADVANCED_FACE('',(#98),#1682,.F.);
#1773=ADVANCED_FACE('',(#99),#1683,.T.);
#1774=ADVANCED_FACE('',(#100),#1684,.T.);
#1775=ADVANCED_FACE('',(#101),#1685,.F.);
#1776=ADVANCED_FACE('',(#102),#1686,.T.);
#1777=ADVANCED_FACE('',(#103),#1687,.F.);
#1778=ADVANCED_FACE('',(#104),#1688,.F.);
#1779=ADVANCED_FACE('',(#105),#1689,.F.);
#1780=ADVANCED_FACE('',(#106),#1690,.T.);
#1781=ADVANCED_FACE('',(#107),#1691,.F.);
#1782=ADVANCED_FACE('',(#108),#1692,.F.);
#1783=ADVANCED_FACE('',(#109),#1693,.T.);
#1784=ADVANCED_FACE('',(#110),#1694,.F.);
#1785=ADVANCED_FACE('',(#111),#1695,.F.);
#1786=CLOSED_SHELL('',(#1696,#1697,#1698,#1699,#1700,#1701,#1702,#1703,
#1704,#1705,#1706,#1707,#1708,#1709,#1710,#1711,#1712,#1713,#1714,#1715,
#1716,#1717,#1718,#1719,#1720,#1721,#1722,#1723,#1724,#1725,#1726,#1727,
#1728,#1729,#1730,#1731,#1732,#1733,#1734,#1735,#1736,#1737,#1738,#1739,
#1740,#1741,#1742,#1743,#1744,#1745,#1746,#1747,#1748,#1749,#1750,#1751,
#1752,#1753,#1754,#1755,#1756,#1757,#1758,#1759,#1760,#1761,#1762,#1763,
#1764,#1765,#1766,#1767,#1768,#1769,#1770,#1771,#1772,#1773,#1774,#1775,
#1776,#1777,#1778,#1779,#1780,#1781,#1782,#1783,#1784,#1785));
#1787=DERIVED_UNIT_ELEMENT(#1790,1.);
#1788=DERIVED_UNIT_ELEMENT(#2833,-3.);
#1789=DIMENSIONAL_EXPONENTS(1.,0.,0.,0.,0.,0.,0.);
#1790=(
CONVERSION_BASED_UNIT('gram',#1792)
MASS_UNIT()
NAMED_UNIT(#1789)
);
#1791=(
MASS_UNIT()
NAMED_UNIT(*)
SI_UNIT(.KILO.,.GRAM.)
);
#1792=MASS_MEASURE_WITH_UNIT(MASS_MEASURE(0.001),#1791);
#1793=DERIVED_UNIT((#1787,#1788));
#1794=MEASURE_REPRESENTATION_ITEM('density measure',
POSITIVE_RATIO_MEASURE(7.833),#1793);
#1795=PROPERTY_DEFINITION_REPRESENTATION(#1800,#1797);
#1796=PROPERTY_DEFINITION_REPRESENTATION(#1801,#1798);
#1797=REPRESENTATION('material name',(#1799),#2830);
#1798=REPRESENTATION('density',(#1794),#2830);
#1799=DESCRIPTIVE_REPRESENTATION_ITEM('SolidEdge_Galvanized steel',
'SolidEdge_Galvanized steel');
#1800=PROPERTY_DEFINITION('material property','material name',#2840);
#1801=PROPERTY_DEFINITION('material property','density of part',#2840);
#1802=DATE_TIME_ROLE('creation_date');
#1803=APPLIED_DATE_AND_TIME_ASSIGNMENT(#1804,#1802,(#2840));
#1804=DATE_AND_TIME(#1805,#1806);
#1805=CALENDAR_DATE(2018,2,4);
#1806=LOCAL_TIME(8,54,16.,#1807);
#1807=COORDINATED_UNIVERSAL_TIME_OFFSET(0,0,.BEHIND.);
#1808=AXIS2_PLACEMENT_3D('placement',#2328,#1899,#1900);
#1809=AXIS2_PLACEMENT_3D('',#2329,#1901,#1902);
#1810=AXIS2_PLACEMENT_3D('',#2402,#1939,#1940);
#1811=AXIS2_PLACEMENT_3D('',#2427,#1953,#1954);
#1812=AXIS2_PLACEMENT_3D('',#2435,#1960,#1961);
#1813=AXIS2_PLACEMENT_3D('',#2444,#1966,#1967);
#1814=AXIS2_PLACEMENT_3D('',#2453,#1972,#1973);
#1815=AXIS2_PLACEMENT_3D('',#2462,#1978,#1979);
#1816=AXIS2_PLACEMENT_3D('',#2465,#1982,#1983);
#1817=AXIS2_PLACEMENT_3D('',#2474,#1988,#1989);
#1818=AXIS2_PLACEMENT_3D('',#2485,#1996,#1997);
#1819=AXIS2_PLACEMENT_3D('',#2499,#2005,#2006);
#1820=AXIS2_PLACEMENT_3D('',#2517,#2016,#2017);
#1821=AXIS2_PLACEMENT_3D('',#2526,#2022,#2023);
#1822=AXIS2_PLACEMENT_3D('',#2530,#2026,#2027);
#1823=AXIS2_PLACEMENT_3D('',#2533,#2030,#2031);
#1824=AXIS2_PLACEMENT_3D('',#2537,#2034,#2035);
#1825=AXIS2_PLACEMENT_3D('',#2544,#2040,#2041);
#1826=AXIS2_PLACEMENT_3D('',#2550,#2045,#2046);
#1827=AXIS2_PLACEMENT_3D('',#2553,#2049,#2050);
#1828=AXIS2_PLACEMENT_3D('',#2559,#2054,#2055);
#1829=AXIS2_PLACEMENT_3D('',#2570,#2062,#2063);
#1830=AXIS2_PLACEMENT_3D('',#2581,#2070,#2071);
#1831=AXIS2_PLACEMENT_3D('',#2582,#2072,#2073);
#1832=AXIS2_PLACEMENT_3D('',#2598,#2083,#2084);
#1833=AXIS2_PLACEMENT_3D('',#2603,#2089,#2090);
#1834=AXIS2_PLACEMENT_3D('',#2653,#2119,#2120);
#1835=AXIS2_PLACEMENT_3D('',#2661,#2126,#2127);
#1836=AXIS2_PLACEMENT_3D('',#2665,#2130,#2131);
#1837=AXIS2_PLACEMENT_3D('',#2669,#2134,#2135);
#1838=AXIS2_PLACEMENT_3D('',#2673,#2138,#2139);
#1839=AXIS2_PLACEMENT_3D('',#2678,#2143,#2144);
#1840=AXIS2_PLACEMENT_3D('',#2680,#2146,#2147);
#1841=AXIS2_PLACEMENT_3D('',#2684,#2150,#2151);
#1842=AXIS2_PLACEMENT_3D('',#2688,#2154,#2155);
#1843=AXIS2_PLACEMENT_3D('',#2692,#2158,#2159);
#1844=AXIS2_PLACEMENT_3D('',#2697,#2163,#2164);
#1845=AXIS2_PLACEMENT_3D('',#2701,#2167,#2168);
#1846=AXIS2_PLACEMENT_3D('',#2705,#2171,#2172);
#1847=AXIS2_PLACEMENT_3D('',#2709,#2175,#2176);
#1848=AXIS2_PLACEMENT_3D('',#2713,#2179,#2180);
#1849=AXIS2_PLACEMENT_3D('',#2717,#2183,#2184);
#1850=AXIS2_PLACEMENT_3D('',#2720,#2187,#2188);
#1851=AXIS2_PLACEMENT_3D('',#2721,#2189,#2190);
#1852=AXIS2_PLACEMENT_3D('',#2722,#2191,#2192);
#1853=AXIS2_PLACEMENT_3D('',#2724,#2194,#2195);
#1854=AXIS2_PLACEMENT_3D('',#2725,#2196,#2197);
#1855=AXIS2_PLACEMENT_3D('',#2726,#2198,#2199);
#1856=AXIS2_PLACEMENT_3D('',#2732,#2203,#2204);
#1857=AXIS2_PLACEMENT_3D('',#2738,#2208,#2209);
#1858=AXIS2_PLACEMENT_3D('',#2741,#2212,#2213);
#1859=AXIS2_PLACEMENT_3D('',#2742,#2214,#2215);
#1860=AXIS2_PLACEMENT_3D('',#2743,#2216,#2217);
#1861=AXIS2_PLACEMENT_3D('',#2746,#2220,#2221);
#1862=AXIS2_PLACEMENT_3D('',#2747,#2222,#2223);
#1863=AXIS2_PLACEMENT_3D('',#2748,#2224,#2225);
#1864=AXIS2_PLACEMENT_3D('',#2757,#2230,#2231);
#1865=AXIS2_PLACEMENT_3D('',#2760,#2234,#2235);
#1866=AXIS2_PLACEMENT_3D('',#2763,#2238,#2239);
#1867=AXIS2_PLACEMENT_3D('',#2764,#2240,#2241);
#1868=AXIS2_PLACEMENT_3D('',#2765,#2242,#2243);
#1869=AXIS2_PLACEMENT_3D('',#2768,#2246,#2247);
#1870=AXIS2_PLACEMENT_3D('',#2769,#2248,#2249);
#1871=AXIS2_PLACEMENT_3D('',#2770,#2250,#2251);
#1872=AXIS2_PLACEMENT_3D('',#2771,#2252,#2253);
#1873=AXIS2_PLACEMENT_3D('',#2772,#2254,#2255);
#1874=AXIS2_PLACEMENT_3D('',#2773,#2256,#2257);
#1875=AXIS2_PLACEMENT_3D('',#2774,#2258,#2259);
#1876=AXIS2_PLACEMENT_3D('',#2775,#2260,#2261);
#1877=AXIS2_PLACEMENT_3D('',#2776,#2262,#2263);
#1878=AXIS2_PLACEMENT_3D('',#2778,#2265,#2266);
#1879=AXIS2_PLACEMENT_3D('',#2780,#2268,#2269);
#1880=AXIS2_PLACEMENT_3D('',#2781,#2270,#2271);
#1881=AXIS2_PLACEMENT_3D('',#2782,#2272,#2273);
#1882=AXIS2_PLACEMENT_3D('',#2783,#2274,#2275);
#1883=AXIS2_PLACEMENT_3D('',#2789,#2279,#2280);
#1884=AXIS2_PLACEMENT_3D('',#2795,#2284,#2285);
#1885=AXIS2_PLACEMENT_3D('',#2798,#2288,#2289);
#1886=AXIS2_PLACEMENT_3D('',#2799,#2290,#2291);
#1887=AXIS2_PLACEMENT_3D('',#2800,#2292,#2293);
#1888=AXIS2_PLACEMENT_3D('',#2803,#2296,#2297);
#1889=AXIS2_PLACEMENT_3D('',#2804,#2298,#2299);
#1890=AXIS2_PLACEMENT_3D('',#2805,#2300,#2301);
#1891=AXIS2_PLACEMENT_3D('',#2814,#2306,#2307);
#1892=AXIS2_PLACEMENT_3D('',#2817,#2310,#2311);
#1893=AXIS2_PLACEMENT_3D('',#2820,#2314,#2315);
#1894=AXIS2_PLACEMENT_3D('',#2821,#2316,#2317);
#1895=AXIS2_PLACEMENT_3D('',#2822,#2318,#2319);
#1896=AXIS2_PLACEMENT_3D('',#2825,#2322,#2323);
#1897=AXIS2_PLACEMENT_3D('',#2826,#2324,#2325);
#1898=AXIS2_PLACEMENT_3D('',#2827,#2326,#2327);
#1899=DIRECTION('axis',(0.,0.,1.));
#1900=DIRECTION('refdir',(1.,0.,0.));
#1901=DIRECTION('center_axis',(-1.06130382260261E-14,-1.,-2.84147705365001E-15));
#1902=DIRECTION('ref_axis',(0.,2.84147705365001E-15,-1.));
#1903=DIRECTION('',(0.,2.75335310107039E-15,-1.));
#1904=DIRECTION('',(-1.,1.08555140185571E-14,-5.55111512312564E-17));
#1905=DIRECTION('',(0.,1.40021758073122E-15,-1.));
#1906=DIRECTION('',(0.,-1.57009245868383E-15,1.));
#1907=DIRECTION('',(1.,-8.88178419700123E-15,0.));
#1908=DIRECTION('',(0.,-2.87351841667687E-15,1.));
#1909=DIRECTION('',(1.,-1.05898196195015E-14,0.));
#1910=DIRECTION('',(-1.30614473485312E-16,-2.87351841667687E-15,1.));
#1911=DIRECTION('',(-1.,8.88178419700123E-15,0.));
#1912=DIRECTION('',(0.,1.57009245868383E-15,-1.));
#1913=DIRECTION('',(0.,2.80043516146243E-15,-1.));
#1914=DIRECTION('',(-1.,1.06087977908626E-14,-5.55111512312564E-17));
#1915=DIRECTION('',(4.99600361081321E-17,2.75335310107039E-15,-1.));
#1916=DIRECTION('',(1.,-1.03620815631681E-14,0.));
#1917=DIRECTION('',(0.,-3.38024645202707E-15,1.));
#1918=DIRECTION('',(-1.,1.0547118733939E-14,0.));
#1919=DIRECTION('',(0.,-3.38024645202706E-15,1.));
#1920=DIRECTION('',(1.,-9.9920072216264E-15,0.));
#1921=DIRECTION('',(0.,3.14018491736765E-15,-1.));
#1922=DIRECTION('',(0.,3.14018491736765E-15,-1.));
#1923=DIRECTION('',(1.,-1.0547118733939E-14,0.));
#1924=DIRECTION('',(0.,4.18691322315687E-15,-1.));
#1925=DIRECTION('',(0.,1.57009245868378E-15,-1.));
#1926=DIRECTION('',(-1.,9.99200722162638E-15,0.));
#1927=DIRECTION('',(0.,-3.38024645202706E-15,1.));
#1928=DIRECTION('',(1.,-1.0547118733939E-14,0.));
#1929=DIRECTION('',(0.,-3.38024645202706E-15,1.));
#1930=DIRECTION('',(-1.,1.03620815631681E-14,0.));
#1931=DIRECTION('',(0.,-2.74290394319156E-15,1.));
#1932=DIRECTION('',(1.,-9.99200722162642E-15,1.38777878078145E-16));
#1933=DIRECTION('',(0.,-2.87351841667687E-15,1.));
#1934=DIRECTION('',(1.,-1.0547118733939E-14,0.));
#1935=DIRECTION('',(-1.30614473485312E-16,-2.87351841667687E-15,1.));
#1936=DIRECTION('',(-1.,1.0547118733939E-14,0.));
#1937=DIRECTION('',(-3.26536183713281E-17,-2.87351841667687E-15,1.));
#1938=DIRECTION('',(-1.,1.0547118733939E-14,0.));
#1939=DIRECTION('center_axis',(5.5511151231288E-17,2.84147705365001E-15,
-1.));
#1940=DIRECTION('ref_axis',(-1.,0.,-5.5511151231288E-17));
#1941=DIRECTION('',(-1.11022302462516E-14,-1.,-4.44089209850062E-15));
#1942=DIRECTION('',(1.,-1.07321559047098E-14,0.));
#1943=DIRECTION('',(-1.0547118733939E-14,-1.,-4.44089209850062E-15));
#1944=DIRECTION('',(-1.,9.99200722162642E-15,0.));
#1945=DIRECTION('',(-1.0547118733939E-14,-1.,-4.44089209850062E-15));
#1946=DIRECTION('',(1.,-1.1842378929335E-14,0.));
#1947=DIRECTION('',(1.06512021424976E-14,1.,3.33066907387547E-15));
#1948=DIRECTION('',(1.,-1.05898196195015E-14,0.));
#1949=DIRECTION('',(9.9920072216264E-15,1.,3.33066907387547E-15));
#1950=DIRECTION('',(1.,-1.03620815631681E-14,0.));
#1951=DIRECTION('',(-8.88178419700124E-15,-1.,-4.44089209850062E-15));
#1952=DIRECTION('',(1.,-9.99200722162641E-15,0.));
#1953=DIRECTION('center_axis',(-7.4652989871478E-15,-0.707106781186528,
-0.707106781186567));
#1954=DIRECTION('ref_axis',(-1.,0.,1.05575270747943E-14));
#1955=DIRECTION('',(-7.85046229341901E-15,-0.707106781186563,0.707106781186532));
#1956=DIRECTION('',(8.14163551391782E-15,0.707106781186567,-0.707106781186528));
#1957=DIRECTION('',(1.,-1.0547118733939E-14,0.));
#1958=DIRECTION('',(7.40148683083453E-15,0.707106781186549,-0.707106781186546));
#1959=DIRECTION('',(-7.06541606407711E-15,-0.707106781186563,0.707106781186532));
#1960=DIRECTION('center_axis',(7.46529898714789E-15,0.707106781186536,0.707106781186559));
#1961=DIRECTION('ref_axis',(1.,0.,-1.05575270747945E-14));
#1962=DIRECTION('',(9.42055475210267E-15,0.707106781186559,-0.707106781186536));
#1963=DIRECTION('',(-1.,1.03620815631681E-14,-9.25185853854296E-17));
#1964=DIRECTION('',(-6.28036983473512E-15,-0.707106781186559,0.707106781186536));
#1965=DIRECTION('',(1.,-1.07321559047098E-14,5.55111512312586E-17));
#1966=DIRECTION('center_axis',(-1.06130382260261E-14,-1.,-2.84147705365001E-15));
#1967=DIRECTION('ref_axis',(0.,2.84147705365001E-15,-1.));
#1968=DIRECTION('',(0.,2.84494650060197E-15,-1.));
#1969=DIRECTION('',(1.,-1.06111700622827E-14,6.40513283437591E-17));
#1970=DIRECTION('',(0.,2.84494650060197E-15,-1.));
#1971=DIRECTION('',(1.,-1.06111700622827E-14,0.));
#1972=DIRECTION('center_axis',(1.,-1.06130382260261E-14,5.55111512312578E-17));
#1973=DIRECTION('ref_axis',(5.55111512312578E-17,0.,-1.));
#1974=DIRECTION('',(9.42055475210259E-15,1.,2.84579258136433E-15));
#1975=DIRECTION('',(-8.14163551391747E-15,-0.707106781186548,0.707106781186547));
#1976=DIRECTION('',(-6.66133814775119E-15,-0.707106781186526,-0.707106781186569));
#1977=DIRECTION('',(6.66133814775069E-15,0.707106781186565,-0.70710678118653));
#1978=DIRECTION('center_axis',(-7.4652989871478E-15,-0.707106781186528,
-0.707106781186567));
#1979=DIRECTION('ref_axis',(-1.,0.,1.05575270747943E-14));
#1980=DIRECTION('',(-6.28036983473521E-15,-0.707106781186563,0.707106781186532));
#1981=DIRECTION('',(9.42055475210279E-15,0.707106781186562,-0.707106781186533));
#1982=DIRECTION('center_axis',(7.46529898714789E-15,0.707106781186536,0.707106781186559));
#1983=DIRECTION('ref_axis',(1.,0.,-1.05575270747945E-14));
#1984=DIRECTION('',(7.45793917874793E-15,0.707106781186559,-0.707106781186536));
#1985=DIRECTION('',(1.,-1.07321559047098E-14,5.55111512312573E-17));
#1986=DIRECTION('',(-7.55606995741566E-15,-0.707106781186559,0.707106781186536));
#1987=DIRECTION('',(1.,-1.07321559047098E-14,9.25185853854297E-17));
#1988=DIRECTION('center_axis',(-7.46529898714787E-15,-0.707106781186534,
-0.707106781186561));
#1989=DIRECTION('ref_axis',(-1.,0.,1.05575270747945E-14));
#1990=DIRECTION('',(7.32709814052432E-15,0.707106781186546,-0.707106781186549));
#1991=DIRECTION('',(8.14163551391789E-15,0.70710678118656,-0.707106781186535));
#1992=DIRECTION('',(1.,-1.0547118733939E-14,5.20417042793042E-17));
#1993=DIRECTION('',(7.77156117237617E-15,0.707106781186546,-0.707106781186549));
#1994=DIRECTION('',(7.58878021697161E-15,0.707106781186546,-0.707106781186549));
#1995=DIRECTION('',(1.,-1.02482125350014E-14,0.));
#1996=DIRECTION('center_axis',(7.46529898714801E-15,0.707106781186547,0.707106781186548));
#1997=DIRECTION('ref_axis',(1.,0.,-1.05575270747948E-14));
#1998=DIRECTION('',(1.,-8.88178419700126E-15,0.));
#1999=DIRECTION('',(-7.32709814052432E-15,-0.707106781186549,0.707106781186546));
#2000=DIRECTION('',(1.,-1.04190160772515E-14,0.));
#2001=DIRECTION('',(-7.58878021697161E-15,-0.707106781186549,0.707106781186546));
#2002=DIRECTION('',(-1.,1.1842378929335E-14,0.));
#2003=DIRECTION('',(-7.77156117237577E-15,-0.707106781186562,0.707106781186533));
#2004=DIRECTION('',(1.,-1.02695629777827E-14,0.));
#2005=DIRECTION('center_axis',(-1.,1.06130382260261E-14,-5.55111512312578E-17));
#2006=DIRECTION('ref_axis',(-5.55111512312578E-17,0.,1.));
#2007=DIRECTION('',(-1.12017406458497E-14,-1.,-2.88794876025814E-15));
#2008=DIRECTION('',(-7.06541606407681E-15,-0.707106781186544,-0.707106781186551));
#2009=DIRECTION('',(-7.77156117237658E-15,-0.707106781186566,0.707106781186529));
#2010=DIRECTION('',(-7.52168262413004E-15,-0.70710678118655,-0.707106781186545));
#2011=DIRECTION('',(6.6613381477507E-15,0.70710678118656,-0.707106781186535));
#2012=DIRECTION('',(-6.66133814775065E-15,-0.707106781186547,-0.707106781186549));
#2013=DIRECTION('',(-7.7715611723763E-15,-0.707106781186543,0.707106781186552));
#2014=DIRECTION('',(-7.52168262412977E-15,-0.707106781186536,-0.707106781186559));
#2015=DIRECTION('',(6.66133814775112E-15,0.707106781186554,-0.707106781186541));
#2016=DIRECTION('center_axis',(-1.,1.06130382260261E-14,-5.55111512312578E-17));
#2017=DIRECTION('ref_axis',(-5.55111512312578E-17,0.,1.));
#2018=DIRECTION('',(-7.54951656745533E-15,-0.707106781186561,0.707106781186534));
#2019=DIRECTION('',(-7.40148683083427E-15,-0.707106781186532,-0.707106781186563));
#2020=DIRECTION('',(6.66133814776083E-15,0.707106781186558,-0.707106781186537));
#2021=DIRECTION('',(-1.04672830578915E-14,-1.,-2.87850284092017E-15));
#2022=DIRECTION('center_axis',(1.,-1.06130382260261E-14,5.55111512312578E-17));
#2023=DIRECTION('ref_axis',(5.55111512312578E-17,0.,-1.));
#2024=DIRECTION('',(-6.66133814775116E-15,-0.707106781186539,-0.707106781186556));
#2025=DIRECTION('',(-7.77156117237594E-15,-0.707106781186565,0.70710678118653));
#2026=DIRECTION('center_axis',(-7.4652989871478E-15,-0.707106781186528,
-0.707106781186567));
#2027=DIRECTION('ref_axis',(-1.,0.,1.05575270747943E-14));
#2028=DIRECTION('',(-7.457939178748E-15,-0.707106781186562,0.707106781186533));
#2029=DIRECTION('',(7.55606995741578E-15,0.707106781186562,-0.707106781186533));
#2030=DIRECTION('center_axis',(-7.54380361008231E-15,-0.707106781186558,
0.707106781186537));
#2031=DIRECTION('ref_axis',(1.,0.,1.06685493772577E-14));
#2032=DIRECTION('',(-6.66133814775118E-15,-0.707106781186537,-0.707106781186559));
#2033=DIRECTION('',(1.,-9.99200722162641E-15,0.));
#2034=DIRECTION('center_axis',(7.46529898714801E-15,0.707106781186547,0.707106781186548));
#2035=DIRECTION('ref_axis',(1.,0.,-1.05575270747948E-14));
#2036=DIRECTION('',(-8.88178419700107E-15,-0.707106781186548,0.707106781186547));
#2037=DIRECTION('',(-6.66133814775664E-15,-0.707106781186548,0.707106781186548));
#2038=DIRECTION('',(1.,-1.0547118733939E-14,0.));
#2039=DIRECTION('',(-7.77156117238276E-15,-0.707106781186564,0.707106781186531));
#2040=DIRECTION('center_axis',(-7.54380361008242E-15,-0.707106781186568,
0.707106781186527));
#2041=DIRECTION('ref_axis',(1.,0.,1.0668549377258E-14));
#2042=DIRECTION('',(-5.92118946466744E-15,-0.707106781186527,-0.707106781186568));
#2043=DIRECTION('',(1.,-1.0547118733939E-14,0.));
#2044=DIRECTION('',(-6.66133814775087E-15,-0.707106781186526,-0.707106781186569));
#2045=DIRECTION('center_axis',(-7.4652989871478E-15,-0.707106781186528,
-0.707106781186567));
#2046=DIRECTION('ref_axis',(-1.,0.,1.05575270747943E-14));
#2047=DIRECTION('',(6.21724893790322E-15,0.707106781186567,-0.707106781186528));
#2048=DIRECTION('',(7.54951656745373E-15,0.707106781186568,-0.707106781186528));
#2049=DIRECTION('center_axis',(-5.5511151231288E-17,-2.84147705365001E-15,
1.));
#2050=DIRECTION('ref_axis',(1.,0.,5.5511151231288E-17));
#2051=DIRECTION('',(-1.03620815631683E-14,-1.,-3.70074341541726E-15));
#2052=DIRECTION('',(1.,-1.05898196195015E-14,0.));
#2053=DIRECTION('',(-1.07321559047101E-14,-1.,-3.70074341541726E-15));
#2054=DIRECTION('center_axis',(1.06130382260261E-14,1.,2.84147705365001E-15));
#2055=DIRECTION('ref_axis',(0.,-2.84147705365001E-15,1.));
#2056=DIRECTION('',(0.,-2.88657986402541E-15,1.));
#2057=DIRECTION('',(1.,-1.06581410364015E-14,0.));
#2058=DIRECTION('',(-2.77555756156289E-17,-2.88657986402541E-15,1.));
#2059=DIRECTION('',(1.,-1.06581410364015E-14,5.55111512312578E-17));
#2060=DIRECTION('',(0.,2.82602224450041E-15,-1.));
#2061=DIRECTION('',(0.,2.82602224450041E-15,-1.));
#2062=DIRECTION('center_axis',(7.54380361008216E-15,0.707106781186544,-0.707106781186551));
#2063=DIRECTION('ref_axis',(-1.,0.,-1.06685493772573E-14));
#2064=DIRECTION('',(7.56499093729456E-15,0.707106781186545,0.70710678118655));
#2065=DIRECTION('',(7.46239966868739E-15,0.707106781186545,0.70710678118655));
#2066=DIRECTION('',(1.,-1.0632520505064E-14,2.1350442781253E-17));
#2067=DIRECTION('',(7.37943455581374E-15,0.707106781186545,0.70710678118655));
#2068=DIRECTION('',(1.,-1.06581410364015E-14,5.55111512312578E-17));
#2069=DIRECTION('',(7.47756533448148E-15,0.707106781186545,0.70710678118655));
#2070=DIRECTION('center_axis',(-1.,1.06130382260261E-14,-5.55111512312578E-17));
#2071=DIRECTION('ref_axis',(-5.55111512312578E-17,0.,1.));
#2072=DIRECTION('center_axis',(1.06130382260261E-14,1.,2.84147705365001E-15));
#2073=DIRECTION('ref_axis',(0.,-2.84147705365001E-15,1.));
#2074=DIRECTION('',(1.,-1.06396373193244E-14,5.55111512312579E-17));
#2075=DIRECTION('',(0.,2.77555756156289E-15,-1.));
#2076=DIRECTION('',(1.,-1.0547118733939E-14,1.38777878078145E-16));
#2077=DIRECTION('',(0.,3.33066907387547E-15,-1.));
#2078=DIRECTION('',(0.,-2.77555756156289E-15,1.));
#2079=DIRECTION('',(-6.93889390390722E-17,-2.77555756156289E-15,1.));
#2080=DIRECTION('',(0.,3.33066907387547E-15,-1.));
#2081=DIRECTION('',(-1.,1.08246744900953E-14,-1.38777878078145E-16));
#2082=DIRECTION('',(0.,3.33066907387547E-15,-1.));
#2083=DIRECTION('center_axis',(5.5511151231288E-17,2.84147705365001E-15,
-1.));
#2084=DIRECTION('ref_axis',(-1.,0.,-5.5511151231288E-17));
#2085=DIRECTION('',(1.06581410364015E-14,1.,2.83106871279415E-15));
#2086=DIRECTION('',(1.06303854607859E-14,1.,2.88657986402541E-15));
#2087=DIRECTION('',(-1.06985127827514E-14,-1.,-2.82602224450037E-15));
#2088=DIRECTION('',(-1.04966540510014E-14,-1.,-2.82602224450037E-15));
#2089=DIRECTION('center_axis',(-5.5511151231288E-17,-2.84147705365001E-15,
1.));
#2090=DIRECTION('ref_axis',(1.,0.,5.5511151231288E-17));
#2091=DIRECTION('',(-9.80152306511852E-15,-1.,-2.88794876025814E-15));
#2092=DIRECTION('',(1.,-1.03620815631681E-14,4.62592926927149E-17));
#2093=DIRECTION('',(-1.06581410364015E-14,-1.,-2.84772205816353E-15));
#2094=DIRECTION('',(1.08167886464867E-14,1.,2.8309564035727E-15));
#2095=DIRECTION('',(1.,-1.06858966120171E-14,6.93889390390723E-17));
#2096=DIRECTION('',(1.08167886464867E-14,1.,2.8309564035727E-15));
#2097=DIRECTION('',(-1.,1.0547118733939E-14,-6.93889390390722E-17));
#2098=DIRECTION('',(-1.25607396694702E-14,-1.,-2.94392336003209E-15));
#2099=DIRECTION('',(-9.42055475210238E-15,-1.,-2.87850284092017E-15));
#2100=DIRECTION('',(1.,-1.06165076729781E-14,5.20417042793042E-17));
#2101=DIRECTION('',(1.09906472107865E-14,1.,2.94392336003209E-15));
#2102=DIRECTION('',(1.,-1.0547118733939E-14,6.93889390390722E-17));
#2103=DIRECTION('',(1.08167886464867E-14,1.,2.8309564035727E-15));
#2104=DIRECTION('',(-1.,1.06858966120171E-14,-6.93889390390723E-17));
#2105=DIRECTION('',(1.06477763238854E-14,1.,2.8309564035727E-15));
#2106=DIRECTION('',(-1.06192832305396E-14,-1.,-2.84772205816353E-15));
#2107=DIRECTION('',(1.,-1.03620815631681E-14,7.70988211545248E-17));
#2108=DIRECTION('',(-9.42055475210259E-15,-1.,-2.74766180269659E-15));
#2109=DIRECTION('',(1.05797723523103E-14,1.,1.82043922420154E-15));
#2110=DIRECTION('',(1.07103868257956E-14,1.,1.82043922420154E-15));
#2111=DIRECTION('',(1.,-1.0547118733939E-14,6.93889390390723E-17));
#2112=DIRECTION('',(1.05797723523104E-14,1.,1.82043922420156E-15));
#2113=DIRECTION('',(1.,-1.06165076729781E-14,6.93889390390724E-17));
#2114=DIRECTION('',(1.07103868257957E-14,1.,1.82043922420156E-15));
#2115=DIRECTION('',(-1.,1.06165076729781E-14,-6.93889390390723E-17));
#2116=DIRECTION('',(1.05797723523104E-14,1.,1.82043922420156E-15));
#2117=DIRECTION('',(-1.,1.0547118733939E-14,-6.93889390390723E-17));
#2118=DIRECTION('',(1.06124259706817E-14,1.,1.82043922420156E-15));
#2119=DIRECTION('center_axis',(7.46529898714789E-15,0.707106781186536,0.707106781186559));
#2120=DIRECTION('ref_axis',(1.,0.,-1.05575270747945E-14));
#2121=DIRECTION('',(7.8504622934189E-15,0.707106781186559,-0.707106781186536));
#2122=DIRECTION('',(7.06541606407698E-15,0.707106781186559,-0.707106781186536));
#2123=DIRECTION('',(-7.40148683083283E-15,-0.707106781186564,0.707106781186531));
#2124=DIRECTION('',(1.,-1.06165076729781E-14,6.93889390390723E-17));
#2125=DIRECTION('',(-8.14163551391611E-15,-0.707106781186545,0.70710678118655));
#2126=DIRECTION('center_axis',(1.,-1.06130382260261E-14,5.55111512312578E-17));
#2127=DIRECTION('ref_axis',(5.55111512312578E-17,0.,-1.));
#2128=DIRECTION('',(7.77156117237359E-15,0.707106781186558,-0.707106781186537));
#2129=DIRECTION('',(-6.6613381477508E-15,-0.707106781186535,-0.70710678118656));
#2130=DIRECTION('center_axis',(7.46529898714787E-15,0.707106781186534,0.707106781186561));
#2131=DIRECTION('ref_axis',(1.,0.,-1.05575270747944E-14));
#2132=DIRECTION('',(-7.10542735760502E-15,-0.707106781186561,0.707106781186534));
#2133=DIRECTION('',(1.,-1.06858966120171E-14,5.20417042793042E-17));
#2134=DIRECTION('center_axis',(-7.54380361008237E-15,-0.707106781186564,
0.707106781186531));
#2135=DIRECTION('ref_axis',(1.,0.,1.06685493772578E-14));
#2136=DIRECTION('',(-7.40148683083427E-15,-0.707106781186531,-0.707106781186564));
#2137=DIRECTION('',(1.,-1.0547118733939E-14,5.20417042793042E-17));
#2138=DIRECTION('center_axis',(-7.46529898714785E-15,-0.707106781186532,
-0.707106781186563));
#2139=DIRECTION('ref_axis',(-1.,0.,1.05575270747944E-14));
#2140=DIRECTION('',(6.66133814776082E-15,0.707106781186563,-0.707106781186532));
#2141=DIRECTION('',(6.66133814774878E-15,0.707106781186563,-0.707106781186532));
#2142=DIRECTION('',(1.,-1.06165076729781E-14,6.93889390390723E-17));
#2143=DIRECTION('center_axis',(-7.54380361008233E-15,-0.70710678118656,
0.707106781186535));
#2144=DIRECTION('ref_axis',(1.,0.,1.06685493772577E-14));
#2145=DIRECTION('',(-6.6613381477508E-15,-0.707106781186535,-0.70710678118656));
#2146=DIRECTION('center_axis',(-1.,1.06130382260261E-14,-5.55111512312578E-17));
#2147=DIRECTION('ref_axis',(-5.55111512312578E-17,0.,1.));
#2148=DIRECTION('',(-6.66133814775117E-15,-0.707106781186535,-0.70710678118656));
#2149=DIRECTION('',(-7.77156117237594E-15,-0.707106781186566,0.707106781186529));
#2150=DIRECTION('center_axis',(-1.,1.06130382260261E-14,-5.55111512312578E-17));
#2151=DIRECTION('ref_axis',(-5.55111512312578E-17,0.,1.));
#2152=DIRECTION('',(7.7715611723758E-15,0.707106781186553,-0.707106781186542));
#2153=DIRECTION('',(-6.66133814775119E-15,-0.707106781186526,-0.707106781186569));
#2154=DIRECTION('center_axis',(-7.54380361008235E-15,-0.707106781186562,
0.707106781186533));
#2155=DIRECTION('ref_axis',(1.,0.,1.06685493772578E-14));
#2156=DIRECTION('',(-6.66133814775119E-15,-0.707106781186533,-0.707106781186562));
#2157=DIRECTION('',(1.,-9.99200722162641E-15,5.20417042793042E-17));
#2158=DIRECTION('center_axis',(7.46529898714786E-15,0.707106781186533,0.707106781186562));
#2159=DIRECTION('ref_axis',(1.,0.,-1.05575270747944E-14));
#2160=DIRECTION('',(-8.88178419700107E-15,-0.707106781186562,0.707106781186533));
#2161=DIRECTION('',(-6.66133814775136E-15,-0.707106781186562,0.707106781186533));
#2162=DIRECTION('',(1.,-1.0547118733939E-14,6.93889390390723E-17));
#2163=DIRECTION('center_axis',(-7.54380361008218E-15,-0.707106781186546,
0.707106781186549));
#2164=DIRECTION('ref_axis',(1.,0.,1.06685493772573E-14));
#2165=DIRECTION('',(-8.35742513792226E-15,-0.70710678118655,-0.707106781186545));
#2166=DIRECTION('',(1.,-1.0547118733939E-14,6.93889390390723E-17));
#2167=DIRECTION('center_axis',(-7.46529898714788E-15,-0.707106781186535,
-0.70710678118656));
#2168=DIRECTION('ref_axis',(-1.,0.,1.05575270747945E-14));
#2169=DIRECTION('',(6.6613381477507E-15,0.70710678118656,-0.707106781186535));
#2170=DIRECTION('',(1.,-1.02695629777827E-14,5.20417042793042E-17));
#2171=DIRECTION('center_axis',(-7.54380361008222E-15,-0.70710678118655,
0.707106781186545));
#2172=DIRECTION('ref_axis',(1.,0.,1.06685493772574E-14));
#2173=DIRECTION('',(-6.66133814775066E-15,-0.707106781186545,-0.70710678118655));
#2174=DIRECTION('',(1.,-1.02695629777827E-14,5.63785129692462E-17));
#2175=DIRECTION('center_axis',(7.46529898714807E-15,0.707106781186552,0.707106781186543));
#2176=DIRECTION('ref_axis',(1.,0.,-1.0557527074795E-14));
#2177=DIRECTION('',(-6.66133814775112E-15,-0.707106781186543,0.707106781186552));
#2178=DIRECTION('',(1.,-1.02695629777827E-14,5.20417042793042E-17));
#2179=DIRECTION('center_axis',(-7.54380361008232E-15,-0.707106781186559,
0.707106781186536));
#2180=DIRECTION('ref_axis',(1.,0.,1.06685493772577E-14));
#2181=DIRECTION('',(-8.35742513792197E-15,-0.707106781186536,-0.707106781186559));
#2182=DIRECTION('',(1.,-1.02695629777827E-14,5.20417042793042E-17));
#2183=DIRECTION('center_axis',(-7.46529898714782E-15,-0.70710678118653,
-0.707106781186565));
#2184=DIRECTION('ref_axis',(-1.,0.,1.05575270747943E-14));
#2185=DIRECTION('',(8.88178419700151E-15,0.707106781186564,-0.707106781186531));
#2186=DIRECTION('',(1.,-1.0547118733939E-14,6.93889390390723E-17));
#2187=DIRECTION('center_axis',(-7.54380361008242E-15,-0.707106781186569,
0.707106781186526));
#2188=DIRECTION('ref_axis',(1.,0.,1.0668549377258E-14));
#2189=DIRECTION('center_axis',(-1.,1.06130382260261E-14,-5.55111512312578E-17));
#2190=DIRECTION('ref_axis',(-5.55111512312578E-17,0.,1.));
#2191=DIRECTION('center_axis',(-1.,1.06130382260261E-14,-5.55111512312578E-17));
#2192=DIRECTION('ref_axis',(-5.55111512312578E-17,0.,1.));
#2193=DIRECTION('',(7.35980840008002E-15,0.707106781186544,0.707106781186551));
#2194=DIRECTION('center_axis',(-1.,1.06130382260261E-14,-5.55111512312578E-17));
#2195=DIRECTION('ref_axis',(-5.55111512312578E-17,0.,1.));
#2196=DIRECTION('center_axis',(1.,-1.06130382260261E-14,5.55111512312578E-17));
#2197=DIRECTION('ref_axis',(5.55111512312578E-17,0.,-1.));
#2198=DIRECTION('center_axis',(7.46529898714804E-15,0.70710678118655,0.707106781186545));
#2199=DIRECTION('ref_axis',(1.,0.,-1.05575270747949E-14));
#2200=DIRECTION('',(7.65420073608351E-15,0.707106781186545,-0.70710678118655));
#2201=DIRECTION('',(7.45793917874804E-15,0.707106781186544,-0.707106781186551));
#2202=DIRECTION('',(-1.,1.0547118733939E-14,-6.93889390390723E-17));
#2203=DIRECTION('center_axis',(-5.5511151231288E-17,-2.84147705365001E-15,
1.));
#2204=DIRECTION('ref_axis',(1.,0.,5.5511151231288E-17));
#2205=DIRECTION('',(1.06581410364015E-14,1.,2.84032057133269E-15));
#2206=DIRECTION('',(1.05101112997848E-14,1.,2.84032057133269E-15));
#2207=DIRECTION('',(-1.,1.06165076729781E-14,-6.93889390390723E-17));
#2208=DIRECTION('center_axis',(1.06130382260261E-14,1.,2.84147705365001E-15));
#2209=DIRECTION('ref_axis',(0.,-2.84147705365001E-15,1.));
#2210=DIRECTION('',(0.,2.77555756156283E-15,-1.));
#2211=DIRECTION('',(0.,2.77555756156291E-15,-1.));
#2212=DIRECTION('center_axis',(1.,-1.06130382260261E-14,5.55111512312578E-17));
#2213=DIRECTION('ref_axis',(5.55111512312578E-17,0.,-1.));
#2214=DIRECTION('center_axis',(1.,-1.06130382260261E-14,5.55111512312578E-17));
#2215=DIRECTION('ref_axis',(5.55111512312578E-17,0.,-1.));
#2216=DIRECTION('center_axis',(6.04191657152952E-15,0.573576436351042,0.819152044288995));
#2217=DIRECTION('ref_axis',(1.,0.,-7.37581821793994E-15));
#2218=DIRECTION('',(8.80903576326814E-15,0.819152044288995,-0.573576436351042));
#2219=DIRECTION('',(8.7029028022649E-15,0.819152044288995,-0.573576436351042));
#2220=DIRECTION('center_axis',(1.,-1.06130382260261E-14,5.55111512312578E-17));
#2221=DIRECTION('ref_axis',(5.55111512312578E-17,0.,-1.));
#2222=DIRECTION('center_axis',(1.,-1.06130382260261E-14,5.55111512312578E-17));
#2223=DIRECTION('ref_axis',(5.55111512312578E-17,0.,-1.));
#2224=DIRECTION('center_axis',(1.06130382260261E-14,1.,2.84147705365001E-15));
#2225=DIRECTION('ref_axis',(0.,-2.84147705365001E-15,1.));
#2226=DIRECTION('',(7.40148683083438E-17,2.81256499571707E-15,-1.));
#2227=DIRECTION('',(-1.,1.0547118733939E-14,0.));
#2228=DIRECTION('',(0.,2.81256499571707E-15,-1.));
#2229=DIRECTION('',(-1.,9.99200722162642E-15,0.));
#2230=DIRECTION('center_axis',(7.46529898714801E-15,0.707106781186547,0.707106781186548));
#2231=DIRECTION('ref_axis',(1.,0.,-1.05575270747948E-14));
#2232=DIRECTION('',(7.65420073608338E-15,0.707106781186548,-0.707106781186547));
#2233=DIRECTION('',(7.06541606407697E-15,0.707106781186548,-0.707106781186547));
#2234=DIRECTION('center_axis',(5.55111512314675E-17,1.97550309444239E-14,
-1.));
#2235=DIRECTION('ref_axis',(-1.,0.,-5.55111512314675E-17));
#2236=DIRECTION('',(-1.0547118733939E-14,-1.,-1.99840144432528E-14));
#2237=DIRECTION('',(-1.0547118733939E-14,-1.,-1.99840144432528E-14));
#2238=DIRECTION('center_axis',(-1.,1.06130382260261E-14,-5.55111512312578E-17));
#2239=DIRECTION('ref_axis',(-5.55111512312578E-17,0.,1.));
#2240=DIRECTION('center_axis',(-1.,1.06130382260261E-14,-5.55111512312578E-17));
#2241=DIRECTION('ref_axis',(-5.55111512312578E-17,0.,1.));
#2242=DIRECTION('center_axis',(8.66185207066549E-15,0.819152044288987,0.573576436351052));
#2243=DIRECTION('ref_axis',(1.,0.,-1.51014782367456E-14));
#2244=DIRECTION('',(6.15571173818734E-15,0.573576436351052,-0.819152044288987));
#2245=DIRECTION('',(5.94344581618088E-15,0.573576436351052,-0.819152044288988));
#2246=DIRECTION('center_axis',(-1.,1.06130382260261E-14,-5.55111512312578E-17));
#2247=DIRECTION('ref_axis',(-5.55111512312578E-17,0.,1.));
#2248=DIRECTION('center_axis',(-1.,1.06130382260261E-14,-5.55111512312578E-17));
#2249=DIRECTION('ref_axis',(-5.55111512312578E-17,0.,1.));
#2250=DIRECTION('center_axis',(-7.54380361008224E-15,-0.707106781186551,
0.707106781186544));
#2251=DIRECTION('ref_axis',(1.,0.,1.06685493772575E-14));
#2252=DIRECTION('center_axis',(-1.,1.06130382260261E-14,-5.55111512312578E-17));
#2253=DIRECTION('ref_axis',(-5.55111512312578E-17,0.,1.));
#2254=DIRECTION('center_axis',(-1.,1.06130382260261E-14,-5.55111512312578E-17));
#2255=DIRECTION('ref_axis',(-5.55111512312578E-17,0.,1.));
#2256=DIRECTION('center_axis',(1.,-1.06130382260261E-14,5.55111512312578E-17));
#2257=DIRECTION('ref_axis',(5.55111512312578E-17,0.,-1.));
#2258=DIRECTION('center_axis',(1.,-1.06130382260261E-14,5.55111512312578E-17));
#2259=DIRECTION('ref_axis',(5.55111512312578E-17,0.,-1.));
#2260=DIRECTION('center_axis',(1.,-1.06130382260261E-14,5.55111512312578E-17));
#2261=DIRECTION('ref_axis',(5.55111512312578E-17,0.,-1.));
#2262=DIRECTION('center_axis',(1.,-1.06130382260261E-14,5.55111512312578E-17));
#2263=DIRECTION('ref_axis',(5.55111512312578E-17,0.,-1.));
#2264=DIRECTION('',(7.85046229341868E-15,0.707106781186543,0.707106781186552));
#2265=DIRECTION('center_axis',(1.,-1.06130382260261E-14,5.55111512312578E-17));
#2266=DIRECTION('ref_axis',(5.55111512312578E-17,0.,-1.));
#2267=DIRECTION('',(-9.4205547521031E-15,-0.707106781186542,-0.707106781186552));
#2268=DIRECTION('center_axis',(1.,-1.06130382260261E-14,5.55111512312578E-17));
#2269=DIRECTION('ref_axis',(5.55111512312578E-17,0.,-1.));
#2270=DIRECTION('center_axis',(1.,-1.06130382260261E-14,5.55111512312578E-17));
#2271=DIRECTION('ref_axis',(5.55111512312578E-17,0.,-1.));
#2272=DIRECTION('center_axis',(-1.,1.06130382260261E-14,-5.55111512312578E-17));
#2273=DIRECTION('ref_axis',(-5.55111512312578E-17,0.,1.));
#2274=DIRECTION('center_axis',(-7.46529898714804E-15,-0.70710678118655,
-0.707106781186545));
#2275=DIRECTION('ref_axis',(-1.,0.,1.05575270747949E-14));
#2276=DIRECTION('',(6.28036983473519E-15,0.707106781186544,-0.707106781186551));
#2277=DIRECTION('',(1.,-1.0547118733939E-14,6.93889390390724E-17));
#2278=DIRECTION('',(7.85046229341899E-15,0.707106781186545,-0.70710678118655));
#2279=DIRECTION('center_axis',(-1.06130382260261E-14,-1.,-2.84147705365001E-15));
#2280=DIRECTION('ref_axis',(0.,2.84147705365001E-15,-1.));
#2281=DIRECTION('',(0.,2.7755575615629E-15,-1.));
#2282=DIRECTION('',(0.,2.7755575615629E-15,-1.));
#2283=DIRECTION('',(1.,-1.06165076729781E-14,6.93889390390724E-17));
#2284=DIRECTION('center_axis',(5.5511151231288E-17,2.84147705365001E-15,
-1.));
#2285=DIRECTION('ref_axis',(-1.,0.,-5.5511151231288E-17));
#2286=DIRECTION('',(1.06581410364015E-14,1.,2.84032057133269E-15));
#2287=DIRECTION('',(1.06581410364015E-14,1.,2.84032057133269E-15));
#2288=DIRECTION('center_axis',(-1.,1.06130382260261E-14,-5.55111512312578E-17));
#2289=DIRECTION('ref_axis',(-5.55111512312578E-17,0.,1.));
#2290=DIRECTION('center_axis',(-1.,1.06130382260261E-14,-5.55111512312578E-17));
#2291=DIRECTION('ref_axis',(-5.55111512312578E-17,0.,1.));
#2292=DIRECTION('center_axis',(-6.04191657152952E-15,-0.573576436351042,
-0.819152044288995));
#2293=DIRECTION('ref_axis',(-1.,0.,7.37581821793994E-15));
#2294=DIRECTION('',(9.33970056828429E-15,0.819152044288995,-0.573576436351042));
#2295=DIRECTION('',(8.49063688025844E-15,0.819152044288995,-0.573576436351042));
#2296=DIRECTION('center_axis',(-1.,1.06130382260261E-14,-5.55111512312578E-17));
#2297=DIRECTION('ref_axis',(-5.55111512312578E-17,0.,1.));
#2298=DIRECTION('center_axis',(-1.,1.06130382260261E-14,-5.55111512312578E-17));
#2299=DIRECTION('ref_axis',(-5.55111512312578E-17,0.,1.));
#2300=DIRECTION('center_axis',(-1.06130382260261E-14,-1.,-2.84147705365001E-15));
#2301=DIRECTION('ref_axis',(0.,2.84147705365001E-15,-1.));
#2302=DIRECTION('',(0.,2.81256499571707E-15,-1.));
#2303=DIRECTION('',(1.,-9.99200722162642E-15,0.));
#2304=DIRECTION('',(0.,2.66453525910038E-15,-1.));
#2305=DIRECTION('',(1.,-1.0547118733939E-14,0.));
#2306=DIRECTION('center_axis',(-5.55111512314675E-17,-1.97550309444239E-14,
1.));
#2307=DIRECTION('ref_axis',(1.,0.,5.55111512314675E-17));
#2308=DIRECTION('',(-8.88178419700124E-15,-1.,-1.77635683940025E-14));
#2309=DIRECTION('',(-9.9920072216264E-15,-1.,-1.77635683940025E-14));
#2310=DIRECTION('center_axis',(-7.46529898714801E-15,-0.707106781186547,
-0.707106781186548));
#2311=DIRECTION('ref_axis',(-1.,0.,1.05575270747948E-14));
#2312=DIRECTION('',(6.2803698347351E-15,0.707106781186548,-0.707106781186547));
#2313=DIRECTION('',(7.06541606407699E-15,0.707106781186548,-0.707106781186547));
#2314=DIRECTION('center_axis',(1.,-1.06130382260261E-14,5.55111512312578E-17));
#2315=DIRECTION('ref_axis',(5.55111512312578E-17,0.,-1.));
#2316=DIRECTION('center_axis',(1.,-1.06130382260261E-14,5.55111512312578E-17));
#2317=DIRECTION('ref_axis',(5.55111512312578E-17,0.,-1.));
#2318=DIRECTION('center_axis',(-8.66185207066549E-15,-0.819152044288987,
-0.573576436351052));
#2319=DIRECTION('ref_axis',(-1.,0.,1.51014782367456E-14));
#2320=DIRECTION('',(5.94344581618088E-15,0.573576436351052,-0.819152044288988));
#2321=DIRECTION('',(5.94344581618088E-15,0.573576436351052,-0.819152044288987));
#2322=DIRECTION('center_axis',(1.,-1.06130382260261E-14,5.55111512312578E-17));
#2323=DIRECTION('ref_axis',(5.55111512312578E-17,0.,-1.));
#2324=DIRECTION('center_axis',(1.,-1.06130382260261E-14,5.55111512312578E-17));
#2325=DIRECTION('ref_axis',(5.55111512312578E-17,0.,-1.));
#2326=DIRECTION('center_axis',(-7.54380361008225E-15,-0.707106781186552,
0.707106781186543));
#2327=DIRECTION('ref_axis',(1.,0.,1.06685493772575E-14));
#2328=CARTESIAN_POINT('',(0.,0.,0.));
#2329=CARTESIAN_POINT('Origin',(0.00999996598522424,0.0199459825642831,
0.0214644660940674));
#2330=CARTESIAN_POINT('',(0.0269999659852242,0.0199459825642829,0.0250000000000001));
#2331=CARTESIAN_POINT('',(0.0269999659852242,0.019945982564283,9.0205620750794E-17));
#2332=CARTESIAN_POINT('',(0.0269999659852242,0.0199459825642829,0.0250000000000001));
#2333=CARTESIAN_POINT('',(0.0179999659852242,0.0199459825642831,9.0205620750794E-17));
#2334=CARTESIAN_POINT('',(0.0269999659852242,0.019945982564283,9.11493103217253E-17));
#2335=CARTESIAN_POINT('',(0.0179999659852242,0.0199459825642831,0.00158578643762699));
#2336=CARTESIAN_POINT('',(0.0179999659852242,0.0199459825642831,0.00158578643762699));
#2337=CARTESIAN_POINT('',(0.0179999659852242,0.0199459825642831,0.00300000000000004));
#2338=CARTESIAN_POINT('',(0.0179999659852242,0.0199459825642831,0.00158578643762699));
#2339=CARTESIAN_POINT('',(0.0172499659852242,0.0199459825642831,0.00300000000000004));
#2340=CARTESIAN_POINT('',(0.0172499659852242,0.0199459825642831,0.00300000000000004));
#2341=CARTESIAN_POINT('',(0.0172499659852242,0.019945982564283,0.0200000000000001));
#2342=CARTESIAN_POINT('',(0.0172499659852242,0.0199459825642831,0.00300000000000004));
#2343=CARTESIAN_POINT('',(0.0107499659852242,0.0199459825642831,0.0200000000000001));
#2344=CARTESIAN_POINT('',(0.0107499659852242,0.0199459825642831,0.0200000000000001));
#2345=CARTESIAN_POINT('',(0.0107499659852242,0.0199459825642832,0.00300000000000004));
#2346=CARTESIAN_POINT('',(0.0107499659852242,0.0199459825642832,0.00300000000000004));
#2347=CARTESIAN_POINT('',(0.00999996598522424,0.0199459825642832,0.00300000000000004));
#2348=CARTESIAN_POINT('',(0.0107499659852242,0.0199459825642832,0.00300000000000004));
#2349=CARTESIAN_POINT('',(0.00999996598522424,0.0199459825642832,0.00158578643762699));
#2350=CARTESIAN_POINT('',(0.00999996598522424,0.0199459825642832,0.00300000000000004));
#2351=CARTESIAN_POINT('',(0.00999996598522424,0.0199459825642832,9.0205620750794E-17));
#2352=CARTESIAN_POINT('',(0.00999996598522424,0.0199459825642832,0.00158578643762697));
#2353=CARTESIAN_POINT('',(0.000999965985224243,0.0199459825642834,9.0205620750794E-17));
#2354=CARTESIAN_POINT('',(0.00999996598522424,0.0199459825642832,9.0205620750794E-17));
#2355=CARTESIAN_POINT('',(0.000999965985224241,0.0199459825642832,0.0250000000000001));
#2356=CARTESIAN_POINT('',(0.000999965985224241,0.0199459825642832,0.0250000000000001));
#2357=CARTESIAN_POINT('',(0.00399996598522424,0.0199459825642832,0.0250000000000001));
#2358=CARTESIAN_POINT('',(0.00099996598522424,0.0199459825642832,0.0250000000000001));
#2359=CARTESIAN_POINT('',(0.00399996598522424,0.0199459825642832,0.0217155559797737));
#2360=CARTESIAN_POINT('',(0.00399996598522424,0.0199459825642832,0.0217155559797737));
#2361=CARTESIAN_POINT('',(0.00799996598522424,0.0199459825642831,0.0217155559797737));
#2362=CARTESIAN_POINT('',(0.00799996598522424,0.0199459825642831,0.0217155559797737));
#2363=CARTESIAN_POINT('',(0.00799996598522424,0.0199459825642831,0.0250000000000001));
#2364=CARTESIAN_POINT('',(0.00799996598522424,0.0199459825642831,0.0217155559797737));
#2365=CARTESIAN_POINT('',(0.00999996598522424,0.0199459825642831,0.025));
#2366=CARTESIAN_POINT('',(0.00799996598522424,0.0199459825642831,0.0250000000000001));
#2367=CARTESIAN_POINT('',(0.00999996598522424,0.0199459825642831,0.023585786437627));
#2368=CARTESIAN_POINT('',(0.00999996598522424,0.0199459825642831,0.025));
#2369=CARTESIAN_POINT('',(0.00999996598522424,0.0199459825642831,0.0214644660940674));
#2370=CARTESIAN_POINT('',(0.00999996598522424,0.0199459825642831,0.023585786437627));
#2371=CARTESIAN_POINT('',(0.0179999659852242,0.019945982564283,0.0214644660940674));
#2372=CARTESIAN_POINT('',(0.00999996598522424,0.0199459825642831,0.0214644660940674));
#2373=CARTESIAN_POINT('',(0.0179999659852242,0.019945982564283,0.023585786437627));
#2374=CARTESIAN_POINT('',(0.0179999659852242,0.019945982564283,0.023585786437627));
#2375=CARTESIAN_POINT('',(0.0179999659852242,0.019945982564283,0.0250000000000001));
#2376=CARTESIAN_POINT('',(0.0179999659852242,0.019945982564283,0.0250000000000001));
#2377=CARTESIAN_POINT('',(0.0199999659852242,0.019945982564283,0.0250000000000001));
#2378=CARTESIAN_POINT('',(0.0199999659852242,0.019945982564283,0.0250000000000001));
#2379=CARTESIAN_POINT('',(0.0199999659852242,0.019945982564283,0.0217155559797737));
#2380=CARTESIAN_POINT('',(0.0199999659852242,0.019945982564283,0.0217155559797737));
#2381=CARTESIAN_POINT('',(0.0239999659852242,0.019945982564283,0.0217155559797737));
#2382=CARTESIAN_POINT('',(0.0199999659852242,0.019945982564283,0.0217155559797737));
#2383=CARTESIAN_POINT('',(0.0239999659852242,0.019945982564283,0.0250000000000001));
#2384=CARTESIAN_POINT('',(0.0239999659852242,0.019945982564283,0.0217155559797737));
#2385=CARTESIAN_POINT('',(0.0269999659852242,0.0199459825642829,0.0250000000000001));
#2386=CARTESIAN_POINT('',(0.0199999659852242,0.0199459825642831,0.00300000000000004));
#2387=CARTESIAN_POINT('',(0.0199999659852242,0.019945982564283,0.0200000000000001));
#2388=CARTESIAN_POINT('',(0.0199999659852242,0.0199459825642831,0.00300000000000004));
#2389=CARTESIAN_POINT('',(0.0239999659852242,0.019945982564283,0.00300000000000004));
#2390=CARTESIAN_POINT('',(0.0199999659852242,0.0199459825642831,0.00300000000000004));
#2391=CARTESIAN_POINT('',(0.0239999659852242,0.019945982564283,0.0200000000000001));
#2392=CARTESIAN_POINT('',(0.0239999659852242,0.019945982564283,0.00300000000000004));
#2393=CARTESIAN_POINT('',(0.0199999659852242,0.019945982564283,0.0200000000000001));
#2394=CARTESIAN_POINT('',(0.00799996598522424,0.0199459825642832,0.00300000000000004));
#2395=CARTESIAN_POINT('',(0.00799996598522424,0.0199459825642831,0.0200000000000001));
#2396=CARTESIAN_POINT('',(0.00799996598522424,0.0199459825642832,0.00300000000000004));
#2397=CARTESIAN_POINT('',(0.00399996598522424,0.0199459825642832,0.0200000000000001));
#2398=CARTESIAN_POINT('',(0.00799996598522424,0.0199459825642831,0.0200000000000001));
#2399=CARTESIAN_POINT('',(0.00399996598522424,0.0199459825642832,0.00300000000000004));
#2400=CARTESIAN_POINT('',(0.00399996598522424,0.0199459825642832,0.00300000000000004));
#2401=CARTESIAN_POINT('',(0.00799996598522424,0.0199459825642832,0.00300000000000004));
#2402=CARTESIAN_POINT('Origin',(0.00999996598522423,0.0189459825642831,
0.026));
#2403=CARTESIAN_POINT('',(0.0199999659852242,0.018945982564283,0.026));
#2404=CARTESIAN_POINT('',(0.0199999659852242,0.016945982564283,0.026));
#2405=CARTESIAN_POINT('',(0.0199999659852242,0.018945982564283,0.026));
#2406=CARTESIAN_POINT('',(0.00799996598522423,0.0189459825642831,0.026));
#2407=CARTESIAN_POINT('',(0.00799996598522423,0.0189459825642831,0.026));
#2408=CARTESIAN_POINT('',(0.00799996598522421,0.0169459825642831,0.026));
#2409=CARTESIAN_POINT('',(0.00799996598522423,0.0189459825642831,0.026));
#2410=CARTESIAN_POINT('',(0.00399996598522421,0.0169459825642832,0.026));
#2411=CARTESIAN_POINT('',(0.00799996598522421,0.0169459825642831,0.026));
#2412=CARTESIAN_POINT('',(0.00399996598522423,0.0189459825642832,0.026));
#2413=CARTESIAN_POINT('',(0.00399996598522423,0.0189459825642832,0.026));
#2414=CARTESIAN_POINT('',(0.000999965985224231,0.0189459825642832,0.026));
#2415=CARTESIAN_POINT('',(0.000999965985224231,0.0189459825642832,0.026));
#2416=CARTESIAN_POINT('',(0.000999965985224187,0.0149459825642832,0.026));
#2417=CARTESIAN_POINT('',(0.000999965985224187,0.0149459825642832,0.026));
#2418=CARTESIAN_POINT('',(0.0269999659852242,0.0149459825642829,0.026));
#2419=CARTESIAN_POINT('',(0.000999965985224187,0.0149459825642832,0.026));
#2420=CARTESIAN_POINT('',(0.0269999659852242,0.0189459825642829,0.026));
#2421=CARTESIAN_POINT('',(0.0269999659852242,0.0149459825642829,0.026));
#2422=CARTESIAN_POINT('',(0.0239999659852242,0.018945982564283,0.026));
#2423=CARTESIAN_POINT('',(0.0239999659852242,0.018945982564283,0.026));
#2424=CARTESIAN_POINT('',(0.0239999659852242,0.016945982564283,0.026));
#2425=CARTESIAN_POINT('',(0.0239999659852242,0.018945982564283,0.026));
#2426=CARTESIAN_POINT('',(0.0199999659852242,0.016945982564283,0.026));
#2427=CARTESIAN_POINT('Origin',(0.00999996598522424,0.0199459825642831,
0.025));
#2428=CARTESIAN_POINT('',(0.0199999659852242,0.019945982564283,0.0250000000000001));
#2429=CARTESIAN_POINT('',(0.0179999659852243,0.0220673029078427,0.0228786796564405));
#2430=CARTESIAN_POINT('',(0.0179999659852242,0.019945982564283,0.025));
#2431=CARTESIAN_POINT('',(0.00999996598522426,0.0220673029078428,0.0228786796564405));
#2432=CARTESIAN_POINT('',(0.00999996598522426,0.0220673029078428,0.0228786796564405));
#2433=CARTESIAN_POINT('',(0.00999996598522424,0.0199459825642831,0.025));
#2434=CARTESIAN_POINT('',(0.00799996598522424,0.0199459825642831,0.0250000000000001));
#2435=CARTESIAN_POINT('Origin',(0.00399996598522396,-0.00705401743571665,
-3.46944695195361E-17));
#2436=CARTESIAN_POINT('',(0.023999965985224,-0.00705401743571687,-3.46944695195361E-17));
#2437=CARTESIAN_POINT('',(0.023999965985224,-0.00605401743571686,-0.00100000000000002));
#2438=CARTESIAN_POINT('',(0.023999965985224,-0.00705401743571687,-3.46944695195361E-17));
#2439=CARTESIAN_POINT('',(0.026999965985224,-0.00605401743571689,-0.00100000000000002));
#2440=CARTESIAN_POINT('',(0.026999965985224,-0.00605401743571689,-0.00100000000000002));
#2441=CARTESIAN_POINT('',(0.026999965985224,-0.0070540174357169,-3.46944695195361E-17));
#2442=CARTESIAN_POINT('',(0.026999965985224,-0.00605401743571689,-0.00100000000000002));
#2443=CARTESIAN_POINT('',(0.023999965985224,-0.00705401743571687,-3.3584246494911E-17));
#2444=CARTESIAN_POINT('Origin',(0.00999996598522402,-0.00105401743571682,
-0.000999999999999966));
#2445=CARTESIAN_POINT('',(0.017249965985224,-0.00105401743571692,0.00500000000000003));
#2446=CARTESIAN_POINT('',(0.017249965985224,-0.0010540174357169,-0.000999999999999966));
#2447=CARTESIAN_POINT('',(0.017249965985224,-0.00105401743571691,0.00500000000000003));
#2448=CARTESIAN_POINT('',(0.010749965985224,-0.00105401743571683,-0.000999999999999966));
#2449=CARTESIAN_POINT('',(0.010749965985224,-0.00105401743571683,-0.000999999999999966));
#2450=CARTESIAN_POINT('',(0.010749965985224,-0.00105401743571685,0.00500000000000003));
#2451=CARTESIAN_POINT('',(0.010749965985224,-0.00105401743571685,0.00500000000000003));
#2452=CARTESIAN_POINT('',(0.010749965985224,-0.00105401743571685,0.00500000000000003));
#2453=CARTESIAN_POINT('Origin',(0.0179999659852242,0.0139459825642832,0.00500000000000007));
#2454=CARTESIAN_POINT('',(0.0179999659852242,0.0159459825642831,-0.000999999999999966));
#2455=CARTESIAN_POINT('',(0.0179999659852242,0.0173601961266562,-0.000999999999999966));
#2456=CARTESIAN_POINT('',(0.0179999659852242,0.0159459825642831,-0.000999999999999974));
#2457=CARTESIAN_POINT('',(0.0179999659852242,0.0180673029078429,-0.00312132034355962));
#2458=CARTESIAN_POINT('',(0.0179999659852242,0.0180673029078429,-0.00312132034355963));
#2459=CARTESIAN_POINT('',(0.0179999659852242,0.0187744096890294,-0.00241421356237306));
#2460=CARTESIAN_POINT('',(0.0179999659852242,0.0187744096890294,-0.00241421356237306));
#2461=CARTESIAN_POINT('',(0.0179999659852242,0.0173601961266562,-0.000999999999999918));
#2462=CARTESIAN_POINT('Origin',(0.00999996598522424,0.0199459825642831,
0.025));
#2463=CARTESIAN_POINT('',(0.0239999659852242,0.019945982564283,0.0250000000000001));
#2464=CARTESIAN_POINT('',(0.0269999659852242,0.0189459825642829,0.026));
#2465=CARTESIAN_POINT('Origin',(0.00399996598522396,-0.00705401743571665,
-3.46944695195361E-17));
#2466=CARTESIAN_POINT('',(0.00399996598522396,-0.00705401743571665,-3.46944695195361E-17));
#2467=CARTESIAN_POINT('',(0.00399996598522397,-0.00605401743571665,-0.00100000000000003));
#2468=CARTESIAN_POINT('',(0.00399996598522396,-0.00705401743571665,-3.46944695195361E-17));
#2469=CARTESIAN_POINT('',(0.000999965985223955,-0.00705401743571663,-3.46944695195361E-17));
#2470=CARTESIAN_POINT('',(0.000999965985223955,-0.00705401743571662,-3.48610029732299E-17));
#2471=CARTESIAN_POINT('',(0.000999965985223967,-0.00605401743571662,-0.00100000000000003));
#2472=CARTESIAN_POINT('',(0.000999965985223967,-0.00605401743571662,-0.00100000000000003));
#2473=CARTESIAN_POINT('',(0.000999965985223967,-0.00605401743571661,-0.00100000000000003));
#2474=CARTESIAN_POINT('Origin',(0.00999996598522424,0.0199459825642832,
0.00300000000000004));
#2475=CARTESIAN_POINT('',(0.0172499659852242,0.0139459825642832,0.00900000000000007));
#2476=CARTESIAN_POINT('',(0.0172499659852242,0.0139459825642831,0.00900000000000002));
#2477=CARTESIAN_POINT('',(0.0179999659852243,0.0220673029078428,0.000878679656440499));
#2478=CARTESIAN_POINT('',(0.0179999659852242,0.0199459825642831,0.00300000000000004));
#2479=CARTESIAN_POINT('',(0.00999996598522426,0.0220673029078429,0.000878679656440499));
#2480=CARTESIAN_POINT('',(0.00999996598522426,0.0220673029078429,0.000878679656440499));
#2481=CARTESIAN_POINT('',(0.00999996598522424,0.0199459825642832,0.00300000000000005));
#2482=CARTESIAN_POINT('',(0.0107499659852242,0.0139459825642832,0.00900000000000007));
#2483=CARTESIAN_POINT('',(0.0107499659852242,0.0139459825642832,0.00900000000000002));
#2484=CARTESIAN_POINT('',(0.0107499659852242,0.0139459825642832,0.00900000000000007));
#2485=CARTESIAN_POINT('Origin',(0.00999996598522413,0.00994598256428326,
0.00500000000000007));
#2486=CARTESIAN_POINT('',(0.0172499659852242,0.0159459825642831,-0.000999999999999966));
#2487=CARTESIAN_POINT('',(0.0172499659852242,0.0159459825642831,-0.000999999999999966));
#2488=CARTESIAN_POINT('',(0.0172499659852241,0.00994598256428319,0.00500000000000007));
#2489=CARTESIAN_POINT('',(0.0172499659852242,0.0159459825642832,-0.000999999999999893));
#2490=CARTESIAN_POINT('',(0.0107499659852241,0.00994598256428326,0.00500000000000007));
#2491=CARTESIAN_POINT('',(0.0107499659852241,0.00994598256428326,0.00500000000000007));
#2492=CARTESIAN_POINT('',(0.0107499659852242,0.0159459825642832,-0.000999999999999966));
#2493=CARTESIAN_POINT('',(0.0107499659852242,0.0159459825642832,-0.000999999999999893));
#2494=CARTESIAN_POINT('',(0.0099999659852242,0.0159459825642832,-0.000999999999999966));
#2495=CARTESIAN_POINT('',(0.0107499659852242,0.0159459825642832,-0.000999999999999966));
#2496=CARTESIAN_POINT('',(0.00999996598522422,0.018067302907843,-0.00312132034355962));
#2497=CARTESIAN_POINT('',(0.00999996598522422,0.018067302907843,-0.00312132034355962));
#2498=CARTESIAN_POINT('',(0.00999996598522422,0.018067302907843,-0.00312132034355962));
#2499=CARTESIAN_POINT('Origin',(0.00999996598522395,-0.00705401743571672,
-0.00100000000000004));
#2500=CARTESIAN_POINT('',(0.00999996598522423,0.0189459825642832,-0.000999999999999959));
#2501=CARTESIAN_POINT('',(0.00999996598522421,0.0173601961266563,-0.000999999999999966));
#2502=CARTESIAN_POINT('',(0.00999996598522423,0.0189459825642832,-0.000999999999999969));
#2503=CARTESIAN_POINT('',(0.00999996598522424,0.0199459825642832,7.11236625150491E-17));
#2504=CARTESIAN_POINT('',(0.00999996598522424,0.0192388757830967,0.00229289321881349));
#2505=CARTESIAN_POINT('',(0.00999996598522424,0.0199459825642832,0.00158578643762703));
#2506=CARTESIAN_POINT('',(0.00999996598522422,0.0182995359548765,0.00135355339059334));
#2507=CARTESIAN_POINT('',(0.00999996598522424,0.0192388757830967,0.00229289321881351));
#2508=CARTESIAN_POINT('',(0.00999996598522423,0.0190066427360631,0.000646446609406791));
#2509=CARTESIAN_POINT('',(0.00999996598522422,0.0182995359548765,0.00135355339059335));
#2510=CARTESIAN_POINT('',(0.00999996598522422,0.0182995359548765,-6.06601717797681E-5));
#2511=CARTESIAN_POINT('',(0.00999996598522423,0.0190066427360631,0.000646446609406811));
#2512=CARTESIAN_POINT('',(0.00999996598522422,0.01759242917369,0.000646446609406784));
#2513=CARTESIAN_POINT('',(0.00999996598522422,0.0182995359548765,-6.06601717797498E-5));
#2514=CARTESIAN_POINT('',(0.00999996598522421,0.0166530893454698,-0.000292893218813421));
#2515=CARTESIAN_POINT('',(0.00999996598522422,0.01759242917369,0.000646446609406803));
#2516=CARTESIAN_POINT('',(0.00999996598522421,0.0166530893454698,-0.000292893218813396));
#2517=CARTESIAN_POINT('Origin',(0.00999996598522395,-0.00705401743571672,
-0.00100000000000004));
#2518=CARTESIAN_POINT('',(0.009999965985224,-0.00251848352978392,-0.00100000000000002));
#2519=CARTESIAN_POINT('',(0.00999996598522399,-0.00428625048274931,0.000767766952965328));
#2520=CARTESIAN_POINT('',(0.009999965985224,-0.00251848352978391,-0.00100000000000001));
#2521=CARTESIAN_POINT('',(0.00999996598522397,-0.00534691065452912,-0.000292893218814531));
#2522=CARTESIAN_POINT('',(0.00999996598522398,-0.00428625048274931,0.000767766952965329));
#2523=CARTESIAN_POINT('',(0.00999996598522398,-0.00463980387334362,-0.00100000000000003));
#2524=CARTESIAN_POINT('',(0.00999996598522397,-0.00534691065452913,-0.000292893218814542));
#2525=CARTESIAN_POINT('',(0.009999965985224,-0.00251848352978392,-0.00100000000000003));
#2526=CARTESIAN_POINT('Origin',(0.00999996598522418,0.0139459825642832,
0.026));
#2527=CARTESIAN_POINT('',(0.00999996598522426,0.0213601961266563,0.0221715728752539));
#2528=CARTESIAN_POINT('',(0.00999996598522426,0.0220673029078428,0.0228786796564405));
#2529=CARTESIAN_POINT('',(0.00999996598522426,0.0213601961266563,0.0221715728752539));
#2530=CARTESIAN_POINT('Origin',(0.00999996598522424,0.0199459825642831,
0.025));
#2531=CARTESIAN_POINT('',(0.00399996598522424,0.0199459825642832,0.0250000000000001));
#2532=CARTESIAN_POINT('',(0.000999965985224231,0.0189459825642832,0.026));
#2533=CARTESIAN_POINT('Origin',(0.00999996598522426,0.0220673029078428,
0.0228786796564405));
#2534=CARTESIAN_POINT('',(0.0179999659852243,0.0213601961266562,0.0221715728752539));
#2535=CARTESIAN_POINT('',(0.0179999659852243,0.0220673029078427,0.0228786796564405));
#2536=CARTESIAN_POINT('',(0.00999996598522426,0.0213601961266563,0.0221715728752539));
#2537=CARTESIAN_POINT('Origin',(0.00999996598522423,0.0192388757830972,
0.024292893218813));
#2538=CARTESIAN_POINT('',(0.0179999659852243,0.0213601961266562,0.0221715728752539));
#2539=CARTESIAN_POINT('',(0.0179999659852242,0.0192388757830971,0.024292893218813));
#2540=CARTESIAN_POINT('',(0.0179999659852242,0.0199459825642831,0.023585786437627));
#2541=CARTESIAN_POINT('',(0.00999996598522423,0.0192388757830972,0.024292893218813));
#2542=CARTESIAN_POINT('',(0.00999996598522423,0.0192388757830972,0.024292893218813));
#2543=CARTESIAN_POINT('',(0.00999996598522424,0.0199459825642832,0.023585786437627));
#2544=CARTESIAN_POINT('Origin',(0.00999996598522422,0.0181782156113174,
0.0232322330470331));
#2545=CARTESIAN_POINT('',(0.0179999659852242,0.0181782156113173,0.0232322330470331));
#2546=CARTESIAN_POINT('',(0.0179999659852242,0.0192388757830971,0.024292893218813));
#2547=CARTESIAN_POINT('',(0.00999996598522422,0.0181782156113174,0.0232322330470331));
#2548=CARTESIAN_POINT('',(0.00999996598522422,0.0181782156113174,0.0232322330470331));
#2549=CARTESIAN_POINT('',(0.00999996598522423,0.0192388757830972,0.024292893218813));
#2550=CARTESIAN_POINT('Origin',(0.00999996598522424,0.0199459825642831,
0.0214644660940674));
#2551=CARTESIAN_POINT('',(0.0179999659852242,0.0181782156113173,0.0232322330470331));
#2552=CARTESIAN_POINT('',(0.00999996598522422,0.0181782156113173,0.0232322330470331));
#2553=CARTESIAN_POINT('Origin',(0.00999996598522418,0.0139459825642832,
0.02));
#2554=CARTESIAN_POINT('',(0.0172499659852242,0.0139459825642832,0.02));
#2555=CARTESIAN_POINT('',(0.0172499659852242,0.019945982564283,0.0200000000000001));
#2556=CARTESIAN_POINT('',(0.0107499659852242,0.0139459825642832,0.02));
#2557=CARTESIAN_POINT('',(0.0107499659852242,0.0139459825642832,0.02));
#2558=CARTESIAN_POINT('',(0.0107499659852242,0.0199459825642831,0.0200000000000001));
#2559=CARTESIAN_POINT('Origin',(0.00999996598522418,0.0139459825642832,
0.025));
#2560=CARTESIAN_POINT('',(0.0239999659852242,0.0139459825642831,0.00500000000000007));
#2561=CARTESIAN_POINT('',(0.0239999659852242,0.0139459825642831,0.025));
#2562=CARTESIAN_POINT('',(0.0239999659852242,0.0139459825642831,0.00500000000000007));
#2563=CARTESIAN_POINT('',(0.00399996598522418,0.0139459825642833,0.025));
#2564=CARTESIAN_POINT('',(0.00399996598522418,0.0139459825642833,0.025));
#2565=CARTESIAN_POINT('',(0.00399996598522418,0.0139459825642833,0.00500000000000007));
#2566=CARTESIAN_POINT('',(0.00399996598522418,0.0139459825642833,0.00500000000000007));
#2567=CARTESIAN_POINT('',(0.00399996598522418,0.0139459825642833,0.00500000000000007));
#2568=CARTESIAN_POINT('',(0.0107499659852242,0.0139459825642832,0.02));
#2569=CARTESIAN_POINT('',(0.0172499659852242,0.0139459825642831,0.02));
#2570=CARTESIAN_POINT('Origin',(0.00999996598522419,0.0149459825642831,
0.026));
#2571=CARTESIAN_POINT('',(0.026999965985224,-0.0070540174357169,0.00399999999999997));
#2572=CARTESIAN_POINT('',(0.026999965985224,-0.0070540174357169,0.00399999999999997));
#2573=CARTESIAN_POINT('',(0.000999965985223955,-0.00705401743571663,0.00399999999999997));
#2574=CARTESIAN_POINT('',(0.000999965985223955,-0.00705401743571663,0.00399999999999997));
#2575=CARTESIAN_POINT('',(0.000999965985223955,-0.00705401743571662,0.00399999999999997));
#2576=CARTESIAN_POINT('',(0.023999965985224,-0.00605401743571688,0.00500000000000003));
#2577=CARTESIAN_POINT('',(0.023999965985224,-0.00605401743571686,0.00499999999999999));
#2578=CARTESIAN_POINT('',(0.00399996598522397,-0.00605401743571667,0.00500000000000002));
#2579=CARTESIAN_POINT('',(0.00399996598522397,-0.00605401743571667,0.00500000000000002));
#2580=CARTESIAN_POINT('',(0.00399996598522397,-0.00605401743571664,0.00499999999999999));
#2581=CARTESIAN_POINT('Origin',(0.00999996598522395,-0.00705401743571672,
-0.00100000000000004));
#2582=CARTESIAN_POINT('Origin',(0.00399996598522396,-0.00705401743571665,
0.00399999999999997));
#2583=CARTESIAN_POINT('',(0.00799996598522395,-0.0070540174357167,-3.46944695195361E-17));
#2584=CARTESIAN_POINT('',(0.019999965985224,-0.00705401743571683,-3.46944695195361E-17));
#2585=CARTESIAN_POINT('',(0.00799996598522395,-0.0070540174357167,-3.44724249146111E-17));
#2586=CARTESIAN_POINT('',(0.019999965985224,-0.00705401743571682,0.00199999999999997));
#2587=CARTESIAN_POINT('',(0.019999965985224,-0.00705401743571682,0.00199999999999997));
#2588=CARTESIAN_POINT('',(0.023999965985224,-0.00705401743571686,0.00199999999999997));
#2589=CARTESIAN_POINT('',(0.019999965985224,-0.00705401743571682,0.00199999999999997));
#2590=CARTESIAN_POINT('',(0.023999965985224,-0.00705401743571686,0.00199999999999997));
#2591=CARTESIAN_POINT('',(0.026999965985224,-0.0070540174357169,-3.46944695195361E-17));
#2592=CARTESIAN_POINT('',(0.000999965985223955,-0.00705401743571663,-3.46944695195361E-17));
#2593=CARTESIAN_POINT('',(0.00399996598522396,-0.00705401743571665,0.00199999999999997));
#2594=CARTESIAN_POINT('',(0.00399996598522396,-0.00705401743571665,0.00199999999999997));
#2595=CARTESIAN_POINT('',(0.00799996598522395,-0.0070540174357167,0.00199999999999997));
#2596=CARTESIAN_POINT('',(0.00799996598522395,-0.0070540174357167,0.00199999999999997));
#2597=CARTESIAN_POINT('',(0.00799996598522395,-0.0070540174357167,0.00199999999999997));
#2598=CARTESIAN_POINT('Origin',(0.00399996598522397,-0.00605401743571667,
0.00500000000000002));
#2599=CARTESIAN_POINT('',(0.023999965985224,-0.00605401743571687,0.00500000000000003));
#2600=CARTESIAN_POINT('',(0.00399996598522397,-0.00605401743571667,0.00500000000000002));
#2601=CARTESIAN_POINT('',(0.0172499659852241,0.00994598256428319,0.00500000000000006));
#2602=CARTESIAN_POINT('',(0.0107499659852241,0.00994598256428326,0.00500000000000006));
#2603=CARTESIAN_POINT('Origin',(0.00399996598522424,0.0199459825642833,
-0.000999999999999966));
#2604=CARTESIAN_POINT('',(0.0179999659852242,0.0189459825642831,-0.000999999999999959));
#2605=CARTESIAN_POINT('',(0.0179999659852242,0.0189459825642831,-0.000999999999999969));
#2606=CARTESIAN_POINT('',(0.0269999659852242,0.0189459825642831,-0.000999999999999911));
#2607=CARTESIAN_POINT('',(0.0179999659852242,0.0189459825642831,-0.000999999999999958));
#2608=CARTESIAN_POINT('',(0.0269999659852242,0.0189459825642831,-0.000999999999999962));
#2609=CARTESIAN_POINT('',(0.023999965985224,-0.00276957341549057,-0.00100000000000002));
#2610=CARTESIAN_POINT('',(0.023999965985224,-0.00605401743571686,-0.00100000000000002));
#2611=CARTESIAN_POINT('',(0.019999965985224,-0.00276957341549053,-0.00100000000000002));
#2612=CARTESIAN_POINT('',(0.019999965985224,-0.00276957341549053,-0.00100000000000002));
#2613=CARTESIAN_POINT('',(0.019999965985224,-0.00605401743571682,-0.00100000000000002));
#2614=CARTESIAN_POINT('',(0.019999965985224,-0.00605401743571682,-0.00100000000000002));
#2615=CARTESIAN_POINT('',(0.017999965985224,-0.0060540174357168,-0.00100000000000003));
#2616=CARTESIAN_POINT('',(0.019999965985224,-0.00605401743571682,-0.00100000000000002));
#2617=CARTESIAN_POINT('',(0.017999965985224,-0.00463980387334371,-0.00100000000000003));
#2618=CARTESIAN_POINT('',(0.017999965985224,-0.00463980387334371,-0.00100000000000004));
#2619=CARTESIAN_POINT('',(0.017999965985224,-0.002518483529784,-0.00100000000000002));
#2620=CARTESIAN_POINT('',(0.017999965985224,-0.002518483529784,-0.00100000000000003));
#2621=CARTESIAN_POINT('',(0.009999965985224,-0.00251848352978392,-0.00100000000000002));
#2622=CARTESIAN_POINT('',(0.00999996598522396,-0.00605401743571671,-0.00100000000000003));
#2623=CARTESIAN_POINT('',(0.00999996598522397,-0.00605401743571671,-0.00100000000000004));
#2624=CARTESIAN_POINT('',(0.00799996598522396,-0.00605401743571669,-0.00100000000000003));
#2625=CARTESIAN_POINT('',(0.00799996598522396,-0.00605401743571669,-0.00100000000000003));
#2626=CARTESIAN_POINT('',(0.007999965985224,-0.0027695734154904,-0.00100000000000002));
#2627=CARTESIAN_POINT('',(0.00799996598522396,-0.00605401743571669,-0.00100000000000003));
#2628=CARTESIAN_POINT('',(0.003999965985224,-0.00276957341549036,-0.00100000000000002));
#2629=CARTESIAN_POINT('',(0.007999965985224,-0.0027695734154904,-0.00100000000000002));
#2630=CARTESIAN_POINT('',(0.00399996598522397,-0.00605401743571665,-0.00100000000000003));
#2631=CARTESIAN_POINT('',(0.000999965985224231,0.0189459825642834,-0.000999999999999959));
#2632=CARTESIAN_POINT('',(0.000999965985224232,0.0189459825642834,-0.000999999999999969));
#2633=CARTESIAN_POINT('',(0.000999965985224231,0.0189459825642833,-0.000999999999999959));
#2634=CARTESIAN_POINT('',(0.00999996598522421,0.0173601961266563,-0.000999999999999974));
#2635=CARTESIAN_POINT('',(0.010749965985224,-0.00105401743571683,-0.000999999999999997));
#2636=CARTESIAN_POINT('',(0.017249965985224,-0.0010540174357169,-0.000999999999999997));
#2637=CARTESIAN_POINT('',(0.0199999659852242,0.0159459825642831,-0.000999999999999966));
#2638=CARTESIAN_POINT('',(0.0239999659852242,0.015945982564283,-0.000999999999999966));
#2639=CARTESIAN_POINT('',(0.0199999659852242,0.0159459825642831,-0.000999999999999966));
#2640=CARTESIAN_POINT('',(0.019999965985224,-0.00105401743571681,-0.000999999999999966));
#2641=CARTESIAN_POINT('',(0.019999965985224,-0.00105401743571681,-0.000999999999999962));
#2642=CARTESIAN_POINT('',(0.023999965985224,-0.00105401743571686,-0.000999999999999966));
#2643=CARTESIAN_POINT('',(0.019999965985224,-0.00105401743571681,-0.000999999999999966));
#2644=CARTESIAN_POINT('',(0.023999965985224,-0.00105401743571686,-0.000999999999999962));
#2645=CARTESIAN_POINT('',(0.00799996598522402,-0.00105401743571669,-0.000999999999999966));
#2646=CARTESIAN_POINT('',(0.00399996598522402,-0.00105401743571664,-0.00100000000000002));
#2647=CARTESIAN_POINT('',(0.00799996598522402,-0.00105401743571669,-0.000999999999999966));
#2648=CARTESIAN_POINT('',(0.0079999659852242,0.0159459825642832,-0.000999999999999966));
#2649=CARTESIAN_POINT('',(0.00799996598522402,-0.00105401743571669,-0.000999999999999962));
#2650=CARTESIAN_POINT('',(0.0039999659852242,0.0159459825642832,-0.000999999999999966));
#2651=CARTESIAN_POINT('',(0.0079999659852242,0.0159459825642832,-0.000999999999999966));
#2652=CARTESIAN_POINT('',(0.00399996598522402,-0.00105401743571664,-0.000999999999999962));
#2653=CARTESIAN_POINT('Origin',(0.00399996598522396,-0.00705401743571665,
-3.46944695195361E-17));
#2654=CARTESIAN_POINT('',(0.019999965985224,-0.00705401743571683,-3.46944695195361E-17));
#2655=CARTESIAN_POINT('',(0.00799996598522395,-0.0070540174357167,-3.46944695195361E-17));
#2656=CARTESIAN_POINT('',(0.00999996598522399,-0.00393269709215659,-0.00312132034356008));
#2657=CARTESIAN_POINT('',(0.00999996598522399,-0.00393269709215659,-0.00312132034356008));
#2658=CARTESIAN_POINT('',(0.017999965985224,-0.00393269709215668,-0.00312132034356008));
#2659=CARTESIAN_POINT('',(0.00999996598522399,-0.00393269709215659,-0.00312132034356008));
#2660=CARTESIAN_POINT('',(0.017999965985224,-0.00393269709215673,-0.00312132034356013));
#2661=CARTESIAN_POINT('Origin',(0.00999996598522395,-0.00728625048275042,
0.00376776695296631));
#2662=CARTESIAN_POINT('',(0.009999965985224,-0.00322559031097002,-0.00241421356237353));
#2663=CARTESIAN_POINT('',(0.00999996598522398,-0.00463980387334362,-0.00100000000000003));
#2664=CARTESIAN_POINT('',(0.009999965985224,-0.00322559031097002,-0.00241421356237353));
#2665=CARTESIAN_POINT('Origin',(0.00999996598522399,-0.00428625048274931,
0.000767766952965328));
#2666=CARTESIAN_POINT('',(0.017999965985224,-0.00428625048274939,0.000767766952965328));
#2667=CARTESIAN_POINT('',(0.017999965985224,-0.00251848352978399,-0.00100000000000001));
#2668=CARTESIAN_POINT('',(0.00999996598522399,-0.00428625048274931,0.000767766952965328));
#2669=CARTESIAN_POINT('Origin',(0.00999996598522397,-0.00534691065452912,
-0.000292893218814531));
#2670=CARTESIAN_POINT('',(0.017999965985224,-0.0053469106545292,-0.000292893218814531));
#2671=CARTESIAN_POINT('',(0.017999965985224,-0.00428625048274939,0.000767766952965329));
#2672=CARTESIAN_POINT('',(0.00999996598522397,-0.00534691065452912,-0.000292893218814531));
#2673=CARTESIAN_POINT('Origin',(0.00999996598522398,-0.00463980387334362,
-0.00100000000000003));
#2674=CARTESIAN_POINT('',(0.017999965985224,-0.00534691065452922,-0.000292893218814545));
#2675=CARTESIAN_POINT('',(0.017999965985224,-0.0032255903109701,-0.00241421356237353));
#2676=CARTESIAN_POINT('',(0.017999965985224,-0.00463980387334371,-0.00100000000000003));
#2677=CARTESIAN_POINT('',(0.009999965985224,-0.00322559031097002,-0.00241421356237353));
#2678=CARTESIAN_POINT('Origin',(0.009999965985224,-0.00322559031097002,
-0.00241421356237353));
#2679=CARTESIAN_POINT('',(0.017999965985224,-0.0032255903109701,-0.00241421356237353));
#2680=CARTESIAN_POINT('Origin',(0.00999996598522418,0.0139459825642833,
0.00500000000000007));
#2681=CARTESIAN_POINT('',(0.00999996598522426,0.0213601961266564,0.000171572875253947));
#2682=CARTESIAN_POINT('',(0.00999996598522426,0.0220673029078429,0.000878679656440499));
#2683=CARTESIAN_POINT('',(0.00999996598522426,0.0213601961266564,0.000171572875253947));
#2684=CARTESIAN_POINT('Origin',(0.00999996598522418,0.0139459825642833,
0.00500000000000007));
#2685=CARTESIAN_POINT('',(0.00999996598522423,0.0187744096890295,-0.00241421356237306));
#2686=CARTESIAN_POINT('',(0.00999996598522421,0.0173601961266563,-0.000999999999999918));
#2687=CARTESIAN_POINT('',(0.00999996598522423,0.0187744096890295,-0.00241421356237306));
#2688=CARTESIAN_POINT('Origin',(0.00999996598522426,0.0220673029078429,
0.000878679656440499));
#2689=CARTESIAN_POINT('',(0.0179999659852243,0.0213601961266563,0.000171572875253947));
#2690=CARTESIAN_POINT('',(0.0179999659852243,0.0220673029078428,0.000878679656440499));
#2691=CARTESIAN_POINT('',(0.00999996598522426,0.0213601961266564,0.000171572875253947));
#2692=CARTESIAN_POINT('Origin',(0.00999996598522424,0.0192388757830967,
0.00229289321881349));
#2693=CARTESIAN_POINT('',(0.0179999659852243,0.0213601961266563,0.000171572875253908));
#2694=CARTESIAN_POINT('',(0.0179999659852242,0.0192388757830966,0.00229289321881349));
#2695=CARTESIAN_POINT('',(0.0179999659852242,0.0199459825642831,0.001585786437627));
#2696=CARTESIAN_POINT('',(0.00999996598522424,0.0192388757830967,0.00229289321881349));
#2697=CARTESIAN_POINT('Origin',(0.00999996598522422,0.0182995359548765,
0.00135355339059334));
#2698=CARTESIAN_POINT('',(0.0179999659852242,0.0182995359548764,0.00135355339059334));
#2699=CARTESIAN_POINT('',(0.0179999659852242,0.0192388757830966,0.00229289321881351));
#2700=CARTESIAN_POINT('',(0.00999996598522422,0.0182995359548765,0.00135355339059334));
#2701=CARTESIAN_POINT('Origin',(0.00999996598522423,0.0190066427360631,
0.000646446609406791));
#2702=CARTESIAN_POINT('',(0.0179999659852242,0.019006642736063,0.000646446609406791));
#2703=CARTESIAN_POINT('',(0.0179999659852242,0.0182995359548764,0.00135355339059335));
#2704=CARTESIAN_POINT('',(0.00999996598522423,0.0190066427360631,0.000646446609406791));
#2705=CARTESIAN_POINT('Origin',(0.00999996598522422,0.0182995359548765,
-6.06601717797681E-5));
#2706=CARTESIAN_POINT('',(0.0179999659852242,0.0182995359548764,-6.06601717797681E-5));
#2707=CARTESIAN_POINT('',(0.0179999659852242,0.019006642736063,0.000646446609406811));
#2708=CARTESIAN_POINT('',(0.00999996598522422,0.0182995359548765,-6.06601717797681E-5));
#2709=CARTESIAN_POINT('Origin',(0.00999996598522422,0.01759242917369,0.000646446609406784));
#2710=CARTESIAN_POINT('',(0.0179999659852242,0.0175924291736899,0.000646446609406784));
#2711=CARTESIAN_POINT('',(0.0179999659852242,0.0182995359548764,-6.06601717797498E-5));
#2712=CARTESIAN_POINT('',(0.00999996598522422,0.01759242917369,0.000646446609406784));
#2713=CARTESIAN_POINT('Origin',(0.00999996598522421,0.0166530893454698,
-0.000292893218813421));
#2714=CARTESIAN_POINT('',(0.0179999659852242,0.0166530893454697,-0.000292893218813421));
#2715=CARTESIAN_POINT('',(0.0179999659852242,0.0175924291736899,0.000646446609406803));
#2716=CARTESIAN_POINT('',(0.00999996598522421,0.0166530893454698,-0.000292893218813421));
#2717=CARTESIAN_POINT('Origin',(0.00999996598522421,0.0173601961266564,
-0.000999999999999966));
#2718=CARTESIAN_POINT('',(0.0179999659852242,0.0166530893454697,-0.000292893218813407));
#2719=CARTESIAN_POINT('',(0.00999996598522423,0.0187744096890295,-0.00241421356237306));
#2720=CARTESIAN_POINT('Origin',(0.00999996598522423,0.0187744096890295,
-0.00241421356237306));
#2721=CARTESIAN_POINT('Origin',(0.00399996598522393,-0.00905401743571665,
0.00199999999999995));
#2722=CARTESIAN_POINT('Origin',(0.000999965985223934,-0.00905401743571662,
0.00199999999999995));
#2723=CARTESIAN_POINT('',(0.000999965985224231,0.0189459825642834,-0.000999999999999937));
#2724=CARTESIAN_POINT('Origin',(0.010749965985224,-0.00105401743571683,
-0.000999999999999966));
#2725=CARTESIAN_POINT('Origin',(0.0107499659852242,0.0199459825642831,0.0200000000000001));
#2726=CARTESIAN_POINT('Origin',(0.00799996598522403,0.000617769860304866,
0.0143282127039786));
#2727=CARTESIAN_POINT('',(0.00399996598522418,0.0139459825642834,0.00100000000000008));
#2728=CARTESIAN_POINT('',(0.00399996598522418,0.0139459825642834,0.00100000000000005));
#2729=CARTESIAN_POINT('',(0.00799996598522417,0.0139459825642833,0.00100000000000008));
#2730=CARTESIAN_POINT('',(0.00799996598522417,0.0139459825642833,0.00100000000000005));
#2731=CARTESIAN_POINT('',(0.00799996598522417,0.0139459825642833,0.00100000000000008));
#2732=CARTESIAN_POINT('Origin',(0.00799996598522407,0.0040943515796912,
0.00100000000000005));
#2733=CARTESIAN_POINT('',(0.00399996598522402,-0.00105401743571665,0.00100000000000002));
#2734=CARTESIAN_POINT('',(0.00399996598522402,-0.00105401743571665,0.00100000000000003));
#2735=CARTESIAN_POINT('',(0.00799996598522402,-0.0010540174357167,0.00100000000000002));
#2736=CARTESIAN_POINT('',(0.00799996598522402,-0.0010540174357167,0.00100000000000003));
#2737=CARTESIAN_POINT('',(0.00799996598522402,-0.0010540174357167,0.00100000000000002));
#2738=CARTESIAN_POINT('Origin',(0.00799996598522401,-0.00105401743571674,
0.0178047944233649));
#2739=CARTESIAN_POINT('',(0.00399996598522402,-0.00105401743571665,0.00100000000000002));
#2740=CARTESIAN_POINT('',(0.00799996598522402,-0.0010540174357167,0.00100000000000002));
#2741=CARTESIAN_POINT('Origin',(0.00799996598522407,0.00409435157969115,
0.0178047944233649));
#2742=CARTESIAN_POINT('Origin',(0.00399996598522407,0.0040943515796912,
0.0178047944233649));
#2743=CARTESIAN_POINT('Origin',(0.00799996598522395,-0.0070540174357167,
0.00199999999999997));
#2744=CARTESIAN_POINT('',(0.00399996598522396,-0.00705401743571665,0.00199999999999997));
#2745=CARTESIAN_POINT('',(0.00799996598522395,-0.0070540174357167,0.00199999999999997));
#2746=CARTESIAN_POINT('Origin',(0.00799996598522395,-0.0070540174357167,
-0.00100000000000004));
#2747=CARTESIAN_POINT('Origin',(0.00399996598522396,-0.00705401743571665,
-0.00100000000000004));
#2748=CARTESIAN_POINT('Origin',(0.00799996598522422,0.0179459825642831,
0.02));
#2749=CARTESIAN_POINT('',(0.00399996598522422,0.0179459825642832,0.02));
#2750=CARTESIAN_POINT('',(0.00399996598522422,0.0179459825642832,0.00500000000000004));
#2751=CARTESIAN_POINT('',(0.00399996598522422,0.0179459825642832,0.02));
#2752=CARTESIAN_POINT('',(0.00799996598522422,0.0179459825642831,0.02));
#2753=CARTESIAN_POINT('',(0.00799996598522422,0.0179459825642831,0.02));
#2754=CARTESIAN_POINT('',(0.00799996598522422,0.0179459825642832,0.00500000000000004));
#2755=CARTESIAN_POINT('',(0.00799996598522422,0.0179459825642831,0.02));
#2756=CARTESIAN_POINT('',(0.00799996598522422,0.0179459825642832,0.00500000000000004));
#2757=CARTESIAN_POINT('Origin',(0.00799996598522422,0.0179459825642832,
0.00500000000000004));
#2758=CARTESIAN_POINT('',(0.00399996598522422,0.0179459825642832,0.00500000000000004));
#2759=CARTESIAN_POINT('',(0.00799996598522422,0.0179459825642832,0.00500000000000004));
#2760=CARTESIAN_POINT('Origin',(0.00799996598522424,0.0199459825642831,
0.0200000000000001));
#2761=CARTESIAN_POINT('',(0.00399996598522424,0.0199459825642832,0.0200000000000001));
#2762=CARTESIAN_POINT('',(0.00799996598522424,0.0199459825642831,0.0200000000000001));
#2763=CARTESIAN_POINT('Origin',(0.00799996598522422,0.0179459825642831,
0.02));
#2764=CARTESIAN_POINT('Origin',(0.00399996598522422,0.0179459825642832,
0.02));
#2765=CARTESIAN_POINT('Origin',(0.00799996598522421,0.0169459825642831,
0.026));
#2766=CARTESIAN_POINT('',(0.00399996598522421,0.0169459825642832,0.026));
#2767=CARTESIAN_POINT('',(0.00799996598522421,0.0169459825642831,0.026));
#2768=CARTESIAN_POINT('Origin',(0.00799996598522424,0.0199459825642831,
0.0250000000000001));
#2769=CARTESIAN_POINT('Origin',(0.00399996598522424,0.0199459825642832,
0.0250000000000001));
#2770=CARTESIAN_POINT('Origin',(0.00399996598522423,0.0189459825642833,
-0.000999999999999959));
#2771=CARTESIAN_POINT('Origin',(0.0179999659852242,0.0139459825642831,0.026));
#2772=CARTESIAN_POINT('Origin',(0.017999965985224,-0.0072862504827505,0.00376776695296631));
#2773=CARTESIAN_POINT('Origin',(0.0179999659852242,0.0139459825642832,0.00500000000000007));
#2774=CARTESIAN_POINT('Origin',(0.017999965985224,-0.0070540174357168,-0.00100000000000004));
#2775=CARTESIAN_POINT('Origin',(0.017999965985224,-0.0070540174357168,-0.00100000000000004));
#2776=CARTESIAN_POINT('Origin',(0.017999965985224,-0.0070540174357168,-0.00100000000000004));
#2777=CARTESIAN_POINT('',(0.0179999659852242,0.0189459825642831,-0.000999999999999941));
#2778=CARTESIAN_POINT('Origin',(0.0269999659852239,-0.0090540174357169,
0.00199999999999996));
#2779=CARTESIAN_POINT('',(0.0269999659852242,0.019945982564283,6.41847686111419E-17));
#2780=CARTESIAN_POINT('Origin',(0.0239999659852239,-0.00905401743571687,
0.00199999999999996));
#2781=CARTESIAN_POINT('Origin',(0.017249965985224,-0.0010540174357169,-0.000999999999999966));
#2782=CARTESIAN_POINT('Origin',(0.0172499659852242,0.019945982564283,0.0200000000000001));
#2783=CARTESIAN_POINT('Origin',(0.019999965985224,0.000617769860304741,
0.0143282127039786));
#2784=CARTESIAN_POINT('',(0.0239999659852242,0.0139459825642831,0.00100000000000008));
#2785=CARTESIAN_POINT('',(0.0239999659852242,0.0139459825642831,0.00100000000000005));
#2786=CARTESIAN_POINT('',(0.0199999659852242,0.0139459825642832,0.00100000000000008));
#2787=CARTESIAN_POINT('',(0.0199999659852242,0.0139459825642832,0.00100000000000008));
#2788=CARTESIAN_POINT('',(0.0199999659852242,0.0139459825642832,0.00100000000000005));
#2789=CARTESIAN_POINT('Origin',(0.019999965985224,-0.00105401743571687,
0.0178047944233649));
#2790=CARTESIAN_POINT('',(0.023999965985224,-0.00105401743571686,0.00100000000000003));
#2791=CARTESIAN_POINT('',(0.023999965985224,-0.00105401743571686,0.00100000000000003));
#2792=CARTESIAN_POINT('',(0.019999965985224,-0.00105401743571682,0.00100000000000003));
#2793=CARTESIAN_POINT('',(0.019999965985224,-0.00105401743571682,0.00100000000000003));
#2794=CARTESIAN_POINT('',(0.019999965985224,-0.00105401743571682,0.00100000000000003));
#2795=CARTESIAN_POINT('Origin',(0.0199999659852241,0.00409435157969108,
0.00100000000000005));
#2796=CARTESIAN_POINT('',(0.023999965985224,-0.00105401743571686,0.00100000000000003));
#2797=CARTESIAN_POINT('',(0.019999965985224,-0.00105401743571682,0.00100000000000003));
#2798=CARTESIAN_POINT('Origin',(0.0199999659852241,0.00409435157969103,
0.0178047944233649));
#2799=CARTESIAN_POINT('Origin',(0.0239999659852241,0.00409435157969099,
0.0178047944233649));
#2800=CARTESIAN_POINT('Origin',(0.019999965985224,-0.00705401743571682,
0.00199999999999997));
#2801=CARTESIAN_POINT('',(0.023999965985224,-0.00705401743571686,0.00199999999999997));
#2802=CARTESIAN_POINT('',(0.019999965985224,-0.00705401743571682,0.00199999999999997));
#2803=CARTESIAN_POINT('Origin',(0.019999965985224,-0.00705401743571682,
-0.00100000000000003));
#2804=CARTESIAN_POINT('Origin',(0.023999965985224,-0.00705401743571686,
-0.00100000000000003));
#2805=CARTESIAN_POINT('Origin',(0.0199999659852242,0.017945982564283,0.02));
#2806=CARTESIAN_POINT('',(0.0239999659852242,0.017945982564283,0.02));
#2807=CARTESIAN_POINT('',(0.0239999659852242,0.017945982564283,0.00500000000000004));
#2808=CARTESIAN_POINT('',(0.0239999659852242,0.017945982564283,0.02));
#2809=CARTESIAN_POINT('',(0.0199999659852242,0.0179459825642831,0.00500000000000004));
#2810=CARTESIAN_POINT('',(0.0199999659852242,0.0179459825642831,0.00500000000000004));
#2811=CARTESIAN_POINT('',(0.0199999659852242,0.017945982564283,0.02));
#2812=CARTESIAN_POINT('',(0.0199999659852242,0.017945982564283,0.02));
#2813=CARTESIAN_POINT('',(0.0199999659852242,0.017945982564283,0.02));
#2814=CARTESIAN_POINT('Origin',(0.0199999659852242,0.019945982564283,0.0200000000000001));
#2815=CARTESIAN_POINT('',(0.0239999659852242,0.019945982564283,0.0200000000000001));
#2816=CARTESIAN_POINT('',(0.0199999659852242,0.019945982564283,0.0200000000000001));
#2817=CARTESIAN_POINT('Origin',(0.0199999659852242,0.0179459825642831,0.00500000000000004));
#2818=CARTESIAN_POINT('',(0.0239999659852242,0.017945982564283,0.00500000000000004));
#2819=CARTESIAN_POINT('',(0.0199999659852242,0.0179459825642831,0.00500000000000004));
#2820=CARTESIAN_POINT('Origin',(0.0199999659852242,0.017945982564283,0.02));
#2821=CARTESIAN_POINT('Origin',(0.0239999659852242,0.017945982564283,0.02));
#2822=CARTESIAN_POINT('Origin',(0.0199999659852242,0.016945982564283,0.026));
#2823=CARTESIAN_POINT('',(0.0239999659852242,0.016945982564283,0.026));
#2824=CARTESIAN_POINT('',(0.0199999659852242,0.016945982564283,0.026));
#2825=CARTESIAN_POINT('Origin',(0.0199999659852242,0.019945982564283,0.0250000000000001));
#2826=CARTESIAN_POINT('Origin',(0.0239999659852242,0.019945982564283,0.0250000000000001));
#2827=CARTESIAN_POINT('Origin',(0.00999996598522424,0.0199459825642832,
9.0205620750794E-17));
#2828=UNCERTAINTY_MEASURE_WITH_UNIT(LENGTH_MEASURE(1.E-5),#2832,
'DISTANCE_ACCURACY_VALUE',
'Maximum model space distance between geometric entities at asserted c
onnectivities');
#2829=UNCERTAINTY_MEASURE_WITH_UNIT(LENGTH_MEASURE(1.E-5),#2832,
'DISTANCE_ACCURACY_VALUE',
'Maximum model space distance between geometric entities at asserted c
onnectivities');
#2830=(
GEOMETRIC_REPRESENTATION_CONTEXT(3)
GLOBAL_UNCERTAINTY_ASSIGNED_CONTEXT((#2828))
GLOBAL_UNIT_ASSIGNED_CONTEXT((#2832,#2834,#2835))
REPRESENTATION_CONTEXT('','3D')
);
#2831=(
GEOMETRIC_REPRESENTATION_CONTEXT(3)
GLOBAL_UNCERTAINTY_ASSIGNED_CONTEXT((#2829))
GLOBAL_UNIT_ASSIGNED_CONTEXT((#2832,#2834,#2835))
REPRESENTATION_CONTEXT('','3D')
);
#2832=(
LENGTH_UNIT()
NAMED_UNIT(*)
SI_UNIT($,.METRE.)
);
#2833=(
LENGTH_UNIT()
NAMED_UNIT(*)
SI_UNIT(.CENTI.,.METRE.)
);
#2834=(
NAMED_UNIT(*)
PLANE_ANGLE_UNIT()
SI_UNIT($,.RADIAN.)
);
#2835=(
NAMED_UNIT(*)
SI_UNIT($,.STERADIAN.)
SOLID_ANGLE_UNIT()
);
#2836=SHAPE_DEFINITION_REPRESENTATION(#2837,#2838);
#2837=PRODUCT_DEFINITION_SHAPE('',$,#2840);
#2838=SHAPE_REPRESENTATION('',(#1808),#2830);
#2839=PRODUCT_DEFINITION_CONTEXT('part definition',#2844,'design');
#2840=PRODUCT_DEFINITION('CBR3030','CBR3030',#2841,#2839);
#2841=PRODUCT_DEFINITION_FORMATION('',$,#2846);
#2842=PRODUCT_RELATED_PRODUCT_CATEGORY('CBR3030','CBR3030',(#2846));
#2843=APPLICATION_PROTOCOL_DEFINITION('international standard',
'automotive_design',2009,#2844);
#2844=APPLICATION_CONTEXT(
'Core Data for Automotive Mechanical Design Process');
#2845=PRODUCT_CONTEXT('part definition',#2844,'mechanical');
#2846=PRODUCT('CBR3030','CBR3030',$,(#2845));
#2847=PRESENTATION_STYLE_ASSIGNMENT((#2849));
#2848=PRESENTATION_STYLE_ASSIGNMENT((#2850));
#2849=SURFACE_STYLE_USAGE(.BOTH.,#2855);
#2850=SURFACE_STYLE_USAGE(.BOTH.,#2856);
#2851=SURFACE_STYLE_RENDERING_WITH_PROPERTIES($,#2863,(#2853));
#2852=SURFACE_STYLE_RENDERING_WITH_PROPERTIES($,#2864,(#2854));
#2853=SURFACE_STYLE_TRANSPARENT(0.);
#2854=SURFACE_STYLE_TRANSPARENT(0.);
#2855=SURFACE_SIDE_STYLE('',(#2857,#2851));
#2856=SURFACE_SIDE_STYLE('',(#2858,#2852));
#2857=SURFACE_STYLE_FILL_AREA(#2859);
#2858=SURFACE_STYLE_FILL_AREA(#2860);
#2859=FILL_AREA_STYLE('',(#2861));
#2860=FILL_AREA_STYLE('',(#2862));
#2861=FILL_AREA_STYLE_COLOUR('',#2863);
#2862=FILL_AREA_STYLE_COLOUR('',#2864);
#2863=COLOUR_RGB('',0.749019607843137,0.749019607843137,0.749019607843137);
#2864=COLOUR_RGB('',0.819607843137255,0.819607843137255,0.819607843137255);
ENDSEC;
END-ISO-10303-21;
