ISO-10303-21;
HEADER;
/* Generated by software containing ST-Developer
 * from STEP Tools, Inc. (www.steptools.com) 
 */

FILE_DESCRIPTION(
/* description */ (''),
/* implementation_level */ '2;1');

FILE_NAME(
/* name */ 
'C:\\Users\\Jo\X\E3o Tinoco\\Desktop\\Wolweiss - STEP\\C. Connecting\\
5. CIB\\CIB08T.step',
/* time_stamp */ '2024-04-30T10:02:14+01:00',
/* author */ ('project'),
/* organization */ (''),
/* preprocessor_version */ 'ST-DEVELOPER v19',
/* originating_system */ 'Autodesk Inventor 2023',
/* authorisation */ '');

FILE_SCHEMA (('AUTOMOTIVE_DESIGN { 1 0 10303 214 3 1 1 }'));
ENDSEC;

DATA;
#10=MECHANICAL_DESIGN_GEOMETRIC_PRESENTATION_REPRESENTATION('',(#1043,#1044,
#1045,#1046,#1047,#1048,#1049,#1050,#1051,#1052,#1053,#1054,#1055,#1056,
#1057,#1058,#1059,#1060,#1061,#1062,#1063,#1064,#1065,#1066,#1067,#1068,
#1069,#1070,#1071,#1072,#1073,#1074,#1075,#1076,#1077,#1078,#1079,#1080,
#1081,#1082,#1083,#1084,#1085,#1086,#1087,#1088,#1089,#1090,#1091,#1092,
#1093,#1094,#1095,#1096,#1097,#1098,#1099,#1100,#1101,#1102,#1103),#1909);
#11=APPLIED_GROUP_ASSIGNMENT(#12,(#1168,#1169,#1170));
#12=GROUP('Composto1',$);
#13=CONICAL_SURFACE('',#1246,0.002,0.785398163397443);
#14=CONICAL_SURFACE('',#1251,0.003,0.785398163397443);
#15=CONICAL_SURFACE('',#1252,1.73205080756889,1.0471975511966);
#16=CONICAL_SURFACE('',#1272,0.002,0.785398163397443);
#17=CONICAL_SURFACE('',#1277,0.003,0.785398163397443);
#18=CONICAL_SURFACE('',#1278,1.73205080756889,1.0471975511966);
#19=FACE_BOUND('',#128,.T.);
#20=FACE_BOUND('',#130,.T.);
#21=FACE_BOUND('',#141,.T.);
#22=FACE_BOUND('',#148,.T.);
#23=FACE_BOUND('',#155,.T.);
#24=FACE_BOUND('',#172,.T.);
#25=CIRCLE('',#1202,0.00249999999999999);
#26=CIRCLE('',#1203,0.00249999999999999);
#27=CIRCLE('',#1228,0.0015);
#28=CIRCLE('',#1231,0.0024585);
#29=CIRCLE('',#1234,0.0015);
#30=CIRCLE('',#1237,0.0015);
#31=CIRCLE('',#1241,0.0015);
#32=CIRCLE('',#1242,0.0015);
#33=CIRCLE('',#1245,0.002);
#34=CIRCLE('',#1247,0.003);
#35=CIRCLE('',#1249,0.003);
#36=CIRCLE('',#1250,0.003);
#37=CIRCLE('',#1253,0.0015);
#38=CIRCLE('',#1254,0.0015);
#39=CIRCLE('',#1256,0.0015);
#40=CIRCLE('',#1259,0.0024585);
#41=CIRCLE('',#1264,0.0015);
#42=CIRCLE('',#1267,0.0015);
#43=CIRCLE('',#1268,0.0015);
#44=CIRCLE('',#1271,0.002);
#45=CIRCLE('',#1273,0.003);
#46=CIRCLE('',#1275,0.003);
#47=CIRCLE('',#1276,0.003);
#48=CIRCLE('',#1279,0.0015);
#49=CIRCLE('',#1280,0.0015);
#50=CIRCLE('',#1281,0.0015);
#51=ELLIPSE('',#1196,0.00250954959385836,0.00249999999999999);
#52=ELLIPSE('',#1197,0.00250954959385836,0.00249999999999999);
#53=CYLINDRICAL_SURFACE('',#1195,0.00249999999999999);
#54=CYLINDRICAL_SURFACE('',#1201,0.00249999999999999);
#55=CYLINDRICAL_SURFACE('',#1248,0.003);
#56=CYLINDRICAL_SURFACE('',#1274,0.003);
#57=FACE_OUTER_BOUND('',#118,.T.);
#58=FACE_OUTER_BOUND('',#119,.T.);
#59=FACE_OUTER_BOUND('',#120,.T.);
#60=FACE_OUTER_BOUND('',#121,.T.);
#61=FACE_OUTER_BOUND('',#122,.T.);
#62=FACE_OUTER_BOUND('',#123,.T.);
#63=FACE_OUTER_BOUND('',#124,.T.);
#64=FACE_OUTER_BOUND('',#125,.T.);
#65=FACE_OUTER_BOUND('',#126,.T.);
#66=FACE_OUTER_BOUND('',#127,.T.);
#67=FACE_OUTER_BOUND('',#129,.T.);
#68=FACE_OUTER_BOUND('',#131,.T.);
#69=FACE_OUTER_BOUND('',#132,.T.);
#70=FACE_OUTER_BOUND('',#133,.T.);
#71=FACE_OUTER_BOUND('',#134,.T.);
#72=FACE_OUTER_BOUND('',#135,.T.);
#73=FACE_OUTER_BOUND('',#136,.T.);
#74=FACE_OUTER_BOUND('',#137,.T.);
#75=FACE_OUTER_BOUND('',#138,.T.);
#76=FACE_OUTER_BOUND('',#139,.T.);
#77=FACE_OUTER_BOUND('',#140,.T.);
#78=FACE_OUTER_BOUND('',#142,.T.);
#79=FACE_OUTER_BOUND('',#143,.T.);
#80=FACE_OUTER_BOUND('',#144,.T.);
#81=FACE_OUTER_BOUND('',#145,.T.);
#82=FACE_OUTER_BOUND('',#146,.T.);
#83=FACE_OUTER_BOUND('',#147,.T.);
#84=FACE_OUTER_BOUND('',#149,.T.);
#85=FACE_OUTER_BOUND('',#150,.T.);
#86=FACE_OUTER_BOUND('',#151,.T.);
#87=FACE_OUTER_BOUND('',#152,.T.);
#88=FACE_OUTER_BOUND('',#153,.T.);
#89=FACE_OUTER_BOUND('',#154,.T.);
#90=FACE_OUTER_BOUND('',#156,.T.);
#91=FACE_OUTER_BOUND('',#157,.T.);
#92=FACE_OUTER_BOUND('',#158,.T.);
#93=FACE_OUTER_BOUND('',#159,.T.);
#94=FACE_OUTER_BOUND('',#160,.T.);
#95=FACE_OUTER_BOUND('',#161,.T.);
#96=FACE_OUTER_BOUND('',#162,.T.);
#97=FACE_OUTER_BOUND('',#163,.T.);
#98=FACE_OUTER_BOUND('',#164,.T.);
#99=FACE_OUTER_BOUND('',#165,.T.);
#100=FACE_OUTER_BOUND('',#166,.T.);
#101=FACE_OUTER_BOUND('',#167,.T.);
#102=FACE_OUTER_BOUND('',#168,.T.);
#103=FACE_OUTER_BOUND('',#169,.T.);
#104=FACE_OUTER_BOUND('',#170,.T.);
#105=FACE_OUTER_BOUND('',#171,.T.);
#106=FACE_OUTER_BOUND('',#173,.T.);
#107=FACE_OUTER_BOUND('',#174,.T.);
#108=FACE_OUTER_BOUND('',#175,.T.);
#109=FACE_OUTER_BOUND('',#176,.T.);
#110=FACE_OUTER_BOUND('',#177,.T.);
#111=FACE_OUTER_BOUND('',#178,.T.);
#112=FACE_OUTER_BOUND('',#179,.T.);
#113=FACE_OUTER_BOUND('',#180,.T.);
#114=FACE_OUTER_BOUND('',#181,.T.);
#115=FACE_OUTER_BOUND('',#182,.T.);
#116=FACE_OUTER_BOUND('',#183,.T.);
#117=FACE_OUTER_BOUND('',#184,.T.);
#118=EDGE_LOOP('',(#695,#696,#697,#698));
#119=EDGE_LOOP('',(#699,#700,#701,#702,#703,#704,#705,#706,#707,#708,#709,
#710,#711,#712));
#120=EDGE_LOOP('',(#713,#714,#715,#716));
#121=EDGE_LOOP('',(#717,#718,#719,#720));
#122=EDGE_LOOP('',(#721,#722,#723,#724));
#123=EDGE_LOOP('',(#725,#726,#727,#728));
#124=EDGE_LOOP('',(#729,#730,#731,#732));
#125=EDGE_LOOP('',(#733,#734,#735,#736));
#126=EDGE_LOOP('',(#737,#738,#739,#740,#741,#742,#743,#744,#745,#746,#747,
#748,#749,#750));
#127=EDGE_LOOP('',(#751,#752,#753,#754));
#128=EDGE_LOOP('',(#755));
#129=EDGE_LOOP('',(#756,#757,#758,#759));
#130=EDGE_LOOP('',(#760));
#131=EDGE_LOOP('',(#761,#762,#763,#764));
#132=EDGE_LOOP('',(#765,#766,#767,#768));
#133=EDGE_LOOP('',(#769,#770,#771,#772));
#134=EDGE_LOOP('',(#773,#774,#775,#776));
#135=EDGE_LOOP('',(#777,#778,#779,#780));
#136=EDGE_LOOP('',(#781,#782,#783,#784));
#137=EDGE_LOOP('',(#785,#786,#787,#788));
#138=EDGE_LOOP('',(#789,#790,#791,#792,#793,#794,#795,#796,#797,#798,#799,
#800));
#139=EDGE_LOOP('',(#801,#802,#803,#804));
#140=EDGE_LOOP('',(#805,#806,#807,#808));
#141=EDGE_LOOP('',(#809));
#142=EDGE_LOOP('',(#810,#811,#812,#813));
#143=EDGE_LOOP('',(#814,#815,#816,#817));
#144=EDGE_LOOP('',(#818,#819,#820,#821));
#145=EDGE_LOOP('',(#822,#823,#824,#825));
#146=EDGE_LOOP('',(#826,#827,#828,#829));
#147=EDGE_LOOP('',(#830,#831,#832,#833));
#148=EDGE_LOOP('',(#834));
#149=EDGE_LOOP('',(#835,#836,#837,#838));
#150=EDGE_LOOP('',(#839,#840,#841,#842));
#151=EDGE_LOOP('',(#843,#844,#845,#846));
#152=EDGE_LOOP('',(#847,#848,#849));
#153=EDGE_LOOP('',(#850,#851,#852,#853,#854));
#154=EDGE_LOOP('',(#855));
#155=EDGE_LOOP('',(#856,#857,#858,#859,#860,#861));
#156=EDGE_LOOP('',(#862,#863,#864,#865,#866));
#157=EDGE_LOOP('',(#867,#868,#869));
#158=EDGE_LOOP('',(#870,#871,#872,#873,#874));
#159=EDGE_LOOP('',(#875,#876,#877));
#160=EDGE_LOOP('',(#878,#879,#880,#881,#882));
#161=EDGE_LOOP('',(#883,#884,#885,#886,#887));
#162=EDGE_LOOP('',(#888,#889,#890,#891));
#163=EDGE_LOOP('',(#892,#893,#894,#895,#896));
#164=EDGE_LOOP('',(#897));
#165=EDGE_LOOP('',(#898,#899,#900,#901));
#166=EDGE_LOOP('',(#902,#903,#904,#905,#906));
#167=EDGE_LOOP('',(#907,#908,#909,#910,#911));
#168=EDGE_LOOP('',(#912,#913,#914,#915,#916,#917,#918,#919,#920));
#169=EDGE_LOOP('',(#921,#922,#923));
#170=EDGE_LOOP('',(#924,#925,#926,#927,#928));
#171=EDGE_LOOP('',(#929));
#172=EDGE_LOOP('',(#930,#931,#932,#933,#934,#935));
#173=EDGE_LOOP('',(#936,#937,#938,#939,#940));
#174=EDGE_LOOP('',(#941,#942,#943,#944,#945));
#175=EDGE_LOOP('',(#946,#947,#948,#949,#950));
#176=EDGE_LOOP('',(#951,#952,#953));
#177=EDGE_LOOP('',(#954,#955,#956,#957,#958));
#178=EDGE_LOOP('',(#959,#960,#961,#962));
#179=EDGE_LOOP('',(#963,#964,#965,#966,#967));
#180=EDGE_LOOP('',(#968));
#181=EDGE_LOOP('',(#969,#970,#971,#972));
#182=EDGE_LOOP('',(#973,#974,#975,#976,#977));
#183=EDGE_LOOP('',(#978,#979,#980,#981,#982));
#184=EDGE_LOOP('',(#983,#984,#985,#986,#987,#988,#989,#990,#991));
#185=LINE('',#1594,#313);
#186=LINE('',#1596,#314);
#187=LINE('',#1598,#315);
#188=LINE('',#1599,#316);
#189=LINE('',#1603,#317);
#190=LINE('',#1605,#318);
#191=LINE('',#1607,#319);
#192=LINE('',#1609,#320);
#193=LINE('',#1611,#321);
#194=LINE('',#1613,#322);
#195=LINE('',#1615,#323);
#196=LINE('',#1617,#324);
#197=LINE('',#1619,#325);
#198=LINE('',#1621,#326);
#199=LINE('',#1623,#327);
#200=LINE('',#1625,#328);
#201=LINE('',#1627,#329);
#202=LINE('',#1628,#330);
#203=LINE('',#1633,#331);
#204=LINE('',#1636,#332);
#205=LINE('',#1638,#333);
#206=LINE('',#1639,#334);
#207=LINE('',#1642,#335);
#208=LINE('',#1644,#336);
#209=LINE('',#1645,#337);
#210=LINE('',#1648,#338);
#211=LINE('',#1650,#339);
#212=LINE('',#1651,#340);
#213=LINE('',#1656,#341);
#214=LINE('',#1659,#342);
#215=LINE('',#1662,#343);
#216=LINE('',#1664,#344);
#217=LINE('',#1666,#345);
#218=LINE('',#1668,#346);
#219=LINE('',#1670,#347);
#220=LINE('',#1672,#348);
#221=LINE('',#1674,#349);
#222=LINE('',#1676,#350);
#223=LINE('',#1678,#351);
#224=LINE('',#1679,#352);
#225=LINE('',#1680,#353);
#226=LINE('',#1682,#354);
#227=LINE('',#1684,#355);
#228=LINE('',#1685,#356);
#229=LINE('',#1689,#357);
#230=LINE('',#1691,#358);
#231=LINE('',#1693,#359);
#232=LINE('',#1694,#360);
#233=LINE('',#1696,#361);
#234=LINE('',#1697,#362);
#235=LINE('',#1699,#363);
#236=LINE('',#1700,#364);
#237=LINE('',#1704,#365);
#238=LINE('',#1706,#366);
#239=LINE('',#1708,#367);
#240=LINE('',#1709,#368);
#241=LINE('',#1712,#369);
#242=LINE('',#1713,#370);
#243=LINE('',#1715,#371);
#244=LINE('',#1717,#372);
#245=LINE('',#1718,#373);
#246=LINE('',#1719,#374);
#247=LINE('',#1726,#375);
#248=LINE('',#1727,#376);
#249=LINE('',#1728,#377);
#250=LINE('',#1730,#378);
#251=LINE('',#1733,#379);
#252=LINE('',#1734,#380);
#253=LINE('',#1737,#381);
#254=LINE('',#1738,#382);
#255=LINE('',#1741,#383);
#256=LINE('',#1743,#384);
#257=LINE('',#1750,#385);
#258=LINE('',#1751,#386);
#259=LINE('',#1755,#387);
#260=LINE('',#1756,#388);
#261=LINE('',#1758,#389);
#262=LINE('',#1759,#390);
#263=LINE('',#1764,#391);
#264=LINE('',#1766,#392);
#265=LINE('',#1768,#393);
#266=LINE('',#1770,#394);
#267=LINE('',#1771,#395);
#268=LINE('',#1774,#396);
#269=LINE('',#1776,#397);
#270=LINE('',#1777,#398);
#271=LINE('',#1781,#399);
#272=LINE('',#1784,#400);
#273=LINE('',#1785,#401);
#274=LINE('',#1789,#402);
#275=LINE('',#1792,#403);
#276=LINE('',#1793,#404);
#277=LINE('',#1796,#405);
#278=LINE('',#1798,#406);
#279=LINE('',#1799,#407);
#280=LINE('',#1803,#408);
#281=LINE('',#1812,#409);
#282=LINE('',#1818,#410);
#283=LINE('',#1820,#411);
#284=LINE('',#1823,#412);
#285=LINE('',#1831,#413);
#286=LINE('',#1832,#414);
#287=LINE('',#1836,#415);
#288=LINE('',#1837,#416);
#289=LINE('',#1839,#417);
#290=LINE('',#1840,#418);
#291=LINE('',#1845,#419);
#292=LINE('',#1847,#420);
#293=LINE('',#1849,#421);
#294=LINE('',#1851,#422);
#295=LINE('',#1852,#423);
#296=LINE('',#1855,#424);
#297=LINE('',#1857,#425);
#298=LINE('',#1858,#426);
#299=LINE('',#1861,#427);
#300=LINE('',#1863,#428);
#301=LINE('',#1864,#429);
#302=LINE('',#1867,#430);
#303=LINE('',#1869,#431);
#304=LINE('',#1870,#432);
#305=LINE('',#1874,#433);
#306=LINE('',#1877,#434);
#307=LINE('',#1878,#435);
#308=LINE('',#1882,#436);
#309=LINE('',#1891,#437);
#310=LINE('',#1897,#438);
#311=LINE('',#1899,#439);
#312=LINE('',#1902,#440);
#313=VECTOR('',#1286,0.00353553390593274);
#314=VECTOR('',#1287,0.0039);
#315=VECTOR('',#1288,0.00353553390593274);
#316=VECTOR('',#1289,0.0039);
#317=VECTOR('',#1292,0.0286);
#318=VECTOR('',#1293,0.00197989898732235);
#319=VECTOR('',#1294,0.021);
#320=VECTOR('',#1295,0.0039);
#321=VECTOR('',#1296,0.021);
#322=VECTOR('',#1297,0.00197989898732233);
#323=VECTOR('',#1298,0.0219);
#324=VECTOR('',#1299,0.0145);
#325=VECTOR('',#1300,0.0014);
#326=VECTOR('',#1301,0.0122);
#327=VECTOR('',#1302,0.0039);
#328=VECTOR('',#1303,0.0122);
#329=VECTOR('',#1304,0.0014);
#330=VECTOR('',#1305,0.0212);
#331=VECTOR('',#1310,0.00249999999999999);
#332=VECTOR('',#1315,0.008);
#333=VECTOR('',#1316,0.00197989898732233);
#334=VECTOR('',#1317,0.008);
#335=VECTOR('',#1320,0.0185);
#336=VECTOR('',#1321,0.021);
#337=VECTOR('',#1322,0.0025);
#338=VECTOR('',#1325,0.021);
#339=VECTOR('',#1326,0.0185);
#340=VECTOR('',#1327,0.0025);
#341=VECTOR('',#1332,0.00249999999999999);
#342=VECTOR('',#1337,0.0039);
#343=VECTOR('',#1340,0.00197989898732234);
#344=VECTOR('',#1341,0.0286);
#345=VECTOR('',#1342,0.0212);
#346=VECTOR('',#1343,0.0014);
#347=VECTOR('',#1344,0.0122);
#348=VECTOR('',#1345,0.0039);
#349=VECTOR('',#1346,0.0122);
#350=VECTOR('',#1347,0.0014);
#351=VECTOR('',#1348,0.0145);
#352=VECTOR('',#1349,0.0219);
#353=VECTOR('',#1350,0.0039);
#354=VECTOR('',#1353,0.008);
#355=VECTOR('',#1356,0.008);
#356=VECTOR('',#1357,0.008);
#357=VECTOR('',#1360,0.0122);
#358=VECTOR('',#1361,0.0039);
#359=VECTOR('',#1362,0.0122);
#360=VECTOR('',#1363,0.0039);
#361=VECTOR('',#1366,0.0025);
#362=VECTOR('',#1367,0.0025);
#363=VECTOR('',#1370,0.0025);
#364=VECTOR('',#1371,0.0025);
#365=VECTOR('',#1374,0.0122);
#366=VECTOR('',#1375,0.0039);
#367=VECTOR('',#1376,0.0122);
#368=VECTOR('',#1377,0.0039);
#369=VECTOR('',#1382,0.0025);
#370=VECTOR('',#1383,0.0025);
#371=VECTOR('',#1386,0.0025);
#372=VECTOR('',#1389,0.0025);
#373=VECTOR('',#1390,0.008);
#374=VECTOR('',#1391,0.008);
#375=VECTOR('',#1400,0.0185);
#376=VECTOR('',#1401,0.00353553390593274);
#377=VECTOR('',#1402,0.0025);
#378=VECTOR('',#1405,0.008);
#379=VECTOR('',#1408,0.0025);
#380=VECTOR('',#1409,0.0039);
#381=VECTOR('',#1412,0.0185);
#382=VECTOR('',#1413,0.0039);
#383=VECTOR('',#1418,0.00353553390593274);
#384=VECTOR('',#1421,0.0039);
#385=VECTOR('',#1428,0.000866025403784438);
#386=VECTOR('',#1429,0.000866025403784439);
#387=VECTOR('',#1432,0.00173205080756888);
#388=VECTOR('',#1433,0.002);
#389=VECTOR('',#1434,0.00086602540378444);
#390=VECTOR('',#1435,0.002);
#391=VECTOR('',#1440,0.00173205080756888);
#392=VECTOR('',#1441,0.00173205080756888);
#393=VECTOR('',#1442,0.00173205080756888);
#394=VECTOR('',#1443,0.00173205080756888);
#395=VECTOR('',#1444,0.00173205080756888);
#396=VECTOR('',#1447,0.000866025403784439);
#397=VECTOR('',#1448,0.000866025403784439);
#398=VECTOR('',#1449,0.00200000000011369);
#399=VECTOR('',#1454,0.000866025403784439);
#400=VECTOR('',#1457,0.000866025403784439);
#401=VECTOR('',#1458,0.002);
#402=VECTOR('',#1463,0.00086602540378444);
#403=VECTOR('',#1466,0.000866025403784439);
#404=VECTOR('',#1467,0.002);
#405=VECTOR('',#1470,0.000866025403784438);
#406=VECTOR('',#1471,0.000866025403784439);
#407=VECTOR('',#1472,0.002);
#408=VECTOR('',#1477,0.000866025403784439);
#409=VECTOR('',#1490,0.002);
#410=VECTOR('',#1497,0.003);
#411=VECTOR('',#1500,0.003);
#412=VECTOR('',#1503,1.73205080756889);
#413=VECTOR('',#1512,0.000866025403784439);
#414=VECTOR('',#1513,0.000866025403784439);
#415=VECTOR('',#1516,0.00173205080756888);
#416=VECTOR('',#1517,0.002);
#417=VECTOR('',#1518,0.000866025403784437);
#418=VECTOR('',#1519,0.002);
#419=VECTOR('',#1524,0.00173205080756888);
#420=VECTOR('',#1525,0.00173205080756888);
#421=VECTOR('',#1526,0.00173205080756888);
#422=VECTOR('',#1527,0.00173205080756888);
#423=VECTOR('',#1528,0.00173205080756888);
#424=VECTOR('',#1531,0.000866025403784439);
#425=VECTOR('',#1532,0.000866025403784439);
#426=VECTOR('',#1533,0.00200000000011369);
#427=VECTOR('',#1536,0.000866025403784438);
#428=VECTOR('',#1537,0.000866025403784439);
#429=VECTOR('',#1538,0.002);
#430=VECTOR('',#1541,0.000866025403784439);
#431=VECTOR('',#1542,0.00086602540378444);
#432=VECTOR('',#1543,0.002);
#433=VECTOR('',#1548,0.000866025403784438);
#434=VECTOR('',#1551,0.000866025403784438);
#435=VECTOR('',#1552,0.002);
#436=VECTOR('',#1557,0.000866025403784439);
#437=VECTOR('',#1570,0.002);
#438=VECTOR('',#1577,0.003);
#439=VECTOR('',#1580,0.003);
#440=VECTOR('',#1583,1.73205080756889);
#441=VERTEX_POINT('',#1592);
#442=VERTEX_POINT('',#1593);
#443=VERTEX_POINT('',#1595);
#444=VERTEX_POINT('',#1597);
#445=VERTEX_POINT('',#1601);
#446=VERTEX_POINT('',#1602);
#447=VERTEX_POINT('',#1604);
#448=VERTEX_POINT('',#1606);
#449=VERTEX_POINT('',#1608);
#450=VERTEX_POINT('',#1610);
#451=VERTEX_POINT('',#1612);
#452=VERTEX_POINT('',#1614);
#453=VERTEX_POINT('',#1616);
#454=VERTEX_POINT('',#1618);
#455=VERTEX_POINT('',#1620);
#456=VERTEX_POINT('',#1622);
#457=VERTEX_POINT('',#1624);
#458=VERTEX_POINT('',#1626);
#459=VERTEX_POINT('',#1630);
#460=VERTEX_POINT('',#1632);
#461=VERTEX_POINT('',#1637);
#462=VERTEX_POINT('',#1641);
#463=VERTEX_POINT('',#1643);
#464=VERTEX_POINT('',#1647);
#465=VERTEX_POINT('',#1649);
#466=VERTEX_POINT('',#1653);
#467=VERTEX_POINT('',#1655);
#468=VERTEX_POINT('',#1661);
#469=VERTEX_POINT('',#1663);
#470=VERTEX_POINT('',#1665);
#471=VERTEX_POINT('',#1667);
#472=VERTEX_POINT('',#1669);
#473=VERTEX_POINT('',#1671);
#474=VERTEX_POINT('',#1673);
#475=VERTEX_POINT('',#1675);
#476=VERTEX_POINT('',#1677);
#477=VERTEX_POINT('',#1687);
#478=VERTEX_POINT('',#1688);
#479=VERTEX_POINT('',#1690);
#480=VERTEX_POINT('',#1692);
#481=VERTEX_POINT('',#1702);
#482=VERTEX_POINT('',#1703);
#483=VERTEX_POINT('',#1705);
#484=VERTEX_POINT('',#1707);
#485=VERTEX_POINT('',#1724);
#486=VERTEX_POINT('',#1725);
#487=VERTEX_POINT('',#1732);
#488=VERTEX_POINT('',#1736);
#489=VERTEX_POINT('',#1746);
#490=VERTEX_POINT('',#1747);
#491=VERTEX_POINT('',#1749);
#492=VERTEX_POINT('',#1753);
#493=VERTEX_POINT('',#1754);
#494=VERTEX_POINT('',#1757);
#495=VERTEX_POINT('',#1761);
#496=VERTEX_POINT('',#1763);
#497=VERTEX_POINT('',#1765);
#498=VERTEX_POINT('',#1767);
#499=VERTEX_POINT('',#1769);
#500=VERTEX_POINT('',#1773);
#501=VERTEX_POINT('',#1775);
#502=VERTEX_POINT('',#1779);
#503=VERTEX_POINT('',#1783);
#504=VERTEX_POINT('',#1787);
#505=VERTEX_POINT('',#1791);
#506=VERTEX_POINT('',#1795);
#507=VERTEX_POINT('',#1797);
#508=VERTEX_POINT('',#1801);
#509=VERTEX_POINT('',#1807);
#510=VERTEX_POINT('',#1810);
#511=VERTEX_POINT('',#1814);
#512=VERTEX_POINT('',#1815);
#513=VERTEX_POINT('',#1822);
#514=VERTEX_POINT('',#1827);
#515=VERTEX_POINT('',#1828);
#516=VERTEX_POINT('',#1830);
#517=VERTEX_POINT('',#1834);
#518=VERTEX_POINT('',#1835);
#519=VERTEX_POINT('',#1838);
#520=VERTEX_POINT('',#1842);
#521=VERTEX_POINT('',#1844);
#522=VERTEX_POINT('',#1846);
#523=VERTEX_POINT('',#1848);
#524=VERTEX_POINT('',#1850);
#525=VERTEX_POINT('',#1854);
#526=VERTEX_POINT('',#1856);
#527=VERTEX_POINT('',#1860);
#528=VERTEX_POINT('',#1862);
#529=VERTEX_POINT('',#1866);
#530=VERTEX_POINT('',#1868);
#531=VERTEX_POINT('',#1872);
#532=VERTEX_POINT('',#1876);
#533=VERTEX_POINT('',#1880);
#534=VERTEX_POINT('',#1886);
#535=VERTEX_POINT('',#1889);
#536=VERTEX_POINT('',#1893);
#537=VERTEX_POINT('',#1894);
#538=VERTEX_POINT('',#1901);
#539=EDGE_CURVE('',#441,#442,#185,.T.);
#540=EDGE_CURVE('',#443,#441,#186,.T.);
#541=EDGE_CURVE('',#444,#443,#187,.T.);
#542=EDGE_CURVE('',#442,#444,#188,.T.);
#543=EDGE_CURVE('',#445,#446,#189,.T.);
#544=EDGE_CURVE('',#446,#447,#190,.T.);
#545=EDGE_CURVE('',#448,#447,#191,.T.);
#546=EDGE_CURVE('',#449,#448,#192,.T.);
#547=EDGE_CURVE('',#450,#449,#193,.T.);
#548=EDGE_CURVE('',#450,#451,#194,.T.);
#549=EDGE_CURVE('',#451,#452,#195,.T.);
#550=EDGE_CURVE('',#452,#453,#196,.T.);
#551=EDGE_CURVE('',#453,#454,#197,.T.);
#552=EDGE_CURVE('',#455,#454,#198,.T.);
#553=EDGE_CURVE('',#456,#455,#199,.T.);
#554=EDGE_CURVE('',#457,#456,#200,.T.);
#555=EDGE_CURVE('',#457,#458,#201,.T.);
#556=EDGE_CURVE('',#458,#445,#202,.T.);
#557=EDGE_CURVE('',#459,#459,#51,.T.);
#558=EDGE_CURVE('',#459,#460,#203,.T.);
#559=EDGE_CURVE('',#460,#460,#52,.T.);
#560=EDGE_CURVE('',#444,#450,#204,.T.);
#561=EDGE_CURVE('',#461,#444,#205,.T.);
#562=EDGE_CURVE('',#451,#461,#206,.T.);
#563=EDGE_CURVE('',#462,#441,#207,.T.);
#564=EDGE_CURVE('',#463,#442,#208,.T.);
#565=EDGE_CURVE('',#462,#463,#209,.T.);
#566=EDGE_CURVE('',#444,#464,#210,.T.);
#567=EDGE_CURVE('',#443,#465,#211,.T.);
#568=EDGE_CURVE('',#465,#464,#212,.T.);
#569=EDGE_CURVE('',#466,#466,#25,.T.);
#570=EDGE_CURVE('',#466,#467,#213,.T.);
#571=EDGE_CURVE('',#467,#467,#26,.T.);
#572=EDGE_CURVE('',#465,#462,#214,.T.);
#573=EDGE_CURVE('',#442,#468,#215,.T.);
#574=EDGE_CURVE('',#469,#468,#216,.T.);
#575=EDGE_CURVE('',#470,#469,#217,.T.);
#576=EDGE_CURVE('',#471,#470,#218,.T.);
#577=EDGE_CURVE('',#471,#472,#219,.T.);
#578=EDGE_CURVE('',#472,#473,#220,.T.);
#579=EDGE_CURVE('',#473,#474,#221,.T.);
#580=EDGE_CURVE('',#475,#474,#222,.T.);
#581=EDGE_CURVE('',#476,#475,#223,.T.);
#582=EDGE_CURVE('',#461,#476,#224,.T.);
#583=EDGE_CURVE('',#464,#463,#225,.T.);
#584=EDGE_CURVE('',#452,#476,#226,.T.);
#585=EDGE_CURVE('',#468,#446,#227,.T.);
#586=EDGE_CURVE('',#445,#469,#228,.T.);
#587=EDGE_CURVE('',#477,#478,#229,.T.);
#588=EDGE_CURVE('',#478,#479,#230,.T.);
#589=EDGE_CURVE('',#479,#480,#231,.T.);
#590=EDGE_CURVE('',#480,#477,#232,.T.);
#591=EDGE_CURVE('',#480,#454,#233,.T.);
#592=EDGE_CURVE('',#479,#455,#234,.T.);
#593=EDGE_CURVE('',#478,#456,#235,.T.);
#594=EDGE_CURVE('',#477,#457,#236,.T.);
#595=EDGE_CURVE('',#481,#482,#237,.T.);
#596=EDGE_CURVE('',#483,#481,#238,.T.);
#597=EDGE_CURVE('',#484,#483,#239,.T.);
#598=EDGE_CURVE('',#482,#484,#240,.T.);
#599=EDGE_CURVE('',#481,#471,#241,.T.);
#600=EDGE_CURVE('',#482,#472,#242,.T.);
#601=EDGE_CURVE('',#484,#473,#243,.T.);
#602=EDGE_CURVE('',#483,#474,#244,.T.);
#603=EDGE_CURVE('',#458,#470,#245,.T.);
#604=EDGE_CURVE('',#453,#475,#246,.T.);
#605=EDGE_CURVE('',#485,#486,#247,.T.);
#606=EDGE_CURVE('',#485,#450,#248,.T.);
#607=EDGE_CURVE('',#486,#449,#249,.T.);
#608=EDGE_CURVE('',#447,#442,#250,.T.);
#609=EDGE_CURVE('',#487,#448,#251,.T.);
#610=EDGE_CURVE('',#486,#487,#252,.T.);
#611=EDGE_CURVE('',#487,#488,#253,.T.);
#612=EDGE_CURVE('',#488,#485,#254,.T.);
#613=EDGE_CURVE('',#447,#488,#255,.T.);
#614=EDGE_CURVE('',#450,#447,#256,.T.);
#615=EDGE_CURVE('',#489,#490,#27,.T.);
#616=EDGE_CURVE('',#489,#491,#257,.T.);
#617=EDGE_CURVE('',#491,#490,#258,.T.);
#618=EDGE_CURVE('',#492,#493,#259,.T.);
#619=EDGE_CURVE('',#491,#493,#260,.T.);
#620=EDGE_CURVE('',#494,#489,#261,.T.);
#621=EDGE_CURVE('',#494,#492,#262,.T.);
#622=EDGE_CURVE('',#495,#495,#28,.T.);
#623=EDGE_CURVE('',#496,#492,#263,.T.);
#624=EDGE_CURVE('',#497,#496,#264,.T.);
#625=EDGE_CURVE('',#498,#497,#265,.T.);
#626=EDGE_CURVE('',#499,#498,#266,.T.);
#627=EDGE_CURVE('',#493,#499,#267,.T.);
#628=EDGE_CURVE('',#500,#494,#268,.T.);
#629=EDGE_CURVE('',#501,#500,#269,.T.);
#630=EDGE_CURVE('',#501,#496,#270,.T.);
#631=EDGE_CURVE('',#502,#500,#29,.T.);
#632=EDGE_CURVE('',#502,#501,#271,.T.);
#633=EDGE_CURVE('',#503,#502,#272,.T.);
#634=EDGE_CURVE('',#503,#497,#273,.T.);
#635=EDGE_CURVE('',#504,#502,#30,.T.);
#636=EDGE_CURVE('',#504,#503,#274,.T.);
#637=EDGE_CURVE('',#505,#504,#275,.T.);
#638=EDGE_CURVE('',#505,#498,#276,.T.);
#639=EDGE_CURVE('',#506,#505,#277,.T.);
#640=EDGE_CURVE('',#507,#506,#278,.T.);
#641=EDGE_CURVE('',#507,#499,#279,.T.);
#642=EDGE_CURVE('',#490,#508,#31,.T.);
#643=EDGE_CURVE('',#490,#507,#280,.T.);
#644=EDGE_CURVE('',#508,#506,#32,.T.);
#645=EDGE_CURVE('',#509,#509,#33,.T.);
#646=EDGE_CURVE('',#510,#510,#34,.T.);
#647=EDGE_CURVE('',#510,#509,#281,.T.);
#648=EDGE_CURVE('',#511,#512,#35,.T.);
#649=EDGE_CURVE('',#512,#511,#36,.T.);
#650=EDGE_CURVE('',#512,#510,#282,.T.);
#651=EDGE_CURVE('',#511,#495,#283,.T.);
#652=EDGE_CURVE('',#513,#508,#284,.T.);
#653=EDGE_CURVE('',#506,#504,#37,.T.);
#654=EDGE_CURVE('',#500,#489,#38,.T.);
#655=EDGE_CURVE('',#514,#515,#39,.T.);
#656=EDGE_CURVE('',#514,#516,#285,.T.);
#657=EDGE_CURVE('',#516,#515,#286,.T.);
#658=EDGE_CURVE('',#517,#518,#287,.T.);
#659=EDGE_CURVE('',#516,#518,#288,.T.);
#660=EDGE_CURVE('',#519,#514,#289,.T.);
#661=EDGE_CURVE('',#519,#517,#290,.T.);
#662=EDGE_CURVE('',#520,#520,#40,.T.);
#663=EDGE_CURVE('',#521,#517,#291,.T.);
#664=EDGE_CURVE('',#522,#521,#292,.T.);
#665=EDGE_CURVE('',#523,#522,#293,.T.);
#666=EDGE_CURVE('',#524,#523,#294,.T.);
#667=EDGE_CURVE('',#518,#524,#295,.T.);
#668=EDGE_CURVE('',#525,#519,#296,.T.);
#669=EDGE_CURVE('',#526,#525,#297,.T.);
#670=EDGE_CURVE('',#526,#521,#298,.T.);
#671=EDGE_CURVE('',#527,#526,#299,.T.);
#672=EDGE_CURVE('',#528,#527,#300,.T.);
#673=EDGE_CURVE('',#528,#522,#301,.T.);
#674=EDGE_CURVE('',#529,#528,#302,.T.);
#675=EDGE_CURVE('',#530,#529,#303,.T.);
#676=EDGE_CURVE('',#530,#523,#304,.T.);
#677=EDGE_CURVE('',#531,#529,#41,.T.);
#678=EDGE_CURVE('',#531,#530,#305,.T.);
#679=EDGE_CURVE('',#532,#531,#306,.T.);
#680=EDGE_CURVE('',#532,#524,#307,.T.);
#681=EDGE_CURVE('',#515,#533,#42,.T.);
#682=EDGE_CURVE('',#515,#532,#308,.T.);
#683=EDGE_CURVE('',#533,#531,#43,.T.);
#684=EDGE_CURVE('',#534,#534,#44,.T.);
#685=EDGE_CURVE('',#535,#535,#45,.T.);
#686=EDGE_CURVE('',#535,#534,#309,.T.);
#687=EDGE_CURVE('',#536,#537,#46,.T.);
#688=EDGE_CURVE('',#537,#536,#47,.T.);
#689=EDGE_CURVE('',#537,#535,#310,.T.);
#690=EDGE_CURVE('',#536,#520,#311,.T.);
#691=EDGE_CURVE('',#538,#533,#312,.T.);
#692=EDGE_CURVE('',#529,#527,#48,.T.);
#693=EDGE_CURVE('',#527,#525,#49,.T.);
#694=EDGE_CURVE('',#525,#514,#50,.T.);
#695=ORIENTED_EDGE('',*,*,#539,.F.);
#696=ORIENTED_EDGE('',*,*,#540,.F.);
#697=ORIENTED_EDGE('',*,*,#541,.F.);
#698=ORIENTED_EDGE('',*,*,#542,.F.);
#699=ORIENTED_EDGE('',*,*,#543,.T.);
#700=ORIENTED_EDGE('',*,*,#544,.T.);
#701=ORIENTED_EDGE('',*,*,#545,.F.);
#702=ORIENTED_EDGE('',*,*,#546,.F.);
#703=ORIENTED_EDGE('',*,*,#547,.F.);
#704=ORIENTED_EDGE('',*,*,#548,.T.);
#705=ORIENTED_EDGE('',*,*,#549,.T.);
#706=ORIENTED_EDGE('',*,*,#550,.T.);
#707=ORIENTED_EDGE('',*,*,#551,.T.);
#708=ORIENTED_EDGE('',*,*,#552,.F.);
#709=ORIENTED_EDGE('',*,*,#553,.F.);
#710=ORIENTED_EDGE('',*,*,#554,.F.);
#711=ORIENTED_EDGE('',*,*,#555,.T.);
#712=ORIENTED_EDGE('',*,*,#556,.T.);
#713=ORIENTED_EDGE('',*,*,#557,.F.);
#714=ORIENTED_EDGE('',*,*,#558,.T.);
#715=ORIENTED_EDGE('',*,*,#559,.F.);
#716=ORIENTED_EDGE('',*,*,#558,.F.);
#717=ORIENTED_EDGE('',*,*,#548,.F.);
#718=ORIENTED_EDGE('',*,*,#560,.F.);
#719=ORIENTED_EDGE('',*,*,#561,.F.);
#720=ORIENTED_EDGE('',*,*,#562,.F.);
#721=ORIENTED_EDGE('',*,*,#563,.T.);
#722=ORIENTED_EDGE('',*,*,#539,.T.);
#723=ORIENTED_EDGE('',*,*,#564,.F.);
#724=ORIENTED_EDGE('',*,*,#565,.F.);
#725=ORIENTED_EDGE('',*,*,#566,.F.);
#726=ORIENTED_EDGE('',*,*,#541,.T.);
#727=ORIENTED_EDGE('',*,*,#567,.T.);
#728=ORIENTED_EDGE('',*,*,#568,.T.);
#729=ORIENTED_EDGE('',*,*,#569,.F.);
#730=ORIENTED_EDGE('',*,*,#570,.T.);
#731=ORIENTED_EDGE('',*,*,#571,.T.);
#732=ORIENTED_EDGE('',*,*,#570,.F.);
#733=ORIENTED_EDGE('',*,*,#567,.F.);
#734=ORIENTED_EDGE('',*,*,#540,.T.);
#735=ORIENTED_EDGE('',*,*,#563,.F.);
#736=ORIENTED_EDGE('',*,*,#572,.F.);
#737=ORIENTED_EDGE('',*,*,#564,.T.);
#738=ORIENTED_EDGE('',*,*,#573,.T.);
#739=ORIENTED_EDGE('',*,*,#574,.F.);
#740=ORIENTED_EDGE('',*,*,#575,.F.);
#741=ORIENTED_EDGE('',*,*,#576,.F.);
#742=ORIENTED_EDGE('',*,*,#577,.T.);
#743=ORIENTED_EDGE('',*,*,#578,.T.);
#744=ORIENTED_EDGE('',*,*,#579,.T.);
#745=ORIENTED_EDGE('',*,*,#580,.F.);
#746=ORIENTED_EDGE('',*,*,#581,.F.);
#747=ORIENTED_EDGE('',*,*,#582,.F.);
#748=ORIENTED_EDGE('',*,*,#561,.T.);
#749=ORIENTED_EDGE('',*,*,#566,.T.);
#750=ORIENTED_EDGE('',*,*,#583,.T.);
#751=ORIENTED_EDGE('',*,*,#549,.F.);
#752=ORIENTED_EDGE('',*,*,#562,.T.);
#753=ORIENTED_EDGE('',*,*,#582,.T.);
#754=ORIENTED_EDGE('',*,*,#584,.F.);
#755=ORIENTED_EDGE('',*,*,#559,.T.);
#756=ORIENTED_EDGE('',*,*,#574,.T.);
#757=ORIENTED_EDGE('',*,*,#585,.T.);
#758=ORIENTED_EDGE('',*,*,#543,.F.);
#759=ORIENTED_EDGE('',*,*,#586,.T.);
#760=ORIENTED_EDGE('',*,*,#557,.T.);
#761=ORIENTED_EDGE('',*,*,#587,.T.);
#762=ORIENTED_EDGE('',*,*,#588,.T.);
#763=ORIENTED_EDGE('',*,*,#589,.T.);
#764=ORIENTED_EDGE('',*,*,#590,.T.);
#765=ORIENTED_EDGE('',*,*,#552,.T.);
#766=ORIENTED_EDGE('',*,*,#591,.F.);
#767=ORIENTED_EDGE('',*,*,#589,.F.);
#768=ORIENTED_EDGE('',*,*,#592,.T.);
#769=ORIENTED_EDGE('',*,*,#554,.T.);
#770=ORIENTED_EDGE('',*,*,#593,.F.);
#771=ORIENTED_EDGE('',*,*,#587,.F.);
#772=ORIENTED_EDGE('',*,*,#594,.T.);
#773=ORIENTED_EDGE('',*,*,#595,.F.);
#774=ORIENTED_EDGE('',*,*,#596,.F.);
#775=ORIENTED_EDGE('',*,*,#597,.F.);
#776=ORIENTED_EDGE('',*,*,#598,.F.);
#777=ORIENTED_EDGE('',*,*,#553,.T.);
#778=ORIENTED_EDGE('',*,*,#592,.F.);
#779=ORIENTED_EDGE('',*,*,#588,.F.);
#780=ORIENTED_EDGE('',*,*,#593,.T.);
#781=ORIENTED_EDGE('',*,*,#577,.F.);
#782=ORIENTED_EDGE('',*,*,#599,.F.);
#783=ORIENTED_EDGE('',*,*,#595,.T.);
#784=ORIENTED_EDGE('',*,*,#600,.T.);
#785=ORIENTED_EDGE('',*,*,#578,.F.);
#786=ORIENTED_EDGE('',*,*,#600,.F.);
#787=ORIENTED_EDGE('',*,*,#598,.T.);
#788=ORIENTED_EDGE('',*,*,#601,.T.);
#789=ORIENTED_EDGE('',*,*,#580,.T.);
#790=ORIENTED_EDGE('',*,*,#602,.F.);
#791=ORIENTED_EDGE('',*,*,#596,.T.);
#792=ORIENTED_EDGE('',*,*,#599,.T.);
#793=ORIENTED_EDGE('',*,*,#576,.T.);
#794=ORIENTED_EDGE('',*,*,#603,.F.);
#795=ORIENTED_EDGE('',*,*,#555,.F.);
#796=ORIENTED_EDGE('',*,*,#594,.F.);
#797=ORIENTED_EDGE('',*,*,#590,.F.);
#798=ORIENTED_EDGE('',*,*,#591,.T.);
#799=ORIENTED_EDGE('',*,*,#551,.F.);
#800=ORIENTED_EDGE('',*,*,#604,.T.);
#801=ORIENTED_EDGE('',*,*,#579,.F.);
#802=ORIENTED_EDGE('',*,*,#601,.F.);
#803=ORIENTED_EDGE('',*,*,#597,.T.);
#804=ORIENTED_EDGE('',*,*,#602,.T.);
#805=ORIENTED_EDGE('',*,*,#581,.T.);
#806=ORIENTED_EDGE('',*,*,#604,.F.);
#807=ORIENTED_EDGE('',*,*,#550,.F.);
#808=ORIENTED_EDGE('',*,*,#584,.T.);
#809=ORIENTED_EDGE('',*,*,#571,.F.);
#810=ORIENTED_EDGE('',*,*,#583,.F.);
#811=ORIENTED_EDGE('',*,*,#568,.F.);
#812=ORIENTED_EDGE('',*,*,#572,.T.);
#813=ORIENTED_EDGE('',*,*,#565,.T.);
#814=ORIENTED_EDGE('',*,*,#605,.F.);
#815=ORIENTED_EDGE('',*,*,#606,.T.);
#816=ORIENTED_EDGE('',*,*,#547,.T.);
#817=ORIENTED_EDGE('',*,*,#607,.F.);
#818=ORIENTED_EDGE('',*,*,#544,.F.);
#819=ORIENTED_EDGE('',*,*,#585,.F.);
#820=ORIENTED_EDGE('',*,*,#573,.F.);
#821=ORIENTED_EDGE('',*,*,#608,.F.);
#822=ORIENTED_EDGE('',*,*,#546,.T.);
#823=ORIENTED_EDGE('',*,*,#609,.F.);
#824=ORIENTED_EDGE('',*,*,#610,.F.);
#825=ORIENTED_EDGE('',*,*,#607,.T.);
#826=ORIENTED_EDGE('',*,*,#611,.T.);
#827=ORIENTED_EDGE('',*,*,#612,.T.);
#828=ORIENTED_EDGE('',*,*,#605,.T.);
#829=ORIENTED_EDGE('',*,*,#610,.T.);
#830=ORIENTED_EDGE('',*,*,#575,.T.);
#831=ORIENTED_EDGE('',*,*,#586,.F.);
#832=ORIENTED_EDGE('',*,*,#556,.F.);
#833=ORIENTED_EDGE('',*,*,#603,.T.);
#834=ORIENTED_EDGE('',*,*,#569,.T.);
#835=ORIENTED_EDGE('',*,*,#545,.T.);
#836=ORIENTED_EDGE('',*,*,#613,.T.);
#837=ORIENTED_EDGE('',*,*,#611,.F.);
#838=ORIENTED_EDGE('',*,*,#609,.T.);
#839=ORIENTED_EDGE('',*,*,#613,.F.);
#840=ORIENTED_EDGE('',*,*,#614,.F.);
#841=ORIENTED_EDGE('',*,*,#606,.F.);
#842=ORIENTED_EDGE('',*,*,#612,.F.);
#843=ORIENTED_EDGE('',*,*,#614,.T.);
#844=ORIENTED_EDGE('',*,*,#608,.T.);
#845=ORIENTED_EDGE('',*,*,#542,.T.);
#846=ORIENTED_EDGE('',*,*,#560,.T.);
#847=ORIENTED_EDGE('',*,*,#615,.F.);
#848=ORIENTED_EDGE('',*,*,#616,.T.);
#849=ORIENTED_EDGE('',*,*,#617,.T.);
#850=ORIENTED_EDGE('',*,*,#618,.T.);
#851=ORIENTED_EDGE('',*,*,#619,.F.);
#852=ORIENTED_EDGE('',*,*,#616,.F.);
#853=ORIENTED_EDGE('',*,*,#620,.F.);
#854=ORIENTED_EDGE('',*,*,#621,.T.);
#855=ORIENTED_EDGE('',*,*,#622,.T.);
#856=ORIENTED_EDGE('',*,*,#623,.F.);
#857=ORIENTED_EDGE('',*,*,#624,.F.);
#858=ORIENTED_EDGE('',*,*,#625,.F.);
#859=ORIENTED_EDGE('',*,*,#626,.F.);
#860=ORIENTED_EDGE('',*,*,#627,.F.);
#861=ORIENTED_EDGE('',*,*,#618,.F.);
#862=ORIENTED_EDGE('',*,*,#623,.T.);
#863=ORIENTED_EDGE('',*,*,#621,.F.);
#864=ORIENTED_EDGE('',*,*,#628,.F.);
#865=ORIENTED_EDGE('',*,*,#629,.F.);
#866=ORIENTED_EDGE('',*,*,#630,.T.);
#867=ORIENTED_EDGE('',*,*,#631,.F.);
#868=ORIENTED_EDGE('',*,*,#632,.T.);
#869=ORIENTED_EDGE('',*,*,#629,.T.);
#870=ORIENTED_EDGE('',*,*,#624,.T.);
#871=ORIENTED_EDGE('',*,*,#630,.F.);
#872=ORIENTED_EDGE('',*,*,#632,.F.);
#873=ORIENTED_EDGE('',*,*,#633,.F.);
#874=ORIENTED_EDGE('',*,*,#634,.T.);
#875=ORIENTED_EDGE('',*,*,#635,.F.);
#876=ORIENTED_EDGE('',*,*,#636,.T.);
#877=ORIENTED_EDGE('',*,*,#633,.T.);
#878=ORIENTED_EDGE('',*,*,#625,.T.);
#879=ORIENTED_EDGE('',*,*,#634,.F.);
#880=ORIENTED_EDGE('',*,*,#636,.F.);
#881=ORIENTED_EDGE('',*,*,#637,.F.);
#882=ORIENTED_EDGE('',*,*,#638,.T.);
#883=ORIENTED_EDGE('',*,*,#626,.T.);
#884=ORIENTED_EDGE('',*,*,#638,.F.);
#885=ORIENTED_EDGE('',*,*,#639,.F.);
#886=ORIENTED_EDGE('',*,*,#640,.F.);
#887=ORIENTED_EDGE('',*,*,#641,.T.);
#888=ORIENTED_EDGE('',*,*,#642,.F.);
#889=ORIENTED_EDGE('',*,*,#643,.T.);
#890=ORIENTED_EDGE('',*,*,#640,.T.);
#891=ORIENTED_EDGE('',*,*,#644,.F.);
#892=ORIENTED_EDGE('',*,*,#627,.T.);
#893=ORIENTED_EDGE('',*,*,#641,.F.);
#894=ORIENTED_EDGE('',*,*,#643,.F.);
#895=ORIENTED_EDGE('',*,*,#617,.F.);
#896=ORIENTED_EDGE('',*,*,#619,.T.);
#897=ORIENTED_EDGE('',*,*,#645,.F.);
#898=ORIENTED_EDGE('',*,*,#646,.F.);
#899=ORIENTED_EDGE('',*,*,#647,.T.);
#900=ORIENTED_EDGE('',*,*,#645,.T.);
#901=ORIENTED_EDGE('',*,*,#647,.F.);
#902=ORIENTED_EDGE('',*,*,#648,.F.);
#903=ORIENTED_EDGE('',*,*,#649,.F.);
#904=ORIENTED_EDGE('',*,*,#650,.T.);
#905=ORIENTED_EDGE('',*,*,#646,.T.);
#906=ORIENTED_EDGE('',*,*,#650,.F.);
#907=ORIENTED_EDGE('',*,*,#648,.T.);
#908=ORIENTED_EDGE('',*,*,#649,.T.);
#909=ORIENTED_EDGE('',*,*,#651,.T.);
#910=ORIENTED_EDGE('',*,*,#622,.F.);
#911=ORIENTED_EDGE('',*,*,#651,.F.);
#912=ORIENTED_EDGE('',*,*,#652,.T.);
#913=ORIENTED_EDGE('',*,*,#644,.T.);
#914=ORIENTED_EDGE('',*,*,#653,.T.);
#915=ORIENTED_EDGE('',*,*,#635,.T.);
#916=ORIENTED_EDGE('',*,*,#631,.T.);
#917=ORIENTED_EDGE('',*,*,#654,.T.);
#918=ORIENTED_EDGE('',*,*,#615,.T.);
#919=ORIENTED_EDGE('',*,*,#642,.T.);
#920=ORIENTED_EDGE('',*,*,#652,.F.);
#921=ORIENTED_EDGE('',*,*,#655,.F.);
#922=ORIENTED_EDGE('',*,*,#656,.T.);
#923=ORIENTED_EDGE('',*,*,#657,.T.);
#924=ORIENTED_EDGE('',*,*,#658,.T.);
#925=ORIENTED_EDGE('',*,*,#659,.F.);
#926=ORIENTED_EDGE('',*,*,#656,.F.);
#927=ORIENTED_EDGE('',*,*,#660,.F.);
#928=ORIENTED_EDGE('',*,*,#661,.T.);
#929=ORIENTED_EDGE('',*,*,#662,.T.);
#930=ORIENTED_EDGE('',*,*,#663,.F.);
#931=ORIENTED_EDGE('',*,*,#664,.F.);
#932=ORIENTED_EDGE('',*,*,#665,.F.);
#933=ORIENTED_EDGE('',*,*,#666,.F.);
#934=ORIENTED_EDGE('',*,*,#667,.F.);
#935=ORIENTED_EDGE('',*,*,#658,.F.);
#936=ORIENTED_EDGE('',*,*,#663,.T.);
#937=ORIENTED_EDGE('',*,*,#661,.F.);
#938=ORIENTED_EDGE('',*,*,#668,.F.);
#939=ORIENTED_EDGE('',*,*,#669,.F.);
#940=ORIENTED_EDGE('',*,*,#670,.T.);
#941=ORIENTED_EDGE('',*,*,#664,.T.);
#942=ORIENTED_EDGE('',*,*,#670,.F.);
#943=ORIENTED_EDGE('',*,*,#671,.F.);
#944=ORIENTED_EDGE('',*,*,#672,.F.);
#945=ORIENTED_EDGE('',*,*,#673,.T.);
#946=ORIENTED_EDGE('',*,*,#665,.T.);
#947=ORIENTED_EDGE('',*,*,#673,.F.);
#948=ORIENTED_EDGE('',*,*,#674,.F.);
#949=ORIENTED_EDGE('',*,*,#675,.F.);
#950=ORIENTED_EDGE('',*,*,#676,.T.);
#951=ORIENTED_EDGE('',*,*,#677,.F.);
#952=ORIENTED_EDGE('',*,*,#678,.T.);
#953=ORIENTED_EDGE('',*,*,#675,.T.);
#954=ORIENTED_EDGE('',*,*,#666,.T.);
#955=ORIENTED_EDGE('',*,*,#676,.F.);
#956=ORIENTED_EDGE('',*,*,#678,.F.);
#957=ORIENTED_EDGE('',*,*,#679,.F.);
#958=ORIENTED_EDGE('',*,*,#680,.T.);
#959=ORIENTED_EDGE('',*,*,#681,.F.);
#960=ORIENTED_EDGE('',*,*,#682,.T.);
#961=ORIENTED_EDGE('',*,*,#679,.T.);
#962=ORIENTED_EDGE('',*,*,#683,.F.);
#963=ORIENTED_EDGE('',*,*,#667,.T.);
#964=ORIENTED_EDGE('',*,*,#680,.F.);
#965=ORIENTED_EDGE('',*,*,#682,.F.);
#966=ORIENTED_EDGE('',*,*,#657,.F.);
#967=ORIENTED_EDGE('',*,*,#659,.T.);
#968=ORIENTED_EDGE('',*,*,#684,.F.);
#969=ORIENTED_EDGE('',*,*,#685,.F.);
#970=ORIENTED_EDGE('',*,*,#686,.T.);
#971=ORIENTED_EDGE('',*,*,#684,.T.);
#972=ORIENTED_EDGE('',*,*,#686,.F.);
#973=ORIENTED_EDGE('',*,*,#687,.F.);
#974=ORIENTED_EDGE('',*,*,#688,.F.);
#975=ORIENTED_EDGE('',*,*,#689,.T.);
#976=ORIENTED_EDGE('',*,*,#685,.T.);
#977=ORIENTED_EDGE('',*,*,#689,.F.);
#978=ORIENTED_EDGE('',*,*,#687,.T.);
#979=ORIENTED_EDGE('',*,*,#688,.T.);
#980=ORIENTED_EDGE('',*,*,#690,.T.);
#981=ORIENTED_EDGE('',*,*,#662,.F.);
#982=ORIENTED_EDGE('',*,*,#690,.F.);
#983=ORIENTED_EDGE('',*,*,#691,.T.);
#984=ORIENTED_EDGE('',*,*,#683,.T.);
#985=ORIENTED_EDGE('',*,*,#677,.T.);
#986=ORIENTED_EDGE('',*,*,#692,.T.);
#987=ORIENTED_EDGE('',*,*,#693,.T.);
#988=ORIENTED_EDGE('',*,*,#694,.T.);
#989=ORIENTED_EDGE('',*,*,#655,.T.);
#990=ORIENTED_EDGE('',*,*,#681,.T.);
#991=ORIENTED_EDGE('',*,*,#691,.F.);
#992=PLANE('',#1193);
#993=PLANE('',#1194);
#994=PLANE('',#1198);
#995=PLANE('',#1199);
#996=PLANE('',#1200);
#997=PLANE('',#1204);
#998=PLANE('',#1205);
#999=PLANE('',#1206);
#1000=PLANE('',#1207);
#1001=PLANE('',#1208);
#1002=PLANE('',#1209);
#1003=PLANE('',#1210);
#1004=PLANE('',#1211);
#1005=PLANE('',#1212);
#1006=PLANE('',#1213);
#1007=PLANE('',#1214);
#1008=PLANE('',#1215);
#1009=PLANE('',#1216);
#1010=PLANE('',#1217);
#1011=PLANE('',#1218);
#1012=PLANE('',#1219);
#1013=PLANE('',#1220);
#1014=PLANE('',#1221);
#1015=PLANE('',#1222);
#1016=PLANE('',#1223);
#1017=PLANE('',#1224);
#1018=PLANE('',#1225);
#1019=PLANE('',#1226);
#1020=PLANE('',#1227);
#1021=PLANE('',#1229);
#1022=PLANE('',#1230);
#1023=PLANE('',#1232);
#1024=PLANE('',#1233);
#1025=PLANE('',#1235);
#1026=PLANE('',#1236);
#1027=PLANE('',#1238);
#1028=PLANE('',#1239);
#1029=PLANE('',#1240);
#1030=PLANE('',#1243);
#1031=PLANE('',#1244);
#1032=PLANE('',#1255);
#1033=PLANE('',#1257);
#1034=PLANE('',#1258);
#1035=PLANE('',#1260);
#1036=PLANE('',#1261);
#1037=PLANE('',#1262);
#1038=PLANE('',#1263);
#1039=PLANE('',#1265);
#1040=PLANE('',#1266);
#1041=PLANE('',#1269);
#1042=PLANE('',#1270);
#1043=STYLED_ITEM('',(#1926),#1104);
#1044=STYLED_ITEM('',(#1926),#1105);
#1045=STYLED_ITEM('',(#1926),#1106);
#1046=STYLED_ITEM('',(#1926),#1107);
#1047=STYLED_ITEM('',(#1926),#1108);
#1048=STYLED_ITEM('',(#1926),#1109);
#1049=STYLED_ITEM('',(#1926),#1110);
#1050=STYLED_ITEM('',(#1926),#1111);
#1051=STYLED_ITEM('',(#1926),#1112);
#1052=STYLED_ITEM('',(#1926),#1113);
#1053=STYLED_ITEM('',(#1926),#1114);
#1054=STYLED_ITEM('',(#1926),#1115);
#1055=STYLED_ITEM('',(#1926),#1116);
#1056=STYLED_ITEM('',(#1926),#1117);
#1057=STYLED_ITEM('',(#1926),#1118);
#1058=STYLED_ITEM('',(#1926),#1119);
#1059=STYLED_ITEM('',(#1926),#1120);
#1060=STYLED_ITEM('',(#1926),#1121);
#1061=STYLED_ITEM('',(#1926),#1122);
#1062=STYLED_ITEM('',(#1926),#1123);
#1063=STYLED_ITEM('',(#1926),#1124);
#1064=STYLED_ITEM('',(#1926),#1125);
#1065=STYLED_ITEM('',(#1926),#1126);
#1066=STYLED_ITEM('',(#1926),#1127);
#1067=STYLED_ITEM('',(#1926),#1128);
#1068=STYLED_ITEM('',(#1926),#1129);
#1069=STYLED_ITEM('',(#1926),#1130);
#1070=STYLED_ITEM('',(#1926),#1131);
#1071=STYLED_ITEM('',(#1926),#1132);
#1072=STYLED_ITEM('',(#1926),#1133);
#1073=STYLED_ITEM('',(#1926),#1134);
#1074=STYLED_ITEM('',(#1926),#1135);
#1075=STYLED_ITEM('',(#1926),#1136);
#1076=STYLED_ITEM('',(#1926),#1137);
#1077=STYLED_ITEM('',(#1926),#1138);
#1078=STYLED_ITEM('',(#1926),#1139);
#1079=STYLED_ITEM('',(#1926),#1140);
#1080=STYLED_ITEM('',(#1926),#1141);
#1081=STYLED_ITEM('',(#1926),#1142);
#1082=STYLED_ITEM('',(#1926),#1143);
#1083=STYLED_ITEM('',(#1926),#1144);
#1084=STYLED_ITEM('',(#1926),#1145);
#1085=STYLED_ITEM('',(#1926),#1146);
#1086=STYLED_ITEM('',(#1926),#1147);
#1087=STYLED_ITEM('',(#1926),#1148);
#1088=STYLED_ITEM('',(#1926),#1149);
#1089=STYLED_ITEM('',(#1926),#1150);
#1090=STYLED_ITEM('',(#1926),#1151);
#1091=STYLED_ITEM('',(#1926),#1152);
#1092=STYLED_ITEM('',(#1926),#1153);
#1093=STYLED_ITEM('',(#1926),#1154);
#1094=STYLED_ITEM('',(#1926),#1155);
#1095=STYLED_ITEM('',(#1926),#1156);
#1096=STYLED_ITEM('',(#1926),#1157);
#1097=STYLED_ITEM('',(#1926),#1158);
#1098=STYLED_ITEM('',(#1926),#1159);
#1099=STYLED_ITEM('',(#1926),#1160);
#1100=STYLED_ITEM('',(#1926),#1161);
#1101=STYLED_ITEM('',(#1926),#1162);
#1102=STYLED_ITEM('',(#1926),#1163);
#1103=STYLED_ITEM('',(#1926),#1164);
#1104=ADVANCED_FACE('',(#57),#992,.T.);
#1105=ADVANCED_FACE('',(#58),#993,.T.);
#1106=ADVANCED_FACE('',(#59),#53,.F.);
#1107=ADVANCED_FACE('',(#60),#994,.F.);
#1108=ADVANCED_FACE('',(#61),#995,.T.);
#1109=ADVANCED_FACE('',(#62),#996,.T.);
#1110=ADVANCED_FACE('',(#63),#54,.F.);
#1111=ADVANCED_FACE('',(#64),#997,.T.);
#1112=ADVANCED_FACE('',(#65),#998,.F.);
#1113=ADVANCED_FACE('',(#66,#19),#999,.F.);
#1114=ADVANCED_FACE('',(#67,#20),#1000,.F.);
#1115=ADVANCED_FACE('',(#68),#1001,.T.);
#1116=ADVANCED_FACE('',(#69),#1002,.F.);
#1117=ADVANCED_FACE('',(#70),#1003,.F.);
#1118=ADVANCED_FACE('',(#71),#1004,.T.);
#1119=ADVANCED_FACE('',(#72),#1005,.F.);
#1120=ADVANCED_FACE('',(#73),#1006,.T.);
#1121=ADVANCED_FACE('',(#74),#1007,.T.);
#1122=ADVANCED_FACE('',(#75),#1008,.F.);
#1123=ADVANCED_FACE('',(#76),#1009,.T.);
#1124=ADVANCED_FACE('',(#77,#21),#1010,.F.);
#1125=ADVANCED_FACE('',(#78),#1011,.T.);
#1126=ADVANCED_FACE('',(#79),#1012,.F.);
#1127=ADVANCED_FACE('',(#80),#1013,.F.);
#1128=ADVANCED_FACE('',(#81),#1014,.F.);
#1129=ADVANCED_FACE('',(#82),#1015,.T.);
#1130=ADVANCED_FACE('',(#83,#22),#1016,.F.);
#1131=ADVANCED_FACE('',(#84),#1017,.F.);
#1132=ADVANCED_FACE('',(#85),#1018,.T.);
#1133=ADVANCED_FACE('',(#86),#1019,.F.);
#1134=ADVANCED_FACE('',(#87),#1020,.F.);
#1135=ADVANCED_FACE('',(#88),#1021,.F.);
#1136=ADVANCED_FACE('',(#89,#23),#1022,.F.);
#1137=ADVANCED_FACE('',(#90),#1023,.F.);
#1138=ADVANCED_FACE('',(#91),#1024,.F.);
#1139=ADVANCED_FACE('',(#92),#1025,.F.);
#1140=ADVANCED_FACE('',(#93),#1026,.F.);
#1141=ADVANCED_FACE('',(#94),#1027,.F.);
#1142=ADVANCED_FACE('',(#95),#1028,.F.);
#1143=ADVANCED_FACE('',(#96),#1029,.F.);
#1144=ADVANCED_FACE('',(#97),#1030,.F.);
#1145=ADVANCED_FACE('',(#98),#1031,.F.);
#1146=ADVANCED_FACE('',(#99),#13,.T.);
#1147=ADVANCED_FACE('',(#100),#55,.T.);
#1148=ADVANCED_FACE('',(#101),#14,.T.);
#1149=ADVANCED_FACE('',(#102),#15,.F.);
#1150=ADVANCED_FACE('',(#103),#1032,.F.);
#1151=ADVANCED_FACE('',(#104),#1033,.F.);
#1152=ADVANCED_FACE('',(#105,#24),#1034,.F.);
#1153=ADVANCED_FACE('',(#106),#1035,.F.);
#1154=ADVANCED_FACE('',(#107),#1036,.F.);
#1155=ADVANCED_FACE('',(#108),#1037,.F.);
#1156=ADVANCED_FACE('',(#109),#1038,.F.);
#1157=ADVANCED_FACE('',(#110),#1039,.F.);
#1158=ADVANCED_FACE('',(#111),#1040,.F.);
#1159=ADVANCED_FACE('',(#112),#1041,.F.);
#1160=ADVANCED_FACE('',(#113),#1042,.F.);
#1161=ADVANCED_FACE('',(#114),#16,.T.);
#1162=ADVANCED_FACE('',(#115),#56,.T.);
#1163=ADVANCED_FACE('',(#116),#17,.T.);
#1164=ADVANCED_FACE('',(#117),#18,.F.);
#1165=OPEN_SHELL('',(#1104,#1105,#1106,#1107,#1108,#1109,#1110,#1111,#1112,
#1113,#1114,#1115,#1116,#1117,#1118,#1119,#1120,#1121,#1122,#1123,#1124,
#1125,#1126,#1127,#1128,#1129,#1130,#1131,#1132,#1133));
#1166=OPEN_SHELL('',(#1134,#1135,#1136,#1137,#1138,#1139,#1140,#1141,#1142,
#1143,#1144,#1145,#1146,#1147,#1148,#1149));
#1167=OPEN_SHELL('',(#1150,#1151,#1152,#1153,#1154,#1155,#1156,#1157,#1158,
#1159,#1160,#1161,#1162,#1163,#1164));
#1168=SHELL_BASED_SURFACE_MODEL('Sup1',(#1165));
#1169=SHELL_BASED_SURFACE_MODEL('Sup1',(#1166));
#1170=SHELL_BASED_SURFACE_MODEL('Sup1',(#1167));
#1171=DERIVED_UNIT_ELEMENT(#1174,1.);
#1172=DERIVED_UNIT_ELEMENT(#1911,-3.);
#1173=DIMENSIONAL_EXPONENTS(1.,0.,0.,0.,0.,0.,0.);
#1174=(
CONVERSION_BASED_UNIT('gram',#1176)
MASS_UNIT()
NAMED_UNIT(#1173)
);
#1175=(
MASS_UNIT()
NAMED_UNIT(*)
SI_UNIT(.KILO.,.GRAM.)
);
#1176=MASS_MEASURE_WITH_UNIT(MASS_MEASURE(0.001),#1175);
#1177=DERIVED_UNIT((#1171,#1172));
#1178=MEASURE_REPRESENTATION_ITEM('density measure',
POSITIVE_RATIO_MEASURE(10.5),#1177);
#1179=PROPERTY_DEFINITION_REPRESENTATION(#1184,#1181);
#1180=PROPERTY_DEFINITION_REPRESENTATION(#1185,#1182);
#1181=REPRESENTATION('material name',(#1183),#1908);
#1182=REPRESENTATION('density',(#1178),#1908);
#1183=DESCRIPTIVE_REPRESENTATION_ITEM('SolidEdge_Silver',
'SolidEdge_Silver');
#1184=PROPERTY_DEFINITION('material property','material name',#1918);
#1185=PROPERTY_DEFINITION('material property','density of part',#1918);
#1186=DATE_TIME_ROLE('creation_date');
#1187=APPLIED_DATE_AND_TIME_ASSIGNMENT(#1188,#1186,(#1918));
#1188=DATE_AND_TIME(#1189,#1190);
#1189=CALENDAR_DATE(2018,7,2);
#1190=LOCAL_TIME(16,11,31.,#1191);
#1191=COORDINATED_UNIVERSAL_TIME_OFFSET(0,0,.BEHIND.);
#1192=AXIS2_PLACEMENT_3D('placement',#1590,#1282,#1283);
#1193=AXIS2_PLACEMENT_3D('',#1591,#1284,#1285);
#1194=AXIS2_PLACEMENT_3D('',#1600,#1290,#1291);
#1195=AXIS2_PLACEMENT_3D('',#1629,#1306,#1307);
#1196=AXIS2_PLACEMENT_3D('',#1631,#1308,#1309);
#1197=AXIS2_PLACEMENT_3D('',#1634,#1311,#1312);
#1198=AXIS2_PLACEMENT_3D('',#1635,#1313,#1314);
#1199=AXIS2_PLACEMENT_3D('',#1640,#1318,#1319);
#1200=AXIS2_PLACEMENT_3D('',#1646,#1323,#1324);
#1201=AXIS2_PLACEMENT_3D('',#1652,#1328,#1329);
#1202=AXIS2_PLACEMENT_3D('',#1654,#1330,#1331);
#1203=AXIS2_PLACEMENT_3D('',#1657,#1333,#1334);
#1204=AXIS2_PLACEMENT_3D('',#1658,#1335,#1336);
#1205=AXIS2_PLACEMENT_3D('',#1660,#1338,#1339);
#1206=AXIS2_PLACEMENT_3D('',#1681,#1351,#1352);
#1207=AXIS2_PLACEMENT_3D('',#1683,#1354,#1355);
#1208=AXIS2_PLACEMENT_3D('',#1686,#1358,#1359);
#1209=AXIS2_PLACEMENT_3D('',#1695,#1364,#1365);
#1210=AXIS2_PLACEMENT_3D('',#1698,#1368,#1369);
#1211=AXIS2_PLACEMENT_3D('',#1701,#1372,#1373);
#1212=AXIS2_PLACEMENT_3D('',#1710,#1378,#1379);
#1213=AXIS2_PLACEMENT_3D('',#1711,#1380,#1381);
#1214=AXIS2_PLACEMENT_3D('',#1714,#1384,#1385);
#1215=AXIS2_PLACEMENT_3D('',#1716,#1387,#1388);
#1216=AXIS2_PLACEMENT_3D('',#1720,#1392,#1393);
#1217=AXIS2_PLACEMENT_3D('',#1721,#1394,#1395);
#1218=AXIS2_PLACEMENT_3D('',#1722,#1396,#1397);
#1219=AXIS2_PLACEMENT_3D('',#1723,#1398,#1399);
#1220=AXIS2_PLACEMENT_3D('',#1729,#1403,#1404);
#1221=AXIS2_PLACEMENT_3D('',#1731,#1406,#1407);
#1222=AXIS2_PLACEMENT_3D('',#1735,#1410,#1411);
#1223=AXIS2_PLACEMENT_3D('',#1739,#1414,#1415);
#1224=AXIS2_PLACEMENT_3D('',#1740,#1416,#1417);
#1225=AXIS2_PLACEMENT_3D('',#1742,#1419,#1420);
#1226=AXIS2_PLACEMENT_3D('',#1744,#1422,#1423);
#1227=AXIS2_PLACEMENT_3D('',#1745,#1424,#1425);
#1228=AXIS2_PLACEMENT_3D('',#1748,#1426,#1427);
#1229=AXIS2_PLACEMENT_3D('',#1752,#1430,#1431);
#1230=AXIS2_PLACEMENT_3D('',#1760,#1436,#1437);
#1231=AXIS2_PLACEMENT_3D('',#1762,#1438,#1439);
#1232=AXIS2_PLACEMENT_3D('',#1772,#1445,#1446);
#1233=AXIS2_PLACEMENT_3D('',#1778,#1450,#1451);
#1234=AXIS2_PLACEMENT_3D('',#1780,#1452,#1453);
#1235=AXIS2_PLACEMENT_3D('',#1782,#1455,#1456);
#1236=AXIS2_PLACEMENT_3D('',#1786,#1459,#1460);
#1237=AXIS2_PLACEMENT_3D('',#1788,#1461,#1462);
#1238=AXIS2_PLACEMENT_3D('',#1790,#1464,#1465);
#1239=AXIS2_PLACEMENT_3D('',#1794,#1468,#1469);
#1240=AXIS2_PLACEMENT_3D('',#1800,#1473,#1474);
#1241=AXIS2_PLACEMENT_3D('',#1802,#1475,#1476);
#1242=AXIS2_PLACEMENT_3D('',#1804,#1478,#1479);
#1243=AXIS2_PLACEMENT_3D('',#1805,#1480,#1481);
#1244=AXIS2_PLACEMENT_3D('',#1806,#1482,#1483);
#1245=AXIS2_PLACEMENT_3D('',#1808,#1484,#1485);
#1246=AXIS2_PLACEMENT_3D('',#1809,#1486,#1487);
#1247=AXIS2_PLACEMENT_3D('',#1811,#1488,#1489);
#1248=AXIS2_PLACEMENT_3D('',#1813,#1491,#1492);
#1249=AXIS2_PLACEMENT_3D('',#1816,#1493,#1494);
#1250=AXIS2_PLACEMENT_3D('',#1817,#1495,#1496);
#1251=AXIS2_PLACEMENT_3D('',#1819,#1498,#1499);
#1252=AXIS2_PLACEMENT_3D('',#1821,#1501,#1502);
#1253=AXIS2_PLACEMENT_3D('',#1824,#1504,#1505);
#1254=AXIS2_PLACEMENT_3D('',#1825,#1506,#1507);
#1255=AXIS2_PLACEMENT_3D('',#1826,#1508,#1509);
#1256=AXIS2_PLACEMENT_3D('',#1829,#1510,#1511);
#1257=AXIS2_PLACEMENT_3D('',#1833,#1514,#1515);
#1258=AXIS2_PLACEMENT_3D('',#1841,#1520,#1521);
#1259=AXIS2_PLACEMENT_3D('',#1843,#1522,#1523);
#1260=AXIS2_PLACEMENT_3D('',#1853,#1529,#1530);
#1261=AXIS2_PLACEMENT_3D('',#1859,#1534,#1535);
#1262=AXIS2_PLACEMENT_3D('',#1865,#1539,#1540);
#1263=AXIS2_PLACEMENT_3D('',#1871,#1544,#1545);
#1264=AXIS2_PLACEMENT_3D('',#1873,#1546,#1547);
#1265=AXIS2_PLACEMENT_3D('',#1875,#1549,#1550);
#1266=AXIS2_PLACEMENT_3D('',#1879,#1553,#1554);
#1267=AXIS2_PLACEMENT_3D('',#1881,#1555,#1556);
#1268=AXIS2_PLACEMENT_3D('',#1883,#1558,#1559);
#1269=AXIS2_PLACEMENT_3D('',#1884,#1560,#1561);
#1270=AXIS2_PLACEMENT_3D('',#1885,#1562,#1563);
#1271=AXIS2_PLACEMENT_3D('',#1887,#1564,#1565);
#1272=AXIS2_PLACEMENT_3D('',#1888,#1566,#1567);
#1273=AXIS2_PLACEMENT_3D('',#1890,#1568,#1569);
#1274=AXIS2_PLACEMENT_3D('',#1892,#1571,#1572);
#1275=AXIS2_PLACEMENT_3D('',#1895,#1573,#1574);
#1276=AXIS2_PLACEMENT_3D('',#1896,#1575,#1576);
#1277=AXIS2_PLACEMENT_3D('',#1898,#1578,#1579);
#1278=AXIS2_PLACEMENT_3D('',#1900,#1581,#1582);
#1279=AXIS2_PLACEMENT_3D('',#1903,#1584,#1585);
#1280=AXIS2_PLACEMENT_3D('',#1904,#1586,#1587);
#1281=AXIS2_PLACEMENT_3D('',#1905,#1588,#1589);
#1282=DIRECTION('axis',(0.,0.,1.));
#1283=DIRECTION('refdir',(1.,0.,0.));
#1284=DIRECTION('center_axis',(0.707106781186546,0.,-0.707106781186549));
#1285=DIRECTION('ref_axis',(-0.707106781186549,0.,-0.707106781186546));
#1286=DIRECTION('',(0.707106781186549,0.,0.707106781186546));
#1287=DIRECTION('',(0.,-1.,0.));
#1288=DIRECTION('',(-0.707106781186548,0.,-0.707106781186547));
#1289=DIRECTION('',(0.,1.,0.));
#1290=DIRECTION('center_axis',(0.,0.,1.));
#1291=DIRECTION('ref_axis',(1.,0.,0.));
#1292=DIRECTION('',(1.,0.,0.));
#1293=DIRECTION('',(0.707106781186548,0.707106781186547,0.));
#1294=DIRECTION('',(1.,1.58603289232165E-16,0.));
#1295=DIRECTION('',(0.,-1.,0.));
#1296=DIRECTION('',(-1.,-1.58603289232165E-16,0.));
#1297=DIRECTION('',(-0.707106781186547,0.707106781186548,0.));
#1298=DIRECTION('',(-1.,3.80213364597656E-17,0.));
#1299=DIRECTION('',(0.,1.,0.));
#1300=DIRECTION('',(-1.,0.,0.));
#1301=DIRECTION('',(0.,1.,0.));
#1302=DIRECTION('',(1.,0.,0.));
#1303=DIRECTION('',(1.82003774528714E-16,-1.,0.));
#1304=DIRECTION('',(-1.,0.,0.));
#1305=DIRECTION('',(0.,-1.,0.));
#1306=DIRECTION('center_axis',(0.0871557427476651,0.996194698091745,0.));
#1307=DIRECTION('ref_axis',(-0.996194698091745,0.087155742747665,0.));
#1308=DIRECTION('center_axis',(0.,1.,-7.11236625150493E-16));
#1309=DIRECTION('ref_axis',(1.,2.85058342978405E-30,-4.65535602880559E-14));
#1310=DIRECTION('',(0.0871557427476651,0.996194698091745,0.));
#1311=DIRECTION('center_axis',(0.,-1.,1.77809156287623E-16));
#1312=DIRECTION('ref_axis',(1.,-7.6037655673541E-30,-1.24178915466045E-13));
#1313=DIRECTION('center_axis',(-0.707106781186548,-0.707106781186547,0.));
#1314=DIRECTION('ref_axis',(0.,0.,1.));
#1315=DIRECTION('',(0.,0.,1.));
#1316=DIRECTION('',(0.707106781186547,-0.707106781186548,0.));
#1317=DIRECTION('',(0.,0.,-1.));
#1318=DIRECTION('center_axis',(1.23908819712629E-16,-1.,0.));
#1319=DIRECTION('ref_axis',(0.,0.,-1.));
#1320=DIRECTION('',(1.,1.80036166155431E-16,0.));
#1321=DIRECTION('',(1.,1.58603289232165E-16,0.));
#1322=DIRECTION('',(0.,0.,1.));
#1323=DIRECTION('center_axis',(-1.65211759616839E-16,1.,0.));
#1324=DIRECTION('ref_axis',(0.,0.,1.));
#1325=DIRECTION('',(-1.,-1.58603289232165E-16,0.));
#1326=DIRECTION('',(-1.,-1.50030138462859E-16,0.));
#1327=DIRECTION('',(0.,0.,1.));
#1328=DIRECTION('center_axis',(1.,0.,0.));
#1329=DIRECTION('ref_axis',(0.,0.,-1.));
#1330=DIRECTION('center_axis',(1.,0.,0.));
#1331=DIRECTION('ref_axis',(0.,0.,-1.));
#1332=DIRECTION('',(1.,0.,0.));
#1333=DIRECTION('center_axis',(1.,0.,0.));
#1334=DIRECTION('ref_axis',(0.,0.,-1.));
#1335=DIRECTION('center_axis',(0.,0.,-1.));
#1336=DIRECTION('ref_axis',(-1.,0.,0.));
#1337=DIRECTION('',(0.,-1.,0.));
#1338=DIRECTION('center_axis',(0.,0.,1.));
#1339=DIRECTION('ref_axis',(1.,0.,0.));
#1340=DIRECTION('',(-0.707106781186548,-0.707106781186547,0.));
#1341=DIRECTION('',(1.,0.,0.));
#1342=DIRECTION('',(0.,-1.,0.));
#1343=DIRECTION('',(-1.,0.,0.));
#1344=DIRECTION('',(1.82003774528714E-16,-1.,0.));
#1345=DIRECTION('',(1.,0.,0.));
#1346=DIRECTION('',(0.,1.,0.));
#1347=DIRECTION('',(-1.,0.,0.));
#1348=DIRECTION('',(0.,1.,0.));
#1349=DIRECTION('',(-1.,3.80213364597656E-17,0.));
#1350=DIRECTION('',(0.,-1.,0.));
#1351=DIRECTION('center_axis',(-3.72258256647384E-17,-1.,0.));
#1352=DIRECTION('ref_axis',(0.,0.,-1.));
#1353=DIRECTION('',(0.,0.,-1.));
#1354=DIRECTION('center_axis',(0.,1.,0.));
#1355=DIRECTION('ref_axis',(0.,0.,1.));
#1356=DIRECTION('',(0.,0.,1.));
#1357=DIRECTION('',(0.,0.,-1.));
#1358=DIRECTION('center_axis',(0.,0.,1.));
#1359=DIRECTION('ref_axis',(1.,0.,0.));
#1360=DIRECTION('',(1.82003774528714E-16,-1.,0.));
#1361=DIRECTION('',(1.,0.,0.));
#1362=DIRECTION('',(0.,1.,0.));
#1363=DIRECTION('',(-1.,0.,0.));
#1364=DIRECTION('center_axis',(-1.,-7.1095224425279E-17,0.));
#1365=DIRECTION('ref_axis',(0.,0.,1.));
#1366=DIRECTION('',(0.,0.,-1.));
#1367=DIRECTION('',(0.,0.,-1.));
#1368=DIRECTION('center_axis',(1.,1.06642836637918E-16,0.));
#1369=DIRECTION('ref_axis',(0.,0.,-1.));
#1370=DIRECTION('',(0.,0.,-1.));
#1371=DIRECTION('',(0.,0.,-1.));
#1372=DIRECTION('center_axis',(0.,0.,-1.));
#1373=DIRECTION('ref_axis',(-1.,0.,0.));
#1374=DIRECTION('',(1.82003774528714E-16,-1.,0.));
#1375=DIRECTION('',(-1.,0.,0.));
#1376=DIRECTION('',(0.,1.,0.));
#1377=DIRECTION('',(1.,0.,0.));
#1378=DIRECTION('center_axis',(0.,1.,0.));
#1379=DIRECTION('ref_axis',(0.,0.,1.));
#1380=DIRECTION('center_axis',(-1.,-1.06642836637918E-16,0.));
#1381=DIRECTION('ref_axis',(0.,0.,1.));
#1382=DIRECTION('',(0.,0.,1.));
#1383=DIRECTION('',(0.,0.,1.));
#1384=DIRECTION('center_axis',(0.,-1.,0.));
#1385=DIRECTION('ref_axis',(0.,0.,-1.));
#1386=DIRECTION('',(0.,0.,1.));
#1387=DIRECTION('center_axis',(0.,-1.,0.));
#1388=DIRECTION('ref_axis',(0.,0.,-1.));
#1389=DIRECTION('',(0.,0.,1.));
#1390=DIRECTION('',(0.,0.,-1.));
#1391=DIRECTION('',(0.,0.,-1.));
#1392=DIRECTION('center_axis',(1.,7.1095224425279E-17,0.));
#1393=DIRECTION('ref_axis',(0.,0.,-1.));
#1394=DIRECTION('center_axis',(-1.,-5.9818050895752E-17,0.));
#1395=DIRECTION('ref_axis',(0.,0.,1.));
#1396=DIRECTION('center_axis',(-1.,0.,0.));
#1397=DIRECTION('ref_axis',(0.,0.,1.));
#1398=DIRECTION('center_axis',(1.65211759616839E-16,-1.,0.));
#1399=DIRECTION('ref_axis',(0.,0.,-1.));
#1400=DIRECTION('',(-1.,-1.50030138462859E-16,0.));
#1401=DIRECTION('',(0.707106781186546,0.,-0.707106781186549));
#1402=DIRECTION('',(0.,0.,-1.));
#1403=DIRECTION('center_axis',(-0.707106781186547,0.707106781186548,0.));
#1404=DIRECTION('ref_axis',(0.,0.,1.));
#1405=DIRECTION('',(0.,0.,-1.));
#1406=DIRECTION('center_axis',(1.,0.,0.));
#1407=DIRECTION('ref_axis',(0.,0.,-1.));
#1408=DIRECTION('',(0.,0.,-1.));
#1409=DIRECTION('',(0.,-1.,0.));
#1410=DIRECTION('center_axis',(0.,0.,1.));
#1411=DIRECTION('ref_axis',(1.,0.,0.));
#1412=DIRECTION('',(1.,1.80036166155431E-16,0.));
#1413=DIRECTION('',(0.,1.,0.));
#1414=DIRECTION('center_axis',(1.,0.,0.));
#1415=DIRECTION('ref_axis',(0.,0.,-1.));
#1416=DIRECTION('center_axis',(-1.23908819712629E-16,1.,0.));
#1417=DIRECTION('ref_axis',(0.,0.,1.));
#1418=DIRECTION('',(-0.707106781186546,0.,0.707106781186549));
#1419=DIRECTION('center_axis',(0.70710678118655,0.,0.707106781186546));
#1420=DIRECTION('ref_axis',(0.707106781186546,0.,-0.70710678118655));
#1421=DIRECTION('',(0.,-1.,0.));
#1422=DIRECTION('center_axis',(-1.,0.,0.));
#1423=DIRECTION('ref_axis',(0.,0.,1.));
#1424=DIRECTION('center_axis',(-1.,-1.98367955784563E-17,6.21008966096166E-18));
#1425=DIRECTION('ref_axis',(6.21008966096166E-18,0.,1.));
#1426=DIRECTION('center_axis',(1.,6.93889390390723E-18,-1.38777878078145E-17));
#1427=DIRECTION('ref_axis',(0.,-0.859574660903399,-0.511010178306467));
#1428=DIRECTION('',(0.,0.859574660903398,0.511010178306468));
#1429=DIRECTION('',(0.,-0.0127604655541163,0.999918581944971));
#1430=DIRECTION('center_axis',(1.38777878078145E-17,0.511010178306467,-0.859574660903399));
#1431=DIRECTION('ref_axis',(-1.,0.,-1.61449475409491E-17));
#1432=DIRECTION('',(0.,0.859574660903399,0.511010178306467));
#1433=DIRECTION('',(1.,0.,0.));
#1434=DIRECTION('',(0.,0.859574660903399,0.511010178306467));
#1435=DIRECTION('',(1.,0.,0.));
#1436=DIRECTION('center_axis',(-1.,-1.98367955784563E-17,6.21008966096166E-18));
#1437=DIRECTION('ref_axis',(6.21008966096166E-18,0.,1.));
#1438=DIRECTION('center_axis',(1.,6.93889390390723E-18,-1.38777878078145E-17));
#1439=DIRECTION('ref_axis',(0.,-0.859574660903399,-0.511010178306467));
#1440=DIRECTION('',(0.,0.872335126457515,-0.488908403638504));
#1441=DIRECTION('',(0.,0.0127604655541169,-0.999918581944971));
#1442=DIRECTION('',(0.,-0.859574660903399,-0.511010178306467));
#1443=DIRECTION('',(0.,-0.872335126457515,0.488908403638505));
#1444=DIRECTION('',(0.,-0.0127604655541163,0.999918581944971));
#1445=DIRECTION('center_axis',(1.89574106938045E-17,-0.488908403638504,
-0.872335126457515));
#1446=DIRECTION('ref_axis',(-1.,0.,-2.1731797928153E-17));
#1447=DIRECTION('',(0.,0.872335126457516,-0.488908403638504));
#1448=DIRECTION('',(0.,0.872335126457515,-0.488908403638505));
#1449=DIRECTION('',(1.,0.,0.));
#1450=DIRECTION('center_axis',(-1.,-1.98367955784563E-17,6.21008966096166E-18));
#1451=DIRECTION('ref_axis',(6.21008966096166E-18,0.,1.));
#1452=DIRECTION('center_axis',(1.,6.93889390390723E-18,-1.38777878078145E-17));
#1453=DIRECTION('ref_axis',(0.,-0.859574660903399,-0.511010178306467));
#1454=DIRECTION('',(0.,0.0127604655541163,-0.999918581944971));
#1455=DIRECTION('center_axis',(5.07962288599005E-18,-0.999918581944971,
-0.0127604655541168));
#1456=DIRECTION('ref_axis',(0.,0.0127604655541168,-0.999918581944971));
#1457=DIRECTION('',(0.,0.0127604655541176,-0.999918581944971));
#1458=DIRECTION('',(1.,0.,0.));
#1459=DIRECTION('center_axis',(-1.,-1.98367955784563E-17,6.21008966096166E-18));
#1460=DIRECTION('ref_axis',(6.21008966096166E-18,0.,1.));
#1461=DIRECTION('center_axis',(1.,6.93889390390723E-18,-1.38777878078145E-17));
#1462=DIRECTION('ref_axis',(0.,-0.859574660903399,-0.511010178306467));
#1463=DIRECTION('',(0.,-0.859574660903399,-0.511010178306467));
#1464=DIRECTION('center_axis',(-1.38777878078145E-17,-0.511010178306467,
0.859574660903399));
#1465=DIRECTION('ref_axis',(1.,0.,1.61449475409491E-17));
#1466=DIRECTION('',(0.,-0.859574660903399,-0.511010178306467));
#1467=DIRECTION('',(1.,0.,-3.46944695195361E-17));
#1468=DIRECTION('center_axis',(-1.89574106938045E-17,0.488908403638505,
0.872335126457515));
#1469=DIRECTION('ref_axis',(1.,0.,2.1731797928153E-17));
#1470=DIRECTION('',(0.,-0.872335126457515,0.488908403638505));
#1471=DIRECTION('',(0.,-0.872335126457515,0.488908403638505));
#1472=DIRECTION('',(1.,0.,0.));
#1473=DIRECTION('center_axis',(-1.,-1.98367955784563E-17,6.21008966096166E-18));
#1474=DIRECTION('ref_axis',(6.21008966096166E-18,0.,1.));
#1475=DIRECTION('center_axis',(1.,6.93889390390723E-18,-1.38777878078145E-17));
#1476=DIRECTION('ref_axis',(0.,-0.859574660903399,-0.511010178306467));
#1477=DIRECTION('',(0.,-0.0127604655541163,0.999918581944971));
#1478=DIRECTION('center_axis',(1.,6.93889390390723E-18,-1.38777878078145E-17));
#1479=DIRECTION('ref_axis',(0.,-0.859574660903399,-0.511010178306467));
#1480=DIRECTION('center_axis',(-5.07962288599004E-18,0.999918581944971,
0.0127604655541165));
#1481=DIRECTION('ref_axis',(0.,-0.0127604655541165,0.999918581944971));
#1482=DIRECTION('center_axis',(1.,1.98367955784563E-17,-6.21008966096166E-18));
#1483=DIRECTION('ref_axis',(-6.21008966096166E-18,0.,-1.));
#1484=DIRECTION('center_axis',(1.,6.93889390390723E-18,-1.38777878078145E-17));
#1485=DIRECTION('ref_axis',(0.,-0.859574660903399,-0.511010178306467));
#1486=DIRECTION('center_axis',(1.,6.93889390390723E-18,-1.38777878078145E-17));
#1487=DIRECTION('ref_axis',(0.,-0.859574660903399,-0.511010178306467));
#1488=DIRECTION('center_axis',(1.,6.93889390390723E-18,-1.38777878078145E-17));
#1489=DIRECTION('ref_axis',(0.,-0.859574660903399,-0.511010178306467));
#1490=DIRECTION('',(-0.707106781186552,-0.607811071660917,-0.361338762335847));
#1491=DIRECTION('center_axis',(1.,6.93889390390723E-18,-1.38777878078145E-17));
#1492=DIRECTION('ref_axis',(0.,-0.859574660903399,-0.511010178306467));
#1493=DIRECTION('center_axis',(1.,6.93889390390723E-18,-1.38777878078145E-17));
#1494=DIRECTION('ref_axis',(0.,-0.859574660903399,-0.511010178306467));
#1495=DIRECTION('center_axis',(1.,6.93889390390723E-18,-1.38777878078145E-17));
#1496=DIRECTION('ref_axis',(0.,-0.859574660903399,-0.511010178306467));
#1497=DIRECTION('',(-1.,-6.93889390390723E-18,1.38777878078145E-17));
#1498=DIRECTION('center_axis',(-1.,-6.93889390390723E-18,1.38777878078145E-17));
#1499=DIRECTION('ref_axis',(0.,0.859574660903399,0.511010178306467));
#1500=DIRECTION('',(0.707106781186551,0.607811071660917,0.361338762335848));
#1501=DIRECTION('center_axis',(1.,6.93889390390723E-18,-1.38777878078145E-17));
#1502=DIRECTION('ref_axis',(0.,-0.859574660903399,-0.511010178306467));
#1503=DIRECTION('',(0.499999999999998,0.744413492791739,0.442547796005817));
#1504=DIRECTION('center_axis',(1.,6.93889390390723E-18,-1.38777878078145E-17));
#1505=DIRECTION('ref_axis',(0.,-0.859574660903399,-0.511010178306467));
#1506=DIRECTION('center_axis',(1.,6.93889390390723E-18,-1.38777878078145E-17));
#1507=DIRECTION('ref_axis',(0.,-0.859574660903399,-0.511010178306467));
#1508=DIRECTION('center_axis',(-0.0871557427476651,-0.996194698091745,1.04083408558608E-17));
#1509=DIRECTION('ref_axis',(0.,-1.0448099027026E-17,-1.));
#1510=DIRECTION('center_axis',(0.087155742747665,0.996194698091745,-9.17506088465858E-18));
#1511=DIRECTION('ref_axis',(0.986614606757252,-0.086317593360354,-0.138350608273721));
#1512=DIRECTION('',(-0.986614606757253,0.0863175933603539,0.138350608273721));
#1513=DIRECTION('',(-0.373948094770739,0.0327162190395601,0.926872413781471));
#1514=DIRECTION('center_axis',(-0.137824142440049,0.0120580500236874,-0.990383314272959));
#1515=DIRECTION('ref_axis',(-0.99045532129386,0.,0.137834163111603));
#1516=DIRECTION('',(-0.986614606757252,0.0863175933603541,0.138350608273721));
#1517=DIRECTION('',(0.0871557427476652,0.996194698091745,0.));
#1518=DIRECTION('',(-0.986614606757253,0.0863175933603541,0.138350608273721));
#1519=DIRECTION('',(0.0871557427476655,0.996194698091745,0.));
#1520=DIRECTION('center_axis',(-0.0871557427476651,-0.996194698091745,1.04083408558608E-17));
#1521=DIRECTION('ref_axis',(0.,-1.0448099027026E-17,-1.));
#1522=DIRECTION('center_axis',(0.087155742747665,0.996194698091745,-9.17506088465858E-18));
#1523=DIRECTION('ref_axis',(0.986614606757252,-0.0863175933603539,-0.138350608273721));
#1524=DIRECTION('',(-0.612666511986513,0.0536013743207938,-0.78852180550775));
#1525=DIRECTION('',(0.373948094770739,-0.0327162190395602,-0.926872413781471));
#1526=DIRECTION('',(0.986614606757253,-0.086317593360354,-0.138350608273721));
#1527=DIRECTION('',(0.612666511986513,-0.0536013743207939,0.78852180550775));
#1528=DIRECTION('',(-0.373948094770739,0.0327162190395601,0.926872413781471));
#1529=DIRECTION('center_axis',(0.78552124197655,-0.0687242036317578,-0.615006798530552));
#1530=DIRECTION('ref_axis',(-0.6164643069698,0.,-0.787382853656495));
#1531=DIRECTION('',(-0.612666511986513,0.0536013743207938,-0.78852180550775));
#1532=DIRECTION('',(-0.612666511986514,0.0536013743207938,-0.788521805507749));
#1533=DIRECTION('',(0.0871557427476645,0.996194698091745,0.));
#1534=DIRECTION('center_axis',(0.923345384416599,-0.0807822536554452,0.375376515742408));
#1535=DIRECTION('ref_axis',(0.37660735402999,0.,-0.926372981520149));
#1536=DIRECTION('',(0.373948094770738,-0.0327162190395601,-0.926872413781471));
#1537=DIRECTION('',(0.373948094770739,-0.0327162190395601,-0.926872413781471));
#1538=DIRECTION('',(0.0871557427476649,0.996194698091745,-9.75781955236954E-18));
#1539=DIRECTION('center_axis',(0.137824142440049,-0.0120580500236874,0.990383314272959));
#1540=DIRECTION('ref_axis',(0.99045532129386,0.,-0.137834163111603));
#1541=DIRECTION('',(0.986614606757252,-0.0863175933603538,-0.138350608273721));
#1542=DIRECTION('',(0.986614606757253,-0.0863175933603538,-0.138350608273721));
#1543=DIRECTION('',(0.0871557427476652,0.996194698091745,0.));
#1544=DIRECTION('center_axis',(-0.0871557427476651,-0.996194698091745,1.04083408558608E-17));
#1545=DIRECTION('ref_axis',(0.,-1.0448099027026E-17,-1.));
#1546=DIRECTION('center_axis',(0.087155742747665,0.996194698091745,-9.17506088465858E-18));
#1547=DIRECTION('ref_axis',(0.986614606757252,-0.086317593360354,-0.138350608273721));
#1548=DIRECTION('',(0.612666511986513,-0.0536013743207938,0.78852180550775));
#1549=DIRECTION('center_axis',(-0.785521241976551,0.0687242036317579,0.615006798530552));
#1550=DIRECTION('ref_axis',(0.6164643069698,0.,0.787382853656495));
#1551=DIRECTION('',(0.612666511986513,-0.0536013743207938,0.78852180550775));
#1552=DIRECTION('',(0.0871557427476649,0.996194698091745,0.));
#1553=DIRECTION('center_axis',(-0.0871557427476651,-0.996194698091745,1.04083408558608E-17));
#1554=DIRECTION('ref_axis',(0.,-1.0448099027026E-17,-1.));
#1555=DIRECTION('center_axis',(0.087155742747665,0.996194698091745,-9.17506088465858E-18));
#1556=DIRECTION('ref_axis',(0.986614606757252,-0.086317593360354,-0.138350608273721));
#1557=DIRECTION('',(-0.373948094770739,0.0327162190395601,0.926872413781471));
#1558=DIRECTION('center_axis',(0.087155742747665,0.996194698091745,-9.17506088465858E-18));
#1559=DIRECTION('ref_axis',(0.986614606757252,-0.086317593360354,-0.138350608273721));
#1560=DIRECTION('center_axis',(-0.923345384416599,0.0807822536554452,-0.375376515742408));
#1561=DIRECTION('ref_axis',(-0.37660735402999,0.,0.926372981520149));
#1562=DIRECTION('center_axis',(0.0871557427476651,0.996194698091745,-1.04083408558608E-17));
#1563=DIRECTION('ref_axis',(0.,1.0448099027026E-17,1.));
#1564=DIRECTION('center_axis',(0.087155742747665,0.996194698091745,-9.17506088465858E-18));
#1565=DIRECTION('ref_axis',(0.986614606757253,-0.0863175933603537,-0.138350608273721));
#1566=DIRECTION('center_axis',(0.087155742747665,0.996194698091745,-9.17506088465858E-18));
#1567=DIRECTION('ref_axis',(0.986614606757253,-0.0863175933603537,-0.138350608273721));
#1568=DIRECTION('center_axis',(0.087155742747665,0.996194698091745,-9.17506088465858E-18));
#1569=DIRECTION('ref_axis',(0.986614606757253,-0.086317593360354,-0.138350608273721));
#1570=DIRECTION('',(0.636013462139524,-0.765451782003571,-0.0978286532916314));
#1571=DIRECTION('center_axis',(0.087155742747665,0.996194698091745,-9.17506088465858E-18));
#1572=DIRECTION('ref_axis',(0.986614606757253,-0.086317593360354,-0.138350608273721));
#1573=DIRECTION('center_axis',(0.087155742747665,0.996194698091745,-9.17506088465858E-18));
#1574=DIRECTION('ref_axis',(0.986614606757252,-0.086317593360354,-0.138350608273721));
#1575=DIRECTION('center_axis',(0.087155742747665,0.996194698091745,-9.17506088465858E-18));
#1576=DIRECTION('ref_axis',(0.986614606757252,-0.086317593360354,-0.138350608273721));
#1577=DIRECTION('',(-0.087155742747665,-0.996194698091745,9.17506088465858E-18));
#1578=DIRECTION('center_axis',(-0.087155742747665,-0.996194698091745,9.17506088465858E-18));
#1579=DIRECTION('ref_axis',(-0.986614606757252,0.086317593360354,0.138350608273721));
#1580=DIRECTION('',(-0.636013462139524,0.765451782003571,0.0978286532916313));
#1581=DIRECTION('center_axis',(0.087155742747665,0.996194698091745,-9.17506088465858E-18));
#1582=DIRECTION('ref_axis',(0.986614606757252,-0.086317593360354,-0.138350608273721));
#1583=DIRECTION('',(-0.810855441822743,0.572850577689472,0.119815141394072));
#1584=DIRECTION('center_axis',(0.087155742747665,0.996194698091745,-9.17506088465858E-18));
#1585=DIRECTION('ref_axis',(0.986614606757252,-0.086317593360354,-0.138350608273721));
#1586=DIRECTION('center_axis',(0.087155742747665,0.996194698091745,-9.17506088465858E-18));
#1587=DIRECTION('ref_axis',(0.986614606757252,-0.086317593360354,-0.138350608273721));
#1588=DIRECTION('center_axis',(0.087155742747665,0.996194698091745,-9.17506088465858E-18));
#1589=DIRECTION('ref_axis',(0.986614606757252,-0.086317593360354,-0.138350608273721));
#1590=CARTESIAN_POINT('',(0.,0.,0.));
#1591=CARTESIAN_POINT('Origin',(0.0150942381726262,-0.00868413897560803,
-0.00535134629357481));
#1592=CARTESIAN_POINT('',(0.0125942381726262,-0.00728413897560803,-0.00785134629357481));
#1593=CARTESIAN_POINT('',(0.0150942381726262,-0.00728413897560803,-0.00535134629357481));
#1594=CARTESIAN_POINT('',(0.0125942381726262,-0.00728413897560803,-0.00785134629357481));
#1595=CARTESIAN_POINT('',(0.0125942381726262,-0.00338413897560803,-0.00785134629357481));
#1596=CARTESIAN_POINT('',(0.0125942381726262,-0.00338413897560803,-0.00785134629357481));
#1597=CARTESIAN_POINT('',(0.0150942381726262,-0.00338413897560803,-0.00535134629357481));
#1598=CARTESIAN_POINT('',(0.0150942381726262,-0.00338413897560803,-0.00535134629357481));
#1599=CARTESIAN_POINT('',(0.0150942381726262,-0.00728413897560803,-0.00535134629357481));
#1600=CARTESIAN_POINT('Origin',(0.0150942381726262,-0.00868413897560803,
0.00264865370642519));
#1601=CARTESIAN_POINT('',(-0.0149057618273738,-0.00868413897560803,0.00264865370642519));
#1602=CARTESIAN_POINT('',(0.0136942381726262,-0.00868413897560804,0.00264865370642519));
#1603=CARTESIAN_POINT('',(-0.0149057618273738,-0.00868413897560803,0.00264865370642519));
#1604=CARTESIAN_POINT('',(0.0150942381726262,-0.00728413897560803,0.00264865370642519));
#1605=CARTESIAN_POINT('',(0.0136942381726262,-0.00868413897560804,0.00264865370642519));
#1606=CARTESIAN_POINT('',(-0.00590576182737382,-0.00728413897560804,0.00264865370642519));
#1607=CARTESIAN_POINT('',(-0.00590576182737382,-0.00728413897560804,0.00264865370642519));
#1608=CARTESIAN_POINT('',(-0.00590576182737382,-0.00338413897560804,0.00264865370642519));
#1609=CARTESIAN_POINT('',(-0.00590576182737382,-0.00338413897560804,0.00264865370642519));
#1610=CARTESIAN_POINT('',(0.0150942381726262,-0.00338413897560803,0.00264865370642519));
#1611=CARTESIAN_POINT('',(0.0150942381726262,-0.00338413897560803,0.00264865370642519));
#1612=CARTESIAN_POINT('',(0.0136942381726262,-0.00198413897560803,0.00264865370642519));
#1613=CARTESIAN_POINT('',(0.0150942381726262,-0.00338413897560803,0.00264865370642519));
#1614=CARTESIAN_POINT('',(-0.00820576182737382,-0.00198413897560803,0.00264865370642519));
#1615=CARTESIAN_POINT('',(0.0136942381726262,-0.00198413897560803,0.00264865370642519));
#1616=CARTESIAN_POINT('',(-0.00820576182737382,0.012515861024392,0.00264865370642519));
#1617=CARTESIAN_POINT('',(-0.00820576182737382,-0.00198413897560803,0.00264865370642519));
#1618=CARTESIAN_POINT('',(-0.00960576182737382,0.012515861024392,0.00264865370642519));
#1619=CARTESIAN_POINT('',(-0.00820576182737382,0.012515861024392,0.00264865370642519));
#1620=CARTESIAN_POINT('',(-0.00960576182737382,0.000315861024391968,0.00264865370642519));
#1621=CARTESIAN_POINT('',(-0.00960576182737382,0.000315861024391968,0.00264865370642519));
#1622=CARTESIAN_POINT('',(-0.0135057618273738,0.000315861024391968,0.00264865370642519));
#1623=CARTESIAN_POINT('',(-0.0135057618273738,0.000315861024391968,0.00264865370642519));
#1624=CARTESIAN_POINT('',(-0.0135057618273738,0.012515861024392,0.00264865370642519));
#1625=CARTESIAN_POINT('',(-0.0135057618273738,0.012515861024392,0.00264865370642519));
#1626=CARTESIAN_POINT('',(-0.0149057618273738,0.012515861024392,0.00264865370642519));
#1627=CARTESIAN_POINT('',(-0.0135057618273738,0.012515861024392,0.00264865370642519));
#1628=CARTESIAN_POINT('',(-0.0149057618273738,0.012515861024392,0.00264865370642519));
#1629=CARTESIAN_POINT('Origin',(0.00521198676755608,-0.0011195540075512,
-0.00135134629357481));
#1630=CARTESIAN_POINT('',(0.0070597209324308,-0.00868413897560803,-0.00135134629357493));
#1631=CARTESIAN_POINT('Origin',(0.00455017133857244,-0.00868413897560803,
-0.00135134629357481));
#1632=CARTESIAN_POINT('',(0.00764589497805454,-0.00198413897560803,-0.00135134629357512));
#1633=CARTESIAN_POINT('',(0.00770247351278543,-0.00133744336442036,-0.00135134629357481));
#1634=CARTESIAN_POINT('Origin',(0.00513634538419617,-0.00198413897560803,
-0.00135134629357481));
#1635=CARTESIAN_POINT('Origin',(0.0136942381726262,-0.00198413897560803,
0.00264865370642519));
#1636=CARTESIAN_POINT('',(0.0150942381726262,-0.00338413897560804,-0.00535134629357481));
#1637=CARTESIAN_POINT('',(0.0136942381726262,-0.00198413897560803,-0.00535134629357481));
#1638=CARTESIAN_POINT('',(0.0136942381726262,-0.00198413897560803,-0.00535134629357481));
#1639=CARTESIAN_POINT('',(0.0136942381726262,-0.00198413897560803,0.00264865370642519));
#1640=CARTESIAN_POINT('Origin',(0.0150942381726262,-0.00728413897560803,
-0.00785134629357481));
#1641=CARTESIAN_POINT('',(-0.00590576182737382,-0.00728413897560804,-0.00785134629357481));
#1642=CARTESIAN_POINT('',(-0.00590576182737382,-0.00728413897560804,-0.00785134629357481));
#1643=CARTESIAN_POINT('',(-0.00590576182737382,-0.00728413897560804,-0.00535134629357481));
#1644=CARTESIAN_POINT('',(-0.00590576182737382,-0.00728413897560804,-0.00535134629357481));
#1645=CARTESIAN_POINT('',(-0.00590576182737382,-0.00728413897560804,-0.00785134629357481));
#1646=CARTESIAN_POINT('Origin',(0.0150942381726262,-0.00338413897560803,
-0.00785134629357481));
#1647=CARTESIAN_POINT('',(-0.00590576182737382,-0.00338413897560804,-0.00535134629357481));
#1648=CARTESIAN_POINT('',(0.0150942381726262,-0.00338413897560803,-0.00535134629357481));
#1649=CARTESIAN_POINT('',(-0.00590576182737382,-0.00338413897560804,-0.00785134629357481));
#1650=CARTESIAN_POINT('',(0.0125942381726262,-0.00338413897560803,-0.00785134629357481));
#1651=CARTESIAN_POINT('',(-0.00590576182737382,-0.00338413897560804,-0.00785134629357481));
#1652=CARTESIAN_POINT('Origin',(-0.00820576182737382,0.00551586102439197,
-0.00135134629357481));
#1653=CARTESIAN_POINT('',(-0.0149057618273738,0.00551586102439197,0.00114865370642519));
#1654=CARTESIAN_POINT('Origin',(-0.0149057618273738,0.00551586102439197,
-0.00135134629357481));
#1655=CARTESIAN_POINT('',(-0.00820576182737382,0.00551586102439197,0.00114865370642519));
#1656=CARTESIAN_POINT('',(-0.00820576182737382,0.00551586102439197,0.00114865370642519));
#1657=CARTESIAN_POINT('Origin',(-0.00820576182737382,0.00551586102439197,
-0.00135134629357481));
#1658=CARTESIAN_POINT('Origin',(0.0150942381726262,-0.00728413897560803,
-0.00785134629357481));
#1659=CARTESIAN_POINT('',(-0.00590576182737382,-0.00338413897560804,-0.00785134629357481));
#1660=CARTESIAN_POINT('Origin',(0.0150942381726262,-0.00868413897560803,
-0.00535134629357481));
#1661=CARTESIAN_POINT('',(0.0136942381726262,-0.00868413897560803,-0.00535134629357481));
#1662=CARTESIAN_POINT('',(0.0150942381726262,-0.00728413897560803,-0.00535134629357481));
#1663=CARTESIAN_POINT('',(-0.0149057618273738,-0.00868413897560803,-0.00535134629357481));
#1664=CARTESIAN_POINT('',(-0.0149057618273738,-0.00868413897560803,-0.00535134629357481));
#1665=CARTESIAN_POINT('',(-0.0149057618273738,0.012515861024392,-0.00535134629357481));
#1666=CARTESIAN_POINT('',(-0.0149057618273738,0.012515861024392,-0.00535134629357481));
#1667=CARTESIAN_POINT('',(-0.0135057618273738,0.012515861024392,-0.00535134629357481));
#1668=CARTESIAN_POINT('',(-0.0135057618273738,0.012515861024392,-0.00535134629357481));
#1669=CARTESIAN_POINT('',(-0.0135057618273738,0.000315861024391968,-0.00535134629357481));
#1670=CARTESIAN_POINT('',(-0.0135057618273738,0.012515861024392,-0.00535134629357481));
#1671=CARTESIAN_POINT('',(-0.00960576182737382,0.000315861024391968,-0.00535134629357481));
#1672=CARTESIAN_POINT('',(-0.0135057618273738,0.000315861024391968,-0.00535134629357481));
#1673=CARTESIAN_POINT('',(-0.00960576182737382,0.012515861024392,-0.00535134629357481));
#1674=CARTESIAN_POINT('',(-0.00960576182737382,0.000315861024391968,-0.00535134629357481));
#1675=CARTESIAN_POINT('',(-0.00820576182737382,0.012515861024392,-0.00535134629357481));
#1676=CARTESIAN_POINT('',(-0.00820576182737382,0.012515861024392,-0.00535134629357481));
#1677=CARTESIAN_POINT('',(-0.00820576182737382,-0.00198413897560803,-0.00535134629357481));
#1678=CARTESIAN_POINT('',(-0.00820576182737382,-0.00198413897560803,-0.00535134629357481));
#1679=CARTESIAN_POINT('',(0.0136942381726262,-0.00198413897560803,-0.00535134629357481));
#1680=CARTESIAN_POINT('',(-0.00590576182737382,-0.00338413897560804,-0.00535134629357481));
#1681=CARTESIAN_POINT('Origin',(0.0150942381726262,-0.00198413897560803,
0.00264865370642519));
#1682=CARTESIAN_POINT('',(-0.00820576182737382,-0.00198413897560803,0.00264865370642519));
#1683=CARTESIAN_POINT('Origin',(-0.0149057618273738,-0.00868413897560803,
0.00264865370642519));
#1684=CARTESIAN_POINT('',(0.0136942381726262,-0.00868413897560803,-0.00535134629357481));
#1685=CARTESIAN_POINT('',(-0.0149057618273738,-0.00868413897560803,0.00264865370642519));
#1686=CARTESIAN_POINT('Origin',(-0.0135057618273738,0.000315861024391968,
0.00514865370642519));
#1687=CARTESIAN_POINT('',(-0.0135057618273738,0.012515861024392,0.00514865370642519));
#1688=CARTESIAN_POINT('',(-0.0135057618273738,0.000315861024391968,0.00514865370642519));
#1689=CARTESIAN_POINT('',(-0.0135057618273738,0.012515861024392,0.00514865370642519));
#1690=CARTESIAN_POINT('',(-0.00960576182737382,0.000315861024391968,0.00514865370642519));
#1691=CARTESIAN_POINT('',(-0.0135057618273738,0.000315861024391968,0.00514865370642519));
#1692=CARTESIAN_POINT('',(-0.00960576182737382,0.012515861024392,0.00514865370642519));
#1693=CARTESIAN_POINT('',(-0.00960576182737382,0.000315861024391968,0.00514865370642519));
#1694=CARTESIAN_POINT('',(-0.00960576182737382,0.012515861024392,0.00514865370642519));
#1695=CARTESIAN_POINT('Origin',(-0.00960576182737382,0.012515861024392,
0.00514865370642519));
#1696=CARTESIAN_POINT('',(-0.00960576182737382,0.012515861024392,0.00514865370642519));
#1697=CARTESIAN_POINT('',(-0.00960576182737382,0.000315861024391968,0.00514865370642519));
#1698=CARTESIAN_POINT('Origin',(-0.0135057618273738,0.012515861024392,0.00514865370642519));
#1699=CARTESIAN_POINT('',(-0.0135057618273738,0.000315861024391968,0.00514865370642519));
#1700=CARTESIAN_POINT('',(-0.0135057618273738,0.012515861024392,0.00514865370642519));
#1701=CARTESIAN_POINT('Origin',(-0.0135057618273738,0.000315861024391968,
-0.00785134629357481));
#1702=CARTESIAN_POINT('',(-0.0135057618273738,0.012515861024392,-0.00785134629357481));
#1703=CARTESIAN_POINT('',(-0.0135057618273738,0.000315861024391968,-0.00785134629357481));
#1704=CARTESIAN_POINT('',(-0.0135057618273738,0.012515861024392,-0.00785134629357481));
#1705=CARTESIAN_POINT('',(-0.00960576182737382,0.012515861024392,-0.00785134629357481));
#1706=CARTESIAN_POINT('',(-0.00960576182737382,0.012515861024392,-0.00785134629357481));
#1707=CARTESIAN_POINT('',(-0.00960576182737382,0.000315861024391968,-0.00785134629357481));
#1708=CARTESIAN_POINT('',(-0.00960576182737382,0.000315861024391968,-0.00785134629357481));
#1709=CARTESIAN_POINT('',(-0.0135057618273738,0.000315861024391968,-0.00785134629357481));
#1710=CARTESIAN_POINT('Origin',(-0.0135057618273738,0.000315861024391968,
0.00514865370642519));
#1711=CARTESIAN_POINT('Origin',(-0.0135057618273738,0.012515861024392,-0.00785134629357481));
#1712=CARTESIAN_POINT('',(-0.0135057618273738,0.012515861024392,-0.00785134629357481));
#1713=CARTESIAN_POINT('',(-0.0135057618273738,0.000315861024391968,-0.00785134629357481));
#1714=CARTESIAN_POINT('Origin',(-0.0135057618273738,0.000315861024391968,
-0.00785134629357481));
#1715=CARTESIAN_POINT('',(-0.00960576182737382,0.000315861024391968,-0.00785134629357481));
#1716=CARTESIAN_POINT('Origin',(-0.0149057618273738,0.012515861024392,0.00264865370642519));
#1717=CARTESIAN_POINT('',(-0.00960576182737382,0.012515861024392,-0.00785134629357481));
#1718=CARTESIAN_POINT('',(-0.0149057618273738,0.012515861024392,0.00264865370642519));
#1719=CARTESIAN_POINT('',(-0.00820576182737382,0.012515861024392,0.00264865370642519));
#1720=CARTESIAN_POINT('Origin',(-0.00960576182737382,0.012515861024392,
-0.00785134629357481));
#1721=CARTESIAN_POINT('Origin',(-0.00820576182737382,0.012515861024392,
0.00264865370642519));
#1722=CARTESIAN_POINT('Origin',(-0.00590576182737382,-0.00728413897560804,
-0.00785134629357481));
#1723=CARTESIAN_POINT('Origin',(0.0150942381726262,-0.00338413897560803,
0.00514865370642519));
#1724=CARTESIAN_POINT('',(0.0125942381726262,-0.00338413897560803,0.00514865370642519));
#1725=CARTESIAN_POINT('',(-0.00590576182737382,-0.00338413897560804,0.00514865370642519));
#1726=CARTESIAN_POINT('',(0.0125942381726262,-0.00338413897560803,0.00514865370642519));
#1727=CARTESIAN_POINT('',(0.0125942381726262,-0.00338413897560803,0.00514865370642519));
#1728=CARTESIAN_POINT('',(-0.00590576182737382,-0.00338413897560804,0.00514865370642519));
#1729=CARTESIAN_POINT('Origin',(0.0150942381726262,-0.00728413897560803,
0.00264865370642519));
#1730=CARTESIAN_POINT('',(0.0150942381726262,-0.00728413897560803,0.00264865370642519));
#1731=CARTESIAN_POINT('Origin',(-0.00590576182737382,-0.00728413897560804,
0.00514865370642519));
#1732=CARTESIAN_POINT('',(-0.00590576182737382,-0.00728413897560804,0.00514865370642519));
#1733=CARTESIAN_POINT('',(-0.00590576182737382,-0.00728413897560804,0.00514865370642519));
#1734=CARTESIAN_POINT('',(-0.00590576182737382,-0.00338413897560804,0.00514865370642519));
#1735=CARTESIAN_POINT('Origin',(0.0150942381726262,-0.00728413897560803,
0.00514865370642519));
#1736=CARTESIAN_POINT('',(0.0125942381726262,-0.00728413897560803,0.00514865370642519));
#1737=CARTESIAN_POINT('',(-0.00590576182737382,-0.00728413897560804,0.00514865370642519));
#1738=CARTESIAN_POINT('',(0.0125942381726262,-0.00728413897560803,0.00514865370642519));
#1739=CARTESIAN_POINT('Origin',(-0.0149057618273738,-0.00868413897560803,
0.00264865370642519));
#1740=CARTESIAN_POINT('Origin',(0.0150942381726262,-0.00728413897560803,
0.00514865370642519));
#1741=CARTESIAN_POINT('',(0.0150942381726262,-0.00728413897560803,0.00264865370642519));
#1742=CARTESIAN_POINT('Origin',(0.0125942381726262,-0.00728413897560803,
0.00514865370642519));
#1743=CARTESIAN_POINT('',(0.0150942381726262,-0.00338413897560803,0.00264865370642518));
#1744=CARTESIAN_POINT('Origin',(0.0150942381726262,-0.00868413897560803,
0.00264865370642519));
#1745=CARTESIAN_POINT('Origin',(-0.0102057618274875,0.00400493226414053,
-0.000504532098225526));
#1746=CARTESIAN_POINT('',(-0.0102057618274875,0.00628237629185167,-0.00264070828492991));
#1747=CARTESIAN_POINT('',(-0.0102057618274875,0.00701573889730943,-0.00133220559524363));
#1748=CARTESIAN_POINT('Origin',(-0.0102057618274875,0.00551586102439197,
-0.00135134629357481));
#1749=CARTESIAN_POINT('',(-0.0102057618274875,0.00702678978464341,-0.00219816048892409));
#1750=CARTESIAN_POINT('',(-0.0102057618274875,0.00628237629185167,-0.00264070828492991));
#1751=CARTESIAN_POINT('',(-0.0102057618274875,0.00702678978464341,-0.00219816048892409));
#1752=CARTESIAN_POINT('Origin',(-0.0102057618274875,0.00553796279905993,
-0.00308325608093572));
#1753=CARTESIAN_POINT('',(-0.0082057618274875,0.00553796279905993,-0.00308325608093572));
#1754=CARTESIAN_POINT('',(-0.0082057618274875,0.00702678978464341,-0.00219816048892409));
#1755=CARTESIAN_POINT('',(-0.0082057618274875,0.00553796279905993,-0.00308325608093572));
#1756=CARTESIAN_POINT('',(-0.0102057618274875,0.00702678978464341,-0.00219816048892409));
#1757=CARTESIAN_POINT('',(-0.0102057618274875,0.00553796279905993,-0.00308325608093572));
#1758=CARTESIAN_POINT('',(-0.0102057618274875,0.00553796279905993,-0.00308325608093572));
#1759=CARTESIAN_POINT('',(-0.0102057618274875,0.00553796279905993,-0.00308325608093572));
#1760=CARTESIAN_POINT('Origin',(-0.00820576182737382,0.00677217954775842,
-0.00346461059740581));
#1761=CARTESIAN_POINT('',(-0.00820576182737382,0.00340259672056096,-0.00260766481694126));
#1762=CARTESIAN_POINT('Origin',(-0.00820576182737382,0.00551586102439197,
-0.00135134629357481));
#1763=CARTESIAN_POINT('',(-0.00820576182737382,0.00402703403880849,-0.00223644188558644));
#1764=CARTESIAN_POINT('',(-0.0082057618274875,0.00402703403880849,-0.00223644188558644));
#1765=CARTESIAN_POINT('',(-0.0082057618274875,0.00400493226414053,-0.000504532098225526));
#1766=CARTESIAN_POINT('',(-0.0082057618274875,0.00400493226414053,-0.000504532098225526));
#1767=CARTESIAN_POINT('',(-0.0082057618274875,0.00549375924972401,0.000380563493786107));
#1768=CARTESIAN_POINT('',(-0.0082057618274875,0.00549375924972401,0.000380563493786107));
#1769=CARTESIAN_POINT('',(-0.0082057618274875,0.00700468800997544,-0.000466250701563176));
#1770=CARTESIAN_POINT('',(-0.0082057618274875,0.00700468800997544,-0.000466250701563176));
#1771=CARTESIAN_POINT('',(-0.0082057618274875,0.00702678978464341,-0.00219816048892409));
#1772=CARTESIAN_POINT('Origin',(-0.0102057618274875,0.00402703403880849,
-0.00223644188558644));
#1773=CARTESIAN_POINT('',(-0.0102057618274875,0.00478249841893421,-0.00265984898326108));
#1774=CARTESIAN_POINT('',(-0.0102057618274875,0.00478249841893421,-0.00265984898326108));
#1775=CARTESIAN_POINT('',(-0.0102057618274875,0.00402703403880849,-0.00223644188558644));
#1776=CARTESIAN_POINT('',(-0.0102057618274875,0.00402703403880849,-0.00223644188558644));
#1777=CARTESIAN_POINT('',(-0.0102057618274875,0.00402703403880849,-0.00223644188558644));
#1778=CARTESIAN_POINT('Origin',(-0.0102057618274875,0.00400493226414053,
-0.000504532098225526));
#1779=CARTESIAN_POINT('',(-0.0102057618274875,0.00401598315147451,-0.00137048699190598));
#1780=CARTESIAN_POINT('Origin',(-0.0102057618274875,0.00551586102439197,
-0.00135134629357481));
#1781=CARTESIAN_POINT('',(-0.0102057618274875,0.00401598315147451,-0.00137048699190598));
#1782=CARTESIAN_POINT('Origin',(-0.0102057618274875,0.00400493226414053,
-0.000504532098225526));
#1783=CARTESIAN_POINT('',(-0.0102057618274875,0.00400493226414053,-0.000504532098225526));
#1784=CARTESIAN_POINT('',(-0.0102057618274875,0.00400493226414053,-0.000504532098225526));
#1785=CARTESIAN_POINT('',(-0.0102057618274875,0.00400493226414053,-0.000504532098225526));
#1786=CARTESIAN_POINT('Origin',(-0.0102057618274875,0.00400493226414053,
-0.000504532098225526));
#1787=CARTESIAN_POINT('',(-0.0102057618274875,0.00474934575693227,-6.19843022197093E-5));
#1788=CARTESIAN_POINT('Origin',(-0.0102057618274875,0.00551586102439197,
-0.00135134629357481));
#1789=CARTESIAN_POINT('',(-0.0102057618274875,0.00474934575693227,-6.19843022197096E-5));
#1790=CARTESIAN_POINT('Origin',(-0.0102057618274875,0.00549375924972401,
0.000380563493786107));
#1791=CARTESIAN_POINT('',(-0.0102057618274875,0.00549375924972401,0.000380563493786107));
#1792=CARTESIAN_POINT('',(-0.0102057618274875,0.00549375924972401,0.000380563493786107));
#1793=CARTESIAN_POINT('',(-0.0102057618274875,0.00549375924972401,0.000380563493786107));
#1794=CARTESIAN_POINT('Origin',(-0.0102057618274875,0.00700468800997544,
-0.000466250701563176));
#1795=CARTESIAN_POINT('',(-0.0102057618274875,0.00624922362984973,-4.28436038885345E-5));
#1796=CARTESIAN_POINT('',(-0.0102057618274875,0.00624922362984973,-4.28436038885344E-5));
#1797=CARTESIAN_POINT('',(-0.0102057618274875,0.00700468800997544,-0.000466250701563176));
#1798=CARTESIAN_POINT('',(-0.0102057618274875,0.00700468800997544,-0.000466250701563176));
#1799=CARTESIAN_POINT('',(-0.0102057618274875,0.00700468800997544,-0.000466250701563176));
#1800=CARTESIAN_POINT('Origin',(-0.0102057618274875,0.00400493226414053,
-0.000504532098225526));
#1801=CARTESIAN_POINT('',(-0.0102057618274873,0.00680522301574712,-0.00058483102611504));
#1802=CARTESIAN_POINT('Origin',(-0.0102057618274875,0.00551586102439197,
-0.00135134629357481));
#1803=CARTESIAN_POINT('',(-0.0102057618274875,0.00701573889730943,-0.00133220559524363));
#1804=CARTESIAN_POINT('Origin',(-0.0102057618274875,0.00551586102439197,
-0.00135134629357481));
#1805=CARTESIAN_POINT('Origin',(-0.0102057618274875,0.00702678978464341,
-0.00219816048892409));
#1806=CARTESIAN_POINT('Origin',(-0.0162057618273738,0.00551586102439197,
-0.00135134629357481));
#1807=CARTESIAN_POINT('',(-0.0162057618273738,0.00723501034619877,-0.000329325936961873));
#1808=CARTESIAN_POINT('Origin',(-0.0162057618273738,0.00551586102439197,
-0.00135134629357481));
#1809=CARTESIAN_POINT('Origin',(-0.0162057618273738,0.00551586102439197,
-0.00135134629357481));
#1810=CARTESIAN_POINT('',(-0.0152057618273738,0.00809458500710216,0.000181684241344594));
#1811=CARTESIAN_POINT('Origin',(-0.0152057618273738,0.00551586102439197,
-0.00135134629357481));
#1812=CARTESIAN_POINT('',(-0.0162057618273738,0.00723501034619877,-0.000329325936961873));
#1813=CARTESIAN_POINT('Origin',(0.00253925271571402,0.00551586102439197,
-0.00135134629357481));
#1814=CARTESIAN_POINT('',(-0.00874726182737382,0.00293713704168177,-0.00288437682849421));
#1815=CARTESIAN_POINT('',(-0.00874726182737382,0.00809458500710216,0.000181684241344594));
#1816=CARTESIAN_POINT('Origin',(-0.00874726182737382,0.00551586102439197,
-0.00135134629357481));
#1817=CARTESIAN_POINT('Origin',(-0.00874726182737382,0.00551586102439197,
-0.00135134629357481));
#1818=CARTESIAN_POINT('',(0.00253925271571402,0.00809458500710216,0.000181684241344593));
#1819=CARTESIAN_POINT('Origin',(-0.00874726182737382,0.00551586102439197,
-0.00135134629357481));
#1820=CARTESIAN_POINT('',(-0.00874726182737382,0.00293713704168177,-0.00288437682849421));
#1821=CARTESIAN_POINT('Origin',(0.988928212768728,0.00551586102439197,-0.00135134629357482));
#1822=CARTESIAN_POINT('',(-0.0110717872312719,0.00551586102439197,-0.00135134629357481));
#1823=CARTESIAN_POINT('',(0.988928212768728,1.49434284660788,0.883744245718062));
#1824=CARTESIAN_POINT('Origin',(-0.0102057618274875,0.00551586102439197,
-0.00135134629357481));
#1825=CARTESIAN_POINT('Origin',(-0.0102057618274875,0.00551586102439197,
-0.00135134629357481));
#1826=CARTESIAN_POINT('Origin',(0.00609884480890749,-0.00320478370752707,
1.44135364405593E-5));
#1827=CARTESIAN_POINT('',(0.00483093906839076,-0.00309385632881241,-0.00283692126498425));
#1828=CARTESIAN_POINT('',(0.00365265720542594,-0.00299077002336477,-0.00191441106718842));
#1829=CARTESIAN_POINT('Origin',(0.00503767528205084,-0.00311194340384794,
-0.00135134629357481));
#1830=CARTESIAN_POINT('',(0.00397650575519419,-0.00301910310016881,-0.00271710612359017));
#1831=CARTESIAN_POINT('',(0.00483093906839076,-0.00309385632881241,-0.00283692126498425));
#1832=CARTESIAN_POINT('',(0.00397650575519419,-0.00301910310016881,-0.00271710612359017));
#1833=CARTESIAN_POINT('Origin',(0.00568537238158734,-0.00316860955745601,
-0.00295673640637832));
#1834=CARTESIAN_POINT('',(0.00585968386708267,-0.00117622016127252,-0.00295673640637832));
#1835=CARTESIAN_POINT('',(0.00415081724068952,-0.00102671370398532,-0.00271710612359017));
#1836=CARTESIAN_POINT('',(0.00585968386708267,-0.00117622016127252,-0.00295673640637832));
#1837=CARTESIAN_POINT('',(0.00397650575519419,-0.00301910310016881,-0.00271710612359017));
#1838=CARTESIAN_POINT('',(0.00568537238158734,-0.00316860955745601,-0.00295673640637832));
#1839=CARTESIAN_POINT('',(0.00568537238158734,-0.00316860955745601,-0.00295673640637832));
#1840=CARTESIAN_POINT('',(0.00568537238158734,-0.00316860955745601,-0.00295673640637832));
#1841=CARTESIAN_POINT('Origin',(0.00487314611336722,-0.00108990929156796,
-0.00378620367171488));
#1842=CARTESIAN_POINT('',(0.00763757877826878,-0.00133176581082763,-0.00169148126401575));
#1843=CARTESIAN_POINT('Origin',(0.00521198676755608,-0.0011195540075512,
-0.00135134629357481));
#1844=CARTESIAN_POINT('',(0.00692085339394923,-0.0012690604648384,-0.00159097657636295));
#1845=CARTESIAN_POINT('',(0.00692085339393932,-0.00126906046495165,-0.00159097657636295));
#1846=CARTESIAN_POINT('',(0.00627315629440282,-0.00121239431134358,1.44135364405593E-5));
#1847=CARTESIAN_POINT('',(0.00627315629440282,-0.00121239431134358,1.44135364405593E-5));
#1848=CARTESIAN_POINT('',(0.00456428966800967,-0.00106288785405638,0.000254043819228703));
#1849=CARTESIAN_POINT('',(0.00456428966800967,-0.00106288785405638,0.000254043819228703));
#1850=CARTESIAN_POINT('',(0.00350312014115302,-0.000970047550377247,-0.00111171601078666));
#1851=CARTESIAN_POINT('',(0.00350312014115302,-0.000970047550377247,-0.00111171601078666));
#1852=CARTESIAN_POINT('',(0.00415081724068952,-0.00102671370398532,-0.00271710612359017));
#1853=CARTESIAN_POINT('Origin',(0.00674654190844399,-0.00326144986113514,
-0.00159097657636295));
#1854=CARTESIAN_POINT('',(0.00621595714501566,-0.00321502970929558,-0.00227385649137064));
#1855=CARTESIAN_POINT('',(0.00621595714501566,-0.00321502970929558,-0.00227385649137064));
#1856=CARTESIAN_POINT('',(0.00674654190844399,-0.00326144986113514,-0.00159097657636295));
#1857=CARTESIAN_POINT('',(0.00674654190844399,-0.00326144986113514,-0.00159097657636295));
#1858=CARTESIAN_POINT('',(0.00674654190844399,-0.00326144986113514,-0.00159097657636295));
#1859=CARTESIAN_POINT('Origin',(0.00609884480890749,-0.00320478370752707,
1.44135364405593E-5));
#1860=CARTESIAN_POINT('',(0.00642269335867574,-0.00323311678433111,-0.000788281519961196));
#1861=CARTESIAN_POINT('',(0.00642269335867574,-0.00323311678433111,-0.000788281519961196));
#1862=CARTESIAN_POINT('',(0.00609884480890749,-0.00320478370752707,1.44135364405593E-5));
#1863=CARTESIAN_POINT('',(0.00609884480890749,-0.00320478370752707,1.44135364405593E-5));
#1864=CARTESIAN_POINT('',(0.00609884480890749,-0.00320478370752707,1.44135364405593E-5));
#1865=CARTESIAN_POINT('Origin',(0.00438997818251434,-0.00305527725023987,
0.000254043819228703));
#1866=CARTESIAN_POINT('',(0.00524441149571091,-0.00313003047888347,0.000134228677834632));
#1867=CARTESIAN_POINT('',(0.00524441149571091,-0.00313003047888347,0.000134228677834631));
#1868=CARTESIAN_POINT('',(0.00438997818251434,-0.00305527725023987,0.000254043819228703));
#1869=CARTESIAN_POINT('',(0.00438997818251434,-0.00305527725023987,0.000254043819228703));
#1870=CARTESIAN_POINT('',(0.00438997818251434,-0.00305527725023987,0.000254043819228703));
#1871=CARTESIAN_POINT('Origin',(0.00609884480890749,-0.00320478370752707,
1.44135364405593E-5));
#1872=CARTESIAN_POINT('',(0.00385939341908601,-0.0030088570984003,-0.00042883609577898));
#1873=CARTESIAN_POINT('Origin',(0.00503767528205084,-0.00311194340384794,
-0.00135134629357481));
#1874=CARTESIAN_POINT('',(0.00385939341908601,-0.0030088570984003,-0.00042883609577898));
#1875=CARTESIAN_POINT('Origin',(0.00332880865565769,-0.00296243694656074,
-0.00111171601078666));
#1876=CARTESIAN_POINT('',(0.00332880865565769,-0.00296243694656074,-0.00111171601078666));
#1877=CARTESIAN_POINT('',(0.00332880865565769,-0.00296243694656074,-0.00111171601078666));
#1878=CARTESIAN_POINT('',(0.00332880865565769,-0.00296243694656074,-0.00111171601078666));
#1879=CARTESIAN_POINT('Origin',(0.00609884480890749,-0.00320478370752707,
1.44135364405593E-5));
#1880=CARTESIAN_POINT('',(0.0035577533719146,-0.0029824670138072,-0.00114382038116421));
#1881=CARTESIAN_POINT('Origin',(0.00503767528205084,-0.00311194340384794,
-0.00135134629357481));
#1882=CARTESIAN_POINT('',(0.00365265720542594,-0.00299077002336477,-0.00191441106718842));
#1883=CARTESIAN_POINT('Origin',(0.00503767528205084,-0.00311194340384794,
-0.00135134629357481));
#1884=CARTESIAN_POINT('Origin',(0.00397650575519419,-0.00301910310016881,
-0.00271710612359017));
#1885=CARTESIAN_POINT('Origin',(0.00451474082557476,-0.00908911159228516,
-0.00135134629357481));
#1886=CARTESIAN_POINT('',(0.00254151161206025,-0.00891647640556445,-0.00107464507702737));
#1887=CARTESIAN_POINT('Origin',(0.00451474082557476,-0.00908911159228515,
-0.00135134629357481));
#1888=CARTESIAN_POINT('Origin',(0.00451474082557476,-0.00908911159228515,
-0.00135134629357481));
#1889=CARTESIAN_POINT('',(0.00164205274805066,-0.00783396411411233,-0.000936294468753644));
#1890=CARTESIAN_POINT('Origin',(0.00460189656832242,-0.0080929168941934,
-0.00135134629357481));
#1891=CARTESIAN_POINT('',(0.00254151161206025,-0.00891647640556445,-0.00107464507702737));
#1892=CARTESIAN_POINT('Origin',(0.00614847649089336,0.0095845725111916,
-0.00135134629357481));
#1893=CARTESIAN_POINT('',(0.00812463575312997,-0.00191794621664894,-0.00176639811839597));
#1894=CARTESIAN_POINT('',(0.00220494811258646,-0.00140004065648682,-0.000936294468753643));
#1895=CARTESIAN_POINT('Origin',(0.00516479193285822,-0.00165899343656788,
-0.00135134629357481));
#1896=CARTESIAN_POINT('Origin',(0.00516479193285822,-0.00165899343656788,
-0.00135134629357481));
#1897=CARTESIAN_POINT('',(0.0031886326706216,0.00984352529127266,-0.000936294468753644));
#1898=CARTESIAN_POINT('Origin',(0.00516479193285822,-0.00165899343656788,
-0.00135134629357481));
#1899=CARTESIAN_POINT('',(0.00812463575312997,-0.00191794621664894,-0.00176639811839597));
#1900=CARTESIAN_POINT('Origin',(0.0921179389424107,0.992220024772234,-0.00135134629357482));
#1901=CARTESIAN_POINT('',(0.00496219619474566,-0.00397467331951076,-0.00135134629357481));
#1902=CARTESIAN_POINT('',(-1.61674868745075,1.14172648205944,0.238278936494571));
#1903=CARTESIAN_POINT('Origin',(0.00503767528205084,-0.00311194340384794,
-0.00135134629357481));
#1904=CARTESIAN_POINT('Origin',(0.00503767528205084,-0.00311194340384794,
-0.00135134629357481));
#1905=CARTESIAN_POINT('Origin',(0.00503767528205084,-0.00311194340384794,
-0.00135134629357481));
#1906=UNCERTAINTY_MEASURE_WITH_UNIT(LENGTH_MEASURE(1.E-5),#1910,
'DISTANCE_ACCURACY_VALUE',
'Maximum model space distance between geometric entities at asserted c
onnectivities');
#1907=UNCERTAINTY_MEASURE_WITH_UNIT(LENGTH_MEASURE(1.E-5),#1910,
'DISTANCE_ACCURACY_VALUE',
'Maximum model space distance between geometric entities at asserted c
onnectivities');
#1908=(
GEOMETRIC_REPRESENTATION_CONTEXT(3)
GLOBAL_UNCERTAINTY_ASSIGNED_CONTEXT((#1906))
GLOBAL_UNIT_ASSIGNED_CONTEXT((#1910,#1912,#1913))
REPRESENTATION_CONTEXT('','3D')
);
#1909=(
GEOMETRIC_REPRESENTATION_CONTEXT(3)
GLOBAL_UNCERTAINTY_ASSIGNED_CONTEXT((#1907))
GLOBAL_UNIT_ASSIGNED_CONTEXT((#1910,#1912,#1913))
REPRESENTATION_CONTEXT('','3D')
);
#1910=(
LENGTH_UNIT()
NAMED_UNIT(*)
SI_UNIT($,.METRE.)
);
#1911=(
LENGTH_UNIT()
NAMED_UNIT(*)
SI_UNIT(.CENTI.,.METRE.)
);
#1912=(
NAMED_UNIT(*)
PLANE_ANGLE_UNIT()
SI_UNIT($,.RADIAN.)
);
#1913=(
NAMED_UNIT(*)
SI_UNIT($,.STERADIAN.)
SOLID_ANGLE_UNIT()
);
#1914=SHAPE_DEFINITION_REPRESENTATION(#1915,#1916);
#1915=PRODUCT_DEFINITION_SHAPE('',$,#1918);
#1916=SHAPE_REPRESENTATION('',(#1192,#1168,#1169,#1170),#1908);
#1917=PRODUCT_DEFINITION_CONTEXT('part definition',#1922,'design');
#1918=PRODUCT_DEFINITION('CIB08T','CIB08T',#1919,#1917);
#1919=PRODUCT_DEFINITION_FORMATION('',$,#1924);
#1920=PRODUCT_RELATED_PRODUCT_CATEGORY('CIB08T','CIB08T',(#1924));
#1921=APPLICATION_PROTOCOL_DEFINITION('international standard',
'automotive_design',2009,#1922);
#1922=APPLICATION_CONTEXT(
'Core Data for Automotive Mechanical Design Process');
#1923=PRODUCT_CONTEXT('part definition',#1922,'mechanical');
#1924=PRODUCT('CIB08T','CIB08T',$,(#1923));
#1925=PRESENTATION_STYLE_ASSIGNMENT((#1927));
#1926=PRESENTATION_STYLE_ASSIGNMENT((#1928));
#1927=SURFACE_STYLE_USAGE(.BOTH.,#1933);
#1928=SURFACE_STYLE_USAGE(.BOTH.,#1934);
#1929=SURFACE_STYLE_RENDERING_WITH_PROPERTIES($,#1941,(#1931));
#1930=SURFACE_STYLE_RENDERING_WITH_PROPERTIES($,#1942,(#1932));
#1931=SURFACE_STYLE_TRANSPARENT(0.);
#1932=SURFACE_STYLE_TRANSPARENT(0.);
#1933=SURFACE_SIDE_STYLE('',(#1935,#1929));
#1934=SURFACE_SIDE_STYLE('',(#1936,#1930));
#1935=SURFACE_STYLE_FILL_AREA(#1937);
#1936=SURFACE_STYLE_FILL_AREA(#1938);
#1937=FILL_AREA_STYLE('',(#1939));
#1938=FILL_AREA_STYLE('',(#1940));
#1939=FILL_AREA_STYLE_COLOUR('',#1941);
#1940=FILL_AREA_STYLE_COLOUR('',#1942);
#1941=COLOUR_RGB('',0.749019607843137,0.749019607843137,0.749019607843137);
#1942=COLOUR_RGB('',0.698039215686274,0.698039215686274,0.698039215686274);
ENDSEC;
END-ISO-10303-21;
