ISO-10303-21;
HEADER;
FILE_DESCRIPTION (( 'STEP AP214' ),
    '1' );
FILE_NAME ('4470-50-C2-L3-SR.step',
    '2020-01-10T07:15:34',
    ( '' ),
    ( '' ),
    'SwSTEP 2.0',
    'SolidWorks 2019',
    '' );
FILE_SCHEMA (( 'AUTOMOTIVE_DESIGN' ));
ENDSEC;

DATA;
#1 = CARTESIAN_POINT ( 'NONE',  ( 16.25000000000000711, -0.4000000000000001887, -9.000000000000000000 ) ) ;
#2 = MECHANICAL_DESIGN_GEOMETRIC_PRESENTATION_REPRESENTATION (  '', ( #820 ), #375 ) ;
#3 = COLOUR_RGB ( '',0.3764705882352941124, 0.3764705882352941124, 0.3764705882352941124 ) ;
#4 = CARTESIAN_POINT ( 'NONE',  ( -25.00000000000000000, 5.000000000000000000, 13.99999999999999822 ) ) ;
#5 = VECTOR ( 'NONE', #1892, 1000.000000000000000 ) ;
#6 = VERTEX_POINT ( 'NONE', #647 ) ;
#7 = CARTESIAN_POINT ( 'NONE',  ( -11.50000000000000000, -2.999999999999999556, 15.49999999999999645 ) ) ;
#8 = VECTOR ( 'NONE', #1234, 1000.000000000000000 ) ;
#9 = SURFACE_STYLE_FILL_AREA ( #1307 ) ;
#10 = FACE_OUTER_BOUND ( 'NONE', #1117, .T. ) ;
#11 = ORIENTED_EDGE ( 'NONE', *, *, #1167, .T. ) ;
#12 = CARTESIAN_POINT ( 'NONE',  ( 25.00000000000000000, 4.500000000000000000, 13.99999999999999112 ) ) ;
#13 = FILL_AREA_STYLE_COLOUR ( '', #1839 ) ;
#14 = ADVANCED_FACE ( 'NONE', ( #1981 ), #1511, .F. ) ;
#15 = ORIENTED_EDGE ( 'NONE', *, *, #310, .F. ) ;
#16 = DIRECTION ( 'NONE',  ( -0.0000000000000000000, 1.000000000000000000, -0.0000000000000000000 ) ) ;
#17 = DIRECTION ( 'NONE',  ( 1.000000000000000000, 0.0000000000000000000, -1.084202172485504434E-16 ) ) ;
#18 = VECTOR ( 'NONE', #2515, 1000.000000000000000 ) ;
#19 = CIRCLE ( 'NONE', #1697, 2.749999999999997335 ) ;
#20 = VERTEX_POINT ( 'NONE', #1043 ) ;
#21 = CARTESIAN_POINT ( 'NONE',  ( -23.05586749813568304, 6.444132501864317852, -13.19471395067743558 ) ) ;
#22 = EDGE_CURVE ( 'NONE', #2236, #1017, #633, .T. ) ;
#23 = CARTESIAN_POINT ( 'NONE',  ( 21.75000000000000355, -0.4000000000000001887, -9.000000000000000000 ) ) ;
#24 = ORIENTED_EDGE ( 'NONE', *, *, #1288, .F. ) ;
#25 = CARTESIAN_POINT ( 'NONE',  ( -24.00000000000000000, 4.500000000000000000, 14.99999999999999822 ) ) ;
#26 = CARTESIAN_POINT ( 'NONE',  ( -12.69999999999999929, -4.500000000000000888, 13.19999999999999218 ) ) ;
#27 = ORIENTED_EDGE ( 'NONE', *, *, #2297, .F. ) ;
#28 = CARTESIAN_POINT ( 'NONE',  ( -12.69999999999999929, -4.500000000000000888, 13.19999999999999218 ) ) ;
#29 = VERTEX_POINT ( 'NONE', #25 ) ;
#30 = SURFACE_SIDE_STYLE ('',( #2001 ) ) ;
#31 = DIRECTION ( 'NONE',  ( -0.0000000000000000000, -1.000000000000000000, -0.0000000000000000000 ) ) ;
#32 = CARTESIAN_POINT ( 'NONE',  ( -24.00000000000000000, 5.000000000000000000, -15.00000000000000178 ) ) ;
#33 = ORIENTED_EDGE ( 'NONE', *, *, #2633, .F. ) ;
#34 = VERTEX_POINT ( 'NONE', #1705 ) ;
#35 =( LENGTH_UNIT ( ) NAMED_UNIT ( * ) SI_UNIT ( .MILLI., .METRE. ) );
#36 = CARTESIAN_POINT ( 'NONE',  ( 25.00000000000000000, -5.000000000000000000, 13.99999999999999112 ) ) ;
#37 = EDGE_CURVE ( 'NONE', #1051, #2363, #2357, .T. ) ;
#38 = ORIENTED_EDGE ( 'NONE', *, *, #2633, .T. ) ;
#39 = LINE ( 'NONE', #2659, #2270 ) ;
#40 = EDGE_CURVE ( 'NONE', #771, #2084, #2364, .T. ) ;
#41 = DIRECTION ( 'NONE',  ( -0.0000000000000000000, -0.0000000000000000000, -1.000000000000000000 ) ) ;
#42 = DIRECTION ( 'NONE',  ( -0.0000000000000000000, -1.000000000000000000, -0.0000000000000000000 ) ) ;
#43 = EDGE_CURVE ( 'NONE', #119, #610, #1968, .T. ) ;
#44 = VERTEX_POINT ( 'NONE', #877 ) ;
#45 = FACE_OUTER_BOUND ( 'NONE', #558, .T. ) ;
#46 = DIRECTION ( 'NONE',  ( 0.0000000000000000000, 0.0000000000000000000, 1.000000000000000000 ) ) ;
#47 = CARTESIAN_POINT ( 'NONE',  ( -19.14644660940670562, 5.000000000000000000, 19.14644660940673759 ) ) ;
#48 = AXIS2_PLACEMENT_3D ( 'NONE', #925, #41, #1577 ) ;
#49 = ORIENTED_EDGE ( 'NONE', *, *, #1377, .F. ) ;
#50 = CARTESIAN_POINT ( 'NONE',  ( -25.99999999999998934, 2.000000000000000000, 8.000000000000017764 ) ) ;
#51 = VECTOR ( 'NONE', #1465, 1000.000000000000000 ) ;
#52 = DIRECTION ( 'NONE',  ( -0.0000000000000000000, -1.000000000000000000, -0.0000000000000000000 ) ) ;
#53 = SHAPE_REPRESENTATION ( 'WB4470^WB4470_50-C2-W-SR', ( #415 ), #1541 ) ;
#54 = CARTESIAN_POINT ( 'NONE',  ( -19.00000000000000000, -0.4000000000000001887, 9.000000000000000000 ) ) ;
#55 = CARTESIAN_POINT ( 'NONE',  ( 24.00000000000000000, -5.000000000000000000, 14.99999999999999289 ) ) ;
#56 = ORIENTED_EDGE ( 'NONE', *, *, #228, .F. ) ;
#57 = DIRECTION ( 'NONE',  ( -0.0000000000000000000, 1.000000000000000000, -0.0000000000000000000 ) ) ;
#58 = CARTESIAN_POINT ( 'NONE',  ( 12.50000000000000178, -4.500000000000000888, 12.99999999999999289 ) ) ;
#59 = CARTESIAN_POINT ( 'NONE',  ( -35.00000000000000000, 0.0000000000000000000, 14.00000000000000000 ) ) ;
#60 = AXIS2_PLACEMENT_3D ( 'NONE', #81, #1811, #283 ) ;
#61 = ORIENTED_EDGE ( 'NONE', *, *, #2245, .T. ) ;
#62 = DIRECTION ( 'NONE',  ( 0.0000000000000000000, 0.0000000000000000000, 1.000000000000000000 ) ) ;
#63 = LINE ( 'NONE', #2032, #2024 ) ;
#64 = CIRCLE ( 'NONE', #2155, 5.099999999999998757 ) ;
#65 = ORIENTED_EDGE ( 'NONE', *, *, #2700, .F. ) ;
#66 = AXIS2_PLACEMENT_3D ( 'NONE', #1993, #487, #724 ) ;
#67 = DIRECTION ( 'NONE',  ( 0.6785983445458458885, -0.6785983445458458885, 0.2810846377148256692 ) ) ;
#68 =( NAMED_UNIT ( * ) PLANE_ANGLE_UNIT ( ) SI_UNIT ( $, .RADIAN. ) );
#69 = ADVANCED_FACE ( 'NONE', ( #1312 ), #2607, .T. ) ;
#70 = ORIENTED_EDGE ( 'NONE', *, *, #552, .F. ) ;
#71 = DIRECTION ( 'NONE',  ( 0.0000000000000000000, 0.0000000000000000000, 1.000000000000000000 ) ) ;
#72 = DIRECTION ( 'NONE',  ( 0.0000000000000000000, 0.0000000000000000000, -1.000000000000000000 ) ) ;
#73 = LINE ( 'NONE', #59, #543 ) ;
#74 = EDGE_CURVE ( 'NONE', #712, #2713, #674, .T. ) ;
#75 = ORIENTED_EDGE ( 'NONE', *, *, #428, .T. ) ;
#76 = CARTESIAN_POINT ( 'NONE',  ( 21.75000000000000355, -5.000000000000000000, -9.000000000000000000 ) ) ;
#77 = CIRCLE ( 'NONE', #1205, 5.099999999999997868 ) ;
#78 = LINE ( 'NONE', #1984, #2419 ) ;
#79 = ORIENTED_EDGE ( 'NONE', *, *, #458, .F. ) ;
#80 = PRODUCT_RELATED_PRODUCT_CATEGORY ( 'part', '', ( #1389 ) ) ;
#81 = CARTESIAN_POINT ( 'NONE',  ( -13.90000000000000036, -0.4000000000000001887, 9.000000000000000000 ) ) ;
#82 = ORIENTED_EDGE ( 'NONE', *, *, #966, .T. ) ;
#83 = CARTESIAN_POINT ( 'NONE',  ( 16.25000000000000711, -0.4000000000000001887, -9.000000000000000000 ) ) ;
#84 = EDGE_LOOP ( 'NONE', ( #2652, #2685, #571, #1245 ) ) ;
#85 = CARTESIAN_POINT ( 'NONE',  ( -11.99999999999998934, -0.001000000000000132727, -5.249999999999997335 ) ) ;
#86 = PRESENTATION_LAYER_ASSIGNMENT (  '', '', ( #146 ) ) ;
#87 = EDGE_CURVE ( 'NONE', #780, #1331, #2775, .T. ) ;
#88 = DIRECTION ( 'NONE',  ( -1.000000000000000000, 0.0000000000000000000, 3.854941057726238097E-16 ) ) ;
#89 = CARTESIAN_POINT ( 'NONE',  ( 3.000000000000024869, 9.999999999999992895, 14.00000000000000000 ) ) ;
#90 = VECTOR ( 'NONE', #755, 1000.000000000000000 ) ;
#91 = VECTOR ( 'NONE', #2615, 1000.000000000000000 ) ;
#92 = VERTEX_POINT ( 'NONE', #2228 ) ;
#93 =( NAMED_UNIT ( * ) SI_UNIT ( $, .STERADIAN. ) SOLID_ANGLE_UNIT ( ) );
#94 = ADVANCED_FACE ( 'NONE', ( #709 ), #1151, .F. ) ;
#95 = VECTOR ( 'NONE', #2352, 1000.000000000000000 ) ;
#96 = FACE_OUTER_BOUND ( 'NONE', #2522, .T. ) ;
#97 = AXIS2_PLACEMENT_3D ( 'NONE', #2422, #1115, #2632 ) ;
#98 = CARTESIAN_POINT ( 'NONE',  ( 13.90000000000000036, -0.4000000000000001887, 9.000000000000000000 ) ) ;
#99 = VECTOR ( 'NONE', #550, 999.9999999999998863 ) ;
#100 = ORIENTED_EDGE ( 'NONE', *, *, #2300, .T. ) ;
#101 = EDGE_CURVE ( 'NONE', #1599, #712, #2139, .T. ) ;
#102 = CARTESIAN_POINT ( 'NONE',  ( 19.14644660940671983, 5.000000000000000000, 19.14644660940671983 ) ) ;
#103 = ADVANCED_FACE ( 'NONE', ( #735 ), #692, .T. ) ;
#104 = STYLED_ITEM ( 'NONE', ( #209 ), #679 ) ;
#105 = APPLICATION_CONTEXT ( 'automotive_design' ) ;
#106 = CARTESIAN_POINT ( 'NONE',  ( -12.69999999999999929, -4.500000000000000888, 4.799999999999992717 ) ) ;
#107 = PRESENTATION_LAYER_ASSIGNMENT (  '', '', ( #1278 ) ) ;
#108 = ORIENTED_EDGE ( 'NONE', *, *, #664, .F. ) ;
#109 = CARTESIAN_POINT ( 'NONE',  ( 2.999999999999989786, -6.982962677686242256E-15, 0.0000000000000000000 ) ) ;
#110 = DIRECTION ( 'NONE',  ( 0.0000000000000000000, 0.0000000000000000000, 1.000000000000000000 ) ) ;
#111 = DIRECTION ( 'NONE',  ( 1.000000000000000000, 0.0000000000000000000, 0.0000000000000000000 ) ) ;
#112 = ORIENTED_EDGE ( 'NONE', *, *, #1707, .T. ) ;
#113 = FILL_AREA_STYLE_COLOUR ( '', #1552 ) ;
#114 = DIRECTION ( 'NONE',  ( -0.0000000000000000000, 1.000000000000000000, -0.0000000000000000000 ) ) ;
#115 = AXIS2_PLACEMENT_3D ( 'NONE', #2749, #1726, #682 ) ;
#116 = CARTESIAN_POINT ( 'NONE',  ( 19.14644660940672694, 5.000000000000000000, -19.14644660940672694 ) ) ;
#117 = EDGE_CURVE ( 'NONE', #1589, #2516, #305, .T. ) ;
#118 = AXIS2_PLACEMENT_3D ( 'NONE', #2503, #2089, #982 ) ;
#119 = VERTEX_POINT ( 'NONE', #1138 ) ;
#120 = CARTESIAN_POINT ( 'NONE',  ( -25.99999999999999289, 2.000000000000000000, -5.249999999999999112 ) ) ;
#121 = PRESENTATION_LAYER_ASSIGNMENT (  '', '', ( #1986 ) ) ;
#122 = CARTESIAN_POINT ( 'NONE',  ( -12.69999999999999929, -4.500000000000000888, 4.799999999999992717 ) ) ;
#123 = ORIENTED_EDGE ( 'NONE', *, *, #2776, .T. ) ;
#124 = CARTESIAN_POINT ( 'NONE',  ( -29.00000000000000355, 0.0000000000000000000, -14.00000000000000000 ) ) ;
#125 = DIRECTION ( 'NONE',  ( 1.000000000000000000, -3.491481338843133355E-15, -0.0000000000000000000 ) ) ;
#126 = ORIENTED_EDGE ( 'NONE', *, *, #1858, .T. ) ;
#127 = SURFACE_STYLE_USAGE ( .BOTH. , #251 ) ;
#128 = PLANE ( 'NONE',  #2021 ) ;
#129 = CIRCLE ( 'NONE', #1716, 5.099999999999998757 ) ;
#130 = ORIENTED_EDGE ( 'NONE', *, *, #2788, .T. ) ;
#131 = VERTEX_POINT ( 'NONE', #1602 ) ;
#132 = CYLINDRICAL_SURFACE ( 'NONE', #118, 2.749999999999997335 ) ;
#133 = VECTOR ( 'NONE', #1844, 1000.000000000000000 ) ;
#134 = EDGE_CURVE ( 'NONE', #1900, #312, #1342, .T. ) ;
#135 = LINE ( 'NONE', #106, #2762 ) ;
#136 = AXIS2_PLACEMENT_3D ( 'NONE', #2239, #315, #1161 ) ;
#137 = ORIENTED_EDGE ( 'NONE', *, *, #1750, .F. ) ;
#138 = DIRECTION ( 'NONE',  ( -0.0000000000000000000, -0.0000000000000000000, -1.000000000000000000 ) ) ;
#139 = DIRECTION ( 'NONE',  ( -3.854941057726237604E-16, 0.0000000000000000000, -1.000000000000000000 ) ) ;
#140 = PLANE ( 'NONE',  #2289 ) ;
#141 = EDGE_CURVE ( 'NONE', #1080, #1243, #1833, .T. ) ;
#142 = VERTEX_POINT ( 'NONE', #1818 ) ;
#143 = DIRECTION ( 'NONE',  ( 0.0000000000000000000, 0.0000000000000000000, 1.000000000000000000 ) ) ;
#144 = PLANE ( 'NONE',  #1683 ) ;
#145 = DIRECTION ( 'NONE',  ( -0.4999999999999987788, -0.7071067811865493491, 0.4999999999999987788 ) ) ;
#146 = STYLED_ITEM ( 'NONE', ( #215 ), #319 ) ;
#147 = ORIENTED_EDGE ( 'NONE', *, *, #2598, .F. ) ;
#148 = CARTESIAN_POINT ( 'NONE',  ( -25.99999999999999289, 2.000000000000000000, 5.250000000000006217 ) ) ;
#149 = VECTOR ( 'NONE', #1283, 1000.000000000000000 ) ;
#150 = EDGE_CURVE ( 'NONE', #1281, #1589, #1231, .T. ) ;
#151 = ORIENTED_EDGE ( 'NONE', *, *, #2057, .T. ) ;
#152 = CARTESIAN_POINT ( 'NONE',  ( 19.00000000000000000, -0.4000000000000001887, 9.000000000000000000 ) ) ;
#153 = AXIS2_PLACEMENT_3D ( 'NONE', #920, #528, #1164 ) ;
#154 = LINE ( 'NONE', #1010, #569 ) ;
#155 = DIRECTION ( 'NONE',  ( -0.0000000000000000000, 1.000000000000000000, -0.0000000000000000000 ) ) ;
#156 = ORIENTED_EDGE ( 'NONE', *, *, #1509, .T. ) ;
#157 =( LENGTH_UNIT ( ) NAMED_UNIT ( * ) SI_UNIT ( .MILLI., .METRE. ) );
#158 = DIRECTION ( 'NONE',  ( -3.854941057726237604E-16, 0.0000000000000000000, -1.000000000000000000 ) ) ;
#159 = DIRECTION ( 'NONE',  ( 1.000000000000000000, 0.0000000000000000000, -1.084202172485504434E-16 ) ) ;
#160 = FACE_OUTER_BOUND ( 'NONE', #442, .T. ) ;
#161 = AXIS2_PLACEMENT_3D ( 'NONE', #1378, #1795, #2234 ) ;
#162 = PRODUCT_CONTEXT ( 'NONE', #264, 'mechanical' ) ;
#163 = ORIENTED_EDGE ( 'NONE', *, *, #2646, .T. ) ;
#164 = DIRECTION ( 'NONE',  ( 0.0000000000000000000, 1.000000000000000000, 0.0000000000000000000 ) ) ;
#165 =( NAMED_UNIT ( * ) SI_UNIT ( $, .STERADIAN. ) SOLID_ANGLE_UNIT ( ) );
#166 = EDGE_CURVE ( 'NONE', #1522, #738, #1807, .T. ) ;
#167 = DIRECTION ( 'NONE',  ( 0.0000000000000000000, 0.0000000000000000000, 1.000000000000000000 ) ) ;
#168 = ORIENTED_EDGE ( 'NONE', *, *, #1125, .F. ) ;
#169 = DIRECTION ( 'NONE',  ( -0.2810846377148182862, -0.6785983445458479979, 0.6785983445458467767 ) ) ;
#170 = EDGE_CURVE ( 'NONE', #610, #2611, #2653, .T. ) ;
#171 = PRODUCT ( 'WB4470_Anschlagblech^WB4470_28-L3-ZB', 'WB4470_Anschlagblech^WB4470_28-L3-ZB', '', ( #1276 ) ) ;
#172 = DIRECTION ( 'NONE',  ( -1.000000000000000000, 3.491481338843133355E-15, 0.0000000000000000000 ) ) ;
#173 = CARTESIAN_POINT ( 'NONE',  ( 3.000000000000031530, 11.99999999999999289, 12.00000000000000000 ) ) ;
#174 = ORIENTED_EDGE ( 'NONE', *, *, #962, .T. ) ;
#175 = EDGE_LOOP ( 'NONE', ( #1042, #61, #1409, #1357 ) ) ;
#176 = DIRECTION ( 'NONE',  ( 0.0000000000000000000, -0.0000000000000000000, 1.000000000000000000 ) ) ;
#177 = EDGE_CURVE ( 'NONE', #2296, #575, #1570, .T. ) ;
#178 = UNCERTAINTY_MEASURE_WITH_UNIT (LENGTH_MEASURE( 1.000000000000000082E-05 ), #35, 'distance_accuracy_value', 'NONE');
#179 = CARTESIAN_POINT ( 'NONE',  ( -19.14644660940674470, 5.000000000000000000, -19.14644660940670917 ) ) ;
#180 = SURFACE_STYLE_FILL_AREA ( #2779 ) ;
#181 = ORIENTED_EDGE ( 'NONE', *, *, #2215, .T. ) ;
#182 = CYLINDRICAL_SURFACE ( 'NONE', #2765, 2.000000000000000000 ) ;
#183 = LINE ( 'NONE', #1520, #433 ) ;
#184 = AXIS2_PLACEMENT_3D ( 'NONE', #799, #212, #1064 ) ;
#185 = EDGE_LOOP ( 'NONE', ( #1225, #2278, #448, #1352 ) ) ;
#186 = DIRECTION ( 'NONE',  ( 0.7071067811865475727, -0.7071067811865475727, 0.0000000000000000000 ) ) ;
#187 = VECTOR ( 'NONE', #1975, 1000.000000000000000 ) ;
#188 = DIRECTION ( 'NONE',  ( -0.0000000000000000000, -0.0000000000000000000, -1.000000000000000000 ) ) ;
#189 = ADVANCED_FACE ( 'NONE', ( #318 ), #2398, .F. ) ;
#190 = VECTOR ( 'NONE', #2790, 1000.000000000000000 ) ;
#191 = EDGE_CURVE ( 'NONE', #791, #2595, #1328, .T. ) ;
#192 = AXIS2_PLACEMENT_3D ( 'NONE', #2537, #1487, #1035 ) ;
#193 = CARTESIAN_POINT ( 'NONE',  ( 0.0000000000000000000, 0.0000000000000000000, 0.0000000000000000000 ) ) ;
#194 = VECTOR ( 'NONE', #1733, 1000.000000000000000 ) ;
#195 = CARTESIAN_POINT ( 'NONE',  ( -25.99999999999999289, 2.000000000000000000, -8.000000000000010658 ) ) ;
#196 = FACE_BOUND ( 'NONE', #1025, .T. ) ;
#197 = SURFACE_SIDE_STYLE ('',( #180 ) ) ;
#198 = ORIENTED_EDGE ( 'NONE', *, *, #1219, .T. ) ;
#199 = CARTESIAN_POINT ( 'NONE',  ( 3.000000000000024869, 9.999999999999992895, -13.99999999999999645 ) ) ;
#200 = CARTESIAN_POINT ( 'NONE',  ( 24.00000000000000000, -5.000000000000000000, 14.99999999999999289 ) ) ;
#201 = LINE ( 'NONE', #1746, #1838 ) ;
#202 = CIRCLE ( 'NONE', #2141, 2.750000000000012879 ) ;
#203 = VERTEX_POINT ( 'NONE', #2660 ) ;
#204 = ORIENTED_EDGE ( 'NONE', *, *, #1016, .F. ) ;
#205 = ORIENTED_EDGE ( 'NONE', *, *, #1696, .T. ) ;
#206 = CARTESIAN_POINT ( 'NONE',  ( 11.50000000000000000, -2.999999999999999556, 15.49999999999999645 ) ) ;
#207 = EDGE_CURVE ( 'NONE', #597, #2733, #202, .T. ) ;
#208 = UNCERTAINTY_MEASURE_WITH_UNIT (LENGTH_MEASURE( 1.000000000000000082E-05 ), #2763, 'distance_accuracy_value', 'NONE');
#209 = PRESENTATION_STYLE_ASSIGNMENT (( #601 ) ) ;
#210 = PLANE ( 'NONE',  #459 ) ;
#211 = LINE ( 'NONE', #405, #8 ) ;
#212 = DIRECTION ( 'NONE',  ( 0.0000000000000000000, 1.000000000000000000, 0.0000000000000000000 ) ) ;
#213 = VECTOR ( 'NONE', #835, 1000.000000000000000 ) ;
#214 = VERTEX_POINT ( 'NONE', #1002 ) ;
#215 = PRESENTATION_STYLE_ASSIGNMENT (( #421 ) ) ;
#216 = DIRECTION ( 'NONE',  ( -0.0000000000000000000, -1.000000000000000000, -0.0000000000000000000 ) ) ;
#217 = CARTESIAN_POINT ( 'NONE',  ( 12.50000000000000178, -4.500000000000000888, 4.999999999999992006 ) ) ;
#218 = EDGE_LOOP ( 'NONE', ( #2174, #1747, #2132, #898 ) ) ;
#219 = ORIENTED_EDGE ( 'NONE', *, *, #583, .T. ) ;
#220 = VERTEX_POINT ( 'NONE', #759 ) ;
#221 = DIRECTION ( 'NONE',  ( -0.0000000000000000000, -0.0000000000000000000, -1.000000000000000000 ) ) ;
#222 = EDGE_CURVE ( 'NONE', #1322, #29, #2484, .T. ) ;
#223 = CARTESIAN_POINT ( 'NONE',  ( -35.00000000000000000, -0.001000000000000132727, -8.000000000000008882 ) ) ;
#224 = AXIS2_PLACEMENT_3D ( 'NONE', #609, #1467, #721 ) ;
#225 = CARTESIAN_POINT ( 'NONE',  ( 21.75000000000000000, -5.000000000000000000, 9.000000000000000000 ) ) ;
#226 = ORIENTED_EDGE ( 'NONE', *, *, #2540, .F. ) ;
#227 = LINE ( 'NONE', #1267, #5 ) ;
#228 = EDGE_CURVE ( 'NONE', #203, #312, #1644, .T. ) ;
#229 = DIRECTION ( 'NONE',  ( 0.0000000000000000000, 1.000000000000000000, 0.0000000000000000000 ) ) ;
#230 = EDGE_LOOP ( 'NONE', ( #2786, #1330, #1068, #2565 ) ) ;
#231 = DIRECTION ( 'NONE',  ( 0.0000000000000000000, 0.0000000000000000000, 1.000000000000000000 ) ) ;
#232 = CIRCLE ( 'NONE', #900, 0.5000000000000004441 ) ;
#233 = MANIFOLD_SOLID_BREP ( 'Verrundung2', #2260 ) ;
#234 = DIRECTION ( 'NONE',  ( -1.000000000000000000, 0.0000000000000000000, 1.084202172485504434E-16 ) ) ;
#235 = ORIENTED_EDGE ( 'NONE', *, *, #2009, .F. ) ;
#236 = VECTOR ( 'NONE', #956, 1000.000000000000000 ) ;
#237 = CIRCLE ( 'NONE', #2441, 2.749999999999997335 ) ;
#238 = DIRECTION ( 'NONE',  ( -0.0000000000000000000, 1.000000000000000000, -0.0000000000000000000 ) ) ;
#239 = AXIS2_PLACEMENT_3D ( 'NONE', #529, #2456, #1390 ) ;
#240 = LINE ( 'NONE', #1088, #2091 ) ;
#241 = EDGE_LOOP ( 'NONE', ( #888, #1610, #2056, #2115 ) ) ;
#242 = DIRECTION ( 'NONE',  ( -0.0000000000000000000, 1.000000000000000000, -0.0000000000000000000 ) ) ;
#243 = VECTOR ( 'NONE', #2332, 1000.000000000000000 ) ;
#244 = DIRECTION ( 'NONE',  ( 0.0000000000000000000, 0.0000000000000000000, 1.000000000000000000 ) ) ;
#245 = DIRECTION ( 'NONE',  ( 0.7071067811865482389, -0.0000000000000000000, 0.7071067811865469066 ) ) ;
#246 = EDGE_CURVE ( 'NONE', #2349, #131, #1906, .T. ) ;
#247 = ADVANCED_FACE ( 'NONE', ( #1420 ), #1890, .F. ) ;
#248 = ORIENTED_EDGE ( 'NONE', *, *, #2526, .T. ) ;
#249 = ADVANCED_FACE ( 'NONE', ( #1860 ), #2469, .F. ) ;
#250 = DIRECTION ( 'NONE',  ( 1.000000000000000000, 0.0000000000000000000, 3.854941057726238590E-16 ) ) ;
#251 = SURFACE_SIDE_STYLE ('',( #1524 ) ) ;
#252 = CARTESIAN_POINT ( 'NONE',  ( -25.99999999999999289, 0.0000000000000000000, 5.250000000000006217 ) ) ;
#253 = ORIENTED_EDGE ( 'NONE', *, *, #907, .T. ) ;
#254 = ORIENTED_EDGE ( 'NONE', *, *, #1406, .T. ) ;
#255 = CARTESIAN_POINT ( 'NONE',  ( 12.70000000000000284, -5.000000000000000000, 13.19999999999999218 ) ) ;
#256 = VECTOR ( 'NONE', #2683, 1000.000000000000000 ) ;
#257 = ORIENTED_EDGE ( 'NONE', *, *, #966, .F. ) ;
#258 = EDGE_CURVE ( 'NONE', #708, #2463, #1867, .T. ) ;
#259 = AXIS2_PLACEMENT_3D ( 'NONE', #2584, #2362, #657 ) ;
#260 = FACE_OUTER_BOUND ( 'NONE', #573, .T. ) ;
#261 =( GEOMETRIC_REPRESENTATION_CONTEXT ( 3 ) GLOBAL_UNCERTAINTY_ASSIGNED_CONTEXT ( ( #711 ) ) GLOBAL_UNIT_ASSIGNED_CONTEXT ( ( #1691, #1942, #1929 ) ) REPRESENTATION_CONTEXT ( 'NONE', 'WORKASPACE' ) );
#262 = CARTESIAN_POINT ( 'NONE',  ( 19.00000000000000000, -0.4000000000000001887, 14.09999999999999787 ) ) ;
#263 = VERTEX_POINT ( 'NONE', #199 ) ;
#264 = APPLICATION_CONTEXT ( 'automotive_design' ) ;
#265 = ORIENTED_EDGE ( 'NONE', *, *, #1852, .T. ) ;
#266 = CARTESIAN_POINT ( 'NONE',  ( -21.86909430915201114, 7.630905690847989753, 12.70313640033967140 ) ) ;
#267 = EDGE_CURVE ( 'NONE', #2084, #2727, #1052, .T. ) ;
#268 = LINE ( 'NONE', #294, #2366 ) ;
#269 = ORIENTED_EDGE ( 'NONE', *, *, #1652, .T. ) ;
#270 = ORIENTED_EDGE ( 'NONE', *, *, #37, .T. ) ;
#271 = CARTESIAN_POINT ( 'NONE',  ( -24.09999999999999787, -0.4000000000000001887, 9.000000000000000000 ) ) ;
#272 = CARTESIAN_POINT ( 'NONE',  ( -19.00000000000000711, -5.000000000000000000, -9.000000000000000000 ) ) ;
#273 = CARTESIAN_POINT ( 'NONE',  ( 25.00000000000000000, 4.500000000000000000, 13.99999999999999112 ) ) ;
#274 = ORIENTED_EDGE ( 'NONE', *, *, #2551, .F. ) ;
#275 = DIRECTION ( 'NONE',  ( 0.0000000000000000000, 0.0000000000000000000, -1.000000000000000000 ) ) ;
#276 = CARTESIAN_POINT ( 'NONE',  ( -19.00000000000000000, -5.000000000000000000, 9.000000000000000000 ) ) ;
#277 = ADVANCED_FACE ( 'NONE', ( #2782 ), #2170, .T. ) ;
#278 = EDGE_LOOP ( 'NONE', ( #1150, #1347, #2502, #1174 ) ) ;
#279 = DIRECTION ( 'NONE',  ( -0.0000000000000000000, -0.0000000000000000000, -1.000000000000000000 ) ) ;
#280 = DIRECTION ( 'NONE',  ( -0.0000000000000000000, -1.000000000000000000, -0.0000000000000000000 ) ) ;
#281 = ORIENTED_EDGE ( 'NONE', *, *, #787, .F. ) ;
#282 = STYLED_ITEM ( 'NONE', ( #1292 ), #2581 ) ;
#283 = DIRECTION ( 'NONE',  ( -3.854941057726238590E-16, 0.0000000000000000000, -1.000000000000000000 ) ) ;
#284 = EDGE_CURVE ( 'NONE', #2309, #1940, #1359, .T. ) ;
#285 = CARTESIAN_POINT ( 'NONE',  ( -19.00000000000000000, -0.4000000000000001887, 9.000000000000000000 ) ) ;
#286 = ORIENTED_EDGE ( 'NONE', *, *, #381, .F. ) ;
#287 = PLANE ( 'NONE',  #1361 ) ;
#288 = DIRECTION ( 'NONE',  ( -0.0000000000000000000, 1.000000000000000000, -0.0000000000000000000 ) ) ;
#289 = PLANE ( 'NONE',  #2564 ) ;
#290 = AXIS2_PLACEMENT_3D ( 'NONE', #195, #2358, #1725 ) ;
#291 = ORIENTED_EDGE ( 'NONE', *, *, #2297, .T. ) ;
#292 = FILL_AREA_STYLE ('',( #2017 ) ) ;
#293 = VECTOR ( 'NONE', #782, 1000.000000000000000 ) ;
#294 = CARTESIAN_POINT ( 'NONE',  ( 25.00000000000000000, -5.000000000000000000, -14.00000000000000533 ) ) ;
#295 = ORIENTED_EDGE ( 'NONE', *, *, #2557, .T. ) ;
#296 = VECTOR ( 'NONE', #513, 1000.000000000000000 ) ;
#297 = DIRECTION ( 'NONE',  ( -0.0000000000000000000, -0.0000000000000000000, -1.000000000000000000 ) ) ;
#298 = CYLINDRICAL_SURFACE ( 'NONE', #821, 2.749999999999997335 ) ;
#299 = ORIENTED_EDGE ( 'NONE', *, *, #1514, .T. ) ;
#300 = CARTESIAN_POINT ( 'NONE',  ( 3.000000000000031530, 11.99999999999999289, -13.99999999999999645 ) ) ;
#301 = CARTESIAN_POINT ( 'NONE',  ( 19.00000000000000711, -0.4000000000000001887, -9.000000000000000000 ) ) ;
#302 = CARTESIAN_POINT ( 'NONE',  ( 21.75000000000000355, -0.4000000000000001887, -9.000000000000000000 ) ) ;
#303 = PRODUCT_RELATED_PRODUCT_CATEGORY ( 'part', '', ( #309 ) ) ;
#304 = EDGE_LOOP ( 'NONE', ( #248, #317, #2674, #11, #38, #2250 ) ) ;
#305 = LINE ( 'NONE', #76, #296 ) ;
#306 = LINE ( 'NONE', #36, #1061 ) ;
#307 = ORIENTED_EDGE ( 'NONE', *, *, #521, .F. ) ;
#308 = DIRECTION ( 'NONE',  ( -0.0000000000000000000, 1.000000000000000000, -0.0000000000000000000 ) ) ;
#309 = PRODUCT ( '4470-50-C2-L3-SR', '4470-50-C2-L3-SR', '', ( #2301 ) ) ;
#310 = EDGE_CURVE ( 'NONE', #1954, #44, #2663, .T. ) ;
#311 = CARTESIAN_POINT ( 'NONE',  ( 0.0000000000000000000, 0.0000000000000000000, 0.0000000000000000000 ) ) ;
#312 = VERTEX_POINT ( 'NONE', #1962 ) ;
#313 = LINE ( 'NONE', #21, #2617 ) ;
#314 = CARTESIAN_POINT ( 'NONE',  ( -21.75000000000000355, -5.000000000000000000, -9.000000000000000000 ) ) ;
#315 = DIRECTION ( 'NONE',  ( -0.0000000000000000000, -1.000000000000000000, -0.0000000000000000000 ) ) ;
#316 = ADVANCED_FACE ( 'NONE', ( #435 ), #2374, .F. ) ;
#317 = ORIENTED_EDGE ( 'NONE', *, *, #650, .T. ) ;
#318 = FACE_OUTER_BOUND ( 'NONE', #1394, .T. ) ;
#319 = ADVANCED_FACE ( 'NONE', ( #1294 ), #2542, .T. ) ;
#320 = DIRECTION ( 'NONE',  ( 0.0000000000000000000, 0.0000000000000000000, 1.000000000000000000 ) ) ;
#321 = VECTOR ( 'NONE', #2070, 1000.000000000000000 ) ;
#322 = FACE_OUTER_BOUND ( 'NONE', #1971, .T. ) ;
#323 = VERTEX_POINT ( 'NONE', #2770 ) ;
#324 = VERTEX_POINT ( 'NONE', #1478 ) ;
#325 = CARTESIAN_POINT ( 'NONE',  ( -11.99999999999998934, 0.0000000000000000000, -8.000000000000010658 ) ) ;
#326 = EDGE_CURVE ( 'NONE', #119, #1994, #2590, .T. ) ;
#327 = DIRECTION ( 'NONE',  ( 0.0000000000000000000, 0.0000000000000000000, 1.000000000000000000 ) ) ;
#328 = ORIENTED_EDGE ( 'NONE', *, *, #1126, .F. ) ;
#329 = LINE ( 'NONE', #1665, #2759 ) ;
#330 = AXIS2_PLACEMENT_3D ( 'NONE', #7, #1744, #1518 ) ;
#331 = CARTESIAN_POINT ( 'NONE',  ( -25.99999999999999289, -0.001000000000000132727, 5.250000000000006217 ) ) ;
#332 = EDGE_LOOP ( 'NONE', ( #2025, #905, #1690, #863, #1012 ) ) ;
#333 = MECHANICAL_DESIGN_GEOMETRIC_PRESENTATION_REPRESENTATION (  '', ( #414 ), #1448 ) ;
#334 = CARTESIAN_POINT ( 'NONE',  ( -19.00000000000000000, -0.4000000000000001887, 9.000000000000000000 ) ) ;
#335 = CARTESIAN_POINT ( 'NONE',  ( -12.49999999999999822, -4.500000000000000888, 4.999999999999992006 ) ) ;
#336 = MECHANICAL_DESIGN_GEOMETRIC_PRESENTATION_REPRESENTATION (  '', ( #1451 ), #2176 ) ;
#337 = CYLINDRICAL_SURFACE ( 'NONE', #1655, 2.750000000000012879 ) ;
#338 = AXIS2_PLACEMENT_3D ( 'NONE', #1214, #2092, #1472 ) ;
#339 = LINE ( 'NONE', #2050, #1176 ) ;
#340 = VECTOR ( 'NONE', #1789, 1000.000000000000000 ) ;
#341 = ORIENTED_EDGE ( 'NONE', *, *, #1676, .F. ) ;
#342 = EDGE_LOOP ( 'NONE', ( #2100, #1989, #1489, #2724 ) ) ;
#343 = FACE_BOUND ( 'NONE', #332, .T. ) ;
#344 =( NAMED_UNIT ( * ) PLANE_ANGLE_UNIT ( ) SI_UNIT ( $, .RADIAN. ) );
#345 = CARTESIAN_POINT ( 'NONE',  ( -24.00000000000000000, -5.000000000000000000, -15.00000000000000178 ) ) ;
#346 = ORIENTED_EDGE ( 'NONE', *, *, #2308, .T. ) ;
#347 = CARTESIAN_POINT ( 'NONE',  ( -11.99999999999998757, 2.000000000000000000, 8.000000000000014211 ) ) ;
#348 = CARTESIAN_POINT ( 'NONE',  ( 21.75000000000000355, -5.000000000000000000, -9.000000000000000000 ) ) ;
#349 = ORIENTED_EDGE ( 'NONE', *, *, #191, .F. ) ;
#350 = ADVANCED_FACE ( 'NONE', ( #607 ), #833, .T. ) ;
#351 = ORIENTED_EDGE ( 'NONE', *, *, #1549, .T. ) ;
#352 = DIRECTION ( 'NONE',  ( -0.0000000000000000000, -1.000000000000000000, -0.0000000000000000000 ) ) ;
#353 = VECTOR ( 'NONE', #1139, 1000.000000000000000 ) ;
#354 = EDGE_CURVE ( 'NONE', #1322, #887, #1383, .T. ) ;
#355 = ORIENTED_EDGE ( 'NONE', *, *, #1435, .T. ) ;
#356 = CARTESIAN_POINT ( 'NONE',  ( 19.00000000000000000, -5.000000000000000000, 11.74999999999999645 ) ) ;
#357 = ORIENTED_EDGE ( 'NONE', *, *, #428, .F. ) ;
#358 = CARTESIAN_POINT ( 'NONE',  ( 12.00000000000000000, -2.999999999999999556, 15.49999999999999645 ) ) ;
#359 = LINE ( 'NONE', #1630, #18 ) ;
#360 = ADVANCED_FACE ( 'NONE', ( #45 ), #2618, .F. ) ;
#361 = ORIENTED_EDGE ( 'NONE', *, *, #1696, .F. ) ;
#362 = ORIENTED_EDGE ( 'NONE', *, *, #40, .T. ) ;
#363 = VECTOR ( 'NONE', #125, 1000.000000000000000 ) ;
#364 = CARTESIAN_POINT ( 'NONE',  ( -11.99999999999998934, -0.001000000000000132727, -8.000000000000010658 ) ) ;
#365 = AXIS2_PLACEMENT_3D ( 'NONE', #1396, #1204, #111 ) ;
#366 = VERTEX_POINT ( 'NONE', #1118 ) ;
#367 = PLANE ( 'NONE',  #2390 ) ;
#368 = CARTESIAN_POINT ( 'NONE',  ( 11.50000000000000000, -2.999999999999999556, 14.99999999999999645 ) ) ;
#369 = LINE ( 'NONE', #566, #133 ) ;
#370 = VERTEX_POINT ( 'NONE', #2424 ) ;
#371 = LINE ( 'NONE', #2470, #1446 ) ;
#372 = PLANE ( 'NONE',  #2413 ) ;
#373 = EDGE_LOOP ( 'NONE', ( #1647, #1089, #1402, #1650 ) ) ;
#374 = ORIENTED_EDGE ( 'NONE', *, *, #1016, .T. ) ;
#375 =( GEOMETRIC_REPRESENTATION_CONTEXT ( 3 ) GLOBAL_UNCERTAINTY_ASSIGNED_CONTEXT ( ( #1792 ) ) GLOBAL_UNIT_ASSIGNED_CONTEXT ( ( #2096, #781, #1443 ) ) REPRESENTATION_CONTEXT ( 'NONE', 'WORKASPACE' ) );
#376 = FACE_OUTER_BOUND ( 'NONE', #2428, .T. ) ;
#377 = AXIS2_PLACEMENT_3D ( 'NONE', #2264, #581, #760 ) ;
#378 = EDGE_CURVE ( 'NONE', #1766, #2407, #464, .T. ) ;
#379 = COLOUR_RGB ( '',0.5999999999999999778, 0.5999999999999999778, 0.5999999999999999778 ) ;
#380 = ORIENTED_EDGE ( 'NONE', *, *, #2384, .F. ) ;
#381 = EDGE_CURVE ( 'NONE', #691, #923, #2635, .T. ) ;
#382 = SURFACE_STYLE_USAGE ( .BOTH. , #1036 ) ;
#383 = PLANE ( 'NONE',  #184 ) ;
#384 = ORIENTED_EDGE ( 'NONE', *, *, #2369, .F. ) ;
#385 = DIRECTION ( 'NONE',  ( 0.0000000000000000000, 0.0000000000000000000, -1.000000000000000000 ) ) ;
#386 = DIRECTION ( 'NONE',  ( 0.0000000000000000000, 0.0000000000000000000, 1.000000000000000000 ) ) ;
#387 = VERTEX_POINT ( 'NONE', #2392 ) ;
#388 = ORIENTED_EDGE ( 'NONE', *, *, #479, .T. ) ;
#389 = DIRECTION ( 'NONE',  ( 0.0000000000000000000, 0.0000000000000000000, -1.000000000000000000 ) ) ;
#390 = VECTOR ( 'NONE', #2312, 1000.000000000000000 ) ;
#391 = VECTOR ( 'NONE', #1543, 1000.000000000000000 ) ;
#392 = EDGE_CURVE ( 'NONE', #323, #2104, #1353, .T. ) ;
#393 = VERTEX_POINT ( 'NONE', #2209 ) ;
#394 = LINE ( 'NONE', #223, #1969 ) ;
#395 = LINE ( 'NONE', #1948, #1086 ) ;
#396 = PLANE ( 'NONE',  #2478 ) ;
#397 = EDGE_LOOP ( 'NONE', ( #2397, #286, #1959, #1034 ) ) ;
#398 = FACE_OUTER_BOUND ( 'NONE', #1521, .T. ) ;
#399 = DIRECTION ( 'NONE',  ( 1.000000000000000000, 0.0000000000000000000, 0.0000000000000000000 ) ) ;
#400 = ADVANCED_FACE ( 'NONE', ( #717 ), #287, .F. ) ;
#401 = EDGE_LOOP ( 'NONE', ( #1979, #1269, #235, #1791 ) ) ;
#402 = ORIENTED_EDGE ( 'NONE', *, *, #1952, .F. ) ;
#403 = CARTESIAN_POINT ( 'NONE',  ( -24.09999999999999787, -0.4000000000000001887, 9.000000000000000000 ) ) ;
#404 = FACE_OUTER_BOUND ( 'NONE', #885, .T. ) ;
#405 = CARTESIAN_POINT ( 'NONE',  ( -16.25000000000000711, -5.000000000000000000, -9.000000000000000000 ) ) ;
#406 = VERTEX_POINT ( 'NONE', #1158 ) ;
#407 = ADVANCED_FACE ( 'NONE', ( #1367 ), #2223, .F. ) ;
#408 = CARTESIAN_POINT ( 'NONE',  ( -12.69999999999999929, -5.000000000000000000, 4.799999999999992717 ) ) ;
#409 = DIRECTION ( 'NONE',  ( -0.0000000000000000000, -0.0000000000000000000, -1.000000000000000000 ) ) ;
#410 = ORIENTED_EDGE ( 'NONE', *, *, #267, .T. ) ;
#411 = ORIENTED_EDGE ( 'NONE', *, *, #310, .T. ) ;
#412 = DIRECTION ( 'NONE',  ( 1.000000000000000000, 0.0000000000000000000, 0.0000000000000000000 ) ) ;
#413 = CIRCLE ( 'NONE', #2574, 5.999999999999994671 ) ;
#414 = STYLED_ITEM ( 'NONE', ( #2682 ), #783 ) ;
#415 = AXIS2_PLACEMENT_3D ( 'NONE', #311, #327, #1173 ) ;
#416 = APPLICATION_PROTOCOL_DEFINITION ( 'draft international standard', 'automotive_design', 1998, #2323 ) ;
#417 = AXIS2_PLACEMENT_3D ( 'NONE', #524, #1872, #2705 ) ;
#418 = FACE_OUTER_BOUND ( 'NONE', #2197, .T. ) ;
#419 = CARTESIAN_POINT ( 'NONE',  ( -23.79289321881345742, 5.000000000000000000, 14.49999999999999645 ) ) ;
#420 = ORIENTED_EDGE ( 'NONE', *, *, #258, .F. ) ;
#421 = SURFACE_STYLE_USAGE ( .BOTH. , #2350 ) ;
#422 = FACE_BOUND ( 'NONE', #1366, .T. ) ;
#423 = CARTESIAN_POINT ( 'NONE',  ( -25.99999999999999645, 2.000000000000000000, -5.249999999999999112 ) ) ;
#424 = EDGE_CURVE ( 'NONE', #1228, #1992, #1220, .T. ) ;
#425 = ORIENTED_EDGE ( 'NONE', *, *, #1841, .T. ) ;
#426 = VERTEX_POINT ( 'NONE', #2237 ) ;
#427 = LINE ( 'NONE', #1956, #1290 ) ;
#428 = EDGE_CURVE ( 'NONE', #2230, #92, #313, .T. ) ;
#429 = EDGE_CURVE ( 'NONE', #660, #1599, #1755, .T. ) ;
#430 = VECTOR ( 'NONE', #1008, 1000.000000000000000 ) ;
#431 = CARTESIAN_POINT ( 'NONE',  ( -12.00000000000000000, 3.000000000000000444, 15.49999999999999645 ) ) ;
#432 = CARTESIAN_POINT ( 'NONE',  ( -19.00000000000000000, 5.000000000000000000, 9.000000000000000000 ) ) ;
#433 = VECTOR ( 'NONE', #2772, 1000.000000000000000 ) ;
#434 = EDGE_LOOP ( 'NONE', ( #2037, #2535, #2267, #1559 ) ) ;
#435 = FACE_OUTER_BOUND ( 'NONE', #2714, .T. ) ;
#436 = AXIS2_PLACEMENT_3D ( 'NONE', #2018, #1344, #1152 ) ;
#437 = DIRECTION ( 'NONE',  ( -0.0000000000000000000, -1.000000000000000000, -0.0000000000000000000 ) ) ;
#438 = CARTESIAN_POINT ( 'NONE',  ( 23.79289321881345387, 5.000000000000000000, -14.50000000000000355 ) ) ;
#439 = EDGE_LOOP ( 'NONE', ( #2729, #1425, #163, #1927, #2622 ) ) ;
#440 = ORIENTED_EDGE ( 'NONE', *, *, #2259, .F. ) ;
#441 = LINE ( 'NONE', #2128, #1613 ) ;
#442 = EDGE_LOOP ( 'NONE', ( #2322, #49, #2569, #726 ) ) ;
#443 = CONTEXT_DEPENDENT_SHAPE_REPRESENTATION ( #1456, #1898 ) ;
#444 = DIRECTION ( 'NONE',  ( -1.000000000000000000, 0.0000000000000000000, -3.854941057726238097E-16 ) ) ;
#445 = VECTOR ( 'NONE', #672, 1000.000000000000000 ) ;
#446 = CYLINDRICAL_SURFACE ( 'NONE', #2578, 3.000000000000000000 ) ;
#447 = EDGE_CURVE ( 'NONE', #370, #214, #2067, .T. ) ;
#448 = ORIENTED_EDGE ( 'NONE', *, *, #1709, .F. ) ;
#449 = DIRECTION ( 'NONE',  ( 0.0000000000000000000, 0.0000000000000000000, 1.000000000000000000 ) ) ;
#450 = SURFACE_STYLE_USAGE ( .BOTH. , #2591 ) ;
#451 = DIRECTION ( 'NONE',  ( -0.0000000000000000000, 1.000000000000000000, -0.0000000000000000000 ) ) ;
#452 = ADVANCED_FACE ( 'NONE', ( #973 ), #367, .F. ) ;
#453 = VERTEX_POINT ( 'NONE', #2081 ) ;
#454 = ORIENTED_EDGE ( 'NONE', *, *, #664, .T. ) ;
#455 = ORIENTED_EDGE ( 'NONE', *, *, #2570, .T. ) ;
#456 = PRODUCT_DEFINITION_CONTEXT ( 'detailed design', #2704, 'design' ) ;
#457 = ORIENTED_EDGE ( 'NONE', *, *, #2630, .F. ) ;
#458 = EDGE_CURVE ( 'NONE', #92, #2595, #329, .T. ) ;
#459 = AXIS2_PLACEMENT_3D ( 'NONE', #2553, #1233, #1022 ) ;
#460 = FACE_OUTER_BOUND ( 'NONE', #1075, .T. ) ;
#461 = EDGE_CURVE ( 'NONE', #2463, #1436, #2053, .T. ) ;
#462 = VECTOR ( 'NONE', #943, 1000.000000000000000 ) ;
#463 = EDGE_LOOP ( 'NONE', ( #2594, #2240, #468, #126 ) ) ;
#464 = LINE ( 'NONE', #2601, #2712 ) ;
#465 = CARTESIAN_POINT ( 'NONE',  ( -35.00000000000000000, 2.000000000000000000, 8.000000000000015987 ) ) ;
#466 = CARTESIAN_POINT ( 'NONE',  ( 24.10000000000000497, -0.4000000000000001887, -9.000000000000000000 ) ) ;
#467 = ORIENTED_EDGE ( 'NONE', *, *, #354, .T. ) ;
#468 = ORIENTED_EDGE ( 'NONE', *, *, #2382, .F. ) ;
#469 = CLOSED_SHELL ( 'NONE', ( #1459, #1424, #316, #2549, #1349, #892, #360, #700, #1131, #1563, #2036, #2656, #1398, #1572, #1258, #2140, #2281, #2233, #1162, #1911, #400, #614, #878, #1982, #14, #589, #1945, #1213, #2114, #1976, #1967, #856, #1111, #947, #1442, #1393, #69, #1252, #1046, #520, #1619, #452, #783, #189, #1319, #1661, #319, #2581, #350, #94, #249, #1466, #1057, #1545, #636, #1877, #662, #2741, #2164 ) ) ;
#470 = DIRECTION ( 'NONE',  ( 0.0000000000000000000, -1.000000000000000000, 0.0000000000000000000 ) ) ;
#471 = EDGE_CURVE ( 'NONE', #44, #2512, #2492, .T. ) ;
#472 = LINE ( 'NONE', #1604, #2510 ) ;
#473 = VECTOR ( 'NONE', #2640, 1000.000000000000000 ) ;
#474 = VERTEX_POINT ( 'NONE', #1216 ) ;
#475 = EDGE_LOOP ( 'NONE', ( #1376, #2644, #2232, #174 ) ) ;
#476 = ORIENTED_EDGE ( 'NONE', *, *, #2551, .T. ) ;
#477 = LINE ( 'NONE', #1332, #701 ) ;
#478 = FACE_OUTER_BOUND ( 'NONE', #2328, .T. ) ;
#479 = EDGE_CURVE ( 'NONE', #1974, #691, #2734, .T. ) ;
#480 = DIRECTION ( 'NONE',  ( -0.0000000000000000000, -1.000000000000000000, -0.0000000000000000000 ) ) ;
#481 = EDGE_LOOP ( 'NONE', ( #2285, #1311, #1817, #2146 ) ) ;
#482 = DIRECTION ( 'NONE',  ( -1.000000000000000000, -0.0000000000000000000, 4.956352788505162282E-16 ) ) ;
#483 = CARTESIAN_POINT ( 'NONE',  ( -19.00000000000000711, 5.000000000000000000, -9.000000000000000000 ) ) ;
#484 = AXIS2_PLACEMENT_3D ( 'NONE', #2431, #280, #2187 ) ;
#485 = CARTESIAN_POINT ( 'NONE',  ( -12.69999999999999929, -4.500000000000000888, 4.799999999999992717 ) ) ;
#486 = EDGE_CURVE ( 'NONE', #1766, #1080, #413, .T. ) ;
#487 = DIRECTION ( 'NONE',  ( 0.0000000000000000000, 0.0000000000000000000, 1.000000000000000000 ) ) ;
#488 = ORIENTED_EDGE ( 'NONE', *, *, #1946, .T. ) ;
#489 = FACE_OUTER_BOUND ( 'NONE', #463, .T. ) ;
#490 = DIRECTION ( 'NONE',  ( 0.0000000000000000000, 0.0000000000000000000, 1.000000000000000000 ) ) ;
#491 = CARTESIAN_POINT ( 'NONE',  ( -11.99999999999999112, 2.000000000000000000, -10.75000000000002487 ) ) ;
#492 = ORIENTED_EDGE ( 'NONE', *, *, #929, .F. ) ;
#493 = CARTESIAN_POINT ( 'NONE',  ( 21.91305066474689056, 9.538341389153517369, -9.961658610846479078 ) ) ;
#494 = ADVANCED_FACE ( 'NONE', ( #1638 ), #1624, .F. ) ;
#495 = CARTESIAN_POINT ( 'NONE',  ( 19.00000000000000000, -5.000000000000000000, 9.000000000000000000 ) ) ;
#496 = PLANE ( 'NONE',  #718 ) ;
#497 = ORIENTED_EDGE ( 'NONE', *, *, #1549, .F. ) ;
#498 = EDGE_CURVE ( 'NONE', #1132, #2667, #1404, .T. ) ;
#499 = CARTESIAN_POINT ( 'NONE',  ( -19.00000000000000711, -0.4000000000000001887, -9.000000000000000000 ) ) ;
#500 = VECTOR ( 'NONE', #2158, 1000.000000000000000 ) ;
#501 = ORIENTED_EDGE ( 'NONE', *, *, #740, .F. ) ;
#502 = ORIENTED_EDGE ( 'NONE', *, *, #22, .T. ) ;
#503 = DIRECTION ( 'NONE',  ( 1.000000000000000000, 0.0000000000000000000, -3.854941057726238097E-16 ) ) ;
#504 = CARTESIAN_POINT ( 'NONE',  ( -25.99999999999999645, 2.000000000000000000, 10.75000000000002487 ) ) ;
#505 = VECTOR ( 'NONE', #1129, 1000.000000000000000 ) ;
#506 = DIRECTION ( 'NONE',  ( -0.0000000000000000000, -0.0000000000000000000, -1.000000000000000000 ) ) ;
#507 = ORIENTED_EDGE ( 'NONE', *, *, #2776, .F. ) ;
#508 = DIRECTION ( 'NONE',  ( 0.0000000000000000000, 0.0000000000000000000, 1.000000000000000000 ) ) ;
#509 = PLANE ( 'NONE',  #2049 ) ;
#510 = DIRECTION ( 'NONE',  ( 0.0000000000000000000, 1.000000000000000000, 0.0000000000000000000 ) ) ;
#511 = AXIS2_PLACEMENT_3D ( 'NONE', #1422, #2279, #1207 ) ;
#512 = EDGE_LOOP ( 'NONE', ( #1761, #816, #646, #1729 ) ) ;
#513 = DIRECTION ( 'NONE',  ( -3.854941057726238097E-16, 0.0000000000000000000, 1.000000000000000000 ) ) ;
#514 = DIRECTION ( 'NONE',  ( 0.0000000000000000000, 0.0000000000000000000, 1.000000000000000000 ) ) ;
#515 = MECHANICAL_DESIGN_GEOMETRIC_PRESENTATION_REPRESENTATION (  '', ( #104 ), #2051 ) ;
#516 = UNCERTAINTY_MEASURE_WITH_UNIT (LENGTH_MEASURE( 1.000000000000000082E-05 ), #1594, 'distance_accuracy_value', 'NONE');
#517 = EDGE_LOOP ( 'NONE', ( #1985, #2378, #402, #361, #2283, #2737, #1656, #1919 ) ) ;
#518 = AXIS2_PLACEMENT_3D ( 'NONE', #2175, #250, #1095 ) ;
#519 = CYLINDRICAL_SURFACE ( 'NONE', #161, 5.099999999999998757 ) ;
#520 = ADVANCED_FACE ( 'NONE', ( #343, #2275 ), #1429, .T. ) ;
#521 = EDGE_CURVE ( 'NONE', #370, #597, #2038, .T. ) ;
#522 = ORIENTED_EDGE ( 'NONE', *, *, #40, .F. ) ;
#523 = DIRECTION ( 'NONE',  ( 0.0000000000000000000, 0.0000000000000000000, 1.000000000000000000 ) ) ;
#524 = CARTESIAN_POINT ( 'NONE',  ( -11.50000000000000000, -2.999999999999999556, 14.99999999999999645 ) ) ;
#525 = CARTESIAN_POINT ( 'NONE',  ( 11.50000000000000000, -3.499999999999999556, 15.49999999999999645 ) ) ;
#526 = VECTOR ( 'NONE', #1836, 1000.000000000000000 ) ;
#527 = ORIENTED_EDGE ( 'NONE', *, *, #2316, .T. ) ;
#528 = DIRECTION ( 'NONE',  ( -1.000000000000000000, 3.491481338843133750E-15, 0.0000000000000000000 ) ) ;
#529 = CARTESIAN_POINT ( 'NONE',  ( -35.00000000000000000, 2.000000000000000000, 14.00000000000000000 ) ) ;
#530 = DIRECTION ( 'NONE',  ( 0.0000000000000000000, 0.0000000000000000000, 1.000000000000000000 ) ) ;
#531 = EDGE_LOOP ( 'NONE', ( #1163, #673, #596, #800 ) ) ;
#532 = EDGE_CURVE ( 'NONE', #1293, #780, #1171, .T. ) ;
#533 = CARTESIAN_POINT ( 'NONE',  ( 0.0000000000000000000, 2.000000000000000000, -14.00000000000000000 ) ) ;
#534 = DIRECTION ( 'NONE',  ( 1.000000000000000000, 0.0000000000000000000, 0.0000000000000000000 ) ) ;
#535 = EDGE_LOOP ( 'NONE', ( #1864, #2781, #680, #669 ) ) ;
#536 = ORIENTED_EDGE ( 'NONE', *, *, #2342, .T. ) ;
#537 = CARTESIAN_POINT ( 'NONE',  ( -25.99999999999999289, 0.0000000000000000000, -5.249999999999999112 ) ) ;
#538 = LINE ( 'NONE', #1843, #1501 ) ;
#539 = LINE ( 'NONE', #2055, #1030 ) ;
#540 = ORIENTED_EDGE ( 'NONE', *, *, #843, .F. ) ;
#541 = CARTESIAN_POINT ( 'NONE',  ( -12.69999999999999929, -4.500000000000000888, 13.19999999999999218 ) ) ;
#542 = LINE ( 'NONE', #1196, #1128 ) ;
#543 = VECTOR ( 'NONE', #1978, 1000.000000000000000 ) ;
#544 = DIRECTION ( 'NONE',  ( -0.7071067811865469066, 0.0000000000000000000, 0.7071067811865482389 ) ) ;
#545 = CYLINDRICAL_SURFACE ( 'NONE', #748, 2.750000000000012879 ) ;
#546 = EDGE_CURVE ( 'NONE', #2407, #738, #1611, .T. ) ;
#547 = ORIENTED_EDGE ( 'NONE', *, *, #461, .F. ) ;
#548 = ORIENTED_EDGE ( 'NONE', *, *, #893, .T. ) ;
#549 = DIRECTION ( 'NONE',  ( -3.491481338843133750E-15, -1.000000000000000000, 0.0000000000000000000 ) ) ;
#550 = DIRECTION ( 'NONE',  ( -0.7071067811865482389, 0.0000000000000000000, -0.7071067811865469066 ) ) ;
#551 = CARTESIAN_POINT ( 'NONE',  ( 3.000000000000000000, 2.999999999999989786, 14.00000000000000000 ) ) ;
#552 = EDGE_CURVE ( 'NONE', #1281, #2785, #1710, .T. ) ;
#553 = ORIENTED_EDGE ( 'NONE', *, *, #1850, .T. ) ;
#554 =( NAMED_UNIT ( * ) SI_UNIT ( $, .STERADIAN. ) SOLID_ANGLE_UNIT ( ) );
#555 = CARTESIAN_POINT ( 'NONE',  ( 11.50000000000000000, -3.499999999999999556, 14.99999999999999645 ) ) ;
#556 = AXIS2_PLACEMENT_3D ( 'NONE', #2426, #1092, #1354 ) ;
#557 = EDGE_CURVE ( 'NONE', #702, #712, #2345, .T. ) ;
#558 = EDGE_LOOP ( 'NONE', ( #488, #2071, #70, #2373 ) ) ;
#559 = DIRECTION ( 'NONE',  ( 3.854941057726238097E-16, 0.0000000000000000000, 1.000000000000000000 ) ) ;
#560 = VECTOR ( 'NONE', #2560, 1000.000000000000000 ) ;
#561 = FILL_AREA_STYLE ('',( #1853 ) ) ;
#562 = STYLED_ITEM ( 'NONE', ( #1371 ), #189 ) ;
#563 = ORIENTED_EDGE ( 'NONE', *, *, #1427, .F. ) ;
#564 = CARTESIAN_POINT ( 'NONE',  ( -12.49999999999999822, -4.500000000000000888, 12.99999999999999289 ) ) ;
#565 = DIRECTION ( 'NONE',  ( -0.0000000000000000000, -1.000000000000000000, -0.0000000000000000000 ) ) ;
#566 = CARTESIAN_POINT ( 'NONE',  ( -25.00000000000000000, 5.000000000000000000, -13.99999999999999822 ) ) ;
#567 = ORIENTED_EDGE ( 'NONE', *, *, #1421, .F. ) ;
#568 = PLANE ( 'NONE',  #511 ) ;
#569 = VECTOR ( 'NONE', #1887, 1000.000000000000000 ) ;
#570 = DIRECTION ( 'NONE',  ( 0.0000000000000000000, -0.0000000000000000000, 1.000000000000000000 ) ) ;
#571 = ORIENTED_EDGE ( 'NONE', *, *, #207, .F. ) ;
#572 = VECTOR ( 'NONE', #2074, 1000.000000000000000 ) ;
#573 = EDGE_LOOP ( 'NONE', ( #2122, #2550, #1854, #1576 ) ) ;
#574 = LINE ( 'NONE', #1426, #2414 ) ;
#575 = VERTEX_POINT ( 'NONE', #844 ) ;
#576 = SURFACE_SIDE_STYLE ('',( #1842 ) ) ;
#577 = CYLINDRICAL_SURFACE ( 'NONE', #2099, 5.099999999999997868 ) ;
#578 = CARTESIAN_POINT ( 'NONE',  ( -12.00000000000000000, -2.999999999999999556, 15.49999999999999645 ) ) ;
#579 = ORIENTED_EDGE ( 'NONE', *, *, #936, .F. ) ;
#580 = FILL_AREA_STYLE ('',( #113 ) ) ;
#581 = DIRECTION ( 'NONE',  ( -0.0000000000000000000, -0.0000000000000000000, -1.000000000000000000 ) ) ;
#582 = CARTESIAN_POINT ( 'NONE',  ( 1.572093150103980838E-15, 5.000000000000000000, 14.49999999999999467 ) ) ;
#583 = EDGE_CURVE ( 'NONE', #1806, #1801, #1680, .T. ) ;
#584 = ORIENTED_EDGE ( 'NONE', *, *, #74, .F. ) ;
#585 = AXIS2_PLACEMENT_3D ( 'NONE', #276, #510, #944 ) ;
#586 = DIRECTION ( 'NONE',  ( -1.000000000000000000, 0.0000000000000000000, 0.0000000000000000000 ) ) ;
#587 = EDGE_CURVE ( 'NONE', #426, #716, #1694, .T. ) ;
#588 = SHAPE_DEFINITION_REPRESENTATION ( #774, #836 ) ;
#589 = ADVANCED_FACE ( 'NONE', ( #418 ), #210, .F. ) ;
#590 = CARTESIAN_POINT ( 'NONE',  ( 19.00000000000000000, -5.000000000000000000, 9.000000000000000000 ) ) ;
#591 = EDGE_LOOP ( 'NONE', ( #567, #2507, #796, #82 ) ) ;
#592 = AXIS2_PLACEMENT_3D ( 'NONE', #541, #2738, #801 ) ;
#593 = CARTESIAN_POINT ( 'NONE',  ( 24.09999999999999787, -0.4000000000000001887, 9.000000000000000000 ) ) ;
#594 = CARTESIAN_POINT ( 'NONE',  ( 19.00000000000000000, -5.000000000000000000, 11.74999999999999645 ) ) ;
#595 = DIRECTION ( 'NONE',  ( -0.7071067811865474617, 0.0000000000000000000, 0.7071067811865474617 ) ) ;
#596 = ORIENTED_EDGE ( 'NONE', *, *, #2728, .T. ) ;
#597 = VERTEX_POINT ( 'NONE', #1901 ) ;
#598 = AXIS2_PLACEMENT_3D ( 'NONE', #616, #2118, #2766 ) ;
#599 = CARTESIAN_POINT ( 'NONE',  ( 0.0000000000000000000, -4.500000000000000888, 0.0000000000000000000 ) ) ;
#600 = AXIS2_PLACEMENT_3D ( 'NONE', #495, #288, #2014 ) ;
#601 = SURFACE_STYLE_USAGE ( .BOTH. , #1502 ) ;
#602 = ORIENTED_EDGE ( 'NONE', *, *, #2168, .T. ) ;
#603 = DIRECTION ( 'NONE',  ( 0.0000000000000000000, 0.0000000000000000000, -1.000000000000000000 ) ) ;
#604 = DIRECTION ( 'NONE',  ( 0.0000000000000000000, 1.000000000000000000, 0.0000000000000000000 ) ) ;
#605 = EDGE_CURVE ( 'NONE', #2785, #2137, #1277, .T. ) ;
#606 = EDGE_LOOP ( 'NONE', ( #823, #65, #955, #1664 ) ) ;
#607 = FACE_OUTER_BOUND ( 'NONE', #1007, .T. ) ;
#608 = FACE_OUTER_BOUND ( 'NONE', #2483, .T. ) ;
#609 = CARTESIAN_POINT ( 'NONE',  ( 24.00000000000000000, 5.000000000000000000, -15.00000000000000711 ) ) ;
#610 = VERTEX_POINT ( 'NONE', #2573 ) ;
#611 = EDGE_LOOP ( 'NONE', ( #1375, #130, #2208, #553 ) ) ;
#612 = EDGE_CURVE ( 'NONE', #1436, #393, #2621, .T. ) ;
#613 = DIRECTION ( 'NONE',  ( 1.000000000000000000, 0.0000000000000000000, 0.0000000000000000000 ) ) ;
#614 = ADVANCED_FACE ( 'NONE', ( #813 ), #1679, .F. ) ;
#615 = ORIENTED_EDGE ( 'NONE', *, *, #1211, .F. ) ;
#616 = CARTESIAN_POINT ( 'NONE',  ( 25.00000000000000000, 5.000000000000000000, -14.00000000000000533 ) ) ;
#617 = CARTESIAN_POINT ( 'NONE',  ( -11.50000000000000000, 3.000000000000000444, 15.49999999999999645 ) ) ;
#618 = ORIENTED_EDGE ( 'NONE', *, *, #284, .T. ) ;
#619 = DIRECTION ( 'NONE',  ( 0.0000000000000000000, 0.0000000000000000000, 1.000000000000000000 ) ) ;
#620 = CARTESIAN_POINT ( 'NONE',  ( 1.000000000000031752, 12.00000000000000000, -13.99999999999999645 ) ) ;
#621 = CARTESIAN_POINT ( 'NONE',  ( -19.00000000000000000, -0.4000000000000001887, 14.09999999999999787 ) ) ;
#622 = ORIENTED_EDGE ( 'NONE', *, *, #2418, .T. ) ;
#623 = DIRECTION ( 'NONE',  ( -0.7071067811865474617, 0.0000000000000000000, 0.7071067811865474617 ) ) ;
#624 = FILL_AREA_STYLE_COLOUR ( '', #1384 ) ;
#625 = UNCERTAINTY_MEASURE_WITH_UNIT (LENGTH_MEASURE( 1.000000000000000082E-05 ), #970, 'distance_accuracy_value', 'NONE');
#626 = PLANE ( 'NONE',  #773 ) ;
#627 = DIRECTION ( 'NONE',  ( 1.000000000000000000, 0.0000000000000000000, 0.0000000000000000000 ) ) ;
#628 = ORIENTED_EDGE ( 'NONE', *, *, #2641, .T. ) ;
#629 = EDGE_CURVE ( 'NONE', #1714, #92, #2777, .T. ) ;
#630 = DIRECTION ( 'NONE',  ( 0.0000000000000000000, 0.0000000000000000000, 1.000000000000000000 ) ) ;
#631 = DIRECTION ( 'NONE',  ( 0.0000000000000000000, 1.000000000000000000, 0.0000000000000000000 ) ) ;
#632 = ORIENTED_EDGE ( 'NONE', *, *, #927, .F. ) ;
#633 = LINE ( 'NONE', #1270, #2627 ) ;
#634 = VECTOR ( 'NONE', #1039, 1000.000000000000000 ) ;
#635 = PLANE ( 'NONE',  #1797 ) ;
#636 = ADVANCED_FACE ( 'NONE', ( #1504 ), #626, .T. ) ;
#637 = AXIS2_PLACEMENT_3D ( 'NONE', #942, #1813, #2662 ) ;
#638 = AXIS2_PLACEMENT_3D ( 'NONE', #1947, #641, #603 ) ;
#639 = PRESENTATION_LAYER_ASSIGNMENT (  '', '', ( #2717 ) ) ;
#640 = AXIS2_PLACEMENT_3D ( 'NONE', #1753, #911, #1321 ) ;
#641 = DIRECTION ( 'NONE',  ( 1.000000000000000000, 0.0000000000000000000, 0.0000000000000000000 ) ) ;
#642 = PLANE ( 'NONE',  #640 ) ;
#643 = ORIENTED_EDGE ( 'NONE', *, *, #1498, .T. ) ;
#644 = DIRECTION ( 'NONE',  ( 3.491481338843133750E-15, 1.000000000000000000, 3.469446951953614189E-16 ) ) ;
#645 = LINE ( 'NONE', #621, #1147 ) ;
#646 = ORIENTED_EDGE ( 'NONE', *, *, #1302, .F. ) ;
#647 = CARTESIAN_POINT ( 'NONE',  ( 1.000000000000000000, 2.999999999999996447, 14.00000000000000178 ) ) ;
#648 = DIRECTION ( 'NONE',  ( -0.0000000000000000000, 1.000000000000000000, -0.0000000000000000000 ) ) ;
#649 = EDGE_CURVE ( 'NONE', #1017, #2008, #2488, .T. ) ;
#650 = EDGE_CURVE ( 'NONE', #263, #742, #1636, .T. ) ;
#651 = AXIS2_PLACEMENT_3D ( 'NONE', #1671, #2525, #595 ) ;
#652 = DIRECTION ( 'NONE',  ( -3.469446951953614189E-15, -1.000000000000000000, 0.0000000000000000000 ) ) ;
#653 = CARTESIAN_POINT ( 'NONE',  ( 2.999999999999989786, -6.982962677686242256E-15, 14.00000000000000000 ) ) ;
#654 = ORIENTED_EDGE ( 'NONE', *, *, #1156, .T. ) ;
#655 = CARTESIAN_POINT ( 'NONE',  ( 25.00000000000000000, 5.000000000000000000, 13.99999999999999112 ) ) ;
#656 = FACE_OUTER_BOUND ( 'NONE', #822, .T. ) ;
#657 = DIRECTION ( 'NONE',  ( -1.000000000000000000, 0.0000000000000000000, 1.084202172485504434E-16 ) ) ;
#658 = ORIENTED_EDGE ( 'NONE', *, *, #2094, .F. ) ;
#659 = ORIENTED_EDGE ( 'NONE', *, *, #2333, .F. ) ;
#660 = VERTEX_POINT ( 'NONE', #2331 ) ;
#661 = DIRECTION ( 'NONE',  ( 0.0000000000000000000, 0.0000000000000000000, 1.000000000000000000 ) ) ;
#662 = ADVANCED_FACE ( 'NONE', ( #404 ), #1062, .T. ) ;
#663 = ORIENTED_EDGE ( 'NONE', *, *, #458, .T. ) ;
#664 = EDGE_CURVE ( 'NONE', #324, #930, #857, .T. ) ;
#665 = LINE ( 'NONE', #1808, #2673 ) ;
#666 = CIRCLE ( 'NONE', #2791, 5.099999999999998757 ) ;
#667 = LINE ( 'NONE', #2647, #2391 ) ;
#668 = EDGE_CURVE ( 'NONE', #1627, #847, #2156, .T. ) ;
#669 = ORIENTED_EDGE ( 'NONE', *, *, #1266, .F. ) ;
#670 = CARTESIAN_POINT ( 'NONE',  ( -25.99999999999999289, 2.000000000000000000, 5.250000000000006217 ) ) ;
#671 = DIRECTION ( 'NONE',  ( -0.0000000000000000000, 1.000000000000000000, -0.0000000000000000000 ) ) ;
#672 = DIRECTION ( 'NONE',  ( -3.854941057726238097E-16, 0.0000000000000000000, 1.000000000000000000 ) ) ;
#673 = ORIENTED_EDGE ( 'NONE', *, *, #1211, .T. ) ;
#674 = LINE ( 'NONE', #1256, #1503 ) ;
#675 = MECHANICAL_DESIGN_GEOMETRIC_PRESENTATION_REPRESENTATION (  '', ( #282 ), #1724 ) ;
#676 = DIRECTION ( 'NONE',  ( -0.0000000000000000000, -1.000000000000000000, -0.0000000000000000000 ) ) ;
#677 = LINE ( 'NONE', #2400, #1983 ) ;
#678 = EDGE_LOOP ( 'NONE', ( #33, #536, #1538, #2335 ) ) ;
#679 = ADVANCED_BREP_SHAPE_REPRESENTATION ( '', ( #233, #415 ), #1778 ) ;
#680 = ORIENTED_EDGE ( 'NONE', *, *, #2252, .F. ) ;
#681 = EDGE_CURVE ( 'NONE', #1992, #1243, #394, .T. ) ;
#682 = DIRECTION ( 'NONE',  ( -1.000000000000000000, 0.0000000000000000000, 0.0000000000000000000 ) ) ;
#683 = CARTESIAN_POINT ( 'NONE',  ( -13.90000000000000924, -0.4000000000000001887, -9.000000000000001776 ) ) ;
#684 = CARTESIAN_POINT ( 'NONE',  ( -25.99999999999998934, 0.0000000000000000000, 8.000000000000017764 ) ) ;
#685 = VECTOR ( 'NONE', #1951, 1000.000000000000000 ) ;
#686 = ORIENTED_EDGE ( 'NONE', *, *, #1907, .F. ) ;
#687 = EDGE_CURVE ( 'NONE', #2472, #750, #2396, .T. ) ;
#688 = CARTESIAN_POINT ( 'NONE',  ( 19.00000000000000711, -5.000000000000000000, -9.000000000000000000 ) ) ;
#689 = PLANE ( 'NONE',  #556 ) ;
#690 = FACE_OUTER_BOUND ( 'NONE', #1580, .T. ) ;
#691 = VERTEX_POINT ( 'NONE', #880 ) ;
#692 = PLANE ( 'NONE',  #153 ) ;
#693 = CARTESIAN_POINT ( 'NONE',  ( 21.91305066474683727, 9.538341389153575989, 9.961658610846424011 ) ) ;
#694 = VECTOR ( 'NONE', #2455, 1000.000000000000000 ) ;
#695 = ORIENTED_EDGE ( 'NONE', *, *, #1935, .F. ) ;
#696 = DIRECTION ( 'NONE',  ( 0.0000000000000000000, 0.0000000000000000000, 1.000000000000000000 ) ) ;
#697 = LINE ( 'NONE', #1562, #1870 ) ;
#698 = AXIS2_PLACEMENT_3D ( 'NONE', #617, #1476, #858 ) ;
#699 = DIRECTION ( 'NONE',  ( 0.0000000000000000000, 0.0000000000000000000, 1.000000000000000000 ) ) ;
#700 = ADVANCED_FACE ( 'NONE', ( #2614 ), #1127, .T. ) ;
#701 = VECTOR ( 'NONE', #2189, 1000.000000000000000 ) ;
#702 = VERTEX_POINT ( 'NONE', #1998 ) ;
#703 = CARTESIAN_POINT ( 'NONE',  ( 13.90000000000000924, -0.4000000000000001887, -9.000000000000001776 ) ) ;
#704 = CIRCLE ( 'NONE', #747, 1.000000000000000000 ) ;
#705 = CARTESIAN_POINT ( 'NONE',  ( -24.00000000000000000, -5.000000000000000000, 14.99999999999999822 ) ) ;
#706 = FACE_OUTER_BOUND ( 'NONE', #1773, .T. ) ;
#707 = ORIENTED_EDGE ( 'NONE', *, *, #605, .T. ) ;
#708 = VERTEX_POINT ( 'NONE', #683 ) ;
#709 = FACE_OUTER_BOUND ( 'NONE', #1419, .T. ) ;
#710 = DIRECTION ( 'NONE',  ( -0.0000000000000000000, 1.000000000000000000, -0.0000000000000000000 ) ) ;
#711 = UNCERTAINTY_MEASURE_WITH_UNIT (LENGTH_MEASURE( 1.000000000000000082E-05 ), #1691, 'distance_accuracy_value', 'NONE');
#712 = VERTEX_POINT ( 'NONE', #504 ) ;
#713 = CARTESIAN_POINT ( 'NONE',  ( 23.05586749813566172, 6.444132501864338280, 13.19471395067743025 ) ) ;
#714 = CARTESIAN_POINT ( 'NONE',  ( 16.25000000000000000, -5.000000000000000000, 9.000000000000000000 ) ) ;
#715 = DIRECTION ( 'NONE',  ( -0.0000000000000000000, -0.0000000000000000000, 1.000000000000000000 ) ) ;
#716 = VERTEX_POINT ( 'NONE', #1334 ) ;
#717 = FACE_OUTER_BOUND ( 'NONE', #230, .T. ) ;
#718 = AXIS2_PLACEMENT_3D ( 'NONE', #1768, #732, #2172 ) ;
#719 = EDGE_CURVE ( 'NONE', #2559, #2137, #1303, .T. ) ;
#720 = CARTESIAN_POINT ( 'NONE',  ( -29.00000000000000355, -0.001000000000000132727, 8.000000000000015987 ) ) ;
#721 = DIRECTION ( 'NONE',  ( 1.000000000000000000, 0.0000000000000000000, -1.084202172485504434E-16 ) ) ;
#722 = CARTESIAN_POINT ( 'NONE',  ( 24.00000000000000000, 5.000000000000000000, 14.99999999999999289 ) ) ;
#723 = CARTESIAN_POINT ( 'NONE',  ( -21.75000000000000000, -0.4000000000000001887, 9.000000000000000000 ) ) ;
#724 = DIRECTION ( 'NONE',  ( 1.000000000000000000, 0.0000000000000000000, 0.0000000000000000000 ) ) ;
#725 = ORIENTED_EDGE ( 'NONE', *, *, #486, .T. ) ;
#726 = ORIENTED_EDGE ( 'NONE', *, *, #532, .F. ) ;
#727 = LINE ( 'NONE', #533, #526 ) ;
#728 = ADVANCED_FACE ( 'NONE', ( #1987 ), #1320, .F. ) ;
#729 = CARTESIAN_POINT ( 'NONE',  ( -25.99999999999999289, 0.0000000000000000000, 10.75000000000002487 ) ) ;
#730 = VERTEX_POINT ( 'NONE', #1547 ) ;
#731 = PLANE ( 'NONE',  #868 ) ;
#732 = DIRECTION ( 'NONE',  ( 1.000000000000000000, -0.0000000000000000000, 0.0000000000000000000 ) ) ;
#733 = VECTOR ( 'NONE', #2130, 999.9999999999998863 ) ;
#734 = ORIENTED_EDGE ( 'NONE', *, *, #191, .T. ) ;
#735 = FACE_OUTER_BOUND ( 'NONE', #2257, .T. ) ;
#736 = FACE_BOUND ( 'NONE', #84, .T. ) ;
#737 = PLANE ( 'NONE',  #1019 ) ;
#738 = VERTEX_POINT ( 'NONE', #909 ) ;
#739 = DIRECTION ( 'NONE',  ( -3.469446951953614189E-15, -1.000000000000000000, 0.0000000000000000000 ) ) ;
#740 = EDGE_CURVE ( 'NONE', #366, #1056, #697, .T. ) ;
#741 =( NAMED_UNIT ( * ) SI_UNIT ( $, .STERADIAN. ) SOLID_ANGLE_UNIT ( ) );
#742 = VERTEX_POINT ( 'NONE', #2385 ) ;
#743 = DIRECTION ( 'NONE',  ( 0.0000000000000000000, 0.0000000000000000000, 1.000000000000000000 ) ) ;
#744 = LINE ( 'NONE', #1625, #912 ) ;
#745 = CARTESIAN_POINT ( 'NONE',  ( 19.00000000000000000, -0.4000000000000001887, 9.000000000000000000 ) ) ;
#746 = ORIENTED_EDGE ( 'NONE', *, *, #2022, .T. ) ;
#747 = AXIS2_PLACEMENT_3D ( 'NONE', #2112, #409, #2125 ) ;
#748 = AXIS2_PLACEMENT_3D ( 'NONE', #364, #1187, #807 ) ;
#749 = CARTESIAN_POINT ( 'NONE',  ( -12.00000000000000000, -2.999999999999999556, 15.49999999999999645 ) ) ;
#750 = VERTEX_POINT ( 'NONE', #2165 ) ;
#751 = ADVANCED_FACE ( 'NONE', ( #478 ), #2421, .F. ) ;
#752 = DIRECTION ( 'NONE',  ( -2.478176394252581141E-16, 0.0000000000000000000, -1.000000000000000000 ) ) ;
#753 = EDGE_CURVE ( 'NONE', #2559, #1281, #1350, .T. ) ;
#754 = ORIENTED_EDGE ( 'NONE', *, *, #681, .T. ) ;
#755 = DIRECTION ( 'NONE',  ( 3.854941057726237604E-16, 0.0000000000000000000, -1.000000000000000000 ) ) ;
#756 = CARTESIAN_POINT ( 'NONE',  ( 12.70000000000000107, -4.500000000000000888, 4.799999999999992717 ) ) ;
#757 = LINE ( 'NONE', #2453, #2079 ) ;
#758 = VERTEX_POINT ( 'NONE', #1972 ) ;
#759 = CARTESIAN_POINT ( 'NONE',  ( 24.10000000000000497, -0.4000000000000001887, -9.000000000000000000 ) ) ;
#760 = DIRECTION ( 'NONE',  ( -1.000000000000000000, 0.0000000000000000000, 0.0000000000000000000 ) ) ;
#761 = LINE ( 'NONE', #2102, #928 ) ;
#762 = ORIENTED_EDGE ( 'NONE', *, *, #177, .T. ) ;
#763 = CARTESIAN_POINT ( 'NONE',  ( -11.99999999999998757, -0.001000000000000132727, 8.000000000000014211 ) ) ;
#764 = EDGE_CURVE ( 'NONE', #2363, #1206, #665, .T. ) ;
#765 = DIRECTION ( 'NONE',  ( 0.0000000000000000000, 1.000000000000000000, 0.0000000000000000000 ) ) ;
#766 = EDGE_LOOP ( 'NONE', ( #1250, #253, #299, #307 ) ) ;
#767 = CARTESIAN_POINT ( 'NONE',  ( -11.50000000000000000, -3.499999999999999556, 15.49999999999999645 ) ) ;
#768 = AXIS2_PLACEMENT_3D ( 'NONE', #1323, #523, #1133 ) ;
#769 = CARTESIAN_POINT ( 'NONE',  ( -35.00000000000000000, 2.000000000000000000, -8.000000000000008882 ) ) ;
#770 = CARTESIAN_POINT ( 'NONE',  ( -24.10000000000000497, -0.4000000000000001887, -9.000000000000000000 ) ) ;
#771 = VERTEX_POINT ( 'NONE', #1819 ) ;
#772 = EDGE_CURVE ( 'NONE', #2349, #2274, #1540, .T. ) ;
#773 = AXIS2_PLACEMENT_3D ( 'NONE', #2562, #1475, #1741 ) ;
#774 = PRODUCT_DEFINITION_SHAPE ( 'NONE', 'NONE',  #2743 ) ;
#775 = CARTESIAN_POINT ( 'NONE',  ( -19.00000000000000000, -5.000000000000000000, 11.74999999999999645 ) ) ;
#776 = DIRECTION ( 'NONE',  ( -0.0000000000000000000, -1.000000000000000000, -0.0000000000000000000 ) ) ;
#777 = ORIENTED_EDGE ( 'NONE', *, *, #1156, .F. ) ;
#778 = CYLINDRICAL_SURFACE ( 'NONE', #839, 2.750000000000009326 ) ;
#779 =( NAMED_UNIT ( * ) PLANE_ANGLE_UNIT ( ) SI_UNIT ( $, .RADIAN. ) );
#780 = VERTEX_POINT ( 'NONE', #723 ) ;
#781 =( NAMED_UNIT ( * ) PLANE_ANGLE_UNIT ( ) SI_UNIT ( $, .RADIAN. ) );
#782 = DIRECTION ( 'NONE',  ( 0.6785983445458461105, -0.6785983445458461105, -0.2810846377148247255 ) ) ;
#783 = ADVANCED_FACE ( 'NONE', ( #1587 ), #1313, .T. ) ;
#784 = DIRECTION ( 'NONE',  ( -0.0000000000000000000, -1.000000000000000000, -0.0000000000000000000 ) ) ;
#785 = VERTEX_POINT ( 'NONE', #358 ) ;
#786 = CARTESIAN_POINT ( 'NONE',  ( -24.31206391339019035, 3.746611067966173714, 15.75338893203382185 ) ) ;
#787 = EDGE_CURVE ( 'NONE', #2713, #660, #910, .T. ) ;
#788 =( NAMED_UNIT ( * ) PLANE_ANGLE_UNIT ( ) SI_UNIT ( $, .RADIAN. ) );
#789 = VECTOR ( 'NONE', #2287, 1000.000000000000000 ) ;
#790 = PLANE ( 'NONE',  #1100 ) ;
#791 = VERTEX_POINT ( 'NONE', #1862 ) ;
#792 = ORIENTED_EDGE ( 'NONE', *, *, #764, .T. ) ;
#793 = DIRECTION ( 'NONE',  ( 1.000000000000000000, 0.0000000000000000000, -4.956352788505162282E-16 ) ) ;
#794 = AXIS2_PLACEMENT_3D ( 'NONE', #499, #52, #2642 ) ;
#795 = APPLICATION_PROTOCOL_DEFINITION ( 'draft international standard', 'automotive_design', 1998, #2704 ) ;
#796 = ORIENTED_EDGE ( 'NONE', *, *, #2045, .T. ) ;
#797 = DIRECTION ( 'NONE',  ( 0.0000000000000000000, 0.0000000000000000000, 1.000000000000000000 ) ) ;
#798 = DIRECTION ( 'NONE',  ( 0.0000000000000000000, 1.000000000000000000, 0.0000000000000000000 ) ) ;
#799 = CARTESIAN_POINT ( 'NONE',  ( -11.50000000000000000, -3.499999999999999556, 15.49999999999999645 ) ) ;
#800 = ORIENTED_EDGE ( 'NONE', *, *, #2561, .T. ) ;
#801 = DIRECTION ( 'NONE',  ( 1.000000000000000000, 0.0000000000000000000, -0.0000000000000000000 ) ) ;
#802 = EDGE_CURVE ( 'NONE', #1153, #2030, #963, .T. ) ;
#803 = CARTESIAN_POINT ( 'NONE',  ( -12.49999999999999822, -4.500000000000000888, 4.999999999999992006 ) ) ;
#804 = FACE_OUTER_BOUND ( 'NONE', #2151, .T. ) ;
#805 = ORIENTED_EDGE ( 'NONE', *, *, #994, .F. ) ;
#806 = VECTOR ( 'NONE', #1369, 1000.000000000000000 ) ;
#807 = DIRECTION ( 'NONE',  ( 0.0000000000000000000, 0.0000000000000000000, 1.000000000000000000 ) ) ;
#808 = EDGE_CURVE ( 'NONE', #406, #1293, #1433, .T. ) ;
#809 = AXIS2_PLACEMENT_3D ( 'NONE', #432, #1934, #1903 ) ;
#810 = DIRECTION ( 'NONE',  ( 0.0000000000000000000, 0.0000000000000000000, 1.000000000000000000 ) ) ;
#811 = COLOUR_RGB ( '',0.5999999999999999778, 0.5999999999999999778, 0.5999999999999999778 ) ;
#812 = VERTEX_POINT ( 'NONE', #2101 ) ;
#813 = FACE_OUTER_BOUND ( 'NONE', #1719, .T. ) ;
#814 = CARTESIAN_POINT ( 'NONE',  ( 21.75000000000000000, -0.4000000000000001887, 9.000000000000000000 ) ) ;
#815 = LINE ( 'NONE', #1488, #2292 ) ;
#816 = ORIENTED_EDGE ( 'NONE', *, *, #1473, .F. ) ;
#817 = MECHANICAL_DESIGN_GEOMETRIC_PRESENTATION_REPRESENTATION (  '', ( #146 ), #1918 ) ;
#818 = DIRECTION ( 'NONE',  ( 0.0000000000000000000, 0.0000000000000000000, -1.000000000000000000 ) ) ;
#819 = FACE_BOUND ( 'NONE', #481, .T. ) ;
#820 = STYLED_ITEM ( 'NONE', ( #2464 ), #452 ) ;
#821 = AXIS2_PLACEMENT_3D ( 'NONE', #1144, #1799, #699 ) ;
#822 = EDGE_LOOP ( 'NONE', ( #1428, #2491, #547, #112 ) ) ;
#823 = ORIENTED_EDGE ( 'NONE', *, *, #1427, .T. ) ;
#824 = VECTOR ( 'NONE', #1049, 1000.000000000000000 ) ;
#825 = VECTOR ( 'NONE', #2689, 1000.000000000000000 ) ;
#826 = AXIS2_PLACEMENT_3D ( 'NONE', #2393, #2225, #874 ) ;
#827 = PRODUCT_DEFINITION_CONTEXT ( 'detailed design', #1649, 'design' ) ;
#828 = ORIENTED_EDGE ( 'NONE', *, *, #1454, .T. ) ;
#829 = CARTESIAN_POINT ( 'NONE',  ( 0.0000000000000000000, 2.000000000000000000, 14.00000000000000000 ) ) ;
#830 = CARTESIAN_POINT ( 'NONE',  ( 16.25000000000000711, -5.000000000000000000, -9.000000000000000000 ) ) ;
#831 = DIRECTION ( 'NONE',  ( -1.000000000000000000, -0.0000000000000000000, -0.0000000000000000000 ) ) ;
#832 = EDGE_LOOP ( 'NONE', ( #659, #876, #123, #2196 ) ) ;
#833 = PLANE ( 'NONE',  #768 ) ;
#834 = LINE ( 'NONE', #200, #51 ) ;
#835 = DIRECTION ( 'NONE',  ( -0.0000000000000000000, -0.0000000000000000000, -1.000000000000000000 ) ) ;
#836 = SHAPE_REPRESENTATION ( 'WB4470_Anschlagblech^WB4470_28-L3-ZB', ( #415 ), #1778 ) ;
#837 = EDGE_LOOP ( 'NONE', ( #2616, #1345, #1136, #2546 ) ) ;
#838 = CARTESIAN_POINT ( 'NONE',  ( -21.75000000000000355, -0.4000000000000001887, -9.000000000000000000 ) ) ;
#839 = AXIS2_PLACEMENT_3D ( 'NONE', #2298, #1851, #1018 ) ;
#840 = MECHANICAL_DESIGN_GEOMETRIC_PRESENTATION_REPRESENTATION (  '', ( #978 ), #1059 ) ;
#841 = CARTESIAN_POINT ( 'NONE',  ( 0.0000000000000000000, 0.0000000000000000000, 0.0000000000000000000 ) ) ;
#842 = VECTOR ( 'NONE', #1391, 1000.000000000000000 ) ;
#843 = EDGE_CURVE ( 'NONE', #2030, #1615, #542, .T. ) ;
#844 = CARTESIAN_POINT ( 'NONE',  ( 24.50000000000000000, 5.000000000000000000, -13.79289321881345387 ) ) ;
#845 = CARTESIAN_POINT ( 'NONE',  ( -21.91305066474682306, 9.538341389153575989, -9.961658610846416906 ) ) ;
#846 = DIRECTION ( 'NONE',  ( 1.000000000000000000, -3.491481338843133355E-15, 0.0000000000000000000 ) ) ;
#847 = VERTEX_POINT ( 'NONE', #1847 ) ;
#848 = CARTESIAN_POINT ( 'NONE',  ( 12.70000000000000284, -4.500000000000000888, 13.19999999999999218 ) ) ;
#849 = EDGE_CURVE ( 'NONE', #2137, #2202, #2173, .T. ) ;
#850 = FACE_BOUND ( 'NONE', #1606, .T. ) ;
#851 = ORIENTED_EDGE ( 'NONE', *, *, #1379, .F. ) ;
#852 = ORIENTED_EDGE ( 'NONE', *, *, #486, .F. ) ;
#853 = LINE ( 'NONE', #2154, #1103 ) ;
#854 = UNCERTAINTY_MEASURE_WITH_UNIT (LENGTH_MEASURE( 1.000000000000000082E-05 ), #1273, 'distance_accuracy_value', 'NONE');
#855 =( NAMED_UNIT ( * ) SI_UNIT ( $, .STERADIAN. ) SOLID_ANGLE_UNIT ( ) );
#856 = ADVANCED_FACE ( 'NONE', ( #1628 ), #2073, .F. ) ;
#857 = LINE ( 'NONE', #431, #1774 ) ;
#858 = DIRECTION ( 'NONE',  ( -1.000000000000000000, 0.0000000000000000000, 0.0000000000000000000 ) ) ;
#859 = CARTESIAN_POINT ( 'NONE',  ( -11.50000000000000000, 3.000000000000000444, 15.49999999999999645 ) ) ;
#860 = EDGE_LOOP ( 'NONE', ( #540, #2093, #1555, #890, #2436 ) ) ;
#861 = CARTESIAN_POINT ( 'NONE',  ( -11.99999999999999112, -0.001000000000000132727, -10.75000000000002487 ) ) ;
#862 = LINE ( 'NONE', #1077, #1242 ) ;
#863 = ORIENTED_EDGE ( 'NONE', *, *, #605, .F. ) ;
#864 = EDGE_CURVE ( 'NONE', #758, #387, #371, .T. ) ;
#865 = ORIENTED_EDGE ( 'NONE', *, *, #2022, .F. ) ;
#866 = PRESENTATION_STYLE_ASSIGNMENT (( #1045 ) ) ;
#867 = CIRCLE ( 'NONE', #1824, 5.099999999999998757 ) ;
#868 = AXIS2_PLACEMENT_3D ( 'NONE', #314, #88, #957 ) ;
#869 = DIRECTION ( 'NONE',  ( -0.0000000000000000000, -1.000000000000000000, -0.0000000000000000000 ) ) ;
#870 = EDGE_LOOP ( 'NONE', ( #1412, #707, #985, #2162 ) ) ;
#871 =( NAMED_UNIT ( * ) SI_UNIT ( $, .STERADIAN. ) SOLID_ANGLE_UNIT ( ) );
#872 = VECTOR ( 'NONE', #279, 1000.000000000000000 ) ;
#873 = ADVANCED_FACE ( 'NONE', ( #2499 ), #568, .F. ) ;
#874 = DIRECTION ( 'NONE',  ( 0.0000000000000000000, 0.0000000000000000000, 1.000000000000000000 ) ) ;
#875 = FACE_OUTER_BOUND ( 'NONE', #517, .T. ) ;
#876 = ORIENTED_EDGE ( 'NONE', *, *, #2598, .T. ) ;
#877 = CARTESIAN_POINT ( 'NONE',  ( -11.50000000000000000, -3.499999999999999556, 15.49999999999999645 ) ) ;
#878 = ADVANCED_FACE ( 'NONE', ( #2086 ), #144, .F. ) ;
#879 = ORIENTED_EDGE ( 'NONE', *, *, #1609, .F. ) ;
#880 = CARTESIAN_POINT ( 'NONE',  ( 13.90000000000000924, -0.4000000000000001887, -9.000000000000001776 ) ) ;
#881 = DIRECTION ( 'NONE',  ( -0.0000000000000000000, -1.000000000000000000, -0.0000000000000000000 ) ) ;
#882 = ORIENTED_EDGE ( 'NONE', *, *, #1377, .T. ) ;
#883 = DIRECTION ( 'NONE',  ( 0.6785983445458453334, 0.6785983445458453334, 0.2810846377148283337 ) ) ;
#884 = DIRECTION ( 'NONE',  ( 0.7071067811865469066, 0.0000000000000000000, -0.7071067811865482389 ) ) ;
#885 = EDGE_LOOP ( 'NONE', ( #522, #2388, #1298, #622 ) ) ;
#886 = ADVANCED_FACE ( 'NONE', ( #1658, #2670, #736 ), #1603, .T. ) ;
#887 = VERTEX_POINT ( 'NONE', #1165 ) ;
#888 = ORIENTED_EDGE ( 'NONE', *, *, #2540, .T. ) ;
#889 = LINE ( 'NONE', #693, #1708 ) ;
#890 = ORIENTED_EDGE ( 'NONE', *, *, #1483, .F. ) ;
#891 = ORIENTED_EDGE ( 'NONE', *, *, #392, .T. ) ;
#892 = ADVANCED_FACE ( 'NONE', ( #2043, #96, #422 ), #1908, .F. ) ;
#893 = EDGE_CURVE ( 'NONE', #426, #1940, #2135, .T. ) ;
#894 = DIRECTION ( 'NONE',  ( 0.0000000000000000000, 0.0000000000000000000, 1.000000000000000000 ) ) ;
#895 = ORIENTED_EDGE ( 'NONE', *, *, #354, .F. ) ;
#896 = LINE ( 'NONE', #1963, #2255 ) ;
#897 = LINE ( 'NONE', #1120, #806 ) ;
#898 = ORIENTED_EDGE ( 'NONE', *, *, #2755, .F. ) ;
#899 = DIRECTION ( 'NONE',  ( 0.0000000000000000000, 0.0000000000000000000, 1.000000000000000000 ) ) ;
#900 = AXIS2_PLACEMENT_3D ( 'NONE', #859, #1922, #2347 ) ;
#901 = ADVANCED_FACE ( 'NONE', ( #398 ), #1253, .F. ) ;
#902 = DIRECTION ( 'NONE',  ( -1.000000000000000000, 0.0000000000000000000, -0.0000000000000000000 ) ) ;
#903 = ORIENTED_EDGE ( 'NONE', *, *, #1356, .F. ) ;
#904 = UNCERTAINTY_MEASURE_WITH_UNIT (LENGTH_MEASURE( 1.000000000000000082E-05 ), #157, 'distance_accuracy_value', 'NONE');
#905 = ORIENTED_EDGE ( 'NONE', *, *, #2799, .F. ) ;
#906 = AXIS2_PLACEMENT_3D ( 'NONE', #1699, #242, #449 ) ;
#907 = EDGE_CURVE ( 'NONE', #214, #2008, #2771, .T. ) ;
#908 = DIRECTION ( 'NONE',  ( 0.0000000000000000000, 0.0000000000000000000, 1.000000000000000000 ) ) ;
#909 = CARTESIAN_POINT ( 'NONE',  ( 0.0000000000000000000, 2.000000000000000000, -14.00000000000000000 ) ) ;
#910 = CIRCLE ( 'NONE', #1044, 2.750000000000012879 ) ;
#911 = DIRECTION ( 'NONE',  ( 0.0000000000000000000, 0.0000000000000000000, 1.000000000000000000 ) ) ;
#912 = VECTOR ( 'NONE', #139, 1000.000000000000000 ) ;
#913 = ORIENTED_EDGE ( 'NONE', *, *, #649, .T. ) ;
#914 = DIRECTION ( 'NONE',  ( 1.000000000000000000, 0.0000000000000000000, 0.0000000000000000000 ) ) ;
#915 = FACE_OUTER_BOUND ( 'NONE', #373, .T. ) ;
#916 = LINE ( 'NONE', #2637, #2604 ) ;
#917 = VERTEX_POINT ( 'NONE', #1479 ) ;
#918 = ORIENTED_EDGE ( 'NONE', *, *, #1288, .T. ) ;
#919 = AXIS2_PLACEMENT_3D ( 'NONE', #50, #935, #2031 ) ;
#920 = CARTESIAN_POINT ( 'NONE',  ( 0.9999999999999895639, 2.438088387897970419E-29, 0.0000000000000000000 ) ) ;
#921 = CARTESIAN_POINT ( 'NONE',  ( -29.00000000000000000, 2.000000000000000000, 14.00000000000000711 ) ) ;
#922 = VECTOR ( 'NONE', #169, 1000.000000000000114 ) ;
#923 = VERTEX_POINT ( 'NONE', #2336 ) ;
#924 = CARTESIAN_POINT ( 'NONE',  ( -11.50000000000000000, 3.500000000000000444, 14.99999999999999645 ) ) ;
#925 = CARTESIAN_POINT ( 'NONE',  ( 0.0000000000000000000, 3.000000000000000000, -14.00000000000000178 ) ) ;
#926 = DIRECTION ( 'NONE',  ( -0.0000000000000000000, -1.000000000000000000, -0.0000000000000000000 ) ) ;
#927 = EDGE_CURVE ( 'NONE', #917, #1185, #1295, .T. ) ;
#928 = VECTOR ( 'NONE', #992, 1000.000000000000000 ) ;
#929 = EDGE_CURVE ( 'NONE', #1827, #142, #1238, .T. ) ;
#930 = VERTEX_POINT ( 'NONE', #1670 ) ;
#931 = CARTESIAN_POINT ( 'NONE',  ( 25.00000000000000000, 5.000000000000000000, 13.99999999999999112 ) ) ;
#932 = CARTESIAN_POINT ( 'NONE',  ( -13.90000000000000036, -0.4000000000000001887, 9.000000000000000000 ) ) ;
#933 = LINE ( 'NONE', #1805, #1527 ) ;
#934 = ORIENTED_EDGE ( 'NONE', *, *, #629, .F. ) ;
#935 = DIRECTION ( 'NONE',  ( 0.0000000000000000000, 1.000000000000000000, -0.0000000000000000000 ) ) ;
#936 = EDGE_CURVE ( 'NONE', #1590, #2468, #867, .T. ) ;
#937 = PRODUCT_DEFINITION_SHAPE ( 'NONE', 'NONE',  #2710 ) ;
#938 = DIRECTION ( 'NONE',  ( -0.0000000000000000000, 1.000000000000000000, -0.0000000000000000000 ) ) ;
#939 = FACE_OUTER_BOUND ( 'NONE', #2486, .T. ) ;
#940 = EDGE_CURVE ( 'NONE', #2756, #1827, #2160, .T. ) ;
#941 = ORIENTED_EDGE ( 'NONE', *, *, #1199, .F. ) ;
#942 = CARTESIAN_POINT ( 'NONE',  ( -29.00000000000000711, 0.0000000000000000000, -8.000000000000008882 ) ) ;
#943 = DIRECTION ( 'NONE',  ( 0.0000000000000000000, -1.000000000000000000, 0.0000000000000000000 ) ) ;
#944 = DIRECTION ( 'NONE',  ( 0.0000000000000000000, 0.0000000000000000000, 1.000000000000000000 ) ) ;
#945 = ORIENTED_EDGE ( 'NONE', *, *, #940, .F. ) ;
#946 = CARTESIAN_POINT ( 'NONE',  ( -35.00000000000000000, 2.000000000000000000, 14.00000000000000000 ) ) ;
#947 = ADVANCED_FACE ( 'NONE', ( #608 ), #1925, .F. ) ;
#948 = CARTESIAN_POINT ( 'NONE',  ( -12.69999999999999929, -5.000000000000000000, 4.799999999999992717 ) ) ;
#949 = EDGE_CURVE ( 'NONE', #847, #660, #227, .T. ) ;
#950 = FACE_OUTER_BOUND ( 'NONE', #2266, .T. ) ;
#951 = AXIS2_PLACEMENT_3D ( 'NONE', #1251, #2795, #1715 ) ;
#952 = VECTOR ( 'NONE', #2143, 1000.000000000000000 ) ;
#953 = VECTOR ( 'NONE', #926, 1000.000000000000000 ) ;
#954 =( NAMED_UNIT ( * ) SI_UNIT ( $, .STERADIAN. ) SOLID_ANGLE_UNIT ( ) );
#955 = ORIENTED_EDGE ( 'NONE', *, *, #1188, .F. ) ;
#956 = DIRECTION ( 'NONE',  ( -0.0000000000000000000, 1.000000000000000000, -0.0000000000000000000 ) ) ;
#957 = DIRECTION ( 'NONE',  ( 3.854941057726238097E-16, 0.0000000000000000000, 1.000000000000000000 ) ) ;
#958 = FACE_OUTER_BOUND ( 'NONE', #2016, .T. ) ;
#959 = VECTOR ( 'NONE', #671, 1000.000000000000000 ) ;
#960 = ORIENTED_EDGE ( 'NONE', *, *, #557, .F. ) ;
#961 = DIRECTION ( 'NONE',  ( 3.854941057726238097E-16, -0.0000000000000000000, 1.000000000000000000 ) ) ;
#962 = EDGE_CURVE ( 'NONE', #1029, #2611, #834, .T. ) ;
#963 = LINE ( 'NONE', #1183, #2669 ) ;
#964 = CARTESIAN_POINT ( 'NONE',  ( 24.00000000000000000, 5.000000000000000000, -15.00000000000000711 ) ) ;
#965 = ORIENTED_EDGE ( 'NONE', *, *, #1308, .T. ) ;
#966 = EDGE_CURVE ( 'NONE', #1869, #2589, #2739, .T. ) ;
#967 = VERTEX_POINT ( 'NONE', #1717 ) ;
#968 = DIRECTION ( 'NONE',  ( -3.854941057726238097E-16, 0.0000000000000000000, -1.000000000000000000 ) ) ;
#969 = EDGE_CURVE ( 'NONE', #2639, #2756, #2325, .T. ) ;
#970 =( LENGTH_UNIT ( ) NAMED_UNIT ( * ) SI_UNIT ( .MILLI., .METRE. ) );
#971 = ORIENTED_EDGE ( 'NONE', *, *, #1266, .T. ) ;
#972 = AXIS2_PLACEMENT_3D ( 'NONE', #1279, #1444, #2144 ) ;
#973 = FACE_OUTER_BOUND ( 'NONE', #512, .T. ) ;
#974 = CARTESIAN_POINT ( 'NONE',  ( -12.69999999999999929, -5.000000000000000000, 4.799999999999992717 ) ) ;
#975 = DIRECTION ( 'NONE',  ( -0.0000000000000000000, -0.0000000000000000000, -1.000000000000000000 ) ) ;
#976 = ORIENTED_EDGE ( 'NONE', *, *, #1732, .T. ) ;
#977 =( NAMED_UNIT ( * ) PLANE_ANGLE_UNIT ( ) SI_UNIT ( $, .RADIAN. ) );
#978 = STYLED_ITEM ( 'NONE', ( #866 ), #1661 ) ;
#979 = CARTESIAN_POINT ( 'NONE',  ( -13.90000000000000924, -0.4000000000000001887, -9.000000000000001776 ) ) ;
#980 = ORIENTED_EDGE ( 'NONE', *, *, #461, .T. ) ;
#981 = ORIENTED_EDGE ( 'NONE', *, *, #1362, .T. ) ;
#982 = DIRECTION ( 'NONE',  ( 0.0000000000000000000, 0.0000000000000000000, 1.000000000000000000 ) ) ;
#983 = EDGE_CURVE ( 'NONE', #2327, #2202, #2111, .T. ) ;
#984 = ADVANCED_FACE ( 'NONE', ( #2124 ), #182, .T. ) ;
#985 = ORIENTED_EDGE ( 'NONE', *, *, #719, .F. ) ;
#986 = DIRECTION ( 'NONE',  ( -1.000000000000000000, 0.0000000000000000000, 0.0000000000000000000 ) ) ;
#987 = LINE ( 'NONE', #2509, #462 ) ;
#988 = PLANE ( 'NONE',  #365 ) ;
#989 = VERTEX_POINT ( 'NONE', #848 ) ;
#990 =( LENGTH_UNIT ( ) NAMED_UNIT ( * ) SI_UNIT ( .MILLI., .METRE. ) );
#991 = VECTOR ( 'NONE', #2195, 999.9999999999998863 ) ;
#992 = DIRECTION ( 'NONE',  ( 0.0000000000000000000, 0.0000000000000000000, -1.000000000000000000 ) ) ;
#993 = ORIENTED_EDGE ( 'NONE', *, *, #1709, .T. ) ;
#994 = EDGE_CURVE ( 'NONE', #2472, #1900, #2796, .T. ) ;
#995 = CARTESIAN_POINT ( 'NONE',  ( 21.75000000000000355, -5.000000000000000000, -9.000000000000000000 ) ) ;
#996 = EDGE_CURVE ( 'NONE', #2295, #2733, #2311, .T. ) ;
#997 = EDGE_LOOP ( 'NONE', ( #497, #695, #388, #1668 ) ) ;
#998 = CARTESIAN_POINT ( 'NONE',  ( 13.90000000000000036, -0.4000000000000001887, 9.000000000000000000 ) ) ;
#999 = CARTESIAN_POINT ( 'NONE',  ( -25.99999999999999289, -0.001000000000000132727, 10.75000000000002487 ) ) ;
#1000 = PRESENTATION_LAYER_ASSIGNMENT (  '', '', ( #820 ) ) ;
#1001 = ORIENTED_EDGE ( 'NONE', *, *, #2123, .F. ) ;
#1002 = CARTESIAN_POINT ( 'NONE',  ( -25.99999999999999289, 0.0000000000000000000, -5.249999999999999112 ) ) ;
#1003 = AXIS2_PLACEMENT_3D ( 'NONE', #2654, #676, #661 ) ;
#1004 = DIRECTION ( 'NONE',  ( 0.0000000000000000000, 0.0000000000000000000, -1.000000000000000000 ) ) ;
#1005 = CARTESIAN_POINT ( 'NONE',  ( -12.49999999999999822, -4.500000000000000888, 12.99999999999999289 ) ) ;
#1006 = CIRCLE ( 'NONE', #417, 0.5000000000000004441 ) ;
#1007 = EDGE_LOOP ( 'NONE', ( #993, #2643, #270, #1109, #455, #2126, #411, #2527 ) ) ;
#1008 = DIRECTION ( 'NONE',  ( 1.000000000000000000, 0.0000000000000000000, 0.0000000000000000000 ) ) ;
#1009 = ORIENTED_EDGE ( 'NONE', *, *, #222, .T. ) ;
#1010 = CARTESIAN_POINT ( 'NONE',  ( -25.00000000000000000, 4.500000000000000000, 13.99999999999999822 ) ) ;
#1011 = LINE ( 'NONE', #551, #363 ) ;
#1012 = ORIENTED_EDGE ( 'NONE', *, *, #1074, .F. ) ;
#1013 = DIRECTION ( 'NONE',  ( 0.7071067811865482389, 0.0000000000000000000, 0.7071067811865469066 ) ) ;
#1014 = AXIS2_PLACEMENT_3D ( 'NONE', #2204, #503, #968 ) ;
#1015 = DIRECTION ( 'NONE',  ( -0.0000000000000000000, -0.0000000000000000000, -1.000000000000000000 ) ) ;
#1016 = EDGE_CURVE ( 'NONE', #1382, #930, #2399, .T. ) ;
#1017 = VERTEX_POINT ( 'NONE', #2602 ) ;
#1018 = DIRECTION ( 'NONE',  ( 0.0000000000000000000, 0.0000000000000000000, 1.000000000000000000 ) ) ;
#1019 = AXIS2_PLACEMENT_3D ( 'NONE', #1588, #2201, #902 ) ;
#1020 = APPLICATION_PROTOCOL_DEFINITION ( 'draft international standard', 'automotive_design', 1998, #1649 ) ;
#1021 = EDGE_LOOP ( 'NONE', ( #1845, #1145, #1840, #1534, #980 ) ) ;
#1022 = DIRECTION ( 'NONE',  ( 0.7071067811865474617, 0.0000000000000000000, -0.7071067811865474617 ) ) ;
#1023 = CYLINDRICAL_SURFACE ( 'NONE', #698, 0.5000000000000004441 ) ;
#1024 =( LENGTH_UNIT ( ) NAMED_UNIT ( * ) SI_UNIT ( .MILLI., .METRE. ) );
#1025 = EDGE_LOOP ( 'NONE', ( #903, #2169, #1526, #1703, #204, #24, #2579, #501 ) ) ;
#1026 = CARTESIAN_POINT ( 'NONE',  ( -16.25000000000000000, -5.000000000000000000, 9.000000000000000000 ) ) ;
#1027 = DIRECTION ( 'NONE',  ( -0.0000000000000000000, 1.000000000000000000, -0.0000000000000000000 ) ) ;
#1028 = FACE_OUTER_BOUND ( 'NONE', #1684, .T. ) ;
#1029 = VERTEX_POINT ( 'NONE', #705 ) ;
#1030 = VECTOR ( 'NONE', #2262, 1000.000000000000000 ) ;
#1031 = PLANE ( 'NONE',  #1101 ) ;
#1032 = VECTOR ( 'NONE', #831, 1000.000000000000000 ) ;
#1033 = CONTEXT_DEPENDENT_SHAPE_REPRESENTATION ( #1913, #2026 ) ;
#1034 = ORIENTED_EDGE ( 'NONE', *, *, #1105, .T. ) ;
#1035 = DIRECTION ( 'NONE',  ( -3.469446951953614189E-15, -1.000000000000000000, 0.0000000000000000000 ) ) ;
#1036 = SURFACE_SIDE_STYLE ('',( #1063 ) ) ;
#1037 = LINE ( 'NONE', #1695, #1528 ) ;
#1038 = ORIENTED_EDGE ( 'NONE', *, *, #927, .T. ) ;
#1039 = DIRECTION ( 'NONE',  ( -1.000000000000000000, -0.0000000000000000000, -0.0000000000000000000 ) ) ;
#1040 = DIRECTION ( 'NONE',  ( -3.469446951953614189E-15, -1.000000000000000000, 0.0000000000000000000 ) ) ;
#1041 = PLANE ( 'NONE',  #1469 ) ;
#1042 = ORIENTED_EDGE ( 'NONE', *, *, #1343, .T. ) ;
#1043 = CARTESIAN_POINT ( 'NONE',  ( -2.987397750308896631E-16, 0.0000000000000000000, -14.00000000000000000 ) ) ;
#1044 = AXIS2_PLACEMENT_3D ( 'NONE', #347, #2695, #1004 ) ;
#1045 = SURFACE_STYLE_USAGE ( .BOTH. , #1721 ) ;
#1046 = ADVANCED_FACE ( 'NONE', ( #2183 ), #1745, .T. ) ;
#1047 = CIRCLE ( 'NONE', #2536, 2.000000000000000000 ) ;
#1048 =( NAMED_UNIT ( * ) SI_UNIT ( $, .STERADIAN. ) SOLID_ANGLE_UNIT ( ) );
#1049 = DIRECTION ( 'NONE',  ( 1.000000000000000000, -3.491481338843133355E-15, -0.0000000000000000000 ) ) ;
#1050 = PLANE ( 'NONE',  #972 ) ;
#1051 = VERTEX_POINT ( 'NONE', #1134 ) ;
#1052 = LINE ( 'NONE', #1464, #634 ) ;
#1053 = CARTESIAN_POINT ( 'NONE',  ( -16.25000000000000711, -5.000000000000000000, -9.000000000000000000 ) ) ;
#1054 = CARTESIAN_POINT ( 'NONE',  ( 3.000000000000031530, 11.99999999999999289, 0.0000000000000000000 ) ) ;
#1055 = ORIENTED_EDGE ( 'NONE', *, *, #2269, .T. ) ;
#1056 = VERTEX_POINT ( 'NONE', #2375 ) ;
#1057 = ADVANCED_FACE ( 'NONE', ( #260 ), #509, .F. ) ;
#1058 = PRESENTATION_STYLE_ASSIGNMENT (( #2177 ) ) ;
#1059 =( GEOMETRIC_REPRESENTATION_CONTEXT ( 3 ) GLOBAL_UNCERTAINTY_ASSIGNED_CONTEXT ( ( #854 ) ) GLOBAL_UNIT_ASSIGNED_CONTEXT ( ( #1273, #1070, #1096 ) ) REPRESENTATION_CONTEXT ( 'NONE', 'WORKASPACE' ) );
#1060 = CARTESIAN_POINT ( 'NONE',  ( 0.0000000000000000000, 0.0000000000000000000, 0.0000000000000000000 ) ) ;
#1061 = VECTOR ( 'NONE', #2007, 1000.000000000000114 ) ;
#1062 = PLANE ( 'NONE',  #638 ) ;
#1063 = SURFACE_STYLE_FILL_AREA ( #1711 ) ;
#1064 = DIRECTION ( 'NONE',  ( 0.0000000000000000000, -0.0000000000000000000, 1.000000000000000000 ) ) ;
#1065 = ORIENTED_EDGE ( 'NONE', *, *, #1230, .F. ) ;
#1066 = CARTESIAN_POINT ( 'NONE',  ( 0.0000000000000000000, 0.0000000000000000000, 14.00000000000000000 ) ) ;
#1067 = CARTESIAN_POINT ( 'NONE',  ( -24.00000000000000000, -5.000000000000000000, -15.00000000000000178 ) ) ;
#1068 = ORIENTED_EDGE ( 'NONE', *, *, #326, .T. ) ;
#1069 = ORIENTED_EDGE ( 'NONE', *, *, #949, .T. ) ;
#1070 =( NAMED_UNIT ( * ) PLANE_ANGLE_UNIT ( ) SI_UNIT ( $, .RADIAN. ) );
#1071 = ADVANCED_FACE ( 'NONE', ( #1804 ), #1553, .T. ) ;
#1072 = CARTESIAN_POINT ( 'NONE',  ( -25.99999999999999289, -0.001000000000000132727, 10.75000000000002487 ) ) ;
#1073 = LINE ( 'NONE', #2563, #1722 ) ;
#1074 = EDGE_CURVE ( 'NONE', #2313, #2785, #2219, .T. ) ;
#1075 = EDGE_LOOP ( 'NONE', ( #777, #257, #971, #628 ) ) ;
#1076 = LINE ( 'NONE', #1990, #1318 ) ;
#1077 = CARTESIAN_POINT ( 'NONE',  ( -24.00000000000000000, 5.000000000000000000, 14.99999999999999822 ) ) ;
#1078 = AXIS2_PLACEMENT_3D ( 'NONE', #1669, #2523, #2133 ) ;
#1079 = ORIENTED_EDGE ( 'NONE', *, *, #2425, .T. ) ;
#1080 = VERTEX_POINT ( 'NONE', #465 ) ;
#1081 = EDGE_CURVE ( 'NONE', #2516, #2327, #1544, .T. ) ;
#1082 = VECTOR ( 'NONE', #1416, 1000.000000000000000 ) ;
#1083 = DIRECTION ( 'NONE',  ( -1.000000000000000000, 0.0000000000000000000, 1.084202172485504434E-16 ) ) ;
#1084 = ORIENTED_EDGE ( 'NONE', *, *, #2672, .T. ) ;
#1085 = AXIS2_PLACEMENT_3D ( 'NONE', #2179, #1752, #490 ) ;
#1086 = VECTOR ( 'NONE', #604, 1000.000000000000000 ) ;
#1087 = DIRECTION ( 'NONE',  ( 3.854941057726238097E-16, -0.0000000000000000000, -1.000000000000000000 ) ) ;
#1088 = CARTESIAN_POINT ( 'NONE',  ( 24.00000000000000000, 4.500000000000000000, -15.00000000000000711 ) ) ;
#1089 = ORIENTED_EDGE ( 'NONE', *, *, #1178, .T. ) ;
#1090 =( NAMED_UNIT ( * ) PLANE_ANGLE_UNIT ( ) SI_UNIT ( $, .RADIAN. ) );
#1091 = PRODUCT_DEFINITION_FORMATION_WITH_SPECIFIED_SOURCE ( 'ANY', '', #171, .NOT_KNOWN. ) ;
#1092 = DIRECTION ( 'NONE',  ( -1.000000000000000000, 0.0000000000000000000, 3.854941057726239083E-16 ) ) ;
#1093 = DIRECTION ( 'NONE',  ( -1.000000000000000000, 0.0000000000000000000, 1.084202172485504434E-16 ) ) ;
#1094 = VERTEX_POINT ( 'NONE', #1368 ) ;
#1095 = DIRECTION ( 'NONE',  ( 3.854941057726238590E-16, 0.0000000000000000000, -1.000000000000000000 ) ) ;
#1096 =( NAMED_UNIT ( * ) SI_UNIT ( $, .STERADIAN. ) SOLID_ANGLE_UNIT ( ) );
#1097 = EDGE_CURVE ( 'NONE', #2733, #1017, #1076, .T. ) ;
#1098 = AXIS2_PLACEMENT_3D ( 'NONE', #325, #1169, #1114 ) ;
#1099 = ORIENTED_EDGE ( 'NONE', *, *, #1916, .F. ) ;
#1100 = AXIS2_PLACEMENT_3D ( 'NONE', #582, #1434, #159 ) ;
#1101 = AXIS2_PLACEMENT_3D ( 'NONE', #2699, #752, #2730 ) ;
#1102 = LINE ( 'NONE', #1304, #1730 ) ;
#1103 = VECTOR ( 'NONE', #234, 1000.000000000000000 ) ;
#1104 = ORIENTED_EDGE ( 'NONE', *, *, #117, .F. ) ;
#1105 = EDGE_CURVE ( 'NONE', #220, #474, #896, .T. ) ;
#1106 = CIRCLE ( 'NONE', #484, 5.099999999999997868 ) ;
#1107 = DIRECTION ( 'NONE',  ( -1.000000000000000000, 0.0000000000000000000, -0.0000000000000000000 ) ) ;
#1108 = PLANE ( 'NONE',  #2745 ) ;
#1109 = ORIENTED_EDGE ( 'NONE', *, *, #1379, .T. ) ;
#1110 = DIRECTION ( 'NONE',  ( 0.6785983445458475538, 0.6785983445458475538, -0.2810846377148176756 ) ) ;
#1111 = ADVANCED_FACE ( 'NONE', ( #656 ), #689, .F. ) ;
#1112 = DIRECTION ( 'NONE',  ( 0.0000000000000000000, 1.000000000000000000, 0.0000000000000000000 ) ) ;
#1113 = ORIENTED_EDGE ( 'NONE', *, *, #2369, .T. ) ;
#1114 = DIRECTION ( 'NONE',  ( 0.0000000000000000000, 0.0000000000000000000, 1.000000000000000000 ) ) ;
#1115 = DIRECTION ( 'NONE',  ( 0.0000000000000000000, 1.000000000000000000, 0.0000000000000000000 ) ) ;
#1116 = VECTOR ( 'NONE', #2736, 1000.000000000000000 ) ;
#1117 = EDGE_LOOP ( 'NONE', ( #291, #1182, #2338, #2360, #632, #1550 ) ) ;
#1118 = CARTESIAN_POINT ( 'NONE',  ( 12.00000000000000000, -2.999999999999999556, 14.99999999999999645 ) ) ;
#1119 = CARTESIAN_POINT ( 'NONE',  ( -29.00000000000000711, 2.000000000000000000, -8.000000000000008882 ) ) ;
#1120 = CARTESIAN_POINT ( 'NONE',  ( -12.00000000000000000, -2.999999999999999556, 14.99999999999999645 ) ) ;
#1121 = EDGE_LOOP ( 'NONE', ( #349, #615, #2012, #440 ) ) ;
#1122 = CARTESIAN_POINT ( 'NONE',  ( 19.00000000000000711, -5.000000000000000000, -9.000000000000000000 ) ) ;
#1123 = DIRECTION ( 'NONE',  ( -0.7071067811865474617, 0.0000000000000000000, -0.7071067811865474617 ) ) ;
#1124 = FACE_OUTER_BOUND ( 'NONE', #1539, .T. ) ;
#1125 = EDGE_CURVE ( 'NONE', #1243, #1522, #1130, .T. ) ;
#1126 = EDGE_CURVE ( 'NONE', #812, #1080, #1977, .T. ) ;
#1127 = PLANE ( 'NONE',  #2047 ) ;
#1128 = VECTOR ( 'NONE', #158, 1000.000000000000000 ) ;
#1129 = DIRECTION ( 'NONE',  ( -3.491481338843133750E-15, -1.000000000000000000, 0.0000000000000000000 ) ) ;
#1130 = CIRCLE ( 'NONE', #2718, 5.999999999999992895 ) ;
#1131 = ADVANCED_FACE ( 'NONE', ( #915 ), #2636, .F. ) ;
#1132 = VERTEX_POINT ( 'NONE', #58 ) ;
#1133 = DIRECTION ( 'NONE',  ( 1.000000000000000000, 0.0000000000000000000, -0.0000000000000000000 ) ) ;
#1134 = CARTESIAN_POINT ( 'NONE',  ( 12.00000000000000000, 3.000000000000000444, 15.49999999999999645 ) ) ;
#1135 = FACE_OUTER_BOUND ( 'NONE', #832, .T. ) ;
#1136 = ORIENTED_EDGE ( 'NONE', *, *, #74, .T. ) ;
#1137 = AXIS2_PLACEMENT_3D ( 'NONE', #1523, #1941, #2379 ) ;
#1138 = CARTESIAN_POINT ( 'NONE',  ( 25.00000000000000000, 4.500000000000000000, 13.99999999999999112 ) ) ;
#1139 = DIRECTION ( 'NONE',  ( -0.0000000000000000000, -0.0000000000000000000, 1.000000000000000000 ) ) ;
#1140 = EDGE_LOOP ( 'NONE', ( #274, #1660, #602, #2458 ) ) ;
#1141 = ORIENTED_EDGE ( 'NONE', *, *, #687, .F. ) ;
#1142 = FACE_OUTER_BOUND ( 'NONE', #2751, .T. ) ;
#1143 = CIRCLE ( 'NONE', #2638, 0.5000000000000004441 ) ;
#1144 = CARTESIAN_POINT ( 'NONE',  ( -19.00000000000000711, -5.000000000000000000, -9.000000000000000000 ) ) ;
#1145 = ORIENTED_EDGE ( 'NONE', *, *, #1814, .T. ) ;
#1146 = DIRECTION ( 'NONE',  ( -1.211350928885223303E-30, -3.469446951953614189E-16, 1.000000000000000000 ) ) ;
#1147 = VECTOR ( 'NONE', #2337, 1000.000000000000000 ) ;
#1148 = DIRECTION ( 'NONE',  ( 0.0000000000000000000, 0.0000000000000000000, 1.000000000000000000 ) ) ;
#1149 = DIRECTION ( 'NONE',  ( 0.0000000000000000000, 0.0000000000000000000, 1.000000000000000000 ) ) ;
#1150 = ORIENTED_EDGE ( 'NONE', *, *, #1081, .T. ) ;
#1151 = PLANE ( 'NONE',  #2103 ) ;
#1152 = DIRECTION ( 'NONE',  ( -1.000000000000000000, 0.0000000000000000000, 4.956352788505162282E-16 ) ) ;
#1153 = VERTEX_POINT ( 'NONE', #932 ) ;
#1154 = CYLINDRICAL_SURFACE ( 'NONE', #2504, 5.099999999999998757 ) ;
#1155 = MANIFOLD_SOLID_BREP ( 'Schnitt-Linear austragen3', #469 ) ;
#1156 = EDGE_CURVE ( 'NONE', #2589, #771, #538, .T. ) ;
#1157 = ORIENTED_EDGE ( 'NONE', *, *, #170, .T. ) ;
#1158 = CARTESIAN_POINT ( 'NONE',  ( -19.00000000000000000, -5.000000000000000000, 11.74999999999999645 ) ) ;
#1159 = VECTOR ( 'NONE', #1340, 1000.000000000000000 ) ;
#1160 = LINE ( 'NONE', #2481, #99 ) ;
#1161 = DIRECTION ( 'NONE',  ( 0.0000000000000000000, 0.0000000000000000000, 1.000000000000000000 ) ) ;
#1162 = ADVANCED_FACE ( 'NONE', ( #2650 ), #1430, .F. ) ;
#1163 = ORIENTED_EDGE ( 'NONE', *, *, #2060, .F. ) ;
#1164 = DIRECTION ( 'NONE',  ( -3.491481338843133750E-15, -1.000000000000000000, 0.0000000000000000000 ) ) ;
#1165 = CARTESIAN_POINT ( 'NONE',  ( 23.79289321881345032, 5.000000000000000000, 14.49999999999999289 ) ) ;
#1166 = FACE_OUTER_BOUND ( 'NONE', #2597, .T. ) ;
#1167 = EDGE_CURVE ( 'NONE', #1623, #2479, #1047, .T. ) ;
#1168 = ORIENTED_EDGE ( 'NONE', *, *, #2394, .F. ) ;
#1169 = DIRECTION ( 'NONE',  ( -0.0000000000000000000, -1.000000000000000000, -0.0000000000000000000 ) ) ;
#1170 = AXIS2_PLACEMENT_3D ( 'NONE', #2752, #1195, #1616 ) ;
#1171 = CIRCLE ( 'NONE', #1821, 2.749999999999997335 ) ;
#1172 = CIRCLE ( 'NONE', #2760, 2.750000000000009326 ) ;
#1173 = DIRECTION ( 'NONE',  ( 1.000000000000000000, 0.0000000000000000000, 0.0000000000000000000 ) ) ;
#1174 = ORIENTED_EDGE ( 'NONE', *, *, #1343, .F. ) ;
#1175 = VECTOR ( 'NONE', #238, 1000.000000000000000 ) ;
#1176 = VECTOR ( 'NONE', #1608, 1000.000000000000000 ) ;
#1177 = DIRECTION ( 'NONE',  ( -1.000000000000000000, 0.0000000000000000000, -0.0000000000000000000 ) ) ;
#1178 = EDGE_CURVE ( 'NONE', #2327, #2559, #2307, .T. ) ;
#1179 = DIRECTION ( 'NONE',  ( -0.7071067811865482389, 0.0000000000000000000, -0.7071067811865469066 ) ) ;
#1180 = LINE ( 'NONE', #578, #2475 ) ;
#1181 = VECTOR ( 'NONE', #2556, 1000.000000000000000 ) ;
#1182 = ORIENTED_EDGE ( 'NONE', *, *, #424, .F. ) ;
#1183 = CARTESIAN_POINT ( 'NONE',  ( -13.90000000000000036, -0.4000000000000001887, 9.000000000000000000 ) ) ;
#1184 = LINE ( 'NONE', #348, #390 ) ;
#1185 = VERTEX_POINT ( 'NONE', #2692 ) ;
#1186 = EDGE_CURVE ( 'NONE', #2519, #1827, #1203, .T. ) ;
#1187 = DIRECTION ( 'NONE',  ( -0.0000000000000000000, 1.000000000000000000, -0.0000000000000000000 ) ) ;
#1188 = EDGE_CURVE ( 'NONE', #575, #2634, #1653, .T. ) ;
#1189 = ORIENTED_EDGE ( 'NONE', *, *, #2300, .F. ) ;
#1190 = FILL_AREA_STYLE ('',( #2721 ) ) ;
#1191 = CARTESIAN_POINT ( 'NONE',  ( -21.75000000000000355, -5.000000000000000000, -9.000000000000000000 ) ) ;
#1192 = AXIS2_PLACEMENT_3D ( 'NONE', #1646, #2500, #570 ) ;
#1193 = CIRCLE ( 'NONE', #1289, 3.000000000000000000 ) ;
#1194 = ORIENTED_EDGE ( 'NONE', *, *, #1765, .T. ) ;
#1195 = DIRECTION ( 'NONE',  ( 0.0000000000000000000, 0.0000000000000000000, 1.000000000000000000 ) ) ;
#1196 = CARTESIAN_POINT ( 'NONE',  ( -13.90000000000000036, 5.000000000000000000, 9.000000000000000000 ) ) ;
#1197 = LINE ( 'NONE', #2696, #572 ) ;
#1198 = VECTOR ( 'NONE', #1820, 1000.000000000000000 ) ;
#1199 = EDGE_CURVE ( 'NONE', #1153, #708, #744, .T. ) ;
#1200 = FACE_OUTER_BOUND ( 'NONE', #870, .T. ) ;
#1201 =( NAMED_UNIT ( * ) PLANE_ANGLE_UNIT ( ) SI_UNIT ( $, .RADIAN. ) );
#1202 = ORIENTED_EDGE ( 'NONE', *, *, #802, .T. ) ;
#1203 = LINE ( 'NONE', #974, #1408 ) ;
#1204 = DIRECTION ( 'NONE',  ( -0.0000000000000000000, 0.0000000000000000000, 1.000000000000000000 ) ) ;
#1205 = AXIS2_PLACEMENT_3D ( 'NONE', #483, #2003, #1149 ) ;
#1206 = VERTEX_POINT ( 'NONE', #2452 ) ;
#1207 = DIRECTION ( 'NONE',  ( -1.000000000000000000, 0.0000000000000000000, -0.0000000000000000000 ) ) ;
#1208 = DIRECTION ( 'NONE',  ( -0.7071067811865474617, 0.0000000000000000000, -0.7071067811865474617 ) ) ;
#1209 = ORIENTED_EDGE ( 'NONE', *, *, #22, .F. ) ;
#1210 = VERTEX_POINT ( 'NONE', #756 ) ;
#1211 = EDGE_CURVE ( 'NONE', #29, #791, #1160, .T. ) ;
#1212 = PLANE ( 'NONE',  #2687 ) ;
#1213 = ADVANCED_FACE ( 'NONE', ( #1405 ), #2261, .F. ) ;
#1214 = CARTESIAN_POINT ( 'NONE',  ( 9.280770596476158558E-16, -5.000000000000000888, 18.49999999999998934 ) ) ;
#1215 = EDGE_LOOP ( 'NONE', ( #1457, #1236, #281, #584 ) ) ;
#1216 = CARTESIAN_POINT ( 'NONE',  ( 24.10000000000000497, 5.000000000000000000, -9.000000000000000000 ) ) ;
#1217 = DIRECTION ( 'NONE',  ( 1.000000000000000000, 0.0000000000000000000, 0.0000000000000000000 ) ) ;
#1218 = CARTESIAN_POINT ( 'NONE',  ( 24.09999999999999787, -0.4000000000000001887, 9.000000000000000000 ) ) ;
#1219 = EDGE_CURVE ( 'NONE', #730, #2512, #1006, .T. ) ;
#1220 = CIRCLE ( 'NONE', #637, 5.999999999999992895 ) ;
#1221 = ORIENTED_EDGE ( 'NONE', *, *, #2688, .F. ) ;
#1222 = PRESENTATION_STYLE_ASSIGNMENT (( #2291 ) ) ;
#1223 =( NAMED_UNIT ( * ) SI_UNIT ( $, .STERADIAN. ) SOLID_ANGLE_UNIT ( ) );
#1224 = FACE_OUTER_BOUND ( 'NONE', #1737, .T. ) ;
#1225 = ORIENTED_EDGE ( 'NONE', *, *, #1356, .T. ) ;
#1226 = VECTOR ( 'NONE', #1461, 1000.000000000000000 ) ;
#1227 = COLOUR_RGB ( '',0.8274509803921568096, 0.8392156862745098200, 0.8274509803921568096 ) ;
#1228 = VERTEX_POINT ( 'NONE', #124 ) ;
#1229 = LINE ( 'NONE', #120, #430 ) ;
#1230 = EDGE_CURVE ( 'NONE', #2407, #1185, #987, .T. ) ;
#1231 = CIRCLE ( 'NONE', #1783, 2.749999999999997335 ) ;
#1232 = VERTEX_POINT ( 'NONE', #1856 ) ;
#1233 = DIRECTION ( 'NONE',  ( -0.4999999999999985012, -0.7071067811865497932, -0.4999999999999985012 ) ) ;
#1234 = DIRECTION ( 'NONE',  ( -3.854941057726238097E-16, -0.0000000000000000000, -1.000000000000000000 ) ) ;
#1235 = DIRECTION ( 'NONE',  ( 3.491481338843133750E-15, 1.000000000000000000, 3.469446951953614189E-16 ) ) ;
#1236 = ORIENTED_EDGE ( 'NONE', *, *, #429, .F. ) ;
#1237 = DIRECTION ( 'NONE',  ( -0.0000000000000000000, 1.000000000000000000, -0.0000000000000000000 ) ) ;
#1238 = LINE ( 'NONE', #408, #1593 ) ;
#1239 = CIRCLE ( 'NONE', #115, 3.000000000000000000 ) ;
#1240 = CARTESIAN_POINT ( 'NONE',  ( 16.25000000000000000, -0.4000000000000001887, 9.000000000000000000 ) ) ;
#1241 = ORIENTED_EDGE ( 'NONE', *, *, #772, .F. ) ;
#1242 = VECTOR ( 'NONE', #1284, 1000.000000000000000 ) ;
#1243 = VERTEX_POINT ( 'NONE', #769 ) ;
#1244 = PLANE ( 'NONE',  #2321 ) ;
#1245 = ORIENTED_EDGE ( 'NONE', *, *, #1514, .F. ) ;
#1246 = CARTESIAN_POINT ( 'NONE',  ( -25.99999999999999289, 0.0000000000000000000, 5.250000000000006217 ) ) ;
#1247 = LINE ( 'NONE', #2131, #789 ) ;
#1248 = EDGE_CURVE ( 'NONE', #2667, #2727, #1639, .T. ) ;
#1249 = FILL_AREA_STYLE_COLOUR ( '', #811 ) ;
#1250 = ORIENTED_EDGE ( 'NONE', *, *, #447, .T. ) ;
#1251 = CARTESIAN_POINT ( 'NONE',  ( -35.00000000000000000, 0.0000000000000000000, 14.00000000000000000 ) ) ;
#1252 = ADVANCED_FACE ( 'NONE', ( #1417 ), #577, .F. ) ;
#1253 = PLANE ( 'NONE',  #2532 ) ;
#1254 = LINE ( 'NONE', #2326, #213 ) ;
#1255 = EDGE_LOOP ( 'NONE', ( #1370, #1001, #2677, #1496 ) ) ;
#1256 = CARTESIAN_POINT ( 'NONE',  ( -25.99999999999999289, 2.000000000000000000, 10.75000000000002487 ) ) ;
#1257 = LINE ( 'NONE', #2380, #2273 ) ;
#1258 = ADVANCED_FACE ( 'NONE', ( #2664 ), #731, .F. ) ;
#1259 = SHAPE_REPRESENTATION_RELATIONSHIP ( 'NONE' , 'NONE' ,  #836, #679 ) ;
#1260 = DIRECTION ( 'NONE',  ( -1.000000000000000000, 3.491481338843133750E-15, 0.0000000000000000000 ) ) ;
#1261 = CARTESIAN_POINT ( 'NONE',  ( -21.75000000000000355, -0.4000000000000001887, -9.000000000000000000 ) ) ;
#1262 =( NAMED_UNIT ( * ) SI_UNIT ( $, .STERADIAN. ) SOLID_ANGLE_UNIT ( ) );
#1263 = ORIENTED_EDGE ( 'NONE', *, *, #1126, .T. ) ;
#1264 = VECTOR ( 'NONE', #1237, 1000.000000000000000 ) ;
#1265 = FILL_AREA_STYLE ('',( #1491 ) ) ;
#1266 = EDGE_CURVE ( 'NONE', #1869, #2052, #2346, .T. ) ;
#1267 = CARTESIAN_POINT ( 'NONE',  ( -11.99999999999998757, -0.001000000000000132727, 5.250000000000000888 ) ) ;
#1268 = DIRECTION ( 'NONE',  ( -1.000000000000000000, 0.0000000000000000000, 0.0000000000000000000 ) ) ;
#1269 = ORIENTED_EDGE ( 'NONE', *, *, #1823, .F. ) ;
#1270 = CARTESIAN_POINT ( 'NONE',  ( -25.99999999999999645, -0.001000000000000132727, -10.75000000000001776 ) ) ;
#1271 = VECTOR ( 'NONE', #1087, 1000.000000000000000 ) ;
#1272 = CIRCLE ( 'NONE', #2575, 2.749999999999997335 ) ;
#1273 =( LENGTH_UNIT ( ) NAMED_UNIT ( * ) SI_UNIT ( .MILLI., .METRE. ) );
#1274 = AXIS2_PLACEMENT_3D ( 'NONE', #2068, #2238, #72 ) ;
#1275 = PRESENTATION_LAYER_ASSIGNMENT (  '', '', ( #104 ) ) ;
#1276 = PRODUCT_CONTEXT ( 'NONE', #2323, 'mechanical' ) ;
#1277 = LINE ( 'NONE', #1, #2761 ) ;
#1278 = STYLED_ITEM ( 'NONE', ( #1222 ), #233 ) ;
#1279 = CARTESIAN_POINT ( 'NONE',  ( 24.00000000000000000, 5.000000000000000000, 14.99999999999999289 ) ) ;
#1280 = CARTESIAN_POINT ( 'NONE',  ( 11.50000000000000000, 3.000000000000000444, 14.99999999999999645 ) ) ;
#1281 = VERTEX_POINT ( 'NONE', #830 ) ;
#1282 =( LENGTH_UNIT ( ) NAMED_UNIT ( * ) SI_UNIT ( .MILLI., .METRE. ) );
#1283 = DIRECTION ( 'NONE',  ( -0.0000000000000000000, 1.000000000000000000, -0.0000000000000000000 ) ) ;
#1284 = DIRECTION ( 'NONE',  ( -0.0000000000000000000, -1.000000000000000000, -0.0000000000000000000 ) ) ;
#1285 = VERTEX_POINT ( 'NONE', #2778 ) ;
#1286 = ORIENTED_EDGE ( 'NONE', *, *, #2534, .F. ) ;
#1287 = VECTOR ( 'NONE', #2628, 1000.000000000000114 ) ;
#1288 = EDGE_CURVE ( 'NONE', #1206, #1382, #2305, .T. ) ;
#1289 = AXIS2_PLACEMENT_3D ( 'NONE', #2284, #2518, #586 ) ;
#1290 = VECTOR ( 'NONE', #1512, 1000.000000000000000 ) ;
#1291 = CIRCLE ( 'NONE', #66, 0.5000000000000004441 ) ;
#1292 = PRESENTATION_STYLE_ASSIGNMENT (( #2120 ) ) ;
#1293 = VERTEX_POINT ( 'NONE', #2613 ) ;
#1294 = FACE_OUTER_BOUND ( 'NONE', #1810, .T. ) ;
#1295 = LINE ( 'NONE', #1687, #95 ) ;
#1296 = CARTESIAN_POINT ( 'NONE',  ( 0.0000000000000000000, 3.000000000000000000, 14.00000000000000178 ) ) ;
#1297 = EDGE_LOOP ( 'NONE', ( #168, #1452, #852, #1327, #1336, #2185 ) ) ;
#1298 = ORIENTED_EDGE ( 'NONE', *, *, #2252, .T. ) ;
#1299 = SURFACE_STYLE_FILL_AREA ( #2587 ) ;
#1300 = UNCERTAINTY_MEASURE_WITH_UNIT (LENGTH_MEASURE( 1.000000000000000082E-05 ), #1803, 'distance_accuracy_value', 'NONE');
#1301 = SHAPE_REPRESENTATION ( '4470-50-C2-L3-SR', ( #1601, #1546, #338 ), #1374 ) ;
#1302 = EDGE_CURVE ( 'NONE', #785, #1051, #395, .T. ) ;
#1303 = LINE ( 'NONE', #714, #1175 ) ;
#1304 = CARTESIAN_POINT ( 'NONE',  ( 1.000000000000031752, 12.00000000000000000, 14.00000000000000000 ) ) ;
#1305 = ORIENTED_EDGE ( 'NONE', *, *, #587, .F. ) ;
#1306 = EDGE_CURVE ( 'NONE', #1285, #1714, #1666, .T. ) ;
#1307 = FILL_AREA_STYLE ('',( #1582 ) ) ;
#1308 = EDGE_CURVE ( 'NONE', #203, #2472, #211, .T. ) ;
#1309 = DIRECTION ( 'NONE',  ( 1.000000000000000000, -3.491481338843133355E-15, -0.0000000000000000000 ) ) ;
#1310 = AXIS2_PLACEMENT_3D ( 'NONE', #1731, #1685, #2580 ) ;
#1311 = ORIENTED_EDGE ( 'NONE', *, *, #1775, .F. ) ;
#1312 = FACE_OUTER_BOUND ( 'NONE', #997, .T. ) ;
#1313 = CYLINDRICAL_SURFACE ( 'NONE', #377, 0.5000000000000004441 ) ;
#1314 = CARTESIAN_POINT ( 'NONE',  ( 3.000000000000031530, 11.99999999999999289, 12.00000000000000000 ) ) ;
#1315 = VECTOR ( 'NONE', #437, 1000.000000000000000 ) ;
#1316 = VECTOR ( 'NONE', #2221, 1000.000000000000000 ) ;
#1317 = ORIENTED_EDGE ( 'NONE', *, *, #2688, .T. ) ;
#1318 = VECTOR ( 'NONE', #482, 1000.000000000000000 ) ;
#1319 = ADVANCED_FACE ( 'NONE', ( #2097 ), #1023, .T. ) ;
#1320 = CYLINDRICAL_SURFACE ( 'NONE', #48, 1.000000000000000000 ) ;
#1321 = DIRECTION ( 'NONE',  ( 1.000000000000000000, 0.0000000000000000000, -0.0000000000000000000 ) ) ;
#1322 = VERTEX_POINT ( 'NONE', #419 ) ;
#1323 = CARTESIAN_POINT ( 'NONE',  ( 11.50000000000000000, -2.999999999999999556, 15.49999999999999645 ) ) ;
#1324 = PRESENTATION_LAYER_ASSIGNMENT (  '', '', ( #562 ) ) ;
#1325 = DIRECTION ( 'NONE',  ( 0.0000000000000000000, 0.0000000000000000000, 1.000000000000000000 ) ) ;
#1326 = LINE ( 'NONE', #1991, #1159 ) ;
#1327 = ORIENTED_EDGE ( 'NONE', *, *, #378, .T. ) ;
#1328 = LINE ( 'NONE', #266, #1413 ) ;
#1329 = PLANE ( 'NONE',  #436 ) ;
#1330 = ORIENTED_EDGE ( 'NONE', *, *, #2700, .T. ) ;
#1331 = VERTEX_POINT ( 'NONE', #1261 ) ;
#1332 = CARTESIAN_POINT ( 'NONE',  ( 12.00000000000000000, 3.000000000000000444, 15.49999999999999645 ) ) ;
#1333 = AXIS2_PLACEMENT_3D ( 'NONE', #2686, #2403, #1348 ) ;
#1334 = CARTESIAN_POINT ( 'NONE',  ( 3.000000000000000000, 2.999999999999989786, -13.99999999999999822 ) ) ;
#1335 = CARTESIAN_POINT ( 'NONE',  ( 12.50000000000000178, -4.500000000000000888, 4.999999999999992006 ) ) ;
#1336 = ORIENTED_EDGE ( 'NONE', *, *, #546, .T. ) ;
#1337 = PRESENTATION_STYLE_ASSIGNMENT (( #1581 ) ) ;
#1338 = EDGE_CURVE ( 'NONE', #1185, #1474, #1239, .T. ) ;
#1339 = DIRECTION ( 'NONE',  ( -3.854941057726239083E-16, 0.0000000000000000000, 1.000000000000000000 ) ) ;
#1340 = DIRECTION ( 'NONE',  ( 0.0000000000000000000, 0.0000000000000000000, 1.000000000000000000 ) ) ;
#1341 = VERTEX_POINT ( 'NONE', #814 ) ;
#1342 = LINE ( 'NONE', #1585, #1880 ) ;
#1343 = EDGE_CURVE ( 'NONE', #2516, #1341, #1247, .T. ) ;
#1344 = DIRECTION ( 'NONE',  ( -4.956352788505162282E-16, 0.0000000000000000000, -1.000000000000000000 ) ) ;
#1345 = ORIENTED_EDGE ( 'NONE', *, *, #557, .T. ) ;
#1346 = ORIENTED_EDGE ( 'NONE', *, *, #668, .F. ) ;
#1347 = ORIENTED_EDGE ( 'NONE', *, *, #983, .T. ) ;
#1348 = DIRECTION ( 'NONE',  ( -2.065146995210484448E-16, 0.0000000000000000000, -1.000000000000000000 ) ) ;
#1349 = ADVANCED_FACE ( 'NONE', ( #1681, #196 ), #1050, .F. ) ;
#1350 = LINE ( 'NONE', #2206, #1271 ) ;
#1351 = CARTESIAN_POINT ( 'NONE',  ( -12.49999999999999822, -4.500000000000000888, 4.999999999999992006 ) ) ;
#1352 = ORIENTED_EDGE ( 'NONE', *, *, #1823, .T. ) ;
#1353 = LINE ( 'NONE', #493, #2444 ) ;
#1354 = DIRECTION ( 'NONE',  ( 3.854941057726239083E-16, 0.0000000000000000000, 1.000000000000000000 ) ) ;
#1355 = CARTESIAN_POINT ( 'NONE',  ( 0.0000000000000000000, -5.000000000000000000, 0.0000000000000000000 ) ) ;
#1356 = EDGE_CURVE ( 'NONE', #1905, #366, #1143, .T. ) ;
#1357 = ORIENTED_EDGE ( 'NONE', *, *, #117, .T. ) ;
#1358 = DIRECTION ( 'NONE',  ( -0.0000000000000000000, -0.0000000000000000000, -1.000000000000000000 ) ) ;
#1359 = CIRCLE ( 'NONE', #1310, 2.000000000000000000 ) ;
#1360 = DIRECTION ( 'NONE',  ( -0.0000000000000000000, 1.000000000000000000, -0.0000000000000000000 ) ) ;
#1361 = AXIS2_PLACEMENT_3D ( 'NONE', #931, #2437, #508 ) ;
#1362 = EDGE_CURVE ( 'NONE', #791, #2230, #154, .T. ) ;
#1363 = VECTOR ( 'NONE', #644, 1000.000000000000000 ) ;
#1364 = CARTESIAN_POINT ( 'NONE',  ( -12.49999999999999822, -5.000000000000000000, 12.99999999999999289 ) ) ;
#1365 = AXIS2_PLACEMENT_3D ( 'NONE', #1567, #2438, #1339 ) ;
#1366 = EDGE_LOOP ( 'NONE', ( #1415, #2247, #351, #1635, #476 ) ) ;
#1367 = FACE_OUTER_BOUND ( 'NONE', #2188, .T. ) ;
#1368 = CARTESIAN_POINT ( 'NONE',  ( -19.00000000000000000, 5.000000000000000000, 14.09999999999999787 ) ) ;
#1369 = DIRECTION ( 'NONE',  ( -0.0000000000000000000, -1.000000000000000000, -0.0000000000000000000 ) ) ;
#1370 = ORIENTED_EDGE ( 'NONE', *, *, #1167, .F. ) ;
#1371 = PRESENTATION_STYLE_ASSIGNMENT (( #1556 ) ) ;
#1372 = FILL_AREA_STYLE ('',( #2445 ) ) ;
#1373 = CARTESIAN_POINT ( 'NONE',  ( 12.70000000000000284, -4.500000000000000888, 13.19999999999999218 ) ) ;
#1374 =( GEOMETRIC_REPRESENTATION_CONTEXT ( 3 ) GLOBAL_UNCERTAINTY_ASSIGNED_CONTEXT ( ( #2596 ) ) GLOBAL_UNIT_ASSIGNED_CONTEXT ( ( #1899, #2117, #1048 ) ) REPRESENTATION_CONTEXT ( 'NONE', 'WORKASPACE' ) );
#1375 = ORIENTED_EDGE ( 'NONE', *, *, #969, .T. ) ;
#1376 = ORIENTED_EDGE ( 'NONE', *, *, #170, .F. ) ;
#1377 = EDGE_CURVE ( 'NONE', #34, #406, #19, .T. ) ;
#1378 = CARTESIAN_POINT ( 'NONE',  ( 19.00000000000000000, -0.4000000000000001887, 9.000000000000000000 ) ) ;
#1379 = EDGE_CURVE ( 'NONE', #2363, #967, #39, .T. ) ;
#1380 = AXIS2_PLACEMENT_3D ( 'NONE', #54, #308, #908 ) ;
#1381 = SURFACE_SIDE_STYLE ('',( #1622 ) ) ;
#1382 = VERTEX_POINT ( 'NONE', #924 ) ;
#1383 = LINE ( 'NONE', #2182, #2344 ) ;
#1384 = COLOUR_RGB ( '',0.5999999999999999778, 0.5999999999999999778, 0.5999999999999999778 ) ;
#1385 = CARTESIAN_POINT ( 'NONE',  ( -16.25000000000000711, -5.000000000000000000, -9.000000000000000000 ) ) ;
#1386 = ORIENTED_EDGE ( 'NONE', *, *, #267, .F. ) ;
#1387 = AXIS2_PLACEMENT_3D ( 'NONE', #2457, #2624, #530 ) ;
#1388 = SURFACE_SIDE_STYLE ('',( #2443 ) ) ;
#1389 = PRODUCT ( 'WB4470^WB4470_50-C2-W-SR', 'WB4470^WB4470_50-C2-W-SR', '', ( #162 ) ) ;
#1390 = DIRECTION ( 'NONE',  ( 0.0000000000000000000, -0.0000000000000000000, 1.000000000000000000 ) ) ;
#1391 = DIRECTION ( 'NONE',  ( -0.0000000000000000000, -1.000000000000000000, -0.0000000000000000000 ) ) ;
#1392 = CARTESIAN_POINT ( 'NONE',  ( -12.69999999999999929, -4.500000000000000888, 13.19999999999999218 ) ) ;
#1393 = ADVANCED_FACE ( 'NONE', ( #1574 ), #1154, .F. ) ;
#1394 = EDGE_LOOP ( 'NONE', ( #918, #2222, #851, #792 ) ) ;
#1395 = SURFACE_STYLE_USAGE ( .BOTH. , #576 ) ;
#1396 = CARTESIAN_POINT ( 'NONE',  ( -25.99999999999999289, -0.001000000000000132727, -5.249999999999999112 ) ) ;
#1397 = ORIENTED_EDGE ( 'NONE', *, *, #2249, .F. ) ;
#1398 = ADVANCED_FACE ( 'NONE', ( #1822 ), #2218, .F. ) ;
#1399 = LINE ( 'NONE', #1618, #2271 ) ;
#1400 = ORIENTED_EDGE ( 'NONE', *, *, #1930, .F. ) ;
#1401 = FACE_BOUND ( 'NONE', #535, .T. ) ;
#1402 = ORIENTED_EDGE ( 'NONE', *, *, #719, .T. ) ;
#1403 = AXIS2_PLACEMENT_3D ( 'NONE', #1515, #164, #2748 ) ;
#1404 = LINE ( 'NONE', #564, #1082 ) ;
#1405 = FACE_OUTER_BOUND ( 'NONE', #606, .T. ) ;
#1406 = EDGE_CURVE ( 'NONE', #2639, #2519, #2460, .T. ) ;
#1407 = LINE ( 'NONE', #2511, #2244 ) ;
#1408 = VECTOR ( 'NONE', #2722, 1000.000000000000000 ) ;
#1409 = ORIENTED_EDGE ( 'NONE', *, *, #1946, .F. ) ;
#1410 = CARTESIAN_POINT ( 'NONE',  ( -16.25000000000000711, -0.4000000000000001887, -9.000000000000000000 ) ) ;
#1411 = VECTOR ( 'NONE', #231, 1000.000000000000000 ) ;
#1412 = ORIENTED_EDGE ( 'NONE', *, *, #552, .T. ) ;
#1413 = VECTOR ( 'NONE', #1110, 1000.000000000000227 ) ;
#1414 = DIRECTION ( 'NONE',  ( 0.0000000000000000000, 1.000000000000000000, 0.0000000000000000000 ) ) ;
#1415 = ORIENTED_EDGE ( 'NONE', *, *, #1678, .T. ) ;
#1416 = DIRECTION ( 'NONE',  ( -1.000000000000000000, -0.0000000000000000000, -0.0000000000000000000 ) ) ;
#1417 = FACE_OUTER_BOUND ( 'NONE', #397, .T. ) ;
#1418 = CARTESIAN_POINT ( 'NONE',  ( 25.00000000000000000, 4.500000000000000000, -14.00000000000000533 ) ) ;
#1419 = EDGE_LOOP ( 'NONE', ( #1875, #945, #2720, #254 ) ) ;
#1420 = FACE_OUTER_BOUND ( 'NONE', #434, .T. ) ;
#1421 = EDGE_CURVE ( 'NONE', #2727, #2589, #2420, .T. ) ;
#1422 = CARTESIAN_POINT ( 'NONE',  ( 2.999999999999996447, 1.999999999999993117, 14.00000000000000000 ) ) ;
#1423 = FACE_OUTER_BOUND ( 'NONE', #2216, .T. ) ;
#1424 = ADVANCED_FACE ( 'NONE', ( #1142 ), #1560, .F. ) ;
#1425 = ORIENTED_EDGE ( 'NONE', *, *, #134, .T. ) ;
#1426 = CARTESIAN_POINT ( 'NONE',  ( -25.99999999999999645, 0.0000000000000000000, -10.75000000000001776 ) ) ;
#1427 = EDGE_CURVE ( 'NONE', #2296, #119, #2020, .T. ) ;
#1428 = ORIENTED_EDGE ( 'NONE', *, *, #1483, .T. ) ;
#1429 = PLANE ( 'NONE',  #2666 ) ;
#1430 = PLANE ( 'NONE',  #1595 ) ;
#1431 = LINE ( 'NONE', #345, #1579 ) ;
#1432 = ORIENTED_EDGE ( 'NONE', *, *, #246, .F. ) ;
#1433 = LINE ( 'NONE', #775, #2348 ) ;
#1434 = DIRECTION ( 'NONE',  ( -7.666467083416876853E-17, -0.7071067811865469066, -0.7071067811865481278 ) ) ;
#1435 = EDGE_CURVE ( 'NONE', #2295, #370, #1793, .T. ) ;
#1436 = VERTEX_POINT ( 'NONE', #271 ) ;
#1437 = ORIENTED_EDGE ( 'NONE', *, *, #2157, .F. ) ;
#1438 = CARTESIAN_POINT ( 'NONE',  ( -13.90000000000000924, 5.000000000000000000, -9.000000000000001776 ) ) ;
#1439 = EDGE_CURVE ( 'NONE', #887, #2296, #2046, .T. ) ;
#1440 = SHAPE_DEFINITION_REPRESENTATION ( #1802, #53 ) ;
#1441 = COLOUR_RGB ( '',0.5999999999999999778, 0.5999999999999999778, 0.5999999999999999778 ) ;
#1442 = ADVANCED_FACE ( 'NONE', ( #939 ), #2034, .F. ) ;
#1443 =( NAMED_UNIT ( * ) SI_UNIT ( $, .STERADIAN. ) SOLID_ANGLE_UNIT ( ) );
#1444 = DIRECTION ( 'NONE',  ( -1.084202172485504434E-16, 0.0000000000000000000, -1.000000000000000000 ) ) ;
#1445 = LINE ( 'NONE', #2359, #500 ) ;
#1446 = VECTOR ( 'NONE', #1645, 1000.000000000000000 ) ;
#1447 = ORIENTED_EDGE ( 'NONE', *, *, #772, .T. ) ;
#1448 =( GEOMETRIC_REPRESENTATION_CONTEXT ( 3 ) GLOBAL_UNCERTAINTY_ASSIGNED_CONTEXT ( ( #1740 ) ) GLOBAL_UNIT_ASSIGNED_CONTEXT ( ( #990, #788, #1223 ) ) REPRESENTATION_CONTEXT ( 'NONE', 'WORKASPACE' ) );
#1449 = DIRECTION ( 'NONE',  ( 0.0000000000000000000, 0.0000000000000000000, 1.000000000000000000 ) ) ;
#1450 = FACE_BOUND ( 'NONE', #439, .T. ) ;
#1451 = STYLED_ITEM ( 'NONE', ( #2171 ), #1155 ) ;
#1452 = ORIENTED_EDGE ( 'NONE', *, *, #141, .F. ) ;
#1453 = LINE ( 'NONE', #1882, #1701 ) ;
#1454 = EDGE_CURVE ( 'NONE', #738, #20, #727, .T. ) ;
#1455 = DIRECTION ( 'NONE',  ( 1.000000000000000000, 0.0000000000000000000, 0.0000000000000000000 ) ) ;
#1456 =( REPRESENTATION_RELATIONSHIP ('NONE','NONE', #1301, #836 ) REPRESENTATION_RELATIONSHIP_WITH_TRANSFORMATION ( #2370 )SHAPE_REPRESENTATION_RELATIONSHIP( ) );
#1457 = ORIENTED_EDGE ( 'NONE', *, *, #101, .F. ) ;
#1458 = ADVANCED_FACE ( 'NONE', ( #950 ), #1776, .T. ) ;
#1459 = ADVANCED_FACE ( 'NONE', ( #2448 ), #519, .F. ) ;
#1460 = DIRECTION ( 'NONE',  ( -0.0000000000000000000, -0.0000000000000000000, -1.000000000000000000 ) ) ;
#1461 = DIRECTION ( 'NONE',  ( 0.2810846377148277231, 0.6785983445458450003, 0.6785983445458461105 ) ) ;
#1462 = DIRECTION ( 'NONE',  ( 0.7071067811865482389, -0.0000000000000000000, 0.7071067811865469066 ) ) ;
#1463 = ORIENTED_EDGE ( 'NONE', *, *, #2199, .T. ) ;
#1464 = CARTESIAN_POINT ( 'NONE',  ( -12.49999999999999822, -5.000000000000000000, 12.99999999999999289 ) ) ;
#1465 = DIRECTION ( 'NONE',  ( 1.000000000000000000, -0.0000000000000000000, -1.084202172485504434E-16 ) ) ;
#1466 = ADVANCED_FACE ( 'NONE', ( #489 ), #1607, .F. ) ;
#1467 = DIRECTION ( 'NONE',  ( 1.084202172485504434E-16, -0.0000000000000000000, 1.000000000000000000 ) ) ;
#1468 = ORIENTED_EDGE ( 'NONE', *, *, #141, .T. ) ;
#1469 = AXIS2_PLACEMENT_3D ( 'NONE', #1718, #631, #1494 ) ;
#1470 = ORIENTED_EDGE ( 'NONE', *, *, #479, .F. ) ;
#1471 = CARTESIAN_POINT ( 'NONE',  ( 19.00000000000000000, 5.000000000000000000, 9.000000000000000000 ) ) ;
#1472 = DIRECTION ( 'NONE',  ( 0.0000000000000000000, 3.491481338843133750E-15, -1.000000000000000000 ) ) ;
#1473 = EDGE_CURVE ( 'NONE', #1051, #1056, #477, .T. ) ;
#1474 = VERTEX_POINT ( 'NONE', #1996 ) ;
#1475 = DIRECTION ( 'NONE',  ( -1.000000000000000000, 0.0000000000000000000, 0.0000000000000000000 ) ) ;
#1476 = DIRECTION ( 'NONE',  ( -0.0000000000000000000, -0.0000000000000000000, -1.000000000000000000 ) ) ;
#1477 = ORIENTED_EDGE ( 'NONE', *, *, #2168, .F. ) ;
#1478 = CARTESIAN_POINT ( 'NONE',  ( -12.00000000000000000, 3.000000000000000444, 15.49999999999999645 ) ) ;
#1479 = CARTESIAN_POINT ( 'NONE',  ( -29.00000000000000000, 0.0000000000000000000, 14.00000000000000000 ) ) ;
#1480 = LINE ( 'NONE', #1964, #1561 ) ;
#1481 = ADVANCED_FACE ( 'NONE', ( #1124 ), #545, .F. ) ;
#1482 = ORIENTED_EDGE ( 'NONE', *, *, #1605, .T. ) ;
#1483 = EDGE_CURVE ( 'NONE', #2747, #453, #1453, .T. ) ;
#1484 = CARTESIAN_POINT ( 'NONE',  ( -24.50000000000000000, 5.000000000000000000, 0.0000000000000000000 ) ) ;
#1485 = SURFACE_SIDE_STYLE ('',( #2787 ) ) ;
#1486 = APPLICATION_PROTOCOL_DEFINITION ( 'draft international standard', 'automotive_design', 1998, #2612 ) ;
#1487 = DIRECTION ( 'NONE',  ( 1.000000000000000000, -3.491481338843133750E-15, -0.0000000000000000000 ) ) ;
#1488 = CARTESIAN_POINT ( 'NONE',  ( -24.00000000000000000, -5.000000000000000000, 14.99999999999999822 ) ) ;
#1489 = ORIENTED_EDGE ( 'NONE', *, *, #1672, .T. ) ;
#1490 = PRESENTATION_LAYER_ASSIGNMENT (  '', '', ( #2166 ) ) ;
#1491 = FILL_AREA_STYLE_COLOUR ( '', #1441 ) ;
#1492 = ADVANCED_FACE ( 'NONE', ( #2062 ), #337, .F. ) ;
#1493 = DIRECTION ( 'NONE',  ( -0.0000000000000000000, 1.000000000000000000, -0.0000000000000000000 ) ) ;
#1494 = DIRECTION ( 'NONE',  ( 0.0000000000000000000, -0.0000000000000000000, 1.000000000000000000 ) ) ;
#1495 = EDGE_LOOP ( 'NONE', ( #1995, #2517, #2066, #579 ) ) ;
#1496 = ORIENTED_EDGE ( 'NONE', *, *, #2342, .F. ) ;
#1497 = AXIS2_PLACEMENT_3D ( 'NONE', #334, #2709, #320 ) ;
#1498 = EDGE_CURVE ( 'NONE', #847, #1232, #2064, .T. ) ;
#1499 = MECHANICAL_DESIGN_GEOMETRIC_PRESENTATION_REPRESENTATION (  '', ( #2717 ), #2220 ) ;
#1500 = FILL_AREA_STYLE ('',( #624 ) ) ;
#1501 = VECTOR ( 'NONE', #2276, 1000.000000000000000 ) ;
#1502 = SURFACE_SIDE_STYLE ('',( #1917 ) ) ;
#1503 = VECTOR ( 'NONE', #1928, 1000.000000000000000 ) ;
#1504 = FACE_OUTER_BOUND ( 'NONE', #591, .T. ) ;
#1505 = CARTESIAN_POINT ( 'NONE',  ( 16.25000000000000000, -5.000000000000000000, 9.000000000000000000 ) ) ;
#1506 = ORIENTED_EDGE ( 'NONE', *, *, #843, .T. ) ;
#1507 = DIRECTION ( 'NONE',  ( -1.000000000000000000, 0.0000000000000000000, -0.0000000000000000000 ) ) ;
#1508 = DIRECTION ( 'NONE',  ( -0.0000000000000000000, 1.000000000000000000, -0.0000000000000000000 ) ) ;
#1509 = EDGE_CURVE ( 'NONE', #6, #426, #2487, .T. ) ;
#1510 = EDGE_LOOP ( 'NONE', ( #1104, #2454, #2794, #2585, #2600 ) ) ;
#1511 = PLANE ( 'NONE',  #1600 ) ;
#1512 = DIRECTION ( 'NONE',  ( 2.065146995210484448E-16, 0.0000000000000000000, 1.000000000000000000 ) ) ;
#1513 = VECTOR ( 'NONE', #1015, 1000.000000000000000 ) ;
#1514 = EDGE_CURVE ( 'NONE', #2008, #597, #1229, .T. ) ;
#1515 = CARTESIAN_POINT ( 'NONE',  ( -19.00000000000000000, -0.4000000000000001887, 9.000000000000000000 ) ) ;
#1516 = DIRECTION ( 'NONE',  ( 1.000000000000000000, -3.469446951953614189E-15, 0.0000000000000000000 ) ) ;
#1517 = EDGE_LOOP ( 'NONE', ( #374, #108, #1693, #2798 ) ) ;
#1518 = DIRECTION ( 'NONE',  ( -1.000000000000000000, 0.0000000000000000000, 0.0000000000000000000 ) ) ;
#1519 = CARTESIAN_POINT ( 'NONE',  ( -12.69999999999999929, -4.500000000000000888, 4.799999999999992717 ) ) ;
#1520 = CARTESIAN_POINT ( 'NONE',  ( -11.50000000000000000, 3.500000000000000444, 15.49999999999999645 ) ) ;
#1521 = EDGE_LOOP ( 'NONE', ( #1596, #865, #1038, #1065 ) ) ;
#1522 = VERTEX_POINT ( 'NONE', #2715 ) ;
#1523 = CARTESIAN_POINT ( 'NONE',  ( 11.50000000000000000, 3.000000000000000444, 15.49999999999999645 ) ) ;
#1524 = SURFACE_STYLE_FILL_AREA ( #1372 ) ;
#1525 = PRODUCT_DEFINITION_CONTEXT ( 'detailed design', #2612, 'design' ) ;
#1526 = ORIENTED_EDGE ( 'NONE', *, *, #1219, .F. ) ;
#1527 = VECTOR ( 'NONE', #451, 1000.000000000000000 ) ;
#1528 = VECTOR ( 'NONE', #2576, 1000.000000000000000 ) ;
#1529 = LINE ( 'NONE', #273, #1316 ) ;
#1530 = VERTEX_POINT ( 'NONE', #1662 ) ;
#1531 = DIRECTION ( 'NONE',  ( -1.000000000000000000, -0.0000000000000000000, 2.478176394252581141E-16 ) ) ;
#1532 = DIRECTION ( 'NONE',  ( 0.0000000000000000000, 0.0000000000000000000, 1.000000000000000000 ) ) ;
#1533 = CARTESIAN_POINT ( 'NONE',  ( 19.00000000000000000, -0.4000000000000001887, 11.74999999999999645 ) ) ;
#1534 = ORIENTED_EDGE ( 'NONE', *, *, #258, .T. ) ;
#1535 = DIRECTION ( 'NONE',  ( 0.0000000000000000000, 0.0000000000000000000, 1.000000000000000000 ) ) ;
#1536 = VECTOR ( 'NONE', #2703, 1000.000000000000000 ) ;
#1537 = CARTESIAN_POINT ( 'NONE',  ( 3.000000000000000000, 2.999999999999989786, 14.00000000000000000 ) ) ;
#1538 = ORIENTED_EDGE ( 'NONE', *, *, #2534, .T. ) ;
#1539 = EDGE_LOOP ( 'NONE', ( #355, #1720, #1782, #1631 ) ) ;
#1540 = CIRCLE ( 'NONE', #1003, 5.099999999999998757 ) ;
#1541 =( GEOMETRIC_REPRESENTATION_CONTEXT ( 3 ) GLOBAL_UNCERTAINTY_ASSIGNED_CONTEXT ( ( #625 ) ) GLOBAL_UNIT_ASSIGNED_CONTEXT ( ( #970, #1201, #741 ) ) REPRESENTATION_CONTEXT ( 'NONE', 'WORKASPACE' ) );
#1542 = EDGE_LOOP ( 'NONE', ( #2691, #1069, #2005, #1849 ) ) ;
#1543 = DIRECTION ( 'NONE',  ( -0.0000000000000000000, -1.000000000000000000, -0.0000000000000000000 ) ) ;
#1544 = CIRCLE ( 'NONE', #1777, 2.749999999999997335 ) ;
#1545 = ADVANCED_FACE ( 'NONE', ( #1401, #1675 ), #1244, .F. ) ;
#1546 = AXIS2_PLACEMENT_3D ( 'NONE', #1060, #2330, #1455 ) ;
#1547 = CARTESIAN_POINT ( 'NONE',  ( -12.00000000000000000, -2.999999999999999556, 14.99999999999999645 ) ) ;
#1548 = LINE ( 'NONE', #2599, #91 ) ;
#1549 = EDGE_CURVE ( 'NONE', #2468, #923, #2530, .T. ) ;
#1550 = ORIENTED_EDGE ( 'NONE', *, *, #2719, .F. ) ;
#1551 = DIRECTION ( 'NONE',  ( 1.000000000000000000, 0.0000000000000000000, -1.084202172485504434E-16 ) ) ;
#1552 = COLOUR_RGB ( '',0.8274509803921568096, 0.8392156862745098200, 0.8274509803921568096 ) ;
#1553 = CYLINDRICAL_SURFACE ( 'NONE', #2351, 5.999999999999994671 ) ;
#1554 = LINE ( 'NONE', #2427, #2035 ) ;
#1555 = ORIENTED_EDGE ( 'NONE', *, *, #2129, .F. ) ;
#1556 = SURFACE_STYLE_USAGE ( .BOTH. , #1388 ) ;
#1557 = ADVANCED_FACE ( 'NONE', ( #2268 ), #1031, .F. ) ;
#1558 = DIRECTION ( 'NONE',  ( 0.2810846377148271680, -0.6785983445458463326, 0.6785983445458450003 ) ) ;
#1559 = ORIENTED_EDGE ( 'NONE', *, *, #1454, .F. ) ;
#1560 = CYLINDRICAL_SURFACE ( 'NONE', #1380, 5.099999999999998757 ) ;
#1561 = VECTOR ( 'NONE', #399, 1000.000000000000000 ) ;
#1562 = CARTESIAN_POINT ( 'NONE',  ( 12.00000000000000000, -2.999999999999999556, 14.99999999999999645 ) ) ;
#1563 = ADVANCED_FACE ( 'NONE', ( #1200 ), #1212, .T. ) ;
#1564 = LINE ( 'NONE', #4, #2048 ) ;
#1565 = ORIENTED_EDGE ( 'NONE', *, *, #2063, .T. ) ;
#1566 = DIRECTION ( 'NONE',  ( -0.0000000000000000000, 1.000000000000000000, -0.0000000000000000000 ) ) ;
#1567 = CARTESIAN_POINT ( 'NONE',  ( 24.10000000000000497, -0.4000000000000001887, -9.000000000000000000 ) ) ;
#1568 = DIRECTION ( 'NONE',  ( -1.000000000000000000, 3.491481338843133355E-15, 0.0000000000000000000 ) ) ;
#1569 = ORIENTED_EDGE ( 'NONE', *, *, #546, .F. ) ;
#1570 = LINE ( 'NONE', #2186, #694 ) ;
#1571 = CARTESIAN_POINT ( 'NONE',  ( -19.00000000000000000, -0.4000000000000001887, 9.000000000000000000 ) ) ;
#1572 = ADVANCED_FACE ( 'NONE', ( #160 ), #132, .F. ) ;
#1573 = ORIENTED_EDGE ( 'NONE', *, *, #1125, .T. ) ;
#1574 = FACE_OUTER_BOUND ( 'NONE', #1495, .T. ) ;
#1575 = VECTOR ( 'NONE', #1568, 1000.000000000000000 ) ;
#1576 = ORIENTED_EDGE ( 'NONE', *, *, #940, .T. ) ;
#1577 = DIRECTION ( 'NONE',  ( 1.000000000000000000, -3.469446951953614189E-15, 0.0000000000000000000 ) ) ;
#1578 = CARTESIAN_POINT ( 'NONE',  ( 0.0000000000000000000, 3.000000000000000000, -14.00000000000000178 ) ) ;
#1579 = VECTOR ( 'NONE', #1857, 999.9999999999998863 ) ;
#1580 = EDGE_LOOP ( 'NONE', ( #410, #2080, #654, #362 ) ) ;
#1581 = SURFACE_STYLE_USAGE ( .BOTH. , #30 ) ;
#1582 = FILL_AREA_STYLE_COLOUR ( '', #2676 ) ;
#1583 = CARTESIAN_POINT ( 'NONE',  ( 24.50000000000000000, 5.000000000000000000, 13.79289321881343966 ) ) ;
#1584 = EDGE_LOOP ( 'NONE', ( #1910, #754, #1573, #1896 ) ) ;
#1585 = CARTESIAN_POINT ( 'NONE',  ( -16.25000000000000711, -0.4000000000000001887, -9.000000000000000000 ) ) ;
#1586 = ADVANCED_FACE ( 'NONE', ( #376 ), #778, .F. ) ;
#1587 = FACE_OUTER_BOUND ( 'NONE', #1748, .T. ) ;
#1588 = CARTESIAN_POINT ( 'NONE',  ( 0.0000000000000000000, 0.0000000000000000000, -14.00000000000000000 ) ) ;
#1589 = VERTEX_POINT ( 'NONE', #995 ) ;
#1590 = VERTEX_POINT ( 'NONE', #1866 ) ;
#1591 = CARTESIAN_POINT ( 'NONE',  ( 3.000000000000024869, 9.999999999999992895, -11.99999999999999467 ) ) ;
#1592 = VECTOR ( 'NONE', #1177, 1000.000000000000000 ) ;
#1593 = VECTOR ( 'NONE', #1938, 1000.000000000000000 ) ;
#1594 =( LENGTH_UNIT ( ) NAMED_UNIT ( * ) SI_UNIT ( .MILLI., .METRE. ) );
#1595 = AXIS2_PLACEMENT_3D ( 'NONE', #2465, #2028, #1179 ) ;
#1596 = ORIENTED_EDGE ( 'NONE', *, *, #378, .F. ) ;
#1597 = DIRECTION ( 'NONE',  ( -0.0000000000000000000, -1.000000000000000000, -0.0000000000000000000 ) ) ;
#1598 = CARTESIAN_POINT ( 'NONE',  ( 13.90000000000000036, 5.000000000000000000, 9.000000000000000000 ) ) ;
#1599 = VERTEX_POINT ( 'NONE', #148 ) ;
#1600 = AXIS2_PLACEMENT_3D ( 'NONE', #1484, #186, #1535 ) ;
#1601 = AXIS2_PLACEMENT_3D ( 'NONE', #841, #810, #1723 ) ;
#1602 = CARTESIAN_POINT ( 'NONE',  ( 24.09999999999999787, 5.000000000000000000, 9.000000000000000000 ) ) ;
#1603 = PLANE ( 'NONE',  #239 ) ;
#1604 = CARTESIAN_POINT ( 'NONE',  ( -24.10000000000000497, -0.4000000000000001887, -9.000000000000000000 ) ) ;
#1605 = EDGE_CURVE ( 'NONE', #2236, #2295, #574, .T. ) ;
#1606 = EDGE_LOOP ( 'NONE', ( #1346, #1221, #2605, #2212 ) ) ;
#1607 = PLANE ( 'NONE',  #1333 ) ;
#1608 = DIRECTION ( 'NONE',  ( -0.0000000000000000000, -1.000000000000000000, -0.0000000000000000000 ) ) ;
#1609 = EDGE_CURVE ( 'NONE', #716, #20, #1193, .T. ) ;
#1610 = ORIENTED_EDGE ( 'NONE', *, *, #1406, .F. ) ;
#1611 = LINE ( 'NONE', #829, #190 ) ;
#1612 =( NAMED_UNIT ( * ) SI_UNIT ( $, .STERADIAN. ) SOLID_ANGLE_UNIT ( ) );
#1613 = VECTOR ( 'NONE', #221, 1000.000000000000000 ) ;
#1614 = DIRECTION ( 'NONE',  ( -2.478176394252581141E-16, 0.0000000000000000000, 1.000000000000000000 ) ) ;
#1615 = VERTEX_POINT ( 'NONE', #1438 ) ;
#1616 = DIRECTION ( 'NONE',  ( 1.000000000000000000, 0.0000000000000000000, -0.0000000000000000000 ) ) ;
#1617 = DIRECTION ( 'NONE',  ( 0.0000000000000000000, 1.000000000000000000, 0.0000000000000000000 ) ) ;
#1618 = CARTESIAN_POINT ( 'NONE',  ( 13.90000000000000036, -0.4000000000000001887, 9.000000000000000000 ) ) ;
#1619 = ADVANCED_FACE ( 'NONE', ( #1897 ), #2742, .T. ) ;
#1620 = CARTESIAN_POINT ( 'NONE',  ( 16.25000000000000711, -5.000000000000000000, -9.000000000000000000 ) ) ;
#1621 = EDGE_CURVE ( 'NONE', #610, #29, #853, .T. ) ;
#1622 = SURFACE_STYLE_FILL_AREA ( #561 ) ;
#1623 = VERTEX_POINT ( 'NONE', #1314 ) ;
#1624 = PLANE ( 'NONE',  #1735 ) ;
#1625 = CARTESIAN_POINT ( 'NONE',  ( -13.90000000000000036, -0.4000000000000001887, 9.000000000000000000 ) ) ;
#1626 = DIRECTION ( 'NONE',  ( -1.000000000000000000, 3.491481338843133355E-15, 0.0000000000000000000 ) ) ;
#1627 = VERTEX_POINT ( 'NONE', #252 ) ;
#1628 = FACE_OUTER_BOUND ( 'NONE', #342, .T. ) ;
#1629 = PRODUCT_RELATED_PRODUCT_CATEGORY ( 'part', '', ( #171 ) ) ;
#1630 = CARTESIAN_POINT ( 'NONE',  ( -21.75000000000000000, -5.000000000000000000, 9.000000000000000000 ) ) ;
#1631 = ORIENTED_EDGE ( 'NONE', *, *, #996, .F. ) ;
#1632 = DIRECTION ( 'NONE',  ( 6.308085367188359673E-16, 0.0000000000000000000, 1.000000000000000000 ) ) ;
#1633 = AXIS2_PLACEMENT_3D ( 'NONE', #2566, #619, #2147 ) ;
#1634 = PRESENTATION_STYLE_ASSIGNMENT (( #2701 ) ) ;
#1635 = ORIENTED_EDGE ( 'NONE', *, *, #2476, .T. ) ;
#1636 = CIRCLE ( 'NONE', #192, 2.000000000000000000 ) ;
#1637 = CIRCLE ( 'NONE', #97, 5.999999999999994671 ) ;
#1638 = FACE_OUTER_BOUND ( 'NONE', #304, .T. ) ;
#1639 = LINE ( 'NONE', #2493, #1739 ) ;
#1640 = FACE_OUTER_BOUND ( 'NONE', #837, .T. ) ;
#1641 = EDGE_CURVE ( 'NONE', #2571, #2110, #1257, .T. ) ;
#1642 = VECTOR ( 'NONE', #216, 1000.000000000000000 ) ;
#1643 = ORIENTED_EDGE ( 'NONE', *, *, #2719, .T. ) ;
#1644 = LINE ( 'NONE', #1026, #2773 ) ;
#1645 = DIRECTION ( 'NONE',  ( -0.0000000000000000000, -0.0000000000000000000, 1.000000000000000000 ) ) ;
#1646 = CARTESIAN_POINT ( 'NONE',  ( -19.00000000000000000, -0.4000000000000001887, 9.000000000000000000 ) ) ;
#1647 = ORIENTED_EDGE ( 'NONE', *, *, #983, .F. ) ;
#1648 = DIRECTION ( 'NONE',  ( -0.0000000000000000000, 1.000000000000000000, -0.0000000000000000000 ) ) ;
#1649 = APPLICATION_CONTEXT ( 'automotive_design' ) ;
#1650 = ORIENTED_EDGE ( 'NONE', *, *, #849, .T. ) ;
#1651 = CARTESIAN_POINT ( 'NONE',  ( 12.00000000000000000, -2.999999999999999556, 15.49999999999999645 ) ) ;
#1652 = EDGE_CURVE ( 'NONE', #1185, #20, #441, .T. ) ;
#1653 = LINE ( 'NONE', #2082, #293 ) ;
#1654 = DIRECTION ( 'NONE',  ( -0.0000000000000000000, -1.000000000000000000, -0.0000000000000000000 ) ) ;
#1655 = AXIS2_PLACEMENT_3D ( 'NONE', #763, #1648, #1914 ) ;
#1656 = ORIENTED_EDGE ( 'NONE', *, *, #864, .F. ) ;
#1657 = AXIS2_PLACEMENT_3D ( 'NONE', #1296, #2592, #1268 ) ;
#1658 = FACE_BOUND ( 'NONE', #1215, .T. ) ;
#1659 = CARTESIAN_POINT ( 'NONE',  ( -12.00000000000000000, -2.999999999999999556, 15.49999999999999645 ) ) ;
#1660 = ORIENTED_EDGE ( 'NONE', *, *, #1105, .F. ) ;
#1661 = ADVANCED_FACE ( 'NONE', ( #1706 ), #635, .F. ) ;
#1662 = CARTESIAN_POINT ( 'NONE',  ( 25.00000000000000000, -5.000000000000000000, -14.00000000000000533 ) ) ;
#1663 = APPLICATION_PROTOCOL_DEFINITION ( 'draft international standard', 'automotive_design', 1998, #264 ) ;
#1664 = ORIENTED_EDGE ( 'NONE', *, *, #177, .F. ) ;
#1665 = CARTESIAN_POINT ( 'NONE',  ( -24.50000000000000000, 5.000000000000000000, 0.0000000000000000000 ) ) ;
#1666 = LINE ( 'NONE', #845, #1226 ) ;
#1667 = CIRCLE ( 'NONE', #585, 2.749999999999997335 ) ;
#1668 = ORIENTED_EDGE ( 'NONE', *, *, #381, .T. ) ;
#1669 = CARTESIAN_POINT ( 'NONE',  ( -19.00000000000000711, -0.4000000000000001887, -9.000000000000000000 ) ) ;
#1670 = CARTESIAN_POINT ( 'NONE',  ( -12.00000000000000000, 3.000000000000000444, 14.99999999999999645 ) ) ;
#1671 = CARTESIAN_POINT ( 'NONE',  ( 25.00000000000000000, 5.000000000000000000, 13.99999999999999112 ) ) ;
#1672 = EDGE_CURVE ( 'NONE', #1436, #453, #2547, .T. ) ;
#1673 = ORIENTED_EDGE ( 'NONE', *, *, #650, .F. ) ;
#1674 = CIRCLE ( 'NONE', #809, 5.099999999999998757 ) ;
#1675 = FACE_OUTER_BOUND ( 'NONE', #611, .T. ) ;
#1676 = EDGE_CURVE ( 'NONE', #142, #2606, #427, .T. ) ;
#1677 = ORIENTED_EDGE ( 'NONE', *, *, #1338, .F. ) ;
#1678 = EDGE_CURVE ( 'NONE', #131, #1590, #64, .T. ) ;
#1679 = PLANE ( 'NONE',  #598 ) ;
#1680 = CIRCLE ( 'NONE', #2577, 2.000000000000000000 ) ;
#1681 = FACE_OUTER_BOUND ( 'NONE', #475, .T. ) ;
#1682 = CARTESIAN_POINT ( 'NONE',  ( -12.69999999999999929, -5.000000000000000000, 13.19999999999999218 ) ) ;
#1683 = AXIS2_PLACEMENT_3D ( 'NONE', #1878, #2725, #1013 ) ;
#1684 = EDGE_LOOP ( 'NONE', ( #507, #2697, #2473, #1751 ) ) ;
#1685 = DIRECTION ( 'NONE',  ( -1.000000000000000000, 3.491481338843133750E-15, 0.0000000000000000000 ) ) ;
#1686 = AXIS2_PLACEMENT_3D ( 'NONE', #1700, #1027, #630 ) ;
#1687 = CARTESIAN_POINT ( 'NONE',  ( -35.00000000000000000, 0.0000000000000000000, 14.00000000000000000 ) ) ;
#1688 = FACE_BOUND ( 'NONE', #1510, .T. ) ;
#1689 = ORIENTED_EDGE ( 'NONE', *, *, #1308, .F. ) ;
#1690 = ORIENTED_EDGE ( 'NONE', *, *, #849, .F. ) ;
#1691 =( LENGTH_UNIT ( ) NAMED_UNIT ( * ) SI_UNIT ( .MILLI., .METRE. ) );
#1692 = MECHANICAL_DESIGN_GEOMETRIC_PRESENTATION_REPRESENTATION (  '', ( #1278 ), #2440 ) ;
#1693 = ORIENTED_EDGE ( 'NONE', *, *, #2570, .F. ) ;
#1694 = LINE ( 'NONE', #1957, #824 ) ;
#1695 = CARTESIAN_POINT ( 'NONE',  ( 0.9999999999999965583, 2.000000000000000000, 14.00000000000000000 ) ) ;
#1696 = EDGE_CURVE ( 'NONE', #2611, #1994, #306, .T. ) ;
#1697 = AXIS2_PLACEMENT_3D ( 'NONE', #2735, #798, #2243 ) ;
#1698 = ORIENTED_EDGE ( 'NONE', *, *, #2157, .T. ) ;
#1699 = CARTESIAN_POINT ( 'NONE',  ( -19.00000000000000000, -5.000000000000000000, 9.000000000000000000 ) ) ;
#1700 = CARTESIAN_POINT ( 'NONE',  ( -19.00000000000000711, -0.4000000000000001887, -9.000000000000000000 ) ) ;
#1701 = VECTOR ( 'NONE', #559, 1000.000000000000000 ) ;
#1702 = CARTESIAN_POINT ( 'NONE',  ( -13.90000000000000036, 5.000000000000000000, 9.000000000000000000 ) ) ;
#1703 = ORIENTED_EDGE ( 'NONE', *, *, #2215, .F. ) ;
#1704 = PRESENTATION_LAYER_ASSIGNMENT (  '', '', ( #978 ) ) ;
#1705 = CARTESIAN_POINT ( 'NONE',  ( -21.74999999999999645, -5.000000000000000000, 9.000000000000000000 ) ) ;
#1706 = FACE_OUTER_BOUND ( 'NONE', #2411, .T. ) ;
#1707 = EDGE_CURVE ( 'NONE', #2463, #2747, #472, .T. ) ;
#1708 = VECTOR ( 'NONE', #1558, 999.9999999999998863 ) ;
#1709 = EDGE_CURVE ( 'NONE', #2402, #785, #1291, .T. ) ;
#1710 = LINE ( 'NONE', #1932, #952 ) ;
#1711 = FILL_AREA_STYLE ('',( #1921 ) ) ;
#1712 = CARTESIAN_POINT ( 'NONE',  ( -11.50000000000000000, -3.499999999999999556, 14.99999999999999645 ) ) ;
#1713 = ADVANCED_FACE ( 'NONE', ( #322 ), #737, .T. ) ;
#1714 = VERTEX_POINT ( 'NONE', #2671 ) ;
#1715 = DIRECTION ( 'NONE',  ( 0.0000000000000000000, 0.0000000000000000000, 1.000000000000000000 ) ) ;
#1716 = AXIS2_PLACEMENT_3D ( 'NONE', #1909, #229, #386 ) ;
#1717 = CARTESIAN_POINT ( 'NONE',  ( -11.50000000000000000, 3.500000000000000444, 15.49999999999999645 ) ) ;
#1718 = CARTESIAN_POINT ( 'NONE',  ( -35.00000000000000000, 0.0000000000000000000, 14.00000000000000000 ) ) ;
#1719 = EDGE_LOOP ( 'NONE', ( #1099, #1113, #1883, #1194 ) ) ;
#1720 = ORIENTED_EDGE ( 'NONE', *, *, #521, .T. ) ;
#1721 = SURFACE_SIDE_STYLE ('',( #1299 ) ) ;
#1722 = VECTOR ( 'NONE', #1235, 1000.000000000000000 ) ;
#1723 = DIRECTION ( 'NONE',  ( 1.000000000000000000, 0.0000000000000000000, 0.0000000000000000000 ) ) ;
#1724 =( GEOMETRIC_REPRESENTATION_CONTEXT ( 3 ) GLOBAL_UNCERTAINTY_ASSIGNED_CONTEXT ( ( #1944 ) ) GLOBAL_UNIT_ASSIGNED_CONTEXT ( ( #1024, #2334, #1262 ) ) REPRESENTATION_CONTEXT ( 'NONE', 'WORKASPACE' ) );
#1725 = DIRECTION ( 'NONE',  ( 0.0000000000000000000, 0.0000000000000000000, 1.000000000000000000 ) ) ;
#1726 = DIRECTION ( 'NONE',  ( 0.0000000000000000000, 0.0000000000000000000, 1.000000000000000000 ) ) ;
#1727 = ADVANCED_FACE ( 'NONE', ( #1772 ), #1329, .F. ) ;
#1728 = FACE_OUTER_BOUND ( 'NONE', #1788, .T. ) ;
#1729 = ORIENTED_EDGE ( 'NONE', *, *, #2459, .T. ) ;
#1730 = VECTOR ( 'NONE', #715, 1000.000000000000000 ) ;
#1731 = CARTESIAN_POINT ( 'NONE',  ( 1.000000000000024647, 10.00000000000000000, -11.99999999999999467 ) ) ;
#1732 = EDGE_CURVE ( 'NONE', #2274, #1590, #63, .T. ) ;
#1733 = DIRECTION ( 'NONE',  ( -0.0000000000000000000, 1.000000000000000000, -0.0000000000000000000 ) ) ;
#1734 = DIRECTION ( 'NONE',  ( 0.0000000000000000000, 0.0000000000000000000, 1.000000000000000000 ) ) ;
#1735 = AXIS2_PLACEMENT_3D ( 'NONE', #109, #2480, #549 ) ;
#1736 = ORIENTED_EDGE ( 'NONE', *, *, #2075, .F. ) ;
#1737 = EDGE_LOOP ( 'NONE', ( #1386, #2764, #2000, #2127 ) ) ;
#1738 = PRESENTATION_LAYER_ASSIGNMENT (  '', '', ( #414 ) ) ;
#1739 = VECTOR ( 'NONE', #565, 1000.000000000000000 ) ;
#1740 = UNCERTAINTY_MEASURE_WITH_UNIT (LENGTH_MEASURE( 1.000000000000000082E-05 ), #990, 'distance_accuracy_value', 'NONE');
#1741 = DIRECTION ( 'NONE',  ( 0.0000000000000000000, 0.0000000000000000000, 1.000000000000000000 ) ) ;
#1742 = PLANE ( 'NONE',  #2489 ) ;
#1743 = EDGE_LOOP ( 'NONE', ( #1241, #1477, #137, #1470, #380 ) ) ;
#1744 = DIRECTION ( 'NONE',  ( -0.0000000000000000000, -0.0000000000000000000, -1.000000000000000000 ) ) ;
#1745 = PLANE ( 'NONE',  #1365 ) ;
#1746 = CARTESIAN_POINT ( 'NONE',  ( -29.00000000000000000, -0.001000000000000132727, 14.00000000000000711 ) ) ;
#1747 = ORIENTED_EDGE ( 'NONE', *, *, #2199, .F. ) ;
#1748 = EDGE_LOOP ( 'NONE', ( #295, #2528, #2609, #2707 ) ) ;
#1749 = DIRECTION ( 'NONE',  ( -1.000000000000000000, 0.0000000000000000000, 0.0000000000000000000 ) ) ;
#1750 = EDGE_CURVE ( 'NONE', #691, #220, #1106, .T. ) ;
#1751 = ORIENTED_EDGE ( 'NONE', *, *, #1641, .T. ) ;
#1752 = DIRECTION ( 'NONE',  ( -0.0000000000000000000, 1.000000000000000000, -0.0000000000000000000 ) ) ;
#1753 = CARTESIAN_POINT ( 'NONE',  ( 0.0000000000000000000, 3.000000000000000000, 14.00000000000000178 ) ) ;
#1754 = ORIENTED_EDGE ( 'NONE', *, *, #1814, .F. ) ;
#1755 = LINE ( 'NONE', #670, #2299 ) ;
#1756 =( LENGTH_UNIT ( ) NAMED_UNIT ( * ) SI_UNIT ( .MILLI., .METRE. ) );
#1757 = DIRECTION ( 'NONE',  ( 0.0000000000000000000, 0.0000000000000000000, -1.000000000000000000 ) ) ;
#1758 = ORIENTED_EDGE ( 'NONE', *, *, #471, .F. ) ;
#1759 = ORIENTED_EDGE ( 'NONE', *, *, #2142, .T. ) ;
#1760 = DIRECTION ( 'NONE',  ( 0.0000000000000000000, 0.0000000000000000000, 1.000000000000000000 ) ) ;
#1761 = ORIENTED_EDGE ( 'NONE', *, *, #740, .T. ) ;
#1762 = ORIENTED_EDGE ( 'NONE', *, *, #1306, .F. ) ;
#1763 = EDGE_CURVE ( 'NONE', #1331, #1900, #1943, .T. ) ;
#1764 = FACE_OUTER_BOUND ( 'NONE', #2694, .T. ) ;
#1765 = EDGE_CURVE ( 'NONE', #1530, #2571, #268, .T. ) ;
#1766 = VERTEX_POINT ( 'NONE', #921 ) ;
#1767 = DIRECTION ( 'NONE',  ( 1.000000000000000000, 0.0000000000000000000, 0.0000000000000000000 ) ) ;
#1768 = CARTESIAN_POINT ( 'NONE',  ( -25.00000000000000000, 5.000000000000000000, 13.99999999999999822 ) ) ;
#1769 = ORIENTED_EDGE ( 'NONE', *, *, #1763, .F. ) ;
#1770 = VECTOR ( 'NONE', #138, 1000.000000000000000 ) ;
#1771 = DIRECTION ( 'NONE',  ( -0.0000000000000000000, -0.0000000000000000000, -1.000000000000000000 ) ) ;
#1772 = FACE_OUTER_BOUND ( 'NONE', #2019, .T. ) ;
#1773 = EDGE_LOOP ( 'NONE', ( #2423, #981, #2354, #2417 ) ) ;
#1774 = VECTOR ( 'NONE', #1460, 1000.000000000000000 ) ;
#1775 = EDGE_CURVE ( 'NONE', #214, #2236, #1894, .T. ) ;
#1776 = CYLINDRICAL_SURFACE ( 'NONE', #2107, 2.000000000000000000 ) ;
#1777 = AXIS2_PLACEMENT_3D ( 'NONE', #2619, #2409, #244 ) ;
#1778 =( GEOMETRIC_REPRESENTATION_CONTEXT ( 3 ) GLOBAL_UNCERTAINTY_ASSIGNED_CONTEXT ( ( #1915 ) ) GLOBAL_UNIT_ASSIGNED_CONTEXT ( ( #2235, #68, #954 ) ) REPRESENTATION_CONTEXT ( 'NONE', 'WORKASPACE' ) );
#1779 = CARTESIAN_POINT ( 'NONE',  ( 21.75000000000000355, -5.000000000000000000, -9.000000000000000000 ) ) ;
#1780 = DIRECTION ( 'NONE',  ( -1.261617073437673512E-15, 0.0000000000000000000, 1.000000000000000000 ) ) ;
#1781 = VECTOR ( 'NONE', #623, 1000.000000000000114 ) ;
#1782 = ORIENTED_EDGE ( 'NONE', *, *, #207, .T. ) ;
#1783 = AXIS2_PLACEMENT_3D ( 'NONE', #1122, #2006, #899 ) ;
#1784 = PRODUCT_DEFINITION_FORMATION_WITH_SPECIFIED_SOURCE ( 'ANY', '', #1389, .NOT_KNOWN. ) ;
#1785 = CARTESIAN_POINT ( 'NONE',  ( -11.50000000000000000, 3.000000000000000444, 14.99999999999999645 ) ) ;
#1786 = ADVANCED_FACE ( 'NONE', ( #1790 ), #2415, .T. ) ;
#1787 = DIRECTION ( 'NONE',  ( 0.0000000000000000000, -1.000000000000000000, -0.0000000000000000000 ) ) ;
#1788 = EDGE_LOOP ( 'NONE', ( #2178, #1736, #1966, #2246 ) ) ;
#1789 = DIRECTION ( 'NONE',  ( 1.000000000000000000, 0.0000000000000000000, 0.0000000000000000000 ) ) ;
#1790 = FACE_OUTER_BOUND ( 'NONE', #1584, .T. ) ;
#1791 = ORIENTED_EDGE ( 'NONE', *, *, #471, .T. ) ;
#1792 = UNCERTAINTY_MEASURE_WITH_UNIT (LENGTH_MEASURE( 1.000000000000000082E-05 ), #2096, 'distance_accuracy_value', 'NONE');
#1793 = CIRCLE ( 'NONE', #1098, 2.750000000000012879 ) ;
#1794 = ORIENTED_EDGE ( 'NONE', *, *, #2406, .T. ) ;
#1795 = DIRECTION ( 'NONE',  ( -0.0000000000000000000, 1.000000000000000000, -0.0000000000000000000 ) ) ;
#1796 = VECTOR ( 'NONE', #389, 1000.000000000000000 ) ;
#1797 = AXIS2_PLACEMENT_3D ( 'NONE', #2340, #412, #2356 ) ;
#1798 = DIRECTION ( 'NONE',  ( 0.0000000000000000000, 0.0000000000000000000, 1.000000000000000000 ) ) ;
#1799 = DIRECTION ( 'NONE',  ( -0.0000000000000000000, 1.000000000000000000, -0.0000000000000000000 ) ) ;
#1800 = EDGE_CURVE ( 'NONE', #989, #2606, #2608, .T. ) ;
#1801 = VERTEX_POINT ( 'NONE', #1809 ) ;
#1802 = PRODUCT_DEFINITION_SHAPE ( 'NONE', 'NONE',  #2451 ) ;
#1803 =( LENGTH_UNIT ( ) NAMED_UNIT ( * ) SI_UNIT ( .MILLI., .METRE. ) );
#1804 = FACE_OUTER_BOUND ( 'NONE', #2586, .T. ) ;
#1805 = CARTESIAN_POINT ( 'NONE',  ( -29.00000000000000355, -0.001000000000000132727, -14.00000000000000000 ) ) ;
#1806 = VERTEX_POINT ( 'NONE', #2655 ) ;
#1807 = LINE ( 'NONE', #2668, #340 ) ;
#1808 = CARTESIAN_POINT ( 'NONE',  ( 11.50000000000000000, 3.500000000000000444, 15.49999999999999645 ) ) ;
#1809 = CARTESIAN_POINT ( 'NONE',  ( 1.000000000000031752, 12.00000000000000000, 12.00000000000000000 ) ) ;
#1810 = EDGE_LOOP ( 'NONE', ( #198, #1758, #15, #1835 ) ) ;
#1811 = DIRECTION ( 'NONE',  ( 1.000000000000000000, 0.0000000000000000000, -3.854941057726238590E-16 ) ) ;
#1812 = ORIENTED_EDGE ( 'NONE', *, *, #228, .T. ) ;
#1813 = DIRECTION ( 'NONE',  ( 0.0000000000000000000, 1.000000000000000000, 0.0000000000000000000 ) ) ;
#1814 = EDGE_CURVE ( 'NONE', #393, #1153, #2462, .T. ) ;
#1815 = DIRECTION ( 'NONE',  ( -0.0000000000000000000, 1.000000000000000000, -0.0000000000000000000 ) ) ;
#1816 = CARTESIAN_POINT ( 'NONE',  ( 3.000000000000024869, 9.999999999999992895, -13.99999999999999645 ) ) ;
#1817 = ORIENTED_EDGE ( 'NONE', *, *, #447, .F. ) ;
#1818 = CARTESIAN_POINT ( 'NONE',  ( 12.70000000000000107, -5.000000000000000000, 4.799999999999992717 ) ) ;
#1819 = CARTESIAN_POINT ( 'NONE',  ( 12.50000000000000178, -5.000000000000000000, 4.999999999999992006 ) ) ;
#1820 = DIRECTION ( 'NONE',  ( -1.000000000000000000, -0.0000000000000000000, -0.0000000000000000000 ) ) ;
#1821 = AXIS2_PLACEMENT_3D ( 'NONE', #1828, #2678, #743 ) ;
#1822 = FACE_OUTER_BOUND ( 'NONE', #1831, .T. ) ;
#1823 = EDGE_CURVE ( 'NONE', #2402, #1905, #78, .T. ) ;
#1824 = AXIS2_PLACEMENT_3D ( 'NONE', #2583, #2361, #1449 ) ;
#1825 = MECHANICAL_DESIGN_GEOMETRIC_PRESENTATION_REPRESENTATION (  '', ( #1826 ), #2231 ) ;
#1826 = STYLED_ITEM ( 'NONE', ( #2792 ), #1319 ) ;
#1827 = VERTEX_POINT ( 'NONE', #948 ) ;
#1828 = CARTESIAN_POINT ( 'NONE',  ( -19.00000000000000000, -0.4000000000000001887, 9.000000000000000000 ) ) ;
#1829 = DIRECTION ( 'NONE',  ( -3.469446951953614189E-15, -1.000000000000000000, 0.0000000000000000000 ) ) ;
#1830 = DIRECTION ( 'NONE',  ( 1.000000000000000000, 0.0000000000000000000, 0.0000000000000000000 ) ) ;
#1831 = EDGE_LOOP ( 'NONE', ( #2138, #805, #1689, #1812 ) ) ;
#1832 = ORIENTED_EDGE ( 'NONE', *, *, #2646, .F. ) ;
#1833 = LINE ( 'NONE', #946, #872 ) ;
#1834 = LINE ( 'NONE', #979, #256 ) ;
#1835 = ORIENTED_EDGE ( 'NONE', *, *, #1907, .T. ) ;
#1836 = DIRECTION ( 'NONE',  ( 0.0000000000000000000, -1.000000000000000000, 0.0000000000000000000 ) ) ;
#1837 = VECTOR ( 'NONE', #297, 1000.000000000000000 ) ;
#1838 = VECTOR ( 'NONE', #1508, 1000.000000000000000 ) ;
#1839 = COLOUR_RGB ( '',0.5999999999999999778, 0.5999999999999999778, 0.5999999999999999778 ) ;
#1840 = ORIENTED_EDGE ( 'NONE', *, *, #1199, .T. ) ;
#1841 = EDGE_CURVE ( 'NONE', #716, #1474, #2214, .T. ) ;
#1842 = SURFACE_STYLE_FILL_AREA ( #1190 ) ;
#1843 = CARTESIAN_POINT ( 'NONE',  ( -12.49999999999999822, -5.000000000000000000, 4.999999999999992006 ) ) ;
#1844 = DIRECTION ( 'NONE',  ( -0.0000000000000000000, -1.000000000000000000, -0.0000000000000000000 ) ) ;
#1845 = ORIENTED_EDGE ( 'NONE', *, *, #612, .T. ) ;
#1846 = AXIS2_PLACEMENT_3D ( 'NONE', #1571, #1112, #1760 ) ;
#1847 = CARTESIAN_POINT ( 'NONE',  ( -11.99999999999998757, 0.0000000000000000000, 5.250000000000000888 ) ) ;
#1848 = LINE ( 'NONE', #964, #2072 ) ;
#1849 = ORIENTED_EDGE ( 'NONE', *, *, #2425, .F. ) ;
#1850 = EDGE_CURVE ( 'NONE', #989, #2639, #2242, .T. ) ;
#1851 = DIRECTION ( 'NONE',  ( -0.0000000000000000000, 1.000000000000000000, -0.0000000000000000000 ) ) ;
#1852 = EDGE_CURVE ( 'NONE', #887, #610, #889, .T. ) ;
#1853 = FILL_AREA_STYLE_COLOUR ( '', #3 ) ;
#1854 = ORIENTED_EDGE ( 'NONE', *, *, #2788, .F. ) ;
#1855 = DIRECTION ( 'NONE',  ( 0.0000000000000000000, 0.0000000000000000000, 1.000000000000000000 ) ) ;
#1856 = CARTESIAN_POINT ( 'NONE',  ( -11.99999999999998934, 0.0000000000000000000, 10.75000000000002842 ) ) ;
#1857 = DIRECTION ( 'NONE',  ( -0.7071067811865469066, 0.0000000000000000000, 0.7071067811865482389 ) ) ;
#1858 = EDGE_CURVE ( 'NONE', #1210, #142, #677, .T. ) ;
#1859 = EDGE_LOOP ( 'NONE', ( #2381, #226, #341, #492 ) ) ;
#1860 = FACE_OUTER_BOUND ( 'NONE', #241, .T. ) ;
#1861 = CIRCLE ( 'NONE', #136, 5.099999999999997868 ) ;
#1862 = CARTESIAN_POINT ( 'NONE',  ( -25.00000000000000000, 4.500000000000000000, 13.99999999999999822 ) ) ;
#1863 = DIRECTION ( 'NONE',  ( 1.000000000000000000, 0.0000000000000000000, -0.0000000000000000000 ) ) ;
#1864 = ORIENTED_EDGE ( 'NONE', *, *, #2045, .F. ) ;
#1865 = ORIENTED_EDGE ( 'NONE', *, *, #1707, .F. ) ;
#1866 = CARTESIAN_POINT ( 'NONE',  ( 19.00000000000000000, 5.000000000000000000, 14.09999999999999787 ) ) ;
#1867 = CIRCLE ( 'NONE', #1078, 5.099999999999997868 ) ;
#1868 = EDGE_CURVE ( 'NONE', #1228, #20, #1197, .T. ) ;
#1869 = VERTEX_POINT ( 'NONE', #335 ) ;
#1870 = VECTOR ( 'NONE', #2404, 1000.000000000000000 ) ;
#1871 = DIRECTION ( 'NONE',  ( -0.0000000000000000000, -1.000000000000000000, 0.0000000000000000000 ) ) ;
#1872 = DIRECTION ( 'NONE',  ( 0.0000000000000000000, 0.0000000000000000000, 1.000000000000000000 ) ) ;
#1873 = CARTESIAN_POINT ( 'NONE',  ( 11.50000000000000000, 3.500000000000000444, 15.49999999999999645 ) ) ;
#1874 = VECTOR ( 'NONE', #1493, 1000.000000000000000 ) ;
#1875 = ORIENTED_EDGE ( 'NONE', *, *, #1186, .T. ) ;
#1876 = DIRECTION ( 'NONE',  ( -0.0000000000000000000, 1.000000000000000000, -0.0000000000000000000 ) ) ;
#1877 = ADVANCED_FACE ( 'NONE', ( #1224 ), #128, .T. ) ;
#1878 = CARTESIAN_POINT ( 'NONE',  ( -19.14644660940670562, 5.000000000000000000, 19.14644660940673759 ) ) ;
#1879 = LINE ( 'NONE', #1659, #1513 ) ;
#1880 = VECTOR ( 'NONE', #961, 1000.000000000000000 ) ;
#1881 = ORIENTED_EDGE ( 'NONE', *, *, #1439, .T. ) ;
#1882 = CARTESIAN_POINT ( 'NONE',  ( -24.10000000000000497, 5.000000000000000000, -9.000000000000000000 ) ) ;
#1883 = ORIENTED_EDGE ( 'NONE', *, *, #2684, .T. ) ;
#1884 = APPLICATION_PROTOCOL_DEFINITION ( 'draft international standard', 'automotive_design', 1998, #105 ) ;
#1885 = ORIENTED_EDGE ( 'NONE', *, *, #2075, .T. ) ;
#1886 = DIRECTION ( 'NONE',  ( 0.0000000000000000000, 1.000000000000000000, 0.0000000000000000000 ) ) ;
#1887 = DIRECTION ( 'NONE',  ( 0.0000000000000000000, 0.0000000000000000000, -1.000000000000000000 ) ) ;
#1888 = DIRECTION ( 'NONE',  ( 1.000000000000000000, 0.0000000000000000000, 2.478176394252581141E-16 ) ) ;
#1889 = ORIENTED_EDGE ( 'NONE', *, *, #2259, .T. ) ;
#1890 = PLANE ( 'NONE',  #1170 ) ;
#1891 = VECTOR ( 'NONE', #1734, 1000.000000000000000 ) ;
#1892 = DIRECTION ( 'NONE',  ( -0.0000000000000000000, 1.000000000000000000, -0.0000000000000000000 ) ) ;
#1893 = FACE_OUTER_BOUND ( 'NONE', #1021, .T. ) ;
#1894 = CIRCLE ( 'NONE', #1387, 2.750000000000009326 ) ;
#1895 = ORIENTED_EDGE ( 'NONE', *, *, #996, .T. ) ;
#1896 = ORIENTED_EDGE ( 'NONE', *, *, #2308, .F. ) ;
#1897 = FACE_OUTER_BOUND ( 'NONE', #185, .T. ) ;
#1898 = PRODUCT_DEFINITION_SHAPE ( 'NONE', 'NONE',  #2801 ) ;
#1899 =( LENGTH_UNIT ( ) NAMED_UNIT ( * ) SI_UNIT ( .MILLI., .METRE. ) );
#1900 = VERTEX_POINT ( 'NONE', #1410 ) ;
#1901 = CARTESIAN_POINT ( 'NONE',  ( -11.99999999999998934, 2.000000000000000000, -5.249999999999997335 ) ) ;
#1902 = DIRECTION ( 'NONE',  ( -1.000000000000000000, -0.0000000000000000000, -0.0000000000000000000 ) ) ;
#1903 = DIRECTION ( 'NONE',  ( 0.0000000000000000000, 0.0000000000000000000, 1.000000000000000000 ) ) ;
#1904 = VECTOR ( 'NONE', #1626, 1000.000000000000000 ) ;
#1905 = VERTEX_POINT ( 'NONE', #555 ) ;
#1906 = LINE ( 'NONE', #593, #1264 ) ;
#1907 = EDGE_CURVE ( 'NONE', #1954, #730, #1879, .T. ) ;
#1908 = PLANE ( 'NONE',  #2716 ) ;
#1909 = CARTESIAN_POINT ( 'NONE',  ( -19.00000000000000000, 5.000000000000000000, 9.000000000000000000 ) ) ;
#1910 = ORIENTED_EDGE ( 'NONE', *, *, #424, .T. ) ;
#1911 = ADVANCED_FACE ( 'NONE', ( #804 ), #2059, .F. ) ;
#1912 = EDGE_LOOP ( 'NONE', ( #2401, #527, #882, #1698, #965 ) ) ;
#1913 =( REPRESENTATION_RELATIONSHIP ('NONE','NONE', #1301, #53 ) REPRESENTATION_RELATIONSHIP_WITH_TRANSFORMATION ( #2746 )SHAPE_REPRESENTATION_RELATIONSHIP( ) );
#1914 = DIRECTION ( 'NONE',  ( 0.0000000000000000000, 0.0000000000000000000, 1.000000000000000000 ) ) ;
#1915 = UNCERTAINTY_MEASURE_WITH_UNIT (LENGTH_MEASURE( 1.000000000000000082E-05 ), #2235, 'distance_accuracy_value', 'NONE');
#1916 = EDGE_CURVE ( 'NONE', #323, #2571, #1848, .T. ) ;
#1917 = SURFACE_STYLE_FILL_AREA ( #2533 ) ;
#1918 =( GEOMETRIC_REPRESENTATION_CONTEXT ( 3 ) GLOBAL_UNCERTAINTY_ASSIGNED_CONTEXT ( ( #2626 ) ) GLOBAL_UNIT_ASSIGNED_CONTEXT ( ( #1282, #1090, #871 ) ) REPRESENTATION_CONTEXT ( 'NONE', 'WORKASPACE' ) );
#1919 = ORIENTED_EDGE ( 'NONE', *, *, #2461, .F. ) ;
#1920 = CARTESIAN_POINT ( 'NONE',  ( 1.000000000000024647, 10.00000000000000000, 12.00000000000000000 ) ) ;
#1921 = FILL_AREA_STYLE_COLOUR ( '', #379 ) ;
#1922 = DIRECTION ( 'NONE',  ( 0.0000000000000000000, 0.0000000000000000000, 1.000000000000000000 ) ) ;
#1923 = AXIS2_PLACEMENT_3D ( 'NONE', #272, #2190, #1798 ) ;
#1924 = EDGE_LOOP ( 'NONE', ( #1468, #2757, #27, #1263 ) ) ;
#1925 = CYLINDRICAL_SURFACE ( 'NONE', #1686, 5.099999999999997868 ) ;
#1926 = CARTESIAN_POINT ( 'NONE',  ( 0.0000000000000000000, -5.000000000000000000, 0.0000000000000000000 ) ) ;
#1927 = ORIENTED_EDGE ( 'NONE', *, *, #532, .T. ) ;
#1928 = DIRECTION ( 'NONE',  ( 1.000000000000000000, 0.0000000000000000000, 2.478176394252581141E-16 ) ) ;
#1929 =( NAMED_UNIT ( * ) SI_UNIT ( $, .STERADIAN. ) SOLID_ANGLE_UNIT ( ) );
#1930 = EDGE_CURVE ( 'NONE', #34, #780, #359, .T. ) ;
#1931 = COLOUR_RGB ( '',0.5999999999999999778, 0.5999999999999999778, 0.5999999999999999778 ) ;
#1932 = CARTESIAN_POINT ( 'NONE',  ( 16.25000000000000711, -5.000000000000000000, -9.000000000000000000 ) ) ;
#1933 =( LENGTH_UNIT ( ) NAMED_UNIT ( * ) SI_UNIT ( .MILLI., .METRE. ) );
#1934 = DIRECTION ( 'NONE',  ( 0.0000000000000000000, 1.000000000000000000, 0.0000000000000000000 ) ) ;
#1935 = EDGE_CURVE ( 'NONE', #1974, #2468, #1399, .T. ) ;
#1936 = ORIENTED_EDGE ( 'NONE', *, *, #1188, .T. ) ;
#1937 = SURFACE_STYLE_FILL_AREA ( #1265 ) ;
#1938 = DIRECTION ( 'NONE',  ( 1.000000000000000000, 0.0000000000000000000, 0.0000000000000000000 ) ) ;
#1939 = FACE_BOUND ( 'NONE', #1912, .T. ) ;
#1940 = VERTEX_POINT ( 'NONE', #2087 ) ;
#1941 = DIRECTION ( 'NONE',  ( 0.0000000000000000000, 0.0000000000000000000, 1.000000000000000000 ) ) ;
#1942 =( NAMED_UNIT ( * ) PLANE_ANGLE_UNIT ( ) SI_UNIT ( $, .RADIAN. ) );
#1943 = CIRCLE ( 'NONE', #794, 2.749999999999997335 ) ;
#1944 = UNCERTAINTY_MEASURE_WITH_UNIT (LENGTH_MEASURE( 1.000000000000000082E-05 ), #1024, 'distance_accuracy_value', 'NONE');
#1945 = ADVANCED_FACE ( 'NONE', ( #1166 ), #372, .F. ) ;
#1946 = EDGE_CURVE ( 'NONE', #1589, #2313, #1184, .T. ) ;
#1947 = CARTESIAN_POINT ( 'NONE',  ( 12.50000000000000178, -4.500000000000000888, 4.999999999999992006 ) ) ;
#1948 = CARTESIAN_POINT ( 'NONE',  ( 12.00000000000000000, -2.999999999999999556, 15.49999999999999645 ) ) ;
#1949 = LINE ( 'NONE', #1682, #1032 ) ;
#1950 = ORIENTED_EDGE ( 'NONE', *, *, #2514, .T. ) ;
#1951 = DIRECTION ( 'NONE',  ( -0.0000000000000000000, 1.000000000000000000, -0.0000000000000000000 ) ) ;
#1952 = EDGE_CURVE ( 'NONE', #1994, #1530, #761, .T. ) ;
#1953 = FACE_OUTER_BOUND ( 'NONE', #218, .T. ) ;
#1954 = VERTEX_POINT ( 'NONE', #749 ) ;
#1955 = ORIENTED_EDGE ( 'NONE', *, *, #43, .T. ) ;
#1956 = CARTESIAN_POINT ( 'NONE',  ( 12.70000000000000107, -5.000000000000000000, 4.799999999999992717 ) ) ;
#1957 = CARTESIAN_POINT ( 'NONE',  ( 1.000000000000000000, 2.999999999999996447, -14.00000000000000000 ) ) ;
#1958 = DIRECTION ( 'NONE',  ( -0.0000000000000000000, 1.000000000000000000, -0.0000000000000000000 ) ) ;
#1959 = ORIENTED_EDGE ( 'NONE', *, *, #1750, .T. ) ;
#1960 = VECTOR ( 'NONE', #1566, 1000.000000000000000 ) ;
#1961 = VECTOR ( 'NONE', #2435, 999.9999999999998863 ) ;
#1962 = CARTESIAN_POINT ( 'NONE',  ( -16.25000000000000000, -0.4000000000000001887, 9.000000000000000000 ) ) ;
#1963 = CARTESIAN_POINT ( 'NONE',  ( 24.10000000000000497, -0.4000000000000001887, -9.000000000000000000 ) ) ;
#1964 = CARTESIAN_POINT ( 'NONE',  ( -11.50000000000000000, -3.499999999999999556, 15.49999999999999645 ) ) ;
#1965 = AXIS2_PLACEMENT_3D ( 'NONE', #300, #1146, #2027 ) ;
#1966 = ORIENTED_EDGE ( 'NONE', *, *, #1230, .T. ) ;
#1967 = ADVANCED_FACE ( 'NONE', ( #1893, #1450 ), #2044, .T. ) ;
#1968 = LINE ( 'NONE', #12, #1781 ) ;
#1969 = VECTOR ( 'NONE', #16, 1000.000000000000000 ) ;
#1970 = PRESENTATION_LAYER_ASSIGNMENT (  '', '', ( #1826 ) ) ;
#1971 = EDGE_LOOP ( 'NONE', ( #346, #2282, #828, #2625 ) ) ;
#1972 = CARTESIAN_POINT ( 'NONE',  ( -25.00000000000000000, -5.000000000000000000, -13.99999999999999822 ) ) ;
#1973 = CARTESIAN_POINT ( 'NONE',  ( -11.99999999999998757, 2.000000000000000000, 10.75000000000002842 ) ) ;
#1974 = VERTEX_POINT ( 'NONE', #98 ) ;
#1975 = DIRECTION ( 'NONE',  ( -0.0000000000000000000, -1.000000000000000000, -0.0000000000000000000 ) ) ;
#1976 = ADVANCED_FACE ( 'NONE', ( #1423 ), #2280, .F. ) ;
#1977 = LINE ( 'NONE', #2002, #959 ) ;
#1978 = DIRECTION ( 'NONE',  ( -0.0000000000000000000, -0.0000000000000000000, -1.000000000000000000 ) ) ;
#1979 = ORIENTED_EDGE ( 'NONE', *, *, #2367, .T. ) ;
#1980 = ORIENTED_EDGE ( 'NONE', *, *, #629, .T. ) ;
#1981 = FACE_OUTER_BOUND ( 'NONE', #2774, .T. ) ;
#1982 = ADVANCED_FACE ( 'NONE', ( #2726 ), #790, .F. ) ;
#1983 = VECTOR ( 'NONE', #776, 1000.000000000000000 ) ;
#1984 = CARTESIAN_POINT ( 'NONE',  ( 11.50000000000000000, -3.499999999999999556, 15.49999999999999645 ) ) ;
#1985 = ORIENTED_EDGE ( 'NONE', *, *, #1641, .F. ) ;
#1986 = STYLED_ITEM ( 'NONE', ( #1058 ), #1619 ) ;
#1987 = FACE_OUTER_BOUND ( 'NONE', #2661, .T. ) ;
#1988 = CARTESIAN_POINT ( 'NONE',  ( 25.00000000000000000, 4.500000000000000000, -14.00000000000000533 ) ) ;
#1989 = ORIENTED_EDGE ( 'NONE', *, *, #612, .F. ) ;
#1990 = CARTESIAN_POINT ( 'NONE',  ( -25.99999999999999645, 2.000000000000000000, -10.75000000000001776 ) ) ;
#1991 = CARTESIAN_POINT ( 'NONE',  ( 12.50000000000000178, -4.500000000000000888, 4.999999999999992006 ) ) ;
#1992 = VERTEX_POINT ( 'NONE', #2740 ) ;
#1993 = CARTESIAN_POINT ( 'NONE',  ( 11.50000000000000000, -2.999999999999999556, 15.49999999999999645 ) ) ;
#1994 = VERTEX_POINT ( 'NONE', #2251 ) ;
#1995 = ORIENTED_EDGE ( 'NONE', *, *, #1732, .F. ) ;
#1996 = CARTESIAN_POINT ( 'NONE',  ( 3.000000000000000000, 2.999999999999989786, 14.00000000000000178 ) ) ;
#1997 = EDGE_CURVE ( 'NONE', #708, #1615, #1834, .T. ) ;
#1998 = CARTESIAN_POINT ( 'NONE',  ( -25.99999999999999289, 0.0000000000000000000, 10.75000000000002487 ) ) ;
#1999 = CARTESIAN_POINT ( 'NONE',  ( -12.49999999999999822, -4.500000000000000888, 12.99999999999999289 ) ) ;
#2000 = ORIENTED_EDGE ( 'NONE', *, *, #498, .T. ) ;
#2001 = SURFACE_STYLE_FILL_AREA ( #2408 ) ;
#2002 = CARTESIAN_POINT ( 'NONE',  ( -35.00000000000000000, -0.001000000000000132727, 8.000000000000015987 ) ) ;
#2003 = DIRECTION ( 'NONE',  ( 0.0000000000000000000, 1.000000000000000000, 0.0000000000000000000 ) ) ;
#2004 = MECHANICAL_DESIGN_GEOMETRIC_PRESENTATION_REPRESENTATION (  '', ( #2166 ), #2529 ) ;
#2005 = ORIENTED_EDGE ( 'NONE', *, *, #429, .T. ) ;
#2006 = DIRECTION ( 'NONE',  ( -0.0000000000000000000, -1.000000000000000000, -0.0000000000000000000 ) ) ;
#2007 = DIRECTION ( 'NONE',  ( 0.7071067811865474617, -0.0000000000000000000, -0.7071067811865474617 ) ) ;
#2008 = VERTEX_POINT ( 'NONE', #423 ) ;
#2009 = EDGE_CURVE ( 'NONE', #44, #2402, #1480, .T. ) ;
#2010 = CARTESIAN_POINT ( 'NONE',  ( -12.49999999999999822, -5.000000000000000000, 4.999999999999992006 ) ) ;
#2011 = LINE ( 'NONE', #2180, #1961 ) ;
#2012 = ORIENTED_EDGE ( 'NONE', *, *, #222, .F. ) ;
#2013 =( NAMED_UNIT ( * ) PLANE_ANGLE_UNIT ( ) SI_UNIT ( $, .RADIAN. ) );
#2014 = DIRECTION ( 'NONE',  ( 0.0000000000000000000, 0.0000000000000000000, 1.000000000000000000 ) ) ;
#2015 = CARTESIAN_POINT ( 'NONE',  ( -11.99999999999999112, 0.0000000000000000000, -10.75000000000002487 ) ) ;
#2016 = EDGE_LOOP ( 'NONE', ( #658, #2555, #2061, #2648 ) ) ;
#2017 = FILL_AREA_STYLE_COLOUR ( '', #1931 ) ;
#2018 = CARTESIAN_POINT ( 'NONE',  ( -25.99999999999999645, -0.001000000000000132727, -10.75000000000001776 ) ) ;
#2019 = EDGE_LOOP ( 'NONE', ( #1482, #1895, #2033, #1209 ) ) ;
#2020 = LINE ( 'NONE', #713, #2731 ) ;
#2021 = AXIS2_PLACEMENT_3D ( 'NONE', #1005, #2294, #1863 ) ;
#2022 = EDGE_CURVE ( 'NONE', #917, #1766, #201, .T. ) ;
#2023 = FILL_AREA_STYLE_COLOUR ( '', #1227 ) ;
#2024 = VECTOR ( 'NONE', #938, 1000.000000000000000 ) ;
#2025 = ORIENTED_EDGE ( 'NONE', *, *, #2245, .F. ) ;
#2026 = PRODUCT_DEFINITION_SHAPE ( 'NONE', 'NONE',  #2800 ) ;
#2027 = DIRECTION ( 'NONE',  ( 0.0000000000000000000, -1.000000000000000000, -3.469446951953614189E-16 ) ) ;
#2028 = DIRECTION ( 'NONE',  ( 0.7071067811865469066, 0.0000000000000000000, -0.7071067811865482389 ) ) ;
#2029 = LINE ( 'NONE', #302, #2203 ) ;
#2030 = VERTEX_POINT ( 'NONE', #1702 ) ;
#2031 = DIRECTION ( 'NONE',  ( 0.0000000000000000000, 0.0000000000000000000, -1.000000000000000000 ) ) ;
#2032 = CARTESIAN_POINT ( 'NONE',  ( 19.00000000000000000, -0.4000000000000001887, 14.09999999999999787 ) ) ;
#2033 = ORIENTED_EDGE ( 'NONE', *, *, #1097, .T. ) ;
#2034 = PLANE ( 'NONE',  #60 ) ;
#2035 = VECTOR ( 'NONE', #1093, 1000.000000000000000 ) ;
#2036 = ADVANCED_FACE ( 'NONE', ( #2784, #1939, #875, #1688 ), #2558, .T. ) ;
#2037 = ORIENTED_EDGE ( 'NONE', *, *, #2063, .F. ) ;
#2038 = LINE ( 'NONE', #85, #236 ) ;
#2039 = CARTESIAN_POINT ( 'NONE',  ( 3.000000000000024869, 9.999999999999992895, 12.00000000000000000 ) ) ;
#2040 = FACE_OUTER_BOUND ( 'NONE', #766, .T. ) ;
#2041 = ORIENTED_EDGE ( 'NONE', *, *, #1997, .F. ) ;
#2042 =( NAMED_UNIT ( * ) PLANE_ANGLE_UNIT ( ) SI_UNIT ( $, .RADIAN. ) );
#2043 = FACE_BOUND ( 'NONE', #860, .T. ) ;
#2044 = PLANE ( 'NONE',  #1192 ) ;
#2045 = EDGE_CURVE ( 'NONE', #2667, #1869, #1254, .T. ) ;
#2046 = LINE ( 'NONE', #102, #1287 ) ;
#2047 = AXIS2_PLACEMENT_3D ( 'NONE', #1779, #444, #2631 ) ;
#2048 = VECTOR ( 'NONE', #869, 1000.000000000000000 ) ;
#2049 = AXIS2_PLACEMENT_3D ( 'NONE', #1519, #275, #1107 ) ;
#2050 = CARTESIAN_POINT ( 'NONE',  ( -24.00000000000000000, 5.000000000000000000, -15.00000000000000178 ) ) ;
#2051 =( GEOMETRIC_REPRESENTATION_CONTEXT ( 3 ) GLOBAL_UNCERTAINTY_ASSIGNED_CONTEXT ( ( #208 ) ) GLOBAL_UNIT_ASSIGNED_CONTEXT ( ( #2763, #2789, #855 ) ) REPRESENTATION_CONTEXT ( 'NONE', 'WORKASPACE' ) );
#2052 = VERTEX_POINT ( 'NONE', #217 ) ;
#2053 = LINE ( 'NONE', #2508, #1536 ) ;
#2054 = DIRECTION ( 'NONE',  ( 1.000000000000000000, -3.491481338843133750E-15, -0.0000000000000000000 ) ) ;
#2055 = CARTESIAN_POINT ( 'NONE',  ( 12.50000000000000178, -4.500000000000000888, 12.99999999999999289 ) ) ;
#2056 = ORIENTED_EDGE ( 'NONE', *, *, #1850, .F. ) ;
#2057 = EDGE_CURVE ( 'NONE', #393, #1094, #645, .T. ) ;
#2058 = CARTESIAN_POINT ( 'NONE',  ( 19.00000000000000000, -0.4000000000000001887, 9.000000000000000000 ) ) ;
#2059 = PLANE ( 'NONE',  #651 ) ;
#2060 = EDGE_CURVE ( 'NONE', #29, #1029, #862, .T. ) ;
#2061 = ORIENTED_EDGE ( 'NONE', *, *, #2630, .T. ) ;
#2062 = FACE_OUTER_BOUND ( 'NONE', #2314, .T. ) ;
#2063 = EDGE_CURVE ( 'NONE', #426, #738, #704, .T. ) ;
#2064 = CIRCLE ( 'NONE', #2149, 2.750000000000012879 ) ;
#2065 = LINE ( 'NONE', #729, #825 ) ;
#2066 = ORIENTED_EDGE ( 'NONE', *, *, #1935, .T. ) ;
#2067 = LINE ( 'NONE', #537, #1592 ) ;
#2068 = CARTESIAN_POINT ( 'NONE',  ( 24.50000000000000000, 5.000000000000000000, 0.0000000000000000000 ) ) ;
#2069 = AXIS2_PLACEMENT_3D ( 'NONE', #2446, #710, #514 ) ;
#2070 = DIRECTION ( 'NONE',  ( 3.854941057726238097E-16, 0.0000000000000000000, 1.000000000000000000 ) ) ;
#2071 = ORIENTED_EDGE ( 'NONE', *, *, #1074, .T. ) ;
#2072 = VECTOR ( 'NONE', #2485, 1000.000000000000000 ) ;
#2073 = CYLINDRICAL_SURFACE ( 'NONE', #1497, 5.099999999999998757 ) ;
#2074 = DIRECTION ( 'NONE',  ( 1.000000000000000000, 0.0000000000000000000, 0.0000000000000000000 ) ) ;
#2075 = EDGE_CURVE ( 'NONE', #2407, #6, #2272, .T. ) ;
#2076 = ORIENTED_EDGE ( 'NONE', *, *, #2672, .F. ) ;
#2077 = ORIENTED_EDGE ( 'NONE', *, *, #949, .F. ) ;
#2078 = DIRECTION ( 'NONE',  ( 1.000000000000000000, 0.0000000000000000000, 3.854941057726238097E-16 ) ) ;
#2079 = VECTOR ( 'NONE', #1830, 1000.000000000000000 ) ;
#2080 = ORIENTED_EDGE ( 'NONE', *, *, #1421, .T. ) ;
#2081 = CARTESIAN_POINT ( 'NONE',  ( -24.09999999999999787, 5.000000000000000000, 9.000000000000000000 ) ) ;
#2082 = CARTESIAN_POINT ( 'NONE',  ( 21.86909430915195429, 7.630905690848049261, -12.70313640033961633 ) ) ;
#2083 = LINE ( 'NONE', #2482, #2121 ) ;
#2084 = VERTEX_POINT ( 'NONE', #2136 ) ;
#2085 = CIRCLE ( 'NONE', #2341, 0.5000000000000004441 ) ;
#2086 = FACE_OUTER_BOUND ( 'NONE', #1121, .T. ) ;
#2087 = CARTESIAN_POINT ( 'NONE',  ( 1.000000000000024647, 10.00000000000000000, -13.99999999999999645 ) ) ;
#2088 = ORIENTED_EDGE ( 'NONE', *, *, #1362, .F. ) ;
#2089 = DIRECTION ( 'NONE',  ( -0.0000000000000000000, 1.000000000000000000, -0.0000000000000000000 ) ) ;
#2090 = EDGE_CURVE ( 'NONE', #967, #1382, #183, .T. ) ;
#2091 = VECTOR ( 'NONE', #17, 1000.000000000000000 ) ;
#2092 = DIRECTION ( 'NONE',  ( 1.000000000000000000, 3.328006943901143554E-31, -1.665334536937731852E-16 ) ) ;
#2093 = ORIENTED_EDGE ( 'NONE', *, *, #2514, .F. ) ;
#2094 = EDGE_CURVE ( 'NONE', #742, #1623, #2353, .T. ) ;
#2095 = AXIS2_PLACEMENT_3D ( 'NONE', #2058, #1617, #2293 ) ;
#2096 =( LENGTH_UNIT ( ) NAMED_UNIT ( * ) SI_UNIT ( .MILLI., .METRE. ) );
#2097 = FACE_OUTER_BOUND ( 'NONE', #1517, .T. ) ;
#2098 = LINE ( 'NONE', #1418, #2430 ) ;
#2099 = AXIS2_PLACEMENT_3D ( 'NONE', #301, #1815, #1148 ) ;
#2100 = ORIENTED_EDGE ( 'NONE', *, *, #2057, .F. ) ;
#2101 = CARTESIAN_POINT ( 'NONE',  ( -35.00000000000000000, 0.0000000000000000000, 8.000000000000015987 ) ) ;
#2102 = CARTESIAN_POINT ( 'NONE',  ( 25.00000000000000000, -5.000000000000000000, 13.99999999999999112 ) ) ;
#2103 = AXIS2_PLACEMENT_3D ( 'NONE', #485, #2198, #62 ) ;
#2104 = VERTEX_POINT ( 'NONE', #438 ) ;
#2105 = CARTESIAN_POINT ( 'NONE',  ( 13.90000000000000036, 5.000000000000000000, 9.000000000000000000 ) ) ;
#2106 = EDGE_LOOP ( 'NONE', ( #1447, #976, #2681, #1432 ) ) ;
#2107 = AXIS2_PLACEMENT_3D ( 'NONE', #1591, #2675, #739 ) ;
#2108 = DIRECTION ( 'NONE',  ( -3.854941057726238097E-16, 0.0000000000000000000, 1.000000000000000000 ) ) ;
#2109 = CARTESIAN_POINT ( 'NONE',  ( 3.000000000000031530, 11.99999999999999289, 14.00000000000000000 ) ) ;
#2110 = VERTEX_POINT ( 'NONE', #1067 ) ;
#2111 = LINE ( 'NONE', #594, #685 ) ;
#2112 = CARTESIAN_POINT ( 'NONE',  ( 0.0000000000000000000, 3.000000000000000000, -14.00000000000000000 ) ) ;
#2113 = ADVANCED_FACE ( 'NONE', ( #850, #819, #10 ), #1041, .F. ) ;
#2114 = ADVANCED_FACE ( 'NONE', ( #1953 ), #2797, .F. ) ;
#2115 = ORIENTED_EDGE ( 'NONE', *, *, #1800, .T. ) ;
#2116 = CARTESIAN_POINT ( 'NONE',  ( -11.99999999999998757, 0.0000000000000000000, 8.000000000000014211 ) ) ;
#2117 =( NAMED_UNIT ( * ) PLANE_ANGLE_UNIT ( ) SI_UNIT ( $, .RADIAN. ) );
#2118 = DIRECTION ( 'NONE',  ( -0.7071067811865475727, 0.0000000000000000000, 0.7071067811865475727 ) ) ;
#2119 = CARTESIAN_POINT ( 'NONE',  ( -11.50000000000000000, 3.500000000000000444, 14.99999999999999645 ) ) ;
#2120 = SURFACE_STYLE_USAGE ( .BOTH. , #197 ) ;
#2121 = VECTOR ( 'NONE', #2495, 1000.000000000000000 ) ;
#2122 = ORIENTED_EDGE ( 'NONE', *, *, #929, .T. ) ;
#2123 = EDGE_CURVE ( 'NONE', #1801, #1623, #2544, .T. ) ;
#2124 = FACE_OUTER_BOUND ( 'NONE', #1255, .T. ) ;
#2125 = DIRECTION ( 'NONE',  ( -1.000000000000000000, 0.0000000000000000000, 0.0000000000000000000 ) ) ;
#2126 = ORIENTED_EDGE ( 'NONE', *, *, #2394, .T. ) ;
#2127 = ORIENTED_EDGE ( 'NONE', *, *, #1248, .T. ) ;
#2128 = CARTESIAN_POINT ( 'NONE',  ( 0.0000000000000000000, 0.0000000000000000000, 14.00000000000000000 ) ) ;
#2129 = EDGE_CURVE ( 'NONE', #453, #1094, #129, .T. ) ;
#2130 = DIRECTION ( 'NONE',  ( -0.7071067811865469066, 0.0000000000000000000, 0.7071067811865482389 ) ) ;
#2131 = CARTESIAN_POINT ( 'NONE',  ( 21.75000000000000000, -5.000000000000000000, 9.000000000000000000 ) ) ;
#2132 = ORIENTED_EDGE ( 'NONE', *, *, #392, .F. ) ;
#2133 = DIRECTION ( 'NONE',  ( 0.0000000000000000000, 0.0000000000000000000, 1.000000000000000000 ) ) ;
#2134 = PRESENTATION_LAYER_ASSIGNMENT (  '', '', ( #1451 ) ) ;
#2135 = LINE ( 'NONE', #620, #1363 ) ;
#2136 = CARTESIAN_POINT ( 'NONE',  ( 12.50000000000000178, -5.000000000000000000, 12.99999999999999289 ) ) ;
#2137 = VERTEX_POINT ( 'NONE', #1240 ) ;
#2138 = ORIENTED_EDGE ( 'NONE', *, *, #134, .F. ) ;
#2139 = CIRCLE ( 'NONE', #919, 2.750000000000009326 ) ;
#2140 = ADVANCED_FACE ( 'NONE', ( #1028 ), #2754, .F. ) ;
#2141 = AXIS2_PLACEMENT_3D ( 'NONE', #2708, #2513, #143 ) ;
#2142 = EDGE_CURVE ( 'NONE', #1615, #2747, #77, .T. ) ;
#2143 = DIRECTION ( 'NONE',  ( -0.0000000000000000000, 1.000000000000000000, -0.0000000000000000000 ) ) ;
#2144 = DIRECTION ( 'NONE',  ( -1.000000000000000000, 0.0000000000000000000, 1.084202172485504434E-16 ) ) ;
#2145 = FACE_OUTER_BOUND ( 'NONE', #278, .T. ) ;
#2146 = ORIENTED_EDGE ( 'NONE', *, *, #1435, .F. ) ;
#2147 = DIRECTION ( 'NONE',  ( 1.000000000000000000, 0.0000000000000000000, 0.0000000000000000000 ) ) ;
#2148 = CARTESIAN_POINT ( 'NONE',  ( 0.0000000000000000000, 5.000000000000000000, 0.0000000000000000000 ) ) ;
#2149 = AXIS2_PLACEMENT_3D ( 'NONE', #2116, #352, #1632 ) ;
#2150 = DIRECTION ( 'NONE',  ( 0.0000000000000000000, -1.000000000000000000, -0.0000000000000000000 ) ) ;
#2151 = EDGE_LOOP ( 'NONE', ( #2450, #1955, #1157, #205 ) ) ;
#2152 = MECHANICAL_DESIGN_GEOMETRIC_PRESENTATION_REPRESENTATION (  '', ( #1986 ), #261 ) ;
#2153 = ORIENTED_EDGE ( 'NONE', *, *, #1852, .F. ) ;
#2154 = CARTESIAN_POINT ( 'NONE',  ( 24.00000000000000000, 4.500000000000000000, 14.99999999999999289 ) ) ;
#2155 = AXIS2_PLACEMENT_3D ( 'NONE', #1471, #2365, #2329 ) ;
#2156 = LINE ( 'NONE', #1246, #2303 ) ;
#2157 = EDGE_CURVE ( 'NONE', #406, #203, #1667, .T. ) ;
#2158 = DIRECTION ( 'NONE',  ( -3.854941057726238097E-16, 0.0000000000000000000, 1.000000000000000000 ) ) ;
#2159 = EDGE_LOOP ( 'NONE', ( #2192, #1400, #2317, #1084 ) ) ;
#2160 = LINE ( 'NONE', #2783, #1315 ) ;
#2161 = DIRECTION ( 'NONE',  ( 1.000000000000000000, -3.491481338843133355E-15, -0.0000000000000000000 ) ) ;
#2162 = ORIENTED_EDGE ( 'NONE', *, *, #753, .T. ) ;
#2163 = CARTESIAN_POINT ( 'NONE',  ( 12.50000000000000178, -5.000000000000000000, 4.999999999999992006 ) ) ;
#2164 = ADVANCED_FACE ( 'NONE', ( #690 ), #1108, .T. ) ;
#2165 = CARTESIAN_POINT ( 'NONE',  ( -21.75000000000000355, -5.000000000000000000, -9.000000000000000000 ) ) ;
#2166 = STYLED_ITEM ( 'NONE', ( #1337 ), #350 ) ;
#2167 = LINE ( 'NONE', #653, #505 ) ;
#2168 = EDGE_CURVE ( 'NONE', #220, #2349, #2620, .T. ) ;
#2169 = ORIENTED_EDGE ( 'NONE', *, *, #2367, .F. ) ;
#2170 = PLANE ( 'NONE',  #951 ) ;
#2171 = PRESENTATION_STYLE_ASSIGNMENT (( #450 ) ) ;
#2172 = DIRECTION ( 'NONE',  ( 0.0000000000000000000, 0.0000000000000000000, -1.000000000000000000 ) ) ;
#2173 = CIRCLE ( 'NONE', #2095, 2.749999999999997335 ) ;
#2174 = ORIENTED_EDGE ( 'NONE', *, *, #1306, .T. ) ;
#2175 = CARTESIAN_POINT ( 'NONE',  ( 13.90000000000000036, -0.4000000000000001887, 9.000000000000000000 ) ) ;
#2176 =( GEOMETRIC_REPRESENTATION_CONTEXT ( 3 ) GLOBAL_UNCERTAINTY_ASSIGNED_CONTEXT ( ( #2548 ) ) GLOBAL_UNIT_ASSIGNED_CONTEXT ( ( #1756, #344, #1612 ) ) REPRESENTATION_CONTEXT ( 'NONE', 'WORKASPACE' ) );
#2177 = SURFACE_STYLE_USAGE ( .BOTH. , #1485 ) ;
#2178 = ORIENTED_EDGE ( 'NONE', *, *, #2389, .F. ) ;
#2179 = CARTESIAN_POINT ( 'NONE',  ( -25.99999999999999289, -0.001000000000000132727, -8.000000000000010658 ) ) ;
#2180 = CARTESIAN_POINT ( 'NONE',  ( -24.00000000000000000, 4.500000000000000000, -15.00000000000000178 ) ) ;
#2181 = ORIENTED_EDGE ( 'NONE', *, *, #2269, .F. ) ;
#2182 = CARTESIAN_POINT ( 'NONE',  ( 1.572093150103980838E-15, 5.000000000000000000, 14.49999999999999467 ) ) ;
#2183 = FACE_OUTER_BOUND ( 'NONE', #1140, .T. ) ;
#2184 = LINE ( 'NONE', #47, #991 ) ;
#2185 = ORIENTED_EDGE ( 'NONE', *, *, #166, .F. ) ;
#2186 = CARTESIAN_POINT ( 'NONE',  ( 24.50000000000000000, 5.000000000000000000, 0.0000000000000000000 ) ) ;
#2187 = DIRECTION ( 'NONE',  ( 0.0000000000000000000, 0.0000000000000000000, 1.000000000000000000 ) ) ;
#2188 = EDGE_LOOP ( 'NONE', ( #548, #100, #2442, #1305 ) ) ;
#2189 = DIRECTION ( 'NONE',  ( -0.0000000000000000000, -0.0000000000000000000, -1.000000000000000000 ) ) ;
#2190 = DIRECTION ( 'NONE',  ( 0.0000000000000000000, 1.000000000000000000, 0.0000000000000000000 ) ) ;
#2191 = FACE_OUTER_BOUND ( 'NONE', #2690, .T. ) ;
#2192 = ORIENTED_EDGE ( 'NONE', *, *, #87, .F. ) ;
#2193 =( NAMED_UNIT ( * ) SI_UNIT ( $, .STERADIAN. ) SOLID_ANGLE_UNIT ( ) );
#2194 = DIRECTION ( 'NONE',  ( -0.0000000000000000000, 1.000000000000000000, -0.0000000000000000000 ) ) ;
#2195 = DIRECTION ( 'NONE',  ( 0.7071067811865482389, 0.0000000000000000000, 0.7071067811865469066 ) ) ;
#2196 = ORIENTED_EDGE ( 'NONE', *, *, #2461, .T. ) ;
#2197 = EDGE_LOOP ( 'NONE', ( #265, #2496, #563, #2302 ) ) ;
#2198 = DIRECTION ( 'NONE',  ( -1.000000000000000000, 0.0000000000000000000, 0.0000000000000000000 ) ) ;
#2199 = EDGE_CURVE ( 'NONE', #2104, #1714, #1554, .T. ) ;
#2200 = VECTOR ( 'NONE', #2161, 1000.000000000000000 ) ;
#2201 = DIRECTION ( 'NONE',  ( 0.0000000000000000000, 0.0000000000000000000, -1.000000000000000000 ) ) ;
#2202 = VERTEX_POINT ( 'NONE', #1533 ) ;
#2203 = VECTOR ( 'NONE', #2395, 1000.000000000000000 ) ;
#2204 = CARTESIAN_POINT ( 'NONE',  ( -16.25000000000000711, -5.000000000000000000, -9.000000000000000000 ) ) ;
#2205 = ORIENTED_EDGE ( 'NONE', *, *, #1621, .F. ) ;
#2206 = CARTESIAN_POINT ( 'NONE',  ( 16.25000000000000711, -5.000000000000000000, -9.000000000000000000 ) ) ;
#2207 = DIRECTION ( 'NONE',  ( 0.0000000000000000000, 0.0000000000000000000, -1.000000000000000000 ) ) ;
#2208 = ORIENTED_EDGE ( 'NONE', *, *, #2382, .T. ) ;
#2209 = CARTESIAN_POINT ( 'NONE',  ( -19.00000000000000000, -0.4000000000000001887, 14.09999999999999787 ) ) ;
#2210 = DIRECTION ( 'NONE',  ( -0.0000000000000000000, 1.000000000000000000, -0.0000000000000000000 ) ) ;
#2211 = DIRECTION ( 'NONE',  ( -0.7071067811865474617, 0.0000000000000000000, -0.7071067811865474617 ) ) ;
#2212 = ORIENTED_EDGE ( 'NONE', *, *, #1498, .F. ) ;
#2213 = COLOUR_RGB ( '',0.5999999999999999778, 0.5999999999999999778, 0.5999999999999999778 ) ;
#2214 = LINE ( 'NONE', #1537, #353 ) ;
#2215 = EDGE_CURVE ( 'NONE', #930, #730, #897, .T. ) ;
#2216 = EDGE_LOOP ( 'NONE', ( #1936, #384, #891, #2181 ) ) ;
#2217 = EDGE_LOOP ( 'NONE', ( #1009, #2205, #2153, #895 ) ) ;
#2218 = PLANE ( 'NONE',  #1014 ) ;
#2219 = CIRCLE ( 'NONE', #826, 2.749999999999997335 ) ;
#2220 =( GEOMETRIC_REPRESENTATION_CONTEXT ( 3 ) GLOBAL_UNCERTAINTY_ASSIGNED_CONTEXT ( ( #516 ) ) GLOBAL_UNIT_ASSIGNED_CONTEXT ( ( #1594, #779, #2477 ) ) REPRESENTATION_CONTEXT ( 'NONE', 'WORKASPACE' ) );
#2221 = DIRECTION ( 'NONE',  ( 0.0000000000000000000, 0.0000000000000000000, 1.000000000000000000 ) ) ;
#2222 = ORIENTED_EDGE ( 'NONE', *, *, #2090, .F. ) ;
#2223 = PLANE ( 'NONE',  #1965 ) ;
#2224 = PRODUCT_DEFINITION_FORMATION_WITH_SPECIFIED_SOURCE ( 'ANY', '', #309, .NOT_KNOWN. ) ;
#2225 = DIRECTION ( 'NONE',  ( 0.0000000000000000000, 1.000000000000000000, 0.0000000000000000000 ) ) ;
#2226 = CARTESIAN_POINT ( 'NONE',  ( -25.00000000000000000, 4.500000000000000000, -13.99999999999999822 ) ) ;
#2227 = ORIENTED_EDGE ( 'NONE', *, *, #284, .F. ) ;
#2228 = CARTESIAN_POINT ( 'NONE',  ( -24.50000000000000000, 5.000000000000000000, -13.79289321881344321 ) ) ;
#2229 = DIRECTION ( 'NONE',  ( -0.0000000000000000000, 1.000000000000000000, -0.0000000000000000000 ) ) ;
#2230 = VERTEX_POINT ( 'NONE', #2226 ) ;
#2231 =( GEOMETRIC_REPRESENTATION_CONTEXT ( 3 ) GLOBAL_UNCERTAINTY_ASSIGNED_CONTEXT ( ( #2368 ) ) GLOBAL_UNIT_ASSIGNED_CONTEXT ( ( #1933, #2320, #165 ) ) REPRESENTATION_CONTEXT ( 'NONE', 'WORKASPACE' ) );
#2232 = ORIENTED_EDGE ( 'NONE', *, *, #2060, .T. ) ;
#2233 = ADVANCED_FACE ( 'NONE', ( #706 ), #496, .F. ) ;
#2234 = DIRECTION ( 'NONE',  ( 0.0000000000000000000, 0.0000000000000000000, 1.000000000000000000 ) ) ;
#2235 =( LENGTH_UNIT ( ) NAMED_UNIT ( * ) SI_UNIT ( .MILLI., .METRE. ) );
#2236 = VERTEX_POINT ( 'NONE', #2603 ) ;
#2237 = CARTESIAN_POINT ( 'NONE',  ( 1.000000000000000000, 2.999999999999996447, -14.00000000000000000 ) ) ;
#2238 = DIRECTION ( 'NONE',  ( -0.7071067811865475727, -0.7071067811865475727, -0.0000000000000000000 ) ) ;
#2239 = CARTESIAN_POINT ( 'NONE',  ( 19.00000000000000711, 5.000000000000000000, -9.000000000000000000 ) ) ;
#2240 = ORIENTED_EDGE ( 'NONE', *, *, #1800, .F. ) ;
#2241 = DIRECTION ( 'NONE',  ( -0.0000000000000000000, 1.000000000000000000, -0.0000000000000000000 ) ) ;
#2242 = LINE ( 'NONE', #26, #1198 ) ;
#2243 = DIRECTION ( 'NONE',  ( 0.0000000000000000000, 0.0000000000000000000, 1.000000000000000000 ) ) ;
#2244 = VECTOR ( 'NONE', #155, 1000.000000000000000 ) ;
#2245 = EDGE_CURVE ( 'NONE', #1341, #2313, #2029, .T. ) ;
#2246 = ORIENTED_EDGE ( 'NONE', *, *, #1338, .T. ) ;
#2247 = ORIENTED_EDGE ( 'NONE', *, *, #936, .T. ) ;
#2248 = DIRECTION ( 'NONE',  ( 0.0000000000000000000, 0.0000000000000000000, 1.000000000000000000 ) ) ;
#2249 = EDGE_CURVE ( 'NONE', #742, #2309, #2665, .T. ) ;
#2250 = ORIENTED_EDGE ( 'NONE', *, *, #1841, .F. ) ;
#2251 = CARTESIAN_POINT ( 'NONE',  ( 25.00000000000000000, -5.000000000000000000, 13.99999999999999112 ) ) ;
#2252 = EDGE_CURVE ( 'NONE', #2052, #1132, #1326, .T. ) ;
#2253 = DIRECTION ( 'NONE',  ( 3.854941057726237604E-16, 0.0000000000000000000, -1.000000000000000000 ) ) ;
#2254 = COLOUR_RGB ( '',0.5999999999999999778, 0.5999999999999999778, 0.5999999999999999778 ) ;
#2255 = VECTOR ( 'NONE', #2210, 1000.000000000000000 ) ;
#2256 = SHAPE_REPRESENTATION_RELATIONSHIP ( 'NONE' , 'NONE' ,  #53, #2744 ) ;
#2257 = EDGE_LOOP ( 'NONE', ( #457, #618, #2702, #2657, #1286, #219 ) ) ;
#2258 = DIRECTION ( 'NONE',  ( 0.0000000000000000000, 0.0000000000000000000, -1.000000000000000000 ) ) ;
#2259 = EDGE_CURVE ( 'NONE', #2595, #1322, #2184, .T. ) ;
#2260 = CLOSED_SHELL ( 'NONE', ( #277, #2113, #886, #901, #1713, #1786, #1071, #751, #1727, #1481, #2434, #1586, #1557, #1492, #2467, #2593, #247, #2698, #728, #873, #407, #494, #103, #2494, #1458, #984 ) ) ;
#2261 = PLANE ( 'NONE',  #1274 ) ;
#2262 = DIRECTION ( 'NONE',  ( -0.0000000000000000000, -1.000000000000000000, -0.0000000000000000000 ) ) ;
#2263 = MECHANICAL_DESIGN_GEOMETRIC_PRESENTATION_REPRESENTATION (  '', ( #562 ), #2497 ) ;
#2264 = CARTESIAN_POINT ( 'NONE',  ( 11.50000000000000000, 3.000000000000000444, 15.49999999999999645 ) ) ;
#2265 = DIRECTION ( 'NONE',  ( 0.4999999999999981126, -0.7071067811865509034, 0.4999999999999971689 ) ) ;
#2266 = EDGE_LOOP ( 'NONE', ( #1673, #1189, #2227, #1397 ) ) ;
#2267 = ORIENTED_EDGE ( 'NONE', *, *, #1609, .T. ) ;
#2268 = FACE_OUTER_BOUND ( 'NONE', #1542, .T. ) ;
#2269 = EDGE_CURVE ( 'NONE', #575, #2104, #916, .T. ) ;
#2270 = VECTOR ( 'NONE', #2645, 1000.000000000000000 ) ;
#2271 = VECTOR ( 'NONE', #2471, 1000.000000000000000 ) ;
#2272 = CIRCLE ( 'NONE', #1657, 1.000000000000000000 ) ;
#2273 = VECTOR ( 'NONE', #1083, 1000.000000000000000 ) ;
#2274 = VERTEX_POINT ( 'NONE', #262 ) ;
#2275 = FACE_OUTER_BOUND ( 'NONE', #1743, .T. ) ;
#2276 = DIRECTION ( 'NONE',  ( 1.000000000000000000, 0.0000000000000000000, 0.0000000000000000000 ) ) ;
#2277 = CARTESIAN_POINT ( 'NONE',  ( 0.0000000000000000000, 2.000000000000000000, 14.00000000000000000 ) ) ;
#2278 = ORIENTED_EDGE ( 'NONE', *, *, #2459, .F. ) ;
#2279 = DIRECTION ( 'NONE',  ( 0.0000000000000000000, 0.0000000000000000000, -1.000000000000000000 ) ) ;
#2280 = PLANE ( 'NONE',  #2318 ) ;
#2281 = ADVANCED_FACE ( 'NONE', ( #1135 ), #289, .F. ) ;
#2282 = ORIENTED_EDGE ( 'NONE', *, *, #166, .T. ) ;
#2283 = ORIENTED_EDGE ( 'NONE', *, *, #962, .F. ) ;
#2284 = CARTESIAN_POINT ( 'NONE',  ( 0.0000000000000000000, 3.000000000000000000, -14.00000000000000000 ) ) ;
#2285 = ORIENTED_EDGE ( 'NONE', *, *, #1605, .F. ) ;
#2286 = DIRECTION ( 'NONE',  ( 0.0000000000000000000, 0.0000000000000000000, 1.000000000000000000 ) ) ;
#2287 = DIRECTION ( 'NONE',  ( -0.0000000000000000000, 1.000000000000000000, -0.0000000000000000000 ) ) ;
#2288 = LINE ( 'NONE', #2706, #2658 ) ;
#2289 = AXIS2_PLACEMENT_3D ( 'NONE', #999, #1614, #1888 ) ;
#2290 = ORIENTED_EDGE ( 'NONE', *, *, #787, .T. ) ;
#2291 = SURFACE_STYLE_USAGE ( .BOTH. , #2310 ) ;
#2292 = VECTOR ( 'NONE', #1462, 999.9999999999998863 ) ;
#2293 = DIRECTION ( 'NONE',  ( 0.0000000000000000000, 0.0000000000000000000, 1.000000000000000000 ) ) ;
#2294 = DIRECTION ( 'NONE',  ( 0.0000000000000000000, 0.0000000000000000000, 1.000000000000000000 ) ) ;
#2295 = VERTEX_POINT ( 'NONE', #2015 ) ;
#2296 = VERTEX_POINT ( 'NONE', #1583 ) ;
#2297 = EDGE_CURVE ( 'NONE', #812, #1992, #73, .T. ) ;
#2298 = CARTESIAN_POINT ( 'NONE',  ( -25.99999999999998934, -0.001000000000000132727, 8.000000000000017764 ) ) ;
#2299 = VECTOR ( 'NONE', #1531, 1000.000000000000000 ) ;
#2300 = EDGE_CURVE ( 'NONE', #1940, #263, #2376, .T. ) ;
#2301 = PRODUCT_CONTEXT ( 'NONE', #105, 'mechanical' ) ;
#2302 = ORIENTED_EDGE ( 'NONE', *, *, #1439, .F. ) ;
#2303 = VECTOR ( 'NONE', #2319, 1000.000000000000000 ) ;
#2304 = CARTESIAN_POINT ( 'NONE',  ( -29.00000000000000355, 2.000000000000000000, 8.000000000000015987 ) ) ;
#2305 = LINE ( 'NONE', #2119, #2449 ) ;
#2306 = CARTESIAN_POINT ( 'NONE',  ( -12.69999999999999929, -5.000000000000000000, 13.19999999999999218 ) ) ;
#2307 = CIRCLE ( 'NONE', #2623, 2.749999999999997335 ) ;
#2308 = EDGE_CURVE ( 'NONE', #1228, #1522, #933, .T. ) ;
#2309 = VERTEX_POINT ( 'NONE', #2651 ) ;
#2310 = SURFACE_SIDE_STYLE ('',( #2498 ) ) ;
#2311 = LINE ( 'NONE', #861, #194 ) ;
#2312 = DIRECTION ( 'NONE',  ( -0.0000000000000000000, 1.000000000000000000, -0.0000000000000000000 ) ) ;
#2313 = VERTEX_POINT ( 'NONE', #23 ) ;
#2314 = EDGE_LOOP ( 'NONE', ( #643, #1794, #2290, #2077 ) ) ;
#2315 = CARTESIAN_POINT ( 'NONE',  ( 1.000000000000000000, 2.999999999999996447, 14.00000000000000000 ) ) ;
#2316 = EDGE_CURVE ( 'NONE', #750, #34, #2439, .T. ) ;
#2317 = ORIENTED_EDGE ( 'NONE', *, *, #2316, .F. ) ;
#2318 = AXIS2_PLACEMENT_3D ( 'NONE', #116, #145, #1208 ) ;
#2319 = DIRECTION ( 'NONE',  ( 1.000000000000000000, 0.0000000000000000000, -2.478176394252581141E-16 ) ) ;
#2320 =( NAMED_UNIT ( * ) PLANE_ANGLE_UNIT ( ) SI_UNIT ( $, .RADIAN. ) );
#2321 = AXIS2_PLACEMENT_3D ( 'NONE', #599, #1414, #176 ) ;
#2322 = ORIENTED_EDGE ( 'NONE', *, *, #808, .F. ) ;
#2323 = APPLICATION_CONTEXT ( 'automotive_design' ) ;
#2324 = FILL_AREA_STYLE_COLOUR ( '', #2572 ) ;
#2325 = LINE ( 'NONE', #2524, #1181 ) ;
#2326 = CARTESIAN_POINT ( 'NONE',  ( -12.49999999999999822, -4.500000000000000888, 4.999999999999992006 ) ) ;
#2327 = VERTEX_POINT ( 'NONE', #356 ) ;
#2328 = EDGE_LOOP ( 'NONE', ( #2769, #502, #913, #2432 ) ) ;
#2329 = DIRECTION ( 'NONE',  ( 0.0000000000000000000, 0.0000000000000000000, 1.000000000000000000 ) ) ;
#2330 = DIRECTION ( 'NONE',  ( 0.0000000000000000000, 0.0000000000000000000, 1.000000000000000000 ) ) ;
#2331 = CARTESIAN_POINT ( 'NONE',  ( -11.99999999999998757, 2.000000000000000000, 5.250000000000000888 ) ) ;
#2332 = DIRECTION ( 'NONE',  ( 1.000000000000000000, 0.0000000000000000000, 0.0000000000000000000 ) ) ;
#2333 = EDGE_CURVE ( 'NONE', #2230, #758, #369, .T. ) ;
#2334 =( NAMED_UNIT ( * ) PLANE_ANGLE_UNIT ( ) SI_UNIT ( $, .RADIAN. ) );
#2335 = ORIENTED_EDGE ( 'NONE', *, *, #2389, .T. ) ;
#2336 = CARTESIAN_POINT ( 'NONE',  ( 13.90000000000000924, 5.000000000000000000, -9.000000000000001776 ) ) ;
#2337 = DIRECTION ( 'NONE',  ( -0.0000000000000000000, 1.000000000000000000, -0.0000000000000000000 ) ) ;
#2338 = ORIENTED_EDGE ( 'NONE', *, *, #1868, .T. ) ;
#2339 = DIRECTION ( 'NONE',  ( -0.0000000000000000000, 1.000000000000000000, -0.0000000000000000000 ) ) ;
#2340 = CARTESIAN_POINT ( 'NONE',  ( -12.00000000000000000, -2.999999999999999556, 15.49999999999999645 ) ) ;
#2341 = AXIS2_PLACEMENT_3D ( 'NONE', #1280, #167, #627 ) ;
#2342 = EDGE_CURVE ( 'NONE', #2479, #1806, #2723, .T. ) ;
#2343 = DIRECTION ( 'NONE',  ( 0.0000000000000000000, 0.0000000000000000000, 1.000000000000000000 ) ) ;
#2344 = VECTOR ( 'NONE', #1551, 1000.000000000000000 ) ;
#2345 = LINE ( 'NONE', #1072, #2531 ) ;
#2346 = LINE ( 'NONE', #2538, #243 ) ;
#2347 = DIRECTION ( 'NONE',  ( 1.000000000000000000, 0.0000000000000000000, 0.0000000000000000000 ) ) ;
#2348 = VECTOR ( 'NONE', #2241, 1000.000000000000000 ) ;
#2349 = VERTEX_POINT ( 'NONE', #1218 ) ;
#2350 = SURFACE_SIDE_STYLE ('',( #1937 ) ) ;
#2351 = AXIS2_PLACEMENT_3D ( 'NONE', #720, #2194, #1325 ) ;
#2352 = DIRECTION ( 'NONE',  ( 1.000000000000000000, 0.0000000000000000000, 0.0000000000000000000 ) ) ;
#2353 = LINE ( 'NONE', #1054, #1891 ) ;
#2354 = ORIENTED_EDGE ( 'NONE', *, *, #2333, .T. ) ;
#2355 = ORIENTED_EDGE ( 'NONE', *, *, #994, .T. ) ;
#2356 = DIRECTION ( 'NONE',  ( 0.0000000000000000000, 0.0000000000000000000, -1.000000000000000000 ) ) ;
#2357 = CIRCLE ( 'NONE', #1137, 0.5000000000000004441 ) ;
#2358 = DIRECTION ( 'NONE',  ( 0.0000000000000000000, 1.000000000000000000, 0.0000000000000000000 ) ) ;
#2359 = CARTESIAN_POINT ( 'NONE',  ( 24.10000000000000497, 5.000000000000000000, -9.000000000000000000 ) ) ;
#2360 = ORIENTED_EDGE ( 'NONE', *, *, #1652, .F. ) ;
#2361 = DIRECTION ( 'NONE',  ( -0.0000000000000000000, -1.000000000000000000, -0.0000000000000000000 ) ) ;
#2362 = DIRECTION ( 'NONE',  ( 7.666467083416863295E-17, -0.7071067811865481278, 0.7071067811865469066 ) ) ;
#2363 = VERTEX_POINT ( 'NONE', #1873 ) ;
#2364 = LINE ( 'NONE', #2163, #1411 ) ;
#2365 = DIRECTION ( 'NONE',  ( -0.0000000000000000000, -1.000000000000000000, -0.0000000000000000000 ) ) ;
#2366 = VECTOR ( 'NONE', #1123, 1000.000000000000114 ) ;
#2367 = EDGE_CURVE ( 'NONE', #2512, #1905, #757, .T. ) ;
#2368 = UNCERTAINTY_MEASURE_WITH_UNIT (LENGTH_MEASURE( 1.000000000000000082E-05 ), #1933, 'distance_accuracy_value', 'NONE');
#2369 = EDGE_CURVE ( 'NONE', #323, #2634, #2098, .T. ) ;
#2370 = ITEM_DEFINED_TRANSFORMATION ( 'NONE', 'NONE', #338,  #415 ) ;
#2371 = DIRECTION ( 'NONE',  ( -0.0000000000000000000, 1.000000000000000000, -0.0000000000000000000 ) ) ;
#2372 = CARTESIAN_POINT ( 'NONE',  ( -24.10000000000000497, 5.000000000000000000, -9.000000000000000000 ) ) ;
#2373 = ORIENTED_EDGE ( 'NONE', *, *, #150, .T. ) ;
#2374 = CYLINDRICAL_SURFACE ( 'NONE', #906, 2.749999999999997335 ) ;
#2375 = CARTESIAN_POINT ( 'NONE',  ( 12.00000000000000000, 3.000000000000000444, 14.99999999999999645 ) ) ;
#2376 = LINE ( 'NONE', #1816, #2377 ) ;
#2377 = VECTOR ( 'NONE', #1309, 1000.000000000000000 ) ;
#2378 = ORIENTED_EDGE ( 'NONE', *, *, #1765, .F. ) ;
#2379 = DIRECTION ( 'NONE',  ( 1.000000000000000000, 0.0000000000000000000, 0.0000000000000000000 ) ) ;
#2380 = CARTESIAN_POINT ( 'NONE',  ( 24.00000000000000000, -5.000000000000000000, -15.00000000000000711 ) ) ;
#2381 = ORIENTED_EDGE ( 'NONE', *, *, #1186, .F. ) ;
#2382 = EDGE_CURVE ( 'NONE', #1210, #989, #2083, .T. ) ;
#2383 = PRESENTATION_LAYER_ASSIGNMENT (  '', '', ( #282 ) ) ;
#2384 = EDGE_CURVE ( 'NONE', #2274, #1974, #666, .T. ) ;
#2385 = CARTESIAN_POINT ( 'NONE',  ( 3.000000000000031530, 11.99999999999999289, -11.99999999999999467 ) ) ;
#2386 = AXIS2_PLACEMENT_3D ( 'NONE', #688, #57, #71 ) ;
#2387 = LINE ( 'NONE', #1335, #953 ) ;
#2388 = ORIENTED_EDGE ( 'NONE', *, *, #2641, .F. ) ;
#2389 = EDGE_CURVE ( 'NONE', #6, #1474, #1011, .T. ) ;
#2390 = AXIS2_PLACEMENT_3D ( 'NONE', #1651, #986, #1855 ) ;
#2391 = VECTOR ( 'NONE', #42, 1000.000000000000000 ) ;
#2392 = CARTESIAN_POINT ( 'NONE',  ( -25.00000000000000000, -5.000000000000000000, 13.99999999999999822 ) ) ;
#2393 = CARTESIAN_POINT ( 'NONE',  ( 19.00000000000000711, -0.4000000000000001887, -9.000000000000000000 ) ) ;
#2394 = EDGE_CURVE ( 'NONE', #324, #1954, #1180, .T. ) ;
#2395 = DIRECTION ( 'NONE',  ( 3.854941057726238097E-16, 0.0000000000000000000, -1.000000000000000000 ) ) ;
#2396 = CIRCLE ( 'NONE', #1923, 2.749999999999997335 ) ;
#2397 = ORIENTED_EDGE ( 'NONE', *, *, #2476, .F. ) ;
#2398 = PLANE ( 'NONE',  #2629 ) ;
#2399 = CIRCLE ( 'NONE', #2582, 0.5000000000000004441 ) ;
#2400 = CARTESIAN_POINT ( 'NONE',  ( 12.70000000000000107, -4.500000000000000888, 4.799999999999992717 ) ) ;
#2401 = ORIENTED_EDGE ( 'NONE', *, *, #687, .T. ) ;
#2402 = VERTEX_POINT ( 'NONE', #525 ) ;
#2403 = DIRECTION ( 'NONE',  ( 1.000000000000000000, 0.0000000000000000000, -2.065146995210484448E-16 ) ) ;
#2404 = DIRECTION ( 'NONE',  ( 0.0000000000000000000, 1.000000000000000000, 0.0000000000000000000 ) ) ;
#2405 = CARTESIAN_POINT ( 'NONE',  ( -24.50000000000000000, 5.000000000000000000, 13.79289321881345209 ) ) ;
#2406 = EDGE_CURVE ( 'NONE', #1232, #2713, #1407, .T. ) ;
#2407 = VERTEX_POINT ( 'NONE', #2277 ) ;
#2408 = FILL_AREA_STYLE ('',( #2324 ) ) ;
#2409 = DIRECTION ( 'NONE',  ( -0.0000000000000000000, -1.000000000000000000, -0.0000000000000000000 ) ) ;
#2410 = CARTESIAN_POINT ( 'NONE',  ( 3.000000000000031530, 11.99999999999999289, -11.99999999999999467 ) ) ;
#2411 = EDGE_LOOP ( 'NONE', ( #181, #686, #1168, #454 ) ) ;
#2412 = CARTESIAN_POINT ( 'NONE',  ( -11.50000000000000000, 3.500000000000000444, 15.49999999999999645 ) ) ;
#2413 = AXIS2_PLACEMENT_3D ( 'NONE', #2711, #2265, #544 ) ;
#2414 = VECTOR ( 'NONE', #793, 1000.000000000000000 ) ;
#2415 = CYLINDRICAL_SURFACE ( 'NONE', #2069, 5.999999999999992895 ) ;
#2416 = AXIS2_PLACEMENT_3D ( 'NONE', #206, #188, #1749 ) ;
#2417 = ORIENTED_EDGE ( 'NONE', *, *, #864, .T. ) ;
#2418 = EDGE_CURVE ( 'NONE', #1132, #2084, #539, .T. ) ;
#2419 = VECTOR ( 'NONE', #1358, 1000.000000000000000 ) ;
#2420 = LINE ( 'NONE', #2010, #1837 ) ;
#2421 = CYLINDRICAL_SURFACE ( 'NONE', #1085, 2.750000000000009326 ) ;
#2422 = CARTESIAN_POINT ( 'NONE',  ( -29.00000000000000355, 0.0000000000000000000, 8.000000000000015987 ) ) ;
#2423 = ORIENTED_EDGE ( 'NONE', *, *, #2728, .F. ) ;
#2424 = CARTESIAN_POINT ( 'NONE',  ( -11.99999999999998934, 0.0000000000000000000, -5.249999999999999112 ) ) ;
#2425 = EDGE_CURVE ( 'NONE', #1627, #1599, #2680, .T. ) ;
#2426 = CARTESIAN_POINT ( 'NONE',  ( -24.10000000000000497, -0.4000000000000001887, -9.000000000000000000 ) ) ;
#2427 = CARTESIAN_POINT ( 'NONE',  ( -1.572093150103981627E-15, 5.000000000000000000, -14.50000000000000178 ) ) ;
#2428 = EDGE_LOOP ( 'NONE', ( #1317, #1079, #2447, #960 ) ) ;
#2429 = DIRECTION ( 'NONE',  ( 0.0000000000000000000, -0.0000000000000000000, -1.000000000000000000 ) ) ;
#2430 = VECTOR ( 'NONE', #2693, 1000.000000000000114 ) ;
#2431 = CARTESIAN_POINT ( 'NONE',  ( 19.00000000000000711, -0.4000000000000001887, -9.000000000000000000 ) ) ;
#2432 = ORIENTED_EDGE ( 'NONE', *, *, #907, .F. ) ;
#2433 = CARTESIAN_POINT ( 'NONE',  ( 19.00000000000000000, -0.4000000000000001887, 9.000000000000000000 ) ) ;
#2434 = ADVANCED_FACE ( 'NONE', ( #2040 ), #988, .F. ) ;
#2435 = DIRECTION ( 'NONE',  ( 0.7071067811865469066, 0.0000000000000000000, -0.7071067811865482389 ) ) ;
#2436 = ORIENTED_EDGE ( 'NONE', *, *, #2142, .F. ) ;
#2437 = DIRECTION ( 'NONE',  ( -1.000000000000000000, 0.0000000000000000000, 0.0000000000000000000 ) ) ;
#2438 = DIRECTION ( 'NONE',  ( -1.000000000000000000, 0.0000000000000000000, -3.854941057726239083E-16 ) ) ;
#2439 = LINE ( 'NONE', #1191, #321 ) ;
#2440 =( GEOMETRIC_REPRESENTATION_CONTEXT ( 3 ) GLOBAL_UNCERTAINTY_ASSIGNED_CONTEXT ( ( #904 ) ) GLOBAL_UNIT_ASSIGNED_CONTEXT ( ( #157, #977, #554 ) ) REPRESENTATION_CONTEXT ( 'NONE', 'WORKASPACE' ) );
#2441 = AXIS2_PLACEMENT_3D ( 'NONE', #285, #881, #894 ) ;
#2442 = ORIENTED_EDGE ( 'NONE', *, *, #2526, .F. ) ;
#2443 = SURFACE_STYLE_FILL_AREA ( #292 ) ;
#2444 = VECTOR ( 'NONE', #2649, 1000.000000000000000 ) ;
#2445 = FILL_AREA_STYLE_COLOUR ( '', #2254 ) ;
#2446 = CARTESIAN_POINT ( 'NONE',  ( -29.00000000000000711, -0.001000000000000132727, -8.000000000000008882 ) ) ;
#2447 = ORIENTED_EDGE ( 'NONE', *, *, #101, .T. ) ;
#2448 = FACE_OUTER_BOUND ( 'NONE', #2106, .T. ) ;
#2449 = VECTOR ( 'NONE', #1902, 1000.000000000000000 ) ;
#2450 = ORIENTED_EDGE ( 'NONE', *, *, #326, .F. ) ;
#2451 = PRODUCT_DEFINITION ( 'UNKNOWN', '', #1784, #827 ) ;
#2452 = CARTESIAN_POINT ( 'NONE',  ( 11.50000000000000000, 3.500000000000000444, 14.99999999999999645 ) ) ;
#2453 = CARTESIAN_POINT ( 'NONE',  ( -11.50000000000000000, -3.499999999999999556, 14.99999999999999645 ) ) ;
#2454 = ORIENTED_EDGE ( 'NONE', *, *, #150, .F. ) ;
#2455 = DIRECTION ( 'NONE',  ( 0.0000000000000000000, 0.0000000000000000000, -1.000000000000000000 ) ) ;
#2456 = DIRECTION ( 'NONE',  ( 0.0000000000000000000, 1.000000000000000000, 0.0000000000000000000 ) ) ;
#2457 = CARTESIAN_POINT ( 'NONE',  ( -25.99999999999999289, 0.0000000000000000000, -8.000000000000010658 ) ) ;
#2458 = ORIENTED_EDGE ( 'NONE', *, *, #246, .T. ) ;
#2459 = EDGE_CURVE ( 'NONE', #785, #366, #2288, .T. ) ;
#2460 = LINE ( 'NONE', #1392, #391 ) ;
#2461 = EDGE_CURVE ( 'NONE', #2110, #758, #1431, .T. ) ;
#2462 = CIRCLE ( 'NONE', #1846, 5.099999999999998757 ) ;
#2463 = VERTEX_POINT ( 'NONE', #770 ) ;
#2464 = PRESENTATION_STYLE_ASSIGNMENT (( #1395 ) ) ;
#2465 = CARTESIAN_POINT ( 'NONE',  ( -24.00000000000000000, 5.000000000000000000, 14.99999999999999822 ) ) ;
#2466 = CARTESIAN_POINT ( 'NONE',  ( 3.000000000000024425, 9.999999999999992895, 14.00000000000000000 ) ) ;
#2467 = ADVANCED_FACE ( 'NONE', ( #1640 ), #140, .F. ) ;
#2468 = VERTEX_POINT ( 'NONE', #1598 ) ;
#2469 = PLANE ( 'NONE',  #592 ) ;
#2470 = CARTESIAN_POINT ( 'NONE',  ( -25.00000000000000000, -5.000000000000000000, 13.99999999999999822 ) ) ;
#2471 = DIRECTION ( 'NONE',  ( -0.0000000000000000000, 1.000000000000000000, -0.0000000000000000000 ) ) ;
#2472 = VERTEX_POINT ( 'NONE', #1385 ) ;
#2473 = ORIENTED_EDGE ( 'NONE', *, *, #1916, .T. ) ;
#2474 = DIRECTION ( 'NONE',  ( 3.854941057726238097E-16, 0.0000000000000000000, -1.000000000000000000 ) ) ;
#2475 = VECTOR ( 'NONE', #1654, 1000.000000000000000 ) ;
#2476 = EDGE_CURVE ( 'NONE', #923, #474, #1861, .T. ) ;
#2477 =( NAMED_UNIT ( * ) SI_UNIT ( $, .STERADIAN. ) SOLID_ANGLE_UNIT ( ) );
#2478 = AXIS2_PLACEMENT_3D ( 'NONE', #2109, #2767, #846 ) ;
#2479 = VERTEX_POINT ( 'NONE', #89 ) ;
#2480 = DIRECTION ( 'NONE',  ( -1.000000000000000000, 3.491481338843133750E-15, 0.0000000000000000000 ) ) ;
#2481 = CARTESIAN_POINT ( 'NONE',  ( -24.00000000000000000, 4.500000000000000000, 14.99999999999999822 ) ) ;
#2482 = CARTESIAN_POINT ( 'NONE',  ( 12.70000000000000107, -4.500000000000000888, 4.799999999999992717 ) ) ;
#2483 = EDGE_LOOP ( 'NONE', ( #1759, #1865, #420, #2501 ) ) ;
#2484 = LINE ( 'NONE', #786, #922 ) ;
#2485 = DIRECTION ( 'NONE',  ( -0.0000000000000000000, -1.000000000000000000, -0.0000000000000000000 ) ) ;
#2486 = EDGE_LOOP ( 'NONE', ( #1506, #2041, #941, #1202 ) ) ;
#2487 = LINE ( 'NONE', #2315, #1796 ) ;
#2488 = CIRCLE ( 'NONE', #290, 2.750000000000009326 ) ;
#2489 = AXIS2_PLACEMENT_3D ( 'NONE', #1351, #2207, #2588 ) ;
#2490 = DIRECTION ( 'NONE',  ( 0.0000000000000000000, 0.0000000000000000000, 1.000000000000000000 ) ) ;
#2491 = ORIENTED_EDGE ( 'NONE', *, *, #1672, .F. ) ;
#2492 = LINE ( 'NONE', #767, #1770 ) ;
#2493 = CARTESIAN_POINT ( 'NONE',  ( -12.49999999999999822, -4.500000000000000888, 12.99999999999999289 ) ) ;
#2494 = ADVANCED_FACE ( 'NONE', ( #958 ), #396, .F. ) ;
#2495 = DIRECTION ( 'NONE',  ( 2.065146995210484448E-16, 0.0000000000000000000, 1.000000000000000000 ) ) ;
#2496 = ORIENTED_EDGE ( 'NONE', *, *, #43, .F. ) ;
#2497 =( GEOMETRIC_REPRESENTATION_CONTEXT ( 3 ) GLOBAL_UNCERTAINTY_ASSIGNED_CONTEXT ( ( #178 ) ) GLOBAL_UNIT_ASSIGNED_CONTEXT ( ( #35, #2042, #93 ) ) REPRESENTATION_CONTEXT ( 'NONE', 'WORKASPACE' ) );
#2498 = SURFACE_STYLE_FILL_AREA ( #580 ) ;
#2499 = FACE_OUTER_BOUND ( 'NONE', #678, .T. ) ;
#2500 = DIRECTION ( 'NONE',  ( 0.0000000000000000000, 1.000000000000000000, 0.0000000000000000000 ) ) ;
#2501 = ORIENTED_EDGE ( 'NONE', *, *, #1997, .T. ) ;
#2502 = ORIENTED_EDGE ( 'NONE', *, *, #2799, .T. ) ;
#2503 = CARTESIAN_POINT ( 'NONE',  ( -19.00000000000000000, -5.000000000000000000, 9.000000000000000000 ) ) ;
#2504 = AXIS2_PLACEMENT_3D ( 'NONE', #2433, #1360, #696 ) ;
#2505 = CARTESIAN_POINT ( 'NONE',  ( 19.00000000000000000, -0.4000000000000001887, 9.000000000000000000 ) ) ;
#2506 = VECTOR ( 'NONE', #648, 1000.000000000000000 ) ;
#2507 = ORIENTED_EDGE ( 'NONE', *, *, #1248, .F. ) ;
#2508 = CARTESIAN_POINT ( 'NONE',  ( -24.10000000000000497, -0.4000000000000001887, -9.000000000000000000 ) ) ;
#2509 = CARTESIAN_POINT ( 'NONE',  ( 0.0000000000000000000, 2.000000000000000000, 14.00000000000000000 ) ) ;
#2510 = VECTOR ( 'NONE', #2229, 1000.000000000000000 ) ;
#2511 = CARTESIAN_POINT ( 'NONE',  ( -11.99999999999998757, -0.001000000000000132727, 10.75000000000002842 ) ) ;
#2512 = VERTEX_POINT ( 'NONE', #1712 ) ;
#2513 = DIRECTION ( 'NONE',  ( 0.0000000000000000000, 1.000000000000000000, 0.0000000000000000000 ) ) ;
#2514 = EDGE_CURVE ( 'NONE', #1094, #2030, #1674, .T. ) ;
#2515 = DIRECTION ( 'NONE',  ( -0.0000000000000000000, 1.000000000000000000, -0.0000000000000000000 ) ) ;
#2516 = VERTEX_POINT ( 'NONE', #225 ) ;
#2517 = ORIENTED_EDGE ( 'NONE', *, *, #2384, .T. ) ;
#2518 = DIRECTION ( 'NONE',  ( -0.0000000000000000000, -0.0000000000000000000, -1.000000000000000000 ) ) ;
#2519 = VERTEX_POINT ( 'NONE', #2306 ) ;
#2520 = DIRECTION ( 'NONE',  ( 0.0000000000000000000, 0.0000000000000000000, 1.000000000000000000 ) ) ;
#2521 = CARTESIAN_POINT ( 'NONE',  ( 24.00000000000000000, -5.000000000000000000, -15.00000000000000711 ) ) ;
#2522 = EDGE_LOOP ( 'NONE', ( #762, #1055, #1463, #1980, #663, #1889, #467, #1881 ) ) ;
#2523 = DIRECTION ( 'NONE',  ( 0.0000000000000000000, 1.000000000000000000, 0.0000000000000000000 ) ) ;
#2524 = CARTESIAN_POINT ( 'NONE',  ( -12.69999999999999929, -4.500000000000000888, 4.799999999999992717 ) ) ;
#2525 = DIRECTION ( 'NONE',  ( -0.7071067811865475727, 0.0000000000000000000, -0.7071067811865475727 ) ) ;
#2526 = EDGE_CURVE ( 'NONE', #716, #263, #1073, .T. ) ;
#2527 = ORIENTED_EDGE ( 'NONE', *, *, #2009, .T. ) ;
#2528 = ORIENTED_EDGE ( 'NONE', *, *, #764, .F. ) ;
#2529 =( GEOMETRIC_REPRESENTATION_CONTEXT ( 3 ) GLOBAL_UNCERTAINTY_ASSIGNED_CONTEXT ( ( #1300 ) ) GLOBAL_UNIT_ASSIGNED_CONTEXT ( ( #1803, #2013, #2193 ) ) REPRESENTATION_CONTEXT ( 'NONE', 'WORKASPACE' ) );
#2530 = LINE ( 'NONE', #2105, #2552 ) ;
#2531 = VECTOR ( 'NONE', #2371, 1000.000000000000000 ) ;
#2532 = AXIS2_PLACEMENT_3D ( 'NONE', #1066, #385, #1507 ) ;
#2533 = FILL_AREA_STYLE ('',( #2023 ) ) ;
#2534 = EDGE_CURVE ( 'NONE', #1806, #6, #1037, .T. ) ;
#2535 = ORIENTED_EDGE ( 'NONE', *, *, #587, .T. ) ;
#2536 = AXIS2_PLACEMENT_3D ( 'NONE', #2039, #2054, #1829 ) ;
#2537 = CARTESIAN_POINT ( 'NONE',  ( 3.000000000000024869, 9.999999999999992895, -11.99999999999999467 ) ) ;
#2538 = CARTESIAN_POINT ( 'NONE',  ( -12.49999999999999822, -4.500000000000000888, 4.999999999999992006 ) ) ;
#2539 = FACE_OUTER_BOUND ( 'NONE', #401, .T. ) ;
#2540 = EDGE_CURVE ( 'NONE', #2606, #2519, #1949, .T. ) ;
#2541 = ORIENTED_EDGE ( 'NONE', *, *, #802, .F. ) ;
#2542 = CYLINDRICAL_SURFACE ( 'NONE', #330, 0.5000000000000004441 ) ;
#2543 = DIRECTION ( 'NONE',  ( 0.0000000000000000000, -1.000000000000000000, -0.0000000000000000000 ) ) ;
#2544 = LINE ( 'NONE', #173, #2200 ) ;
#2545 = ORIENTED_EDGE ( 'NONE', *, *, #808, .T. ) ;
#2546 = ORIENTED_EDGE ( 'NONE', *, *, #2406, .F. ) ;
#2547 = LINE ( 'NONE', #403, #2506 ) ;
#2548 = UNCERTAINTY_MEASURE_WITH_UNIT (LENGTH_MEASURE( 1.000000000000000082E-05 ), #1756, 'distance_accuracy_value', 'NONE');
#2549 = ADVANCED_FACE ( 'NONE', ( #2145 ), #2750, .F. ) ;
#2550 = ORIENTED_EDGE ( 'NONE', *, *, #1858, .F. ) ;
#2551 = EDGE_CURVE ( 'NONE', #474, #131, #1445, .T. ) ;
#2552 = VECTOR ( 'NONE', #2253, 1000.000000000000000 ) ;
#2553 = CARTESIAN_POINT ( 'NONE',  ( 19.14644660940671983, 5.000000000000000000, 19.14644660940671983 ) ) ;
#2554 = DIRECTION ( 'NONE',  ( 0.0000000000000000000, 0.0000000000000000000, 1.000000000000000000 ) ) ;
#2555 = ORIENTED_EDGE ( 'NONE', *, *, #2249, .T. ) ;
#2556 = DIRECTION ( 'NONE',  ( -0.0000000000000000000, -0.0000000000000000000, -1.000000000000000000 ) ) ;
#2557 = EDGE_CURVE ( 'NONE', #1056, #1206, #2085, .T. ) ;
#2558 = PLANE ( 'NONE',  #2780 ) ;
#2559 = VERTEX_POINT ( 'NONE', #1505 ) ;
#2560 = DIRECTION ( 'NONE',  ( -3.854941057726238097E-16, 0.0000000000000000000, -1.000000000000000000 ) ) ;
#2561 = EDGE_CURVE ( 'NONE', #387, #1029, #815, .T. ) ;
#2562 = CARTESIAN_POINT ( 'NONE',  ( -12.49999999999999822, -4.500000000000000888, 4.999999999999992006 ) ) ;
#2563 = CARTESIAN_POINT ( 'NONE',  ( 2.999999999999989786, -2.125736944951181997E-15, -14.00000000000000000 ) ) ;
#2564 = AXIS2_PLACEMENT_3D ( 'NONE', #32, #245, #884 ) ;
#2565 = ORIENTED_EDGE ( 'NONE', *, *, #1952, .T. ) ;
#2566 = CARTESIAN_POINT ( 'NONE',  ( -11.50000000000000000, -2.999999999999999556, 15.49999999999999645 ) ) ;
#2567 = CARTESIAN_POINT ( 'NONE',  ( -25.99999999999999289, -0.001000000000000132727, -5.249999999999999112 ) ) ;
#2568 = DIRECTION ( 'NONE',  ( 0.0000000000000000000, 0.0000000000000000000, -1.000000000000000000 ) ) ;
#2569 = ORIENTED_EDGE ( 'NONE', *, *, #1930, .T. ) ;
#2570 = EDGE_CURVE ( 'NONE', #967, #324, #232, .T. ) ;
#2571 = VERTEX_POINT ( 'NONE', #2521 ) ;
#2572 = COLOUR_RGB ( '',0.5999999999999999778, 0.5999999999999999778, 0.5999999999999999778 ) ;
#2573 = CARTESIAN_POINT ( 'NONE',  ( 24.00000000000000000, 4.500000000000000000, 14.99999999999999289 ) ) ;
#2574 = AXIS2_PLACEMENT_3D ( 'NONE', #2304, #1871, #2258 ) ;
#2575 = AXIS2_PLACEMENT_3D ( 'NONE', #2505, #765, #2490 ) ;
#2576 = DIRECTION ( 'NONE',  ( -3.491481338843133750E-15, -1.000000000000000000, -0.0000000000000000000 ) ) ;
#2577 = AXIS2_PLACEMENT_3D ( 'NONE', #1920, #1260, #652 ) ;
#2578 = AXIS2_PLACEMENT_3D ( 'NONE', #1578, #506, #1516 ) ;
#2579 = ORIENTED_EDGE ( 'NONE', *, *, #2557, .F. ) ;
#2580 = DIRECTION ( 'NONE',  ( -3.469446951953614189E-15, -1.000000000000000000, 0.0000000000000000000 ) ) ;
#2581 = ADVANCED_FACE ( 'NONE', ( #2539 ), #383, .F. ) ;
#2582 = AXIS2_PLACEMENT_3D ( 'NONE', #1785, #1532, #1767 ) ;
#2583 = CARTESIAN_POINT ( 'NONE',  ( 19.00000000000000000, 5.000000000000000000, 9.000000000000000000 ) ) ;
#2584 = CARTESIAN_POINT ( 'NONE',  ( -1.572093150103981627E-15, 5.000000000000000000, -14.50000000000000178 ) ) ;
#2585 = ORIENTED_EDGE ( 'NONE', *, *, #1178, .F. ) ;
#2586 = EDGE_LOOP ( 'NONE', ( #1643, #746, #725, #328 ) ) ;
#2587 = FILL_AREA_STYLE ('',( #13 ) ) ;
#2588 = DIRECTION ( 'NONE',  ( -1.000000000000000000, 0.0000000000000000000, -0.0000000000000000000 ) ) ;
#2589 = VERTEX_POINT ( 'NONE', #2793 ) ;
#2590 = LINE ( 'NONE', #655, #187 ) ;
#2591 = SURFACE_SIDE_STYLE ('',( #9 ) ) ;
#2592 = DIRECTION ( 'NONE',  ( 0.0000000000000000000, 0.0000000000000000000, 1.000000000000000000 ) ) ;
#2593 = ADVANCED_FACE ( 'NONE', ( #1728 ), #642, .T. ) ;
#2594 = ORIENTED_EDGE ( 'NONE', *, *, #1676, .T. ) ;
#2595 = VERTEX_POINT ( 'NONE', #2405 ) ;
#2596 = UNCERTAINTY_MEASURE_WITH_UNIT (LENGTH_MEASURE( 1.000000000000000082E-05 ), #1899, 'distance_accuracy_value', 'NONE');
#2597 = EDGE_LOOP ( 'NONE', ( #75, #934, #1762, #147 ) ) ;
#2598 = EDGE_CURVE ( 'NONE', #2230, #1285, #2011, .T. ) ;
#2599 = CARTESIAN_POINT ( 'NONE',  ( -21.75000000000000355, -5.000000000000000000, -9.000000000000000000 ) ) ;
#2600 = ORIENTED_EDGE ( 'NONE', *, *, #1081, .F. ) ;
#2601 = CARTESIAN_POINT ( 'NONE',  ( -35.00000000000000000, 2.000000000000000000, 14.00000000000000000 ) ) ;
#2602 = CARTESIAN_POINT ( 'NONE',  ( -25.99999999999999645, 2.000000000000000000, -10.75000000000001776 ) ) ;
#2603 = CARTESIAN_POINT ( 'NONE',  ( -25.99999999999999645, 0.0000000000000000000, -10.75000000000001776 ) ) ;
#2604 = VECTOR ( 'NONE', #2211, 1000.000000000000114 ) ;
#2605 = ORIENTED_EDGE ( 'NONE', *, *, #2758, .F. ) ;
#2606 = VERTEX_POINT ( 'NONE', #255 ) ;
#2607 = PLANE ( 'NONE',  #518 ) ;
#2608 = LINE ( 'NONE', #1373, #842 ) ;
#2609 = ORIENTED_EDGE ( 'NONE', *, *, #37, .F. ) ;
#2610 = AXIS2_PLACEMENT_3D ( 'NONE', #590, #1958, #2554 ) ;
#2611 = VERTEX_POINT ( 'NONE', #55 ) ;
#2612 = APPLICATION_CONTEXT ( 'automotive_design' ) ;
#2613 = CARTESIAN_POINT ( 'NONE',  ( -19.00000000000000000, -0.4000000000000001887, 11.74999999999999645 ) ) ;
#2614 = FACE_OUTER_BOUND ( 'NONE', #175, .T. ) ;
#2615 = DIRECTION ( 'NONE',  ( -0.0000000000000000000, 1.000000000000000000, -0.0000000000000000000 ) ) ;
#2616 = ORIENTED_EDGE ( 'NONE', *, *, #2758, .T. ) ;
#2617 = VECTOR ( 'NONE', #883, 1000.000000000000114 ) ;
#2618 = CYLINDRICAL_SURFACE ( 'NONE', #2386, 2.749999999999997335 ) ;
#2619 = CARTESIAN_POINT ( 'NONE',  ( 19.00000000000000000, -5.000000000000000000, 9.000000000000000000 ) ) ;
#2620 = LINE ( 'NONE', #466, #445 ) ;
#2621 = CIRCLE ( 'NONE', #1403, 5.099999999999998757 ) ;
#2622 = ORIENTED_EDGE ( 'NONE', *, *, #87, .T. ) ;
#2623 = AXIS2_PLACEMENT_3D ( 'NONE', #2679, #1597, #110 ) ;
#2624 = DIRECTION ( 'NONE',  ( -0.0000000000000000000, -1.000000000000000000, -0.0000000000000000000 ) ) ;
#2625 = ORIENTED_EDGE ( 'NONE', *, *, #1868, .F. ) ;
#2626 = UNCERTAINTY_MEASURE_WITH_UNIT (LENGTH_MEASURE( 1.000000000000000082E-05 ), #1282, 'distance_accuracy_value', 'NONE');
#2627 = VECTOR ( 'NONE', #2339, 1000.000000000000000 ) ;
#2628 = DIRECTION ( 'NONE',  ( 0.7071067811865474617, 0.0000000000000000000, -0.7071067811865474617 ) ) ;
#2629 = AXIS2_PLACEMENT_3D ( 'NONE', #2412, #470, #2429 ) ;
#2630 = EDGE_CURVE ( 'NONE', #2309, #1801, #1102, .T. ) ;
#2631 = DIRECTION ( 'NONE',  ( -3.854941057726238097E-16, 0.0000000000000000000, 1.000000000000000000 ) ) ;
#2632 = DIRECTION ( 'NONE',  ( 0.0000000000000000000, 0.0000000000000000000, 1.000000000000000000 ) ) ;
#2633 = EDGE_CURVE ( 'NONE', #2479, #1474, #2167, .T. ) ;
#2634 = VERTEX_POINT ( 'NONE', #1988 ) ;
#2635 = LINE ( 'NONE', #703, #1960 ) ;
#2636 = CYLINDRICAL_SURFACE ( 'NONE', #600, 2.749999999999997335 ) ;
#2637 = CARTESIAN_POINT ( 'NONE',  ( 19.14644660940672694, 5.000000000000000000, -19.14644660940672694 ) ) ;
#2638 = AXIS2_PLACEMENT_3D ( 'NONE', #368, #2520, #1217 ) ;
#2639 = VERTEX_POINT ( 'NONE', #28 ) ;
#2640 = DIRECTION ( 'NONE',  ( -0.0000000000000000000, -1.000000000000000000, -0.0000000000000000000 ) ) ;
#2641 = EDGE_CURVE ( 'NONE', #2052, #771, #2387, .T. ) ;
#2642 = DIRECTION ( 'NONE',  ( 0.0000000000000000000, 0.0000000000000000000, 1.000000000000000000 ) ) ;
#2643 = ORIENTED_EDGE ( 'NONE', *, *, #1302, .T. ) ;
#2644 = ORIENTED_EDGE ( 'NONE', *, *, #1621, .T. ) ;
#2645 = DIRECTION ( 'NONE',  ( -1.000000000000000000, -0.0000000000000000000, -0.0000000000000000000 ) ) ;
#2646 = EDGE_CURVE ( 'NONE', #312, #1293, #237, .T. ) ;
#2647 = CARTESIAN_POINT ( 'NONE',  ( 25.00000000000000000, 5.000000000000000000, -14.00000000000000533 ) ) ;
#2648 = ORIENTED_EDGE ( 'NONE', *, *, #2123, .T. ) ;
#2649 = DIRECTION ( 'NONE',  ( -0.2810846377148234487, 0.6785983445458457775, 0.6785983445458469987 ) ) ;
#2650 = FACE_OUTER_BOUND ( 'NONE', #531, .T. ) ;
#2651 = CARTESIAN_POINT ( 'NONE',  ( 1.000000000000031752, 12.00000000000000000, -11.99999999999999467 ) ) ;
#2652 = ORIENTED_EDGE ( 'NONE', *, *, #649, .F. ) ;
#2653 = LINE ( 'NONE', #722, #473 ) ;
#2654 = CARTESIAN_POINT ( 'NONE',  ( 19.00000000000000000, -0.4000000000000001887, 9.000000000000000000 ) ) ;
#2655 = CARTESIAN_POINT ( 'NONE',  ( 1.000000000000024425, 10.00000000000000000, 14.00000000000000000 ) ) ;
#2656 = ADVANCED_FACE ( 'NONE', ( #1764 ), #298, .F. ) ;
#2657 = ORIENTED_EDGE ( 'NONE', *, *, #1509, .F. ) ;
#2658 = VECTOR ( 'NONE', #975, 1000.000000000000000 ) ;
#2659 = CARTESIAN_POINT ( 'NONE',  ( -11.50000000000000000, 3.500000000000000444, 15.49999999999999645 ) ) ;
#2660 = CARTESIAN_POINT ( 'NONE',  ( -16.25000000000000000, -5.000000000000000000, 9.000000000000000000 ) ) ;
#2661 = EDGE_LOOP ( 'NONE', ( #1569, #1885, #156, #1565 ) ) ;
#2662 = DIRECTION ( 'NONE',  ( 0.0000000000000000000, 0.0000000000000000000, 1.000000000000000000 ) ) ;
#2663 = CIRCLE ( 'NONE', #1633, 0.5000000000000004441 ) ;
#2664 = FACE_OUTER_BOUND ( 'NONE', #2159, .T. ) ;
#2665 = LINE ( 'NONE', #2410, #1575 ) ;
#2666 = AXIS2_PLACEMENT_3D ( 'NONE', #152, #1886, #797 ) ;
#2667 = VERTEX_POINT ( 'NONE', #1999 ) ;
#2668 = CARTESIAN_POINT ( 'NONE',  ( -35.00000000000000000, 2.000000000000000000, -14.00000000000000000 ) ) ;
#2669 = VECTOR ( 'NONE', #114, 1000.000000000000000 ) ;
#2670 = FACE_OUTER_BOUND ( 'NONE', #1297, .T. ) ;
#2671 = CARTESIAN_POINT ( 'NONE',  ( -23.79289321881344677, 5.000000000000000000, -14.49999999999999822 ) ) ;
#2672 = EDGE_CURVE ( 'NONE', #750, #1331, #1548, .T. ) ;
#2673 = VECTOR ( 'NONE', #1771, 1000.000000000000000 ) ;
#2674 = ORIENTED_EDGE ( 'NONE', *, *, #2094, .T. ) ;
#2675 = DIRECTION ( 'NONE',  ( -1.000000000000000000, 3.491481338843133355E-15, 0.0000000000000000000 ) ) ;
#2676 = COLOUR_RGB ( '',0.7490196078431372584, 0.7490196078431372584, 0.7490196078431372584 ) ;
#2677 = ORIENTED_EDGE ( 'NONE', *, *, #583, .F. ) ;
#2678 = DIRECTION ( 'NONE',  ( -0.0000000000000000000, -1.000000000000000000, -0.0000000000000000000 ) ) ;
#2679 = CARTESIAN_POINT ( 'NONE',  ( 19.00000000000000000, -5.000000000000000000, 9.000000000000000000 ) ) ;
#2680 = LINE ( 'NONE', #331, #1116 ) ;
#2681 = ORIENTED_EDGE ( 'NONE', *, *, #1678, .F. ) ;
#2682 = PRESENTATION_STYLE_ASSIGNMENT (( #127 ) ) ;
#2683 = DIRECTION ( 'NONE',  ( -0.0000000000000000000, 1.000000000000000000, -0.0000000000000000000 ) ) ;
#2684 = EDGE_CURVE ( 'NONE', #2634, #1530, #667, .T. ) ;
#2685 = ORIENTED_EDGE ( 'NONE', *, *, #1097, .F. ) ;
#2686 = CARTESIAN_POINT ( 'NONE',  ( 12.70000000000000107, -4.500000000000000888, 4.799999999999992717 ) ) ;
#2687 = AXIS2_PLACEMENT_3D ( 'NONE', #1620, #2078, #2474 ) ;
#2688 = EDGE_CURVE ( 'NONE', #702, #1627, #1172, .T. ) ;
#2689 = DIRECTION ( 'NONE',  ( -1.000000000000000000, 0.0000000000000000000, -2.478176394252581141E-16 ) ) ;
#2690 = EDGE_LOOP ( 'NONE', ( #269, #879, #425, #1677 ) ) ;
#2691 = ORIENTED_EDGE ( 'NONE', *, *, #668, .T. ) ;
#2692 = CARTESIAN_POINT ( 'NONE',  ( 0.0000000000000000000, 0.0000000000000000000, 14.00000000000000000 ) ) ;
#2693 = DIRECTION ( 'NONE',  ( 0.7071067811865474617, 0.0000000000000000000, 0.7071067811865474617 ) ) ;
#2694 = EDGE_LOOP ( 'NONE', ( #1769, #2076, #1141, #2355 ) ) ;
#2695 = DIRECTION ( 'NONE',  ( 0.0000000000000000000, 1.000000000000000000, -0.0000000000000000000 ) ) ;
#2696 = CARTESIAN_POINT ( 'NONE',  ( -35.00000000000000000, 0.0000000000000000000, -14.00000000000000000 ) ) ;
#2697 = ORIENTED_EDGE ( 'NONE', *, *, #2755, .T. ) ;
#2698 = ADVANCED_FACE ( 'NONE', ( #2191 ), #446, .T. ) ;
#2699 = CARTESIAN_POINT ( 'NONE',  ( -25.99999999999999289, -0.001000000000000132727, 5.250000000000006217 ) ) ;
#2700 = EDGE_CURVE ( 'NONE', #2634, #119, #1529, .T. ) ;
#2701 = SURFACE_STYLE_USAGE ( .BOTH. , #1381 ) ;
#2702 = ORIENTED_EDGE ( 'NONE', *, *, #893, .F. ) ;
#2703 = DIRECTION ( 'NONE',  ( 3.854941057726238097E-16, 0.0000000000000000000, 1.000000000000000000 ) ) ;
#2704 = APPLICATION_CONTEXT ( 'automotive_design' ) ;
#2705 = DIRECTION ( 'NONE',  ( 1.000000000000000000, 0.0000000000000000000, 0.0000000000000000000 ) ) ;
#2706 = CARTESIAN_POINT ( 'NONE',  ( 12.00000000000000000, -2.999999999999999556, 15.49999999999999645 ) ) ;
#2707 = ORIENTED_EDGE ( 'NONE', *, *, #1473, .T. ) ;
#2708 = CARTESIAN_POINT ( 'NONE',  ( -11.99999999999998934, 2.000000000000000000, -8.000000000000010658 ) ) ;
#2709 = DIRECTION ( 'NONE',  ( -0.0000000000000000000, 1.000000000000000000, -0.0000000000000000000 ) ) ;
#2710 = PRODUCT_DEFINITION ( 'UNKNOWN', '', #2224, #1525 ) ;
#2711 = CARTESIAN_POINT ( 'NONE',  ( -19.14644660940674470, 5.000000000000000000, -19.14644660940670917 ) ) ;
#2712 = VECTOR ( 'NONE', #914, 1000.000000000000000 ) ;
#2713 = VERTEX_POINT ( 'NONE', #1973 ) ;
#2714 = EDGE_LOOP ( 'NONE', ( #1437, #2545, #1832, #56 ) ) ;
#2715 = CARTESIAN_POINT ( 'NONE',  ( -29.00000000000000355, 2.000000000000000000, -14.00000000000000000 ) ) ;
#2716 = AXIS2_PLACEMENT_3D ( 'NONE', #2148, #2543, #818 ) ;
#2717 = STYLED_ITEM ( 'NONE', ( #1634 ), #2744 ) ;
#2718 = AXIS2_PLACEMENT_3D ( 'NONE', #1119, #31, #46 ) ;
#2719 = EDGE_CURVE ( 'NONE', #812, #917, #1637, .T. ) ;
#2720 = ORIENTED_EDGE ( 'NONE', *, *, #969, .F. ) ;
#2721 = FILL_AREA_STYLE_COLOUR ( '', #2213 ) ;
#2722 = DIRECTION ( 'NONE',  ( -0.0000000000000000000, -0.0000000000000000000, -1.000000000000000000 ) ) ;
#2723 = LINE ( 'NONE', #2466, #1904 ) ;
#2724 = ORIENTED_EDGE ( 'NONE', *, *, #2129, .T. ) ;
#2725 = DIRECTION ( 'NONE',  ( 0.5000000000000003331, -0.7071067811865463515, -0.5000000000000013323 ) ) ;
#2726 = FACE_OUTER_BOUND ( 'NONE', #2217, .T. ) ;
#2727 = VERTEX_POINT ( 'NONE', #1364 ) ;
#2728 = EDGE_CURVE ( 'NONE', #791, #387, #1564, .T. ) ;
#2729 = ORIENTED_EDGE ( 'NONE', *, *, #1763, .T. ) ;
#2730 = DIRECTION ( 'NONE',  ( -1.000000000000000000, 0.0000000000000000000, 2.478176394252581141E-16 ) ) ;
#2731 = VECTOR ( 'NONE', #67, 999.9999999999998863 ) ;
#2732 = SHAPE_DEFINITION_REPRESENTATION ( #937, #1301 ) ;
#2733 = VERTEX_POINT ( 'NONE', #491 ) ;
#2734 = LINE ( 'NONE', #998, #90 ) ;
#2735 = CARTESIAN_POINT ( 'NONE',  ( -19.00000000000000000, -5.000000000000000000, 9.000000000000000000 ) ) ;
#2736 = DIRECTION ( 'NONE',  ( -0.0000000000000000000, 1.000000000000000000, -0.0000000000000000000 ) ) ;
#2737 = ORIENTED_EDGE ( 'NONE', *, *, #2561, .F. ) ;
#2738 = DIRECTION ( 'NONE',  ( 0.0000000000000000000, 0.0000000000000000000, 1.000000000000000000 ) ) ;
#2739 = LINE ( 'NONE', #803, #1642 ) ;
#2740 = CARTESIAN_POINT ( 'NONE',  ( -35.00000000000000000, 0.0000000000000000000, -8.000000000000008882 ) ) ;
#2741 = ADVANCED_FACE ( 'NONE', ( #460 ), #1742, .T. ) ;
#2742 = CYLINDRICAL_SURFACE ( 'NONE', #2416, 0.5000000000000004441 ) ;
#2743 = PRODUCT_DEFINITION ( 'UNKNOWN', '', #1091, #456 ) ;
#2744 = ADVANCED_BREP_SHAPE_REPRESENTATION ( '', ( #1155, #415 ), #1541 ) ;
#2745 = AXIS2_PLACEMENT_3D ( 'NONE', #1355, #1787, #1757 ) ;
#2746 = ITEM_DEFINED_TRANSFORMATION ( 'NONE', 'NONE', #1546,  #415 ) ;
#2747 = VERTEX_POINT ( 'NONE', #2372 ) ;
#2748 = DIRECTION ( 'NONE',  ( 0.0000000000000000000, 0.0000000000000000000, 1.000000000000000000 ) ) ;
#2749 = CARTESIAN_POINT ( 'NONE',  ( 0.0000000000000000000, 3.000000000000000000, 14.00000000000000178 ) ) ;
#2750 = CYLINDRICAL_SURFACE ( 'NONE', #2610, 2.749999999999997335 ) ;
#2751 = EDGE_LOOP ( 'NONE', ( #1754, #151, #1950, #2541 ) ) ;
#2752 = CARTESIAN_POINT ( 'NONE',  ( 0.0000000000000000000, 3.000000000000000000, -14.00000000000000000 ) ) ;
#2753 = CARTESIAN_POINT ( 'NONE',  ( 3.000000000000024425, 9.999999999999992895, 12.00000000000000000 ) ) ;
#2754 = PLANE ( 'NONE',  #224 ) ;
#2755 = EDGE_CURVE ( 'NONE', #1285, #323, #240, .T. ) ;
#2756 = VERTEX_POINT ( 'NONE', #122 ) ;
#2757 = ORIENTED_EDGE ( 'NONE', *, *, #681, .F. ) ;
#2758 = EDGE_CURVE ( 'NONE', #1232, #702, #2065, .T. ) ;
#2759 = VECTOR ( 'NONE', #2286, 1000.000000000000000 ) ;
#2760 = AXIS2_PLACEMENT_3D ( 'NONE', #684, #480, #1780 ) ;
#2761 = VECTOR ( 'NONE', #2108, 1000.000000000000000 ) ;
#2762 = VECTOR ( 'NONE', #534, 1000.000000000000000 ) ;
#2763 =( LENGTH_UNIT ( ) NAMED_UNIT ( * ) SI_UNIT ( .MILLI., .METRE. ) );
#2764 = ORIENTED_EDGE ( 'NONE', *, *, #2418, .F. ) ;
#2765 = AXIS2_PLACEMENT_3D ( 'NONE', #2753, #172, #1040 ) ;
#2766 = DIRECTION ( 'NONE',  ( 0.7071067811865474617, 0.0000000000000000000, 0.7071067811865474617 ) ) ;
#2767 = DIRECTION ( 'NONE',  ( -3.491481338843133355E-15, -1.000000000000000000, 0.0000000000000000000 ) ) ;
#2768 = AXIS2_PLACEMENT_3D ( 'NONE', #193, #2343, #613 ) ;
#2769 = ORIENTED_EDGE ( 'NONE', *, *, #1775, .T. ) ;
#2770 = CARTESIAN_POINT ( 'NONE',  ( 24.00000000000000000, 4.500000000000000000, -15.00000000000000711 ) ) ;
#2771 = LINE ( 'NONE', #2567, #149 ) ;
#2772 = DIRECTION ( 'NONE',  ( -0.0000000000000000000, -0.0000000000000000000, -1.000000000000000000 ) ) ;
#2773 = VECTOR ( 'NONE', #1876, 1000.000000000000000 ) ;
#2774 = EDGE_LOOP ( 'NONE', ( #734, #79, #357, #2088 ) ) ;
#2775 = LINE ( 'NONE', #838, #560 ) ;
#2776 = EDGE_CURVE ( 'NONE', #1285, #2110, #339, .T. ) ;
#2777 = LINE ( 'NONE', #179, #733 ) ;
#2778 = CARTESIAN_POINT ( 'NONE',  ( -24.00000000000000000, 4.500000000000000000, -15.00000000000000178 ) ) ;
#2779 = FILL_AREA_STYLE ('',( #1249 ) ) ;
#2780 = AXIS2_PLACEMENT_3D ( 'NONE', #1926, #2150, #2568 ) ;
#2781 = ORIENTED_EDGE ( 'NONE', *, *, #498, .F. ) ;
#2782 = FACE_OUTER_BOUND ( 'NONE', #1924, .T. ) ;
#2783 = CARTESIAN_POINT ( 'NONE',  ( -12.69999999999999929, -4.500000000000000888, 4.799999999999992717 ) ) ;
#2784 = FACE_BOUND ( 'NONE', #1859, .T. ) ;
#2785 = VERTEX_POINT ( 'NONE', #83 ) ;
#2786 = ORIENTED_EDGE ( 'NONE', *, *, #2684, .F. ) ;
#2787 = SURFACE_STYLE_FILL_AREA ( #1500 ) ;
#2788 = EDGE_CURVE ( 'NONE', #2756, #1210, #135, .T. ) ;
#2789 =( NAMED_UNIT ( * ) PLANE_ANGLE_UNIT ( ) SI_UNIT ( $, .RADIAN. ) );
#2790 = DIRECTION ( 'NONE',  ( -0.0000000000000000000, -0.0000000000000000000, -1.000000000000000000 ) ) ;
#2791 = AXIS2_PLACEMENT_3D ( 'NONE', #745, #784, #2248 ) ;
#2792 = PRESENTATION_STYLE_ASSIGNMENT (( #382 ) ) ;
#2793 = CARTESIAN_POINT ( 'NONE',  ( -12.49999999999999822, -5.000000000000000000, 4.999999999999992006 ) ) ;
#2794 = ORIENTED_EDGE ( 'NONE', *, *, #753, .F. ) ;
#2795 = DIRECTION ( 'NONE',  ( -1.000000000000000000, 0.0000000000000000000, 0.0000000000000000000 ) ) ;
#2796 = LINE ( 'NONE', #1053, #1874 ) ;
#2797 = PLANE ( 'NONE',  #259 ) ;
#2798 = ORIENTED_EDGE ( 'NONE', *, *, #2090, .T. ) ;
#2799 = EDGE_CURVE ( 'NONE', #2202, #1341, #1272, .T. ) ;
#2800 = NEXT_ASSEMBLY_USAGE_OCCURRENCE ( 'NAUO1', ' ', ' ', #2710, #2451, $ ) ;
#2801 = NEXT_ASSEMBLY_USAGE_OCCURRENCE ( 'NAUO2', ' ', ' ', #2710, #2743, $ ) ;
ENDSEC;
END-ISO-10303-21;
