ISO-10303-21;
HEADER;
FILE_DESCRIPTION (( 'STEP AP214' ),
    '1' );
FILE_NAME ('4470-50-A1-L2-SR.step',
    '2020-01-10T07:15:25',
    ( '' ),
    ( '' ),
    'SwSTEP 2.0',
    'SolidWorks 2019',
    '' );
FILE_SCHEMA (( 'AUTOMOTIVE_DESIGN' ));
ENDSEC;

DATA;
#1 = ORIENTED_EDGE ( 'NONE', *, *, #2039, .F. ) ;
#2 = SURFACE_STYLE_USAGE ( .BOTH. , #2019 ) ;
#3 = CYLINDRICAL_SURFACE ( 'NONE', #79, 5.099999999999998757 ) ;
#4 = ORIENTED_EDGE ( 'NONE', *, *, #689, .T. ) ;
#5 =( NAMED_UNIT ( * ) PLANE_ANGLE_UNIT ( ) SI_UNIT ( $, .RADIAN. ) );
#6 = FACE_OUTER_BOUND ( 'NONE', #2044, .T. ) ;
#7 = VERTEX_POINT ( 'NONE', #2303 ) ;
#8 = DIRECTION ( 'NONE',  ( -1.000000000000000000, 0.0000000000000000000, 0.0000000000000000000 ) ) ;
#9 = CARTESIAN_POINT ( 'NONE',  ( 12.70000000000000284, -5.000000000000000000, 4.199999999999999289 ) ) ;
#10 = EDGE_CURVE ( 'NONE', #1791, #1839, #294, .T. ) ;
#11 = ORIENTED_EDGE ( 'NONE', *, *, #985, .F. ) ;
#12 = CARTESIAN_POINT ( 'NONE',  ( 3.000000000000000000, 2.999999999999989786, -13.99999999999999822 ) ) ;
#13 = VERTEX_POINT ( 'NONE', #91 ) ;
#14 = LINE ( 'NONE', #1840, #1118 ) ;
#15 = VERTEX_POINT ( 'NONE', #2259 ) ;
#16 = FILL_AREA_STYLE_COLOUR ( '', #1760 ) ;
#17 = DIRECTION ( 'NONE',  ( -0.0000000000000000000, 1.000000000000000000, -0.0000000000000000000 ) ) ;
#18 = CIRCLE ( 'NONE', #2225, 5.099999999999998757 ) ;
#19 = EDGE_CURVE ( 'NONE', #259, #1346, #603, .T. ) ;
#20 = CARTESIAN_POINT ( 'NONE',  ( 0.0000000000000000000, -5.000000000000000000, 0.0000000000000000000 ) ) ;
#21 = EDGE_LOOP ( 'NONE', ( #485, #1135, #1401, #1229 ) ) ;
#22 = AXIS2_PLACEMENT_3D ( 'NONE', #1866, #230, #796 ) ;
#23 = ORIENTED_EDGE ( 'NONE', *, *, #10, .T. ) ;
#24 = ADVANCED_FACE ( 'NONE', ( #1731 ), #1547, .F. ) ;
#25 = LINE ( 'NONE', #1329, #1911 ) ;
#26 = AXIS2_PLACEMENT_3D ( 'NONE', #104, #1407, #1927 ) ;
#27 = VERTEX_POINT ( 'NONE', #1233 ) ;
#28 = AXIS2_PLACEMENT_3D ( 'NONE', #2052, #415, #1149 ) ;
#29 = VECTOR ( 'NONE', #1382, 1000.000000000000000 ) ;
#30 = FACE_OUTER_BOUND ( 'NONE', #1408, .T. ) ;
#31 = ORIENTED_EDGE ( 'NONE', *, *, #1392, .T. ) ;
#32 =( REPRESENTATION_RELATIONSHIP ('NONE','NONE', #933, #363 ) REPRESENTATION_RELATIONSHIP_WITH_TRANSFORMATION ( #840 )SHAPE_REPRESENTATION_RELATIONSHIP( ) );
#33 = DIRECTION ( 'NONE',  ( 1.000000000000000000, 0.0000000000000000000, -5.204170427930417339E-16 ) ) ;
#34 = CARTESIAN_POINT ( 'NONE',  ( -23.00000000000000000, 2.000000000000000000, 14.00000000000000000 ) ) ;
#35 = VECTOR ( 'NONE', #714, 1000.000000000000000 ) ;
#36 = CARTESIAN_POINT ( 'NONE',  ( 1.000000000000000000, 2.999999999999996447, -14.00000000000000000 ) ) ;
#37 = VERTEX_POINT ( 'NONE', #702 ) ;
#38 = CARTESIAN_POINT ( 'NONE',  ( 21.91305066474695451, 9.538341389153444538, 0.9616586108465519089 ) ) ;
#39 = CARTESIAN_POINT ( 'NONE',  ( -5.999999999999987566, 2.000000000000000000, -10.75000000000003020 ) ) ;
#40 = EDGE_CURVE ( 'NONE', #2001, #1085, #1089, .T. ) ;
#41 = VERTEX_POINT ( 'NONE', #1617 ) ;
#42 = PRODUCT_DEFINITION_CONTEXT ( 'detailed design', #1966, 'design' ) ;
#43 = VERTEX_POINT ( 'NONE', #1627 ) ;
#44 = LINE ( 'NONE', #2262, #1868 ) ;
#45 = EDGE_LOOP ( 'NONE', ( #2120, #2018, #119, #1095 ) ) ;
#46 = CARTESIAN_POINT ( 'NONE',  ( -11.99999999999999822, 5.000000000000000000, 2.999999999999995559 ) ) ;
#47 = ORIENTED_EDGE ( 'NONE', *, *, #2125, .T. ) ;
#48 = FACE_OUTER_BOUND ( 'NONE', #1652, .T. ) ;
#49 = DIRECTION ( 'NONE',  ( 1.000000000000000000, 0.0000000000000000000, -1.084202172485504434E-16 ) ) ;
#50 = LINE ( 'NONE', #974, #1047 ) ;
#51 = CARTESIAN_POINT ( 'NONE',  ( 3.000000000000031530, 11.99999999999999289, 12.00000000000000000 ) ) ;
#52 = EDGE_CURVE ( 'NONE', #2385, #13, #527, .T. ) ;
#53 = ORIENTED_EDGE ( 'NONE', *, *, #1947, .T. ) ;
#54 = ORIENTED_EDGE ( 'NONE', *, *, #1430, .F. ) ;
#55 = DIRECTION ( 'NONE',  ( 0.0000000000000000000, 0.0000000000000000000, 1.000000000000000000 ) ) ;
#56 = EDGE_CURVE ( 'NONE', #1362, #1237, #891, .T. ) ;
#57 = CARTESIAN_POINT ( 'NONE',  ( -12.69999999999999929, -4.500000000000000888, 4.199999999999999289 ) ) ;
#58 = VERTEX_POINT ( 'NONE', #1071 ) ;
#59 = LINE ( 'NONE', #628, #29 ) ;
#60 = DIRECTION ( 'NONE',  ( -1.000000000000000000, 0.0000000000000000000, 5.204170427930417339E-16 ) ) ;
#61 = CARTESIAN_POINT ( 'NONE',  ( -12.50000000000000000, -4.500000000000000888, 3.999999999999998224 ) ) ;
#62 = CARTESIAN_POINT ( 'NONE',  ( 3.000000000000024869, 9.999999999999992895, 14.00000000000000000 ) ) ;
#63 = VECTOR ( 'NONE', #17, 1000.000000000000000 ) ;
#64 = VERTEX_POINT ( 'NONE', #2370 ) ;
#65 = CARTESIAN_POINT ( 'NONE',  ( 23.99999999999999289, 4.500000000000000000, -6.000000000000003553 ) ) ;
#66 = COLOUR_RGB ( '',0.5999999999999999778, 0.5999999999999999778, 0.5999999999999999778 ) ;
#67 = ORIENTED_EDGE ( 'NONE', *, *, #1659, .T. ) ;
#68 = FACE_OUTER_BOUND ( 'NONE', #2301, .T. ) ;
#69 = AXIS2_PLACEMENT_3D ( 'NONE', #464, #676, #513 ) ;
#70 = SURFACE_STYLE_FILL_AREA ( #1478 ) ;
#71 = EDGE_CURVE ( 'NONE', #41, #791, #467, .T. ) ;
#72 = ORIENTED_EDGE ( 'NONE', *, *, #1676, .T. ) ;
#73 =( GEOMETRIC_REPRESENTATION_CONTEXT ( 3 ) GLOBAL_UNCERTAINTY_ASSIGNED_CONTEXT ( ( #1732 ) ) GLOBAL_UNIT_ASSIGNED_CONTEXT ( ( #1324, #1856, #955 ) ) REPRESENTATION_CONTEXT ( 'NONE', 'WORKASPACE' ) );
#74 =( GEOMETRIC_REPRESENTATION_CONTEXT ( 3 ) GLOBAL_UNCERTAINTY_ASSIGNED_CONTEXT ( ( #821 ) ) GLOBAL_UNIT_ASSIGNED_CONTEXT ( ( #2230, #947, #1823 ) ) REPRESENTATION_CONTEXT ( 'NONE', 'WORKASPACE' ) );
#75 = CLOSED_SHELL ( 'NONE', ( #1861, #1648, #1312, #493, #254, #1180, #2201, #2214, #2246, #1440, #1743, #718, #2218, #1979, #1111, #959, #125, #2198, #24, #2184, #1926, #2391, #494, #2332, #618, #446 ) ) ;
#76 = DIRECTION ( 'NONE',  ( 0.0000000000000000000, 0.0000000000000000000, 1.000000000000000000 ) ) ;
#77 = SURFACE_STYLE_USAGE ( .BOTH. , #836 ) ;
#78 = AXIS2_PLACEMENT_3D ( 'NONE', #1619, #331, #1386 ) ;
#79 = AXIS2_PLACEMENT_3D ( 'NONE', #2009, #376, #755 ) ;
#80 = AXIS2_PLACEMENT_3D ( 'NONE', #1351, #1539, #1721 ) ;
#81 = LINE ( 'NONE', #51, #1531 ) ;
#82 = EDGE_CURVE ( 'NONE', #1555, #776, #2353, .T. ) ;
#83 = DIRECTION ( 'NONE',  ( 0.7071067811865489050, 0.0000000000000000000, 0.7071067811865462405 ) ) ;
#84 = ORIENTED_EDGE ( 'NONE', *, *, #192, .F. ) ;
#85 = CARTESIAN_POINT ( 'NONE',  ( 0.0000000000000000000, 3.000000000000000000, 14.00000000000000178 ) ) ;
#86 = PLANE ( 'NONE',  #69 ) ;
#87 = ORIENTED_EDGE ( 'NONE', *, *, #1759, .F. ) ;
#88 = DIRECTION ( 'NONE',  ( -0.0000000000000000000, 1.000000000000000000, -0.0000000000000000000 ) ) ;
#89 = CARTESIAN_POINT ( 'NONE',  ( 24.99999999999999289, -5.000000000000000000, -5.000000000000004441 ) ) ;
#90 = UNCERTAINTY_MEASURE_WITH_UNIT (LENGTH_MEASURE( 1.000000000000000082E-05 ), #969, 'distance_accuracy_value', 'NONE');
#91 = CARTESIAN_POINT ( 'NONE',  ( 11.50000000000000178, 5.000000000000000000, 3.499999999999996003 ) ) ;
#92 = CARTESIAN_POINT ( 'NONE',  ( 19.00000000000000000, 5.000000000000000000, 4.774380084543173877E-15 ) ) ;
#93 = EDGE_CURVE ( 'NONE', #549, #2216, #1767, .T. ) ;
#94 = CONTEXT_DEPENDENT_SHAPE_REPRESENTATION ( #2043, #1112 ) ;
#95 = CARTESIAN_POINT ( 'NONE',  ( -15.99999999999998934, 2.000000000000000000, 8.000000000000015987 ) ) ;
#96 = ADVANCED_FACE ( 'NONE', ( #319 ), #909, .F. ) ;
#97 = ORIENTED_EDGE ( 'NONE', *, *, #880, .T. ) ;
#98 = LINE ( 'NONE', #844, #1009 ) ;
#99 = ORIENTED_EDGE ( 'NONE', *, *, #1134, .T. ) ;
#100 = DIRECTION ( 'NONE',  ( -0.4999999999999990563, -0.7071067811865483499, 0.5000000000000000000 ) ) ;
#101 = DIRECTION ( 'NONE',  ( -0.0000000000000000000, 1.000000000000000000, -0.0000000000000000000 ) ) ;
#102 = VERTEX_POINT ( 'NONE', #1424 ) ;
#103 = UNCERTAINTY_MEASURE_WITH_UNIT (LENGTH_MEASURE( 1.000000000000000082E-05 ), #2298, 'distance_accuracy_value', 'NONE');
#104 = CARTESIAN_POINT ( 'NONE',  ( -11.49999999999999822, 5.000000000000000000, 2.999999999999995559 ) ) ;
#105 = EDGE_LOOP ( 'NONE', ( #970, #1146, #769, #789 ) ) ;
#106 = CARTESIAN_POINT ( 'NONE',  ( 19.00000000000000000, 5.000000000000002665, -5.099999999999991651 ) ) ;
#107 = CARTESIAN_POINT ( 'NONE',  ( -17.00000000000000355, -0.001000000000000132727, 8.000000000000012434 ) ) ;
#108 = CARTESIAN_POINT ( 'NONE',  ( 1.000000000000000000, 2.999999999999996447, 14.00000000000000000 ) ) ;
#109 = VECTOR ( 'NONE', #2032, 1000.000000000000000 ) ;
#110 = FACE_BOUND ( 'NONE', #1344, .T. ) ;
#111 = CIRCLE ( 'NONE', #343, 2.749999999999999112 ) ;
#112 = ORIENTED_EDGE ( 'NONE', *, *, #2256, .F. ) ;
#113 =( LENGTH_UNIT ( ) NAMED_UNIT ( * ) SI_UNIT ( .MILLI., .METRE. ) );
#114 = VECTOR ( 'NONE', #787, 1000.000000000000000 ) ;
#115 = PRESENTATION_LAYER_ASSIGNMENT (  '', '', ( #815 ) ) ;
#116 = AXIS2_PLACEMENT_3D ( 'NONE', #1608, #2185, #1807 ) ;
#117 = CIRCLE ( 'NONE', #1447, 0.5000000000000000000 ) ;
#118 = DIRECTION ( 'NONE',  ( -0.0000000000000000000, -1.000000000000000000, -0.0000000000000000000 ) ) ;
#119 = ORIENTED_EDGE ( 'NONE', *, *, #1572, .T. ) ;
#120 = LINE ( 'NONE', #870, #1916 ) ;
#121 = DIRECTION ( 'NONE',  ( -1.000000000000000000, 0.0000000000000000000, 1.084202172485504434E-16 ) ) ;
#122 = DIRECTION ( 'NONE',  ( -1.000000000000000000, 3.491481338843133355E-15, 0.0000000000000000000 ) ) ;
#123 = EDGE_CURVE ( 'NONE', #27, #719, #738, .T. ) ;
#124 = DIRECTION ( 'NONE',  ( 0.0000000000000000000, -1.000000000000000000, 0.0000000000000000000 ) ) ;
#125 = ADVANCED_FACE ( 'NONE', ( #1218 ), #1053, .F. ) ;
#126 = CARTESIAN_POINT ( 'NONE',  ( 0.0000000000000000000, 3.000000000000000000, -14.00000000000000000 ) ) ;
#127 = DIRECTION ( 'NONE',  ( 1.000000000000000000, 0.0000000000000000000, 0.0000000000000000000 ) ) ;
#128 = CARTESIAN_POINT ( 'NONE',  ( -15.99999999999998934, 0.0000000000000000000, 8.000000000000015987 ) ) ;
#129 = LINE ( 'NONE', #1212, #2188 ) ;
#130 = VERTEX_POINT ( 'NONE', #1251 ) ;
#131 = EDGE_CURVE ( 'NONE', #2050, #1892, #816, .T. ) ;
#132 = DIRECTION ( 'NONE',  ( -0.7071067811865482389, 0.0000000000000000000, 0.7071067811865469066 ) ) ;
#133 = DIRECTION ( 'NONE',  ( -0.0000000000000000000, 1.000000000000000000, -0.0000000000000000000 ) ) ;
#134 = ORIENTED_EDGE ( 'NONE', *, *, #1788, .T. ) ;
#135 = DIRECTION ( 'NONE',  ( 9.462128050782533593E-16, 0.0000000000000000000, 1.000000000000000000 ) ) ;
#136 = CARTESIAN_POINT ( 'NONE',  ( 0.0000000000000000000, 3.000000000000000000, -14.00000000000000178 ) ) ;
#137 = DIRECTION ( 'NONE',  ( -0.2810846377148213948, 0.6785983445458467767, 0.6785983445458467767 ) ) ;
#138 = PLANE ( 'NONE',  #78 ) ;
#139 = CARTESIAN_POINT ( 'NONE',  ( 1.000000000000031752, 12.00000000000000000, 12.00000000000000000 ) ) ;
#140 = EDGE_LOOP ( 'NONE', ( #913, #1812, #1492, #1198, #2079, #2077 ) ) ;
#141 = AXIS2_PLACEMENT_3D ( 'NONE', #1497, #2068, #60 ) ;
#142 = DIRECTION ( 'NONE',  ( -1.000000000000000000, -0.0000000000000000000, -0.0000000000000000000 ) ) ;
#143 = CIRCLE ( 'NONE', #1477, 2.000000000000000000 ) ;
#144 =( NAMED_UNIT ( * ) PLANE_ANGLE_UNIT ( ) SI_UNIT ( $, .RADIAN. ) );
#145 = MECHANICAL_DESIGN_GEOMETRIC_PRESENTATION_REPRESENTATION (  '', ( #812 ), #771 ) ;
#146 = EDGE_CURVE ( 'NONE', #455, #201, #1566, .T. ) ;
#147 = VECTOR ( 'NONE', #1013, 999.9999999999998863 ) ;
#148 = PRODUCT_DEFINITION_FORMATION_WITH_SPECIFIED_SOURCE ( 'ANY', '', #716, .NOT_KNOWN. ) ;
#149 = PRESENTATION_LAYER_ASSIGNMENT (  '', '', ( #1985 ) ) ;
#150 = LINE ( 'NONE', #1587, #383 ) ;
#151 = CARTESIAN_POINT ( 'NONE',  ( 14.64644660940670384, 5.000000000000000000, -14.64644660940672871 ) ) ;
#152 = CIRCLE ( 'NONE', #665, 5.099999999999996980 ) ;
#153 = ORIENTED_EDGE ( 'NONE', *, *, #1493, .F. ) ;
#154 = FACE_BOUND ( 'NONE', #1471, .T. ) ;
#155 = VECTOR ( 'NONE', #1878, 1000.000000000000114 ) ;
#156 = CARTESIAN_POINT ( 'NONE',  ( -11.49999999999999822, 5.500000000000000000, 2.999999999999995559 ) ) ;
#157 = PRESENTATION_STYLE_ASSIGNMENT (( #2165 ) ) ;
#158 = CARTESIAN_POINT ( 'NONE',  ( -19.00000000000000000, 5.000000000000002665, 5.100000000000004086 ) ) ;
#159 = LINE ( 'NONE', #1055, #740 ) ;
#160 = EDGE_CURVE ( 'NONE', #619, #1613, #559, .T. ) ;
#161 = CARTESIAN_POINT ( 'NONE',  ( 12.00000000000000178, 5.000000000000000000, -3.000000000000004441 ) ) ;
#162 = ORIENTED_EDGE ( 'NONE', *, *, #160, .F. ) ;
#163 = DIRECTION ( 'NONE',  ( -3.491481338843133750E-15, -1.000000000000000000, 0.0000000000000000000 ) ) ;
#164 = EDGE_CURVE ( 'NONE', #1921, #1735, #309, .T. ) ;
#165 = DIRECTION ( 'NONE',  ( -0.0000000000000000000, -1.000000000000000000, -0.0000000000000000000 ) ) ;
#166 = ORIENTED_EDGE ( 'NONE', *, *, #40, .F. ) ;
#167 = CARTESIAN_POINT ( 'NONE',  ( 12.70000000000000284, -4.500000000000000888, 4.199999999999999289 ) ) ;
#168 = EDGE_LOOP ( 'NONE', ( #2062, #607, #999, #392 ) ) ;
#169 = CARTESIAN_POINT ( 'NONE',  ( 3.000000000000024869, 9.999999999999992895, -13.99999999999999645 ) ) ;
#170 = CARTESIAN_POINT ( 'NONE',  ( 1.000000000000024425, 10.00000000000000000, 14.00000000000000000 ) ) ;
#171 = EDGE_CURVE ( 'NONE', #368, #1362, #2037, .T. ) ;
#172 = ORIENTED_EDGE ( 'NONE', *, *, #526, .T. ) ;
#173 = LINE ( 'NONE', #1811, #2307 ) ;
#174 = VERTEX_POINT ( 'NONE', #214 ) ;
#175 = ORIENTED_EDGE ( 'NONE', *, *, #1615, .T. ) ;
#176 = DIRECTION ( 'NONE',  ( 7.666467083416870691E-17, -0.7071067811865475727, 0.7071067811865475727 ) ) ;
#177 = ORIENTED_EDGE ( 'NONE', *, *, #219, .T. ) ;
#178 = CIRCLE ( 'NONE', #811, 5.099999999999996980 ) ;
#179 = EDGE_LOOP ( 'NONE', ( #1317, #2319, #422, #1125 ) ) ;
#180 = CARTESIAN_POINT ( 'NONE',  ( 0.0000000000000000000, 3.000000000000000000, 14.00000000000000178 ) ) ;
#181 = MECHANICAL_DESIGN_GEOMETRIC_PRESENTATION_REPRESENTATION (  '', ( #887 ), #538 ) ;
#182 = VECTOR ( 'NONE', #416, 999.9999999999998863 ) ;
#183 = AXIS2_PLACEMENT_3D ( 'NONE', #690, #2151, #1593 ) ;
#184 = EDGE_LOOP ( 'NONE', ( #2089, #1675, #1476, #1514 ) ) ;
#185 = DIRECTION ( 'NONE',  ( 0.0000000000000000000, 0.0000000000000000000, 1.000000000000000000 ) ) ;
#186 = ADVANCED_FACE ( 'NONE', ( #798 ), #971, .T. ) ;
#187 = AXIS2_PLACEMENT_3D ( 'NONE', #1051, #1967, #1070 ) ;
#188 = AXIS2_PLACEMENT_3D ( 'NONE', #2347, #2252, #920 ) ;
#189 = DIRECTION ( 'NONE',  ( 0.0000000000000000000, 0.0000000000000000000, -1.000000000000000000 ) ) ;
#190 = MECHANICAL_DESIGN_GEOMETRIC_PRESENTATION_REPRESENTATION (  '', ( #1302 ), #1989 ) ;
#191 = CARTESIAN_POINT ( 'NONE',  ( 3.000000000000000000, 2.999999999999989786, 14.00000000000000000 ) ) ;
#192 = EDGE_CURVE ( 'NONE', #677, #2216, #768, .T. ) ;
#193 = ORIENTED_EDGE ( 'NONE', *, *, #750, .F. ) ;
#194 = DIRECTION ( 'NONE',  ( -0.0000000000000000000, -0.0000000000000000000, -1.000000000000000000 ) ) ;
#195 = SURFACE_STYLE_USAGE ( .BOTH. , #1808 ) ;
#196 = DIRECTION ( 'NONE',  ( 0.7071067811865462405, 0.0000000000000000000, -0.7071067811865489050 ) ) ;
#197 = EDGE_LOOP ( 'NONE', ( #573, #545, #2376, #333 ) ) ;
#198 = ORIENTED_EDGE ( 'NONE', *, *, #1712, .F. ) ;
#199 =( NAMED_UNIT ( * ) PLANE_ANGLE_UNIT ( ) SI_UNIT ( $, .RADIAN. ) );
#200 = LINE ( 'NONE', #941, #1261 ) ;
#201 = VERTEX_POINT ( 'NONE', #1481 ) ;
#202 = DIRECTION ( 'NONE',  ( -0.0000000000000000000, 1.000000000000000000, -0.0000000000000000000 ) ) ;
#203 = VERTEX_POINT ( 'NONE', #931 ) ;
#204 = LINE ( 'NONE', #1313, #2388 ) ;
#205 = DIRECTION ( 'NONE',  ( -0.7071067811865489050, 0.0000000000000000000, -0.7071067811865462405 ) ) ;
#206 = ORIENTED_EDGE ( 'NONE', *, *, #2368, .F. ) ;
#207 = SURFACE_SIDE_STYLE ('',( #790 ) ) ;
#208 = ORIENTED_EDGE ( 'NONE', *, *, #387, .F. ) ;
#209 = CARTESIAN_POINT ( 'NONE',  ( -19.00000000000000000, 5.000000000000002665, 4.774380084543173877E-15 ) ) ;
#210 = EDGE_LOOP ( 'NONE', ( #912, #1558, #263, #883 ) ) ;
#211 = DIRECTION ( 'NONE',  ( -0.0000000000000000000, 1.000000000000000000, -0.0000000000000000000 ) ) ;
#212 = CARTESIAN_POINT ( 'NONE',  ( 0.9999999999999895639, 2.438088387897970419E-29, 0.0000000000000000000 ) ) ;
#213 = VERTEX_POINT ( 'NONE', #1689 ) ;
#214 = CARTESIAN_POINT ( 'NONE',  ( 19.00000000000000000, -5.000000000000000000, 2.750000000000003553 ) ) ;
#215 = DIRECTION ( 'NONE',  ( -1.084202172485504434E-16, 0.0000000000000000000, -1.000000000000000000 ) ) ;
#216 = EDGE_CURVE ( 'NONE', #1209, #1530, #550, .T. ) ;
#217 = CARTESIAN_POINT ( 'NONE',  ( 19.00000000000000000, -5.000000000000000000, -2.749999999999994227 ) ) ;
#218 = DIRECTION ( 'NONE',  ( 0.0000000000000000000, 0.0000000000000000000, -1.000000000000000000 ) ) ;
#219 = EDGE_CURVE ( 'NONE', #1489, #776, #1100, .T. ) ;
#220 = ORIENTED_EDGE ( 'NONE', *, *, #373, .T. ) ;
#221 = FILL_AREA_STYLE_COLOUR ( '', #505 ) ;
#222 = DIRECTION ( 'NONE',  ( 0.0000000000000000000, 0.0000000000000000000, -1.000000000000000000 ) ) ;
#223 = VECTOR ( 'NONE', #1684, 1000.000000000000000 ) ;
#224 = EDGE_CURVE ( 'NONE', #1436, #791, #1455, .T. ) ;
#225 = ORIENTED_EDGE ( 'NONE', *, *, #2088, .T. ) ;
#226 = DIRECTION ( 'NONE',  ( 0.0000000000000000000, 0.0000000000000000000, -1.000000000000000000 ) ) ;
#227 = AXIS2_PLACEMENT_3D ( 'NONE', #700, #1402, #864 ) ;
#228 = AXIS2_PLACEMENT_3D ( 'NONE', #1848, #185, #1120 ) ;
#229 = AXIS2_PLACEMENT_3D ( 'NONE', #2379, #2361, #2334 ) ;
#230 = DIRECTION ( 'NONE',  ( -0.0000000000000000000, -1.000000000000000000, 0.0000000000000000000 ) ) ;
#231 = AXIS2_PLACEMENT_3D ( 'NONE', #1864, #982, #226 ) ;
#232 = ORIENTED_EDGE ( 'NONE', *, *, #994, .F. ) ;
#233 = DIRECTION ( 'NONE',  ( 0.0000000000000000000, -1.000000000000000000, 0.0000000000000000000 ) ) ;
#234 = CARTESIAN_POINT ( 'NONE',  ( 3.000000000000031530, 11.99999999999999289, 14.00000000000000000 ) ) ;
#235 = LINE ( 'NONE', #2096, #2112 ) ;
#236 = DIRECTION ( 'NONE',  ( 0.0000000000000000000, 0.0000000000000000000, 1.000000000000000000 ) ) ;
#237 = EDGE_LOOP ( 'NONE', ( #2025, #1495 ) ) ;
#238 = EDGE_CURVE ( 'NONE', #213, #259, #2011, .T. ) ;
#239 = FACE_OUTER_BOUND ( 'NONE', #928, .T. ) ;
#240 = EDGE_CURVE ( 'NONE', #794, #563, #59, .T. ) ;
#241 = DIRECTION ( 'NONE',  ( 1.000000000000000000, 0.0000000000000000000, 0.0000000000000000000 ) ) ;
#242 = ORIENTED_EDGE ( 'NONE', *, *, #1697, .T. ) ;
#243 = EDGE_CURVE ( 'NONE', #1578, #7, #1914, .T. ) ;
#244 =( LENGTH_UNIT ( ) NAMED_UNIT ( * ) SI_UNIT ( .MILLI., .METRE. ) );
#245 = ORIENTED_EDGE ( 'NONE', *, *, #1253, .T. ) ;
#246 = SURFACE_SIDE_STYLE ('',( #70 ) ) ;
#247 = ORIENTED_EDGE ( 'NONE', *, *, #739, .T. ) ;
#248 = DIRECTION ( 'NONE',  ( -0.0000000000000000000, 1.000000000000000000, -0.0000000000000000000 ) ) ;
#249 = DIRECTION ( 'NONE',  ( 0.0000000000000000000, 1.000000000000000000, -0.0000000000000000000 ) ) ;
#250 = DIRECTION ( 'NONE',  ( 0.0000000000000000000, 0.0000000000000000000, 1.000000000000000000 ) ) ;
#251 = DIRECTION ( 'NONE',  ( 0.0000000000000000000, 1.000000000000000000, 0.0000000000000000000 ) ) ;
#252 = APPLICATION_PROTOCOL_DEFINITION ( 'draft international standard', 'automotive_design', 1998, #582 ) ;
#253 = ORIENTED_EDGE ( 'NONE', *, *, #71, .F. ) ;
#254 = ADVANCED_FACE ( 'NONE', ( #1728 ), #452, .T. ) ;
#255 = CARTESIAN_POINT ( 'NONE',  ( -11.99999999999999822, 5.500000000000000000, 2.999999999999995559 ) ) ;
#256 = ORIENTED_EDGE ( 'NONE', *, *, #1236, .T. ) ;
#257 = DIRECTION ( 'NONE',  ( 0.0000000000000000000, 0.0000000000000000000, -1.000000000000000000 ) ) ;
#258 = EDGE_CURVE ( 'NONE', #1735, #2160, #638, .T. ) ;
#259 = VERTEX_POINT ( 'NONE', #1716 ) ;
#260 = CARTESIAN_POINT ( 'NONE',  ( 3.000000000000024425, 9.999999999999992895, 14.00000000000000000 ) ) ;
#261 = DIRECTION ( 'NONE',  ( -1.000000000000000000, 0.0000000000000000000, -0.0000000000000000000 ) ) ;
#262 = ADVANCED_FACE ( 'NONE', ( #292 ), #1174, .F. ) ;
#263 = ORIENTED_EDGE ( 'NONE', *, *, #1583, .F. ) ;
#264 = CARTESIAN_POINT ( 'NONE',  ( -19.00000000000000000, -0.4000000000000001887, 4.774380084543173877E-15 ) ) ;
#265 = APPLICATION_PROTOCOL_DEFINITION ( 'draft international standard', 'automotive_design', 1998, #330 ) ;
#266 = DIRECTION ( 'NONE',  ( -0.0000000000000000000, -1.000000000000000000, -0.0000000000000000000 ) ) ;
#267 = AXIS2_PLACEMENT_3D ( 'NONE', #2183, #749, #1797 ) ;
#268 = ORIENTED_EDGE ( 'NONE', *, *, #1528, .F. ) ;
#269 =( LENGTH_UNIT ( ) NAMED_UNIT ( * ) SI_UNIT ( .MILLI., .METRE. ) );
#270 = CARTESIAN_POINT ( 'NONE',  ( 0.0000000000000000000, 0.0000000000000000000, 14.00000000000000000 ) ) ;
#271 = CIRCLE ( 'NONE', #1227, 0.5000000000000004441 ) ;
#272 = VECTOR ( 'NONE', #1466, 1000.000000000000000 ) ;
#273 = CARTESIAN_POINT ( 'NONE',  ( 3.000000000000031530, 11.99999999999999289, 0.0000000000000000000 ) ) ;
#274 = FACE_BOUND ( 'NONE', #831, .T. ) ;
#275 = VECTOR ( 'NONE', #211, 1000.000000000000000 ) ;
#276 = CARTESIAN_POINT ( 'NONE',  ( -15.99999999999999289, -0.001000000000000132727, 10.75000000000002842 ) ) ;
#277 = AXIS2_PLACEMENT_3D ( 'NONE', #761, #1117, #1470 ) ;
#278 = CYLINDRICAL_SURFACE ( 'NONE', #1197, 5.099999999999996980 ) ;
#279 = LINE ( 'NONE', #1222, #2190 ) ;
#280 = EDGE_LOOP ( 'NONE', ( #1680, #1306, #31, #962 ) ) ;
#281 = DIRECTION ( 'NONE',  ( 3.491481338843133750E-15, 1.000000000000000000, 3.469446951953614189E-16 ) ) ;
#282 = CARTESIAN_POINT ( 'NONE',  ( -17.00000000000000711, -0.001000000000000132727, -14.00000000000000000 ) ) ;
#283 = EDGE_LOOP ( 'NONE', ( #1370, #2244, #2014, #1303 ) ) ;
#284 = DIRECTION ( 'NONE',  ( 0.0000000000000000000, 0.0000000000000000000, -1.000000000000000000 ) ) ;
#285 = ORIENTED_EDGE ( 'NONE', *, *, #518, .T. ) ;
#286 = DIRECTION ( 'NONE',  ( -1.000000000000000000, 3.491481338843133750E-15, 0.0000000000000000000 ) ) ;
#287 = SURFACE_STYLE_FILL_AREA ( #581 ) ;
#288 = EDGE_LOOP ( 'NONE', ( #1715, #172, #1660, #2033 ) ) ;
#289 = DIRECTION ( 'NONE',  ( 4.336808689942017736E-16, -0.0000000000000000000, -1.000000000000000000 ) ) ;
#290 = CYLINDRICAL_SURFACE ( 'NONE', #1554, 5.999999999999991118 ) ;
#291 = VERTEX_POINT ( 'NONE', #1367 ) ;
#292 = FACE_OUTER_BOUND ( 'NONE', #1315, .T. ) ;
#293 = LINE ( 'NONE', #873, #1485 ) ;
#294 = LINE ( 'NONE', #1503, #540 ) ;
#295 = DIRECTION ( 'NONE',  ( 0.0000000000000000000, 0.0000000000000000000, 1.000000000000000000 ) ) ;
#296 = AXIS2_PLACEMENT_3D ( 'NONE', #709, #1983, #1068 ) ;
#297 = DIRECTION ( 'NONE',  ( -4.336808689942025132E-16, 0.0000000000000000000, 1.000000000000000000 ) ) ;
#298 = VERTEX_POINT ( 'NONE', #1536 ) ;
#299 = DIRECTION ( 'NONE',  ( 0.0000000000000000000, 0.0000000000000000000, 1.000000000000000000 ) ) ;
#300 = FACE_OUTER_BOUND ( 'NONE', #280, .T. ) ;
#301 = LINE ( 'NONE', #488, #1978 ) ;
#302 = MECHANICAL_DESIGN_GEOMETRIC_PRESENTATION_REPRESENTATION (  '', ( #2272 ), #2106 ) ;
#303 = PLANE ( 'NONE',  #2192 ) ;
#304 = VECTOR ( 'NONE', #326, 1000.000000000000000 ) ;
#305 = ORIENTED_EDGE ( 'NONE', *, *, #1422, .T. ) ;
#306 = DIRECTION ( 'NONE',  ( -0.0000000000000000000, 1.000000000000000000, -0.0000000000000000000 ) ) ;
#307 = CARTESIAN_POINT ( 'NONE',  ( -25.00000000000000711, 5.000000000000000000, -4.999999999999999112 ) ) ;
#308 = CIRCLE ( 'NONE', #1636, 3.000000000000000000 ) ;
#309 = CIRCLE ( 'NONE', #1873, 5.099999999999998757 ) ;
#310 = EDGE_CURVE ( 'NONE', #2365, #1291, #2281, .T. ) ;
#311 = CIRCLE ( 'NONE', #388, 2.000000000000000000 ) ;
#312 = CARTESIAN_POINT ( 'NONE',  ( 11.50000000000000178, 5.500000000000000000, -3.000000000000004441 ) ) ;
#313 = EDGE_CURVE ( 'NONE', #130, #1994, #1704, .T. ) ;
#314 = VERTEX_POINT ( 'NONE', #1357 ) ;
#315 = DIRECTION ( 'NONE',  ( -0.0000000000000000000, 1.000000000000000000, -0.0000000000000000000 ) ) ;
#316 = FACE_OUTER_BOUND ( 'NONE', #140, .T. ) ;
#317 = LINE ( 'NONE', #1060, #382 ) ;
#318 = CARTESIAN_POINT ( 'NONE',  ( 24.99999999999999289, 4.500000000000000000, -5.000000000000004441 ) ) ;
#319 = FACE_OUTER_BOUND ( 'NONE', #1007, .T. ) ;
#320 = CARTESIAN_POINT ( 'NONE',  ( 21.91305066474691188, 9.538341389153488947, -0.9616586108465129401 ) ) ;
#321 = CARTESIAN_POINT ( 'NONE',  ( -12.69999999999999929, -4.500000000000000888, 4.199999999999999289 ) ) ;
#322 = DIRECTION ( 'NONE',  ( 1.000000000000000000, 0.0000000000000000000, 1.734723475976805615E-16 ) ) ;
#323 = ORIENTED_EDGE ( 'NONE', *, *, #1596, .T. ) ;
#324 =( NAMED_UNIT ( * ) PLANE_ANGLE_UNIT ( ) SI_UNIT ( $, .RADIAN. ) );
#325 = DIRECTION ( 'NONE',  ( -0.0000000000000000000, -1.000000000000000000, -0.0000000000000000000 ) ) ;
#326 = DIRECTION ( 'NONE',  ( -0.0000000000000000000, 1.000000000000000000, -0.0000000000000000000 ) ) ;
#327 = EDGE_CURVE ( 'NONE', #666, #2050, #2105, .T. ) ;
#328 =( NAMED_UNIT ( * ) SI_UNIT ( $, .STERADIAN. ) SOLID_ANGLE_UNIT ( ) );
#329 = LINE ( 'NONE', #2128, #1289 ) ;
#330 = APPLICATION_CONTEXT ( 'automotive_design' ) ;
#331 = DIRECTION ( 'NONE',  ( -0.0000000000000000000, 0.0000000000000000000, 1.000000000000000000 ) ) ;
#332 = DIRECTION ( 'NONE',  ( -0.7071067811865469066, 0.0000000000000000000, 0.7071067811865482389 ) ) ;
#333 = ORIENTED_EDGE ( 'NONE', *, *, #2224, .T. ) ;
#334 = CARTESIAN_POINT ( 'NONE',  ( 2.999999999999989786, -6.982962677686242256E-15, 0.0000000000000000000 ) ) ;
#335 = VECTOR ( 'NONE', #379, 1000.000000000000000 ) ;
#336 = DIRECTION ( 'NONE',  ( 1.000000000000000000, -0.0000000000000000000, 4.336808689942025625E-16 ) ) ;
#337 = CIRCLE ( 'NONE', #2342, 2.749999999999999112 ) ;
#338 = PLANE ( 'NONE',  #1829 ) ;
#339 = AXIS2_PLACEMENT_3D ( 'NONE', #646, #1581, #2148 ) ;
#340 = DIRECTION ( 'NONE',  ( 0.0000000000000000000, 0.0000000000000000000, 1.000000000000000000 ) ) ;
#341 = EDGE_CURVE ( 'NONE', #465, #298, #986, .T. ) ;
#342 = VECTOR ( 'NONE', #1056, 1000.000000000000000 ) ;
#343 = AXIS2_PLACEMENT_3D ( 'NONE', #1692, #1325, #2053 ) ;
#344 = DIRECTION ( 'NONE',  ( 0.0000000000000000000, 0.0000000000000000000, -1.000000000000000000 ) ) ;
#345 =( GEOMETRIC_REPRESENTATION_CONTEXT ( 3 ) GLOBAL_UNCERTAINTY_ASSIGNED_CONTEXT ( ( #1238 ) ) GLOBAL_UNIT_ASSIGNED_CONTEXT ( ( #1247, #1226, #1803 ) ) REPRESENTATION_CONTEXT ( 'NONE', 'WORKASPACE' ) );
#346 = VECTOR ( 'NONE', #723, 1000.000000000000000 ) ;
#347 = EDGE_CURVE ( 'NONE', #521, #2216, #1908, .T. ) ;
#348 = CARTESIAN_POINT ( 'NONE',  ( -12.69999999999999751, -5.000000000000000000, -4.200000000000001066 ) ) ;
#349 = CIRCLE ( 'NONE', #580, 1.000000000000000000 ) ;
#350 = EDGE_LOOP ( 'NONE', ( #2299, #1038 ) ) ;
#351 = CARTESIAN_POINT ( 'NONE',  ( 11.50000000000000178, 5.500000000000000000, 3.499999999999996003 ) ) ;
#352 = LINE ( 'NONE', #167, #1074 ) ;
#353 = DIRECTION ( 'NONE',  ( -0.0000000000000000000, -0.0000000000000000000, -1.000000000000000000 ) ) ;
#354 = CARTESIAN_POINT ( 'NONE',  ( -12.69999999999999751, -4.500000000000000888, -4.200000000000001066 ) ) ;
#355 = ADVANCED_FACE ( 'NONE', ( #1349 ), #1164, .F. ) ;
#356 =( LENGTH_UNIT ( ) NAMED_UNIT ( * ) SI_UNIT ( .MILLI., .METRE. ) );
#357 = DIRECTION ( 'NONE',  ( 0.0000000000000000000, -1.000000000000000000, -0.0000000000000000000 ) ) ;
#358 = ORIENTED_EDGE ( 'NONE', *, *, #1992, .F. ) ;
#359 = CARTESIAN_POINT ( 'NONE',  ( -12.69999999999999751, -4.500000000000000888, -4.200000000000001066 ) ) ;
#360 = ORIENTED_EDGE ( 'NONE', *, *, #1626, .T. ) ;
#361 = EDGE_CURVE ( 'NONE', #1892, #1020, #1897, .T. ) ;
#362 = PRODUCT_DEFINITION_SHAPE ( 'NONE', 'NONE',  #2396 ) ;
#363 = SHAPE_REPRESENTATION ( 'WB4470^WB4470_50-A1-W-SR', ( #2022 ), #345 ) ;
#364 = CARTESIAN_POINT ( 'NONE',  ( -5.999999999999986677, 0.0000000000000000000, -8.000000000000014211 ) ) ;
#365 = ORIENTED_EDGE ( 'NONE', *, *, #341, .F. ) ;
#366 = DIRECTION ( 'NONE',  ( 0.7071067811865482389, 0.0000000000000000000, -0.7071067811865469066 ) ) ;
#367 = DIRECTION ( 'NONE',  ( -0.0000000000000000000, -1.000000000000000000, -0.0000000000000000000 ) ) ;
#368 = VERTEX_POINT ( 'NONE', #535 ) ;
#369 =( NAMED_UNIT ( * ) PLANE_ANGLE_UNIT ( ) SI_UNIT ( $, .RADIAN. ) );
#370 = ORIENTED_EDGE ( 'NONE', *, *, #1973, .T. ) ;
#371 =( LENGTH_UNIT ( ) NAMED_UNIT ( * ) SI_UNIT ( .MILLI., .METRE. ) );
#372 = ORIENTED_EDGE ( 'NONE', *, *, #1877, .T. ) ;
#373 = EDGE_CURVE ( 'NONE', #776, #1555, #178, .T. ) ;
#374 = UNCERTAINTY_MEASURE_WITH_UNIT (LENGTH_MEASURE( 1.000000000000000082E-05 ), #1653, 'distance_accuracy_value', 'NONE');
#375 = ORIENTED_EDGE ( 'NONE', *, *, #1277, .F. ) ;
#376 = DIRECTION ( 'NONE',  ( -0.0000000000000000000, 1.000000000000000000, -0.0000000000000000000 ) ) ;
#377 = AXIS2_PLACEMENT_3D ( 'NONE', #1764, #799, #2134 ) ;
#378 = ORIENTED_EDGE ( 'NONE', *, *, #1469, .F. ) ;
#379 = DIRECTION ( 'NONE',  ( 1.000000000000000000, 0.0000000000000000000, 6.938893903907227392E-16 ) ) ;
#380 = COLOUR_RGB ( '',0.7490196078431372584, 0.7490196078431372584, 0.7490196078431372584 ) ;
#381 = EDGE_LOOP ( 'NONE', ( #232, #1551, #4, #84 ) ) ;
#382 = VECTOR ( 'NONE', #1239, 1000.000000000000000 ) ;
#383 = VECTOR ( 'NONE', #694, 1000.000000000000000 ) ;
#384 = AXIS2_PLACEMENT_3D ( 'NONE', #1451, #1879, #775 ) ;
#385 = ORIENTED_EDGE ( 'NONE', *, *, #1467, .F. ) ;
#386 = VECTOR ( 'NONE', #1193, 999.9999999999998863 ) ;
#387 = EDGE_CURVE ( 'NONE', #1924, #516, #200, .T. ) ;
#388 = AXIS2_PLACEMENT_3D ( 'NONE', #640, #286, #1925 ) ;
#389 = DIRECTION ( 'NONE',  ( 0.0000000000000000000, 0.0000000000000000000, 1.000000000000000000 ) ) ;
#390 = ORIENTED_EDGE ( 'NONE', *, *, #2232, .F. ) ;
#391 = DIRECTION ( 'NONE',  ( -0.0000000000000000000, -1.000000000000000000, -0.0000000000000000000 ) ) ;
#392 = ORIENTED_EDGE ( 'NONE', *, *, #841, .T. ) ;
#393 = CARTESIAN_POINT ( 'NONE',  ( -11.49999999999999822, 5.500000000000000000, -3.500000000000003997 ) ) ;
#394 = ORIENTED_EDGE ( 'NONE', *, *, #1947, .F. ) ;
#395 = ORIENTED_EDGE ( 'NONE', *, *, #123, .T. ) ;
#396 = CARTESIAN_POINT ( 'NONE',  ( -12.50000000000000000, -4.500000000000000888, 3.999999999999998224 ) ) ;
#397 = ADVANCED_FACE ( 'NONE', ( #917 ), #1655, .F. ) ;
#398 = SURFACE_SIDE_STYLE ('',( #596 ) ) ;
#399 = CARTESIAN_POINT ( 'NONE',  ( 0.0000000000000000000, 2.000000000000000000, 14.00000000000000000 ) ) ;
#400 = EDGE_LOOP ( 'NONE', ( #1248, #1928, #2059, #2195 ) ) ;
#401 = PLANE ( 'NONE',  #457 ) ;
#402 = EDGE_CURVE ( 'NONE', #586, #1489, #2159, .T. ) ;
#403 = FILL_AREA_STYLE_COLOUR ( '', #466 ) ;
#404 = CARTESIAN_POINT ( 'NONE',  ( -12.69999999999999751, -4.500000000000000888, -4.200000000000001066 ) ) ;
#405 = DIRECTION ( 'NONE',  ( 0.0000000000000000000, 1.000000000000000000, -0.0000000000000000000 ) ) ;
#406 = ORIENTED_EDGE ( 'NONE', *, *, #1562, .T. ) ;
#407 = ORIENTED_EDGE ( 'NONE', *, *, #1741, .F. ) ;
#408 = CARTESIAN_POINT ( 'NONE',  ( -11.49999999999999822, 5.500000000000000000, 3.499999999999996003 ) ) ;
#409 = EDGE_LOOP ( 'NONE', ( #475, #1740 ) ) ;
#410 = DIRECTION ( 'NONE',  ( -0.0000000000000000000, -1.000000000000000000, -0.0000000000000000000 ) ) ;
#411 = EDGE_CURVE ( 'NONE', #754, #2006, #1123, .T. ) ;
#412 = VERTEX_POINT ( 'NONE', #1453 ) ;
#413 = DIRECTION ( 'NONE',  ( -0.0000000000000000000, -1.000000000000000000, -0.0000000000000000000 ) ) ;
#414 = CARTESIAN_POINT ( 'NONE',  ( 19.00000000000000000, -0.4000000000000001887, 4.774380084543173877E-15 ) ) ;
#415 = DIRECTION ( 'NONE',  ( -0.0000000000000000000, -1.000000000000000000, -0.0000000000000000000 ) ) ;
#416 = DIRECTION ( 'NONE',  ( -0.7071067811865482389, 0.0000000000000000000, -0.7071067811865469066 ) ) ;
#417 = EDGE_CURVE ( 'NONE', #1613, #1067, #14, .T. ) ;
#418 = DIRECTION ( 'NONE',  ( 0.2810846377148183972, -0.6785983445458473318, 0.6785983445458473318 ) ) ;
#419 = PLANE ( 'NONE',  #576 ) ;
#420 = VECTOR ( 'NONE', #648, 1000.000000000000000 ) ;
#421 =( GEOMETRIC_REPRESENTATION_CONTEXT ( 3 ) GLOBAL_UNCERTAINTY_ASSIGNED_CONTEXT ( ( #1242 ) ) GLOBAL_UNIT_ASSIGNED_CONTEXT ( ( #244, #199, #1132 ) ) REPRESENTATION_CONTEXT ( 'NONE', 'WORKASPACE' ) );
#422 = ORIENTED_EDGE ( 'NONE', *, *, #1318, .F. ) ;
#423 = CARTESIAN_POINT ( 'NONE',  ( 12.50000000000000355, -4.500000000000000888, 4.000000000000001776 ) ) ;
#424 = CIRCLE ( 'NONE', #1441, 5.999999999999991118 ) ;
#425 = VERTEX_POINT ( 'NONE', #929 ) ;
#426 = AXIS2_PLACEMENT_3D ( 'NONE', #1611, #693, #344 ) ;
#427 = CARTESIAN_POINT ( 'NONE',  ( -17.00000000000000711, 0.0000000000000000000, -14.00000000000000000 ) ) ;
#428 = VECTOR ( 'NONE', #2337, 1000.000000000000000 ) ;
#429 = ORIENTED_EDGE ( 'NONE', *, *, #689, .F. ) ;
#430 = CARTESIAN_POINT ( 'NONE',  ( -15.99999999999999289, -0.001000000000000132727, -8.000000000000008882 ) ) ;
#431 = DIRECTION ( 'NONE',  ( 0.0000000000000000000, 1.000000000000000000, 0.0000000000000000000 ) ) ;
#432 = EDGE_CURVE ( 'NONE', #1839, #1204, #525, .T. ) ;
#433 = DIRECTION ( 'NONE',  ( -0.0000000000000000000, 1.000000000000000000, -0.0000000000000000000 ) ) ;
#434 = ORIENTED_EDGE ( 'NONE', *, *, #1457, .T. ) ;
#435 = ADVANCED_FACE ( 'NONE', ( #2377 ), #338, .F. ) ;
#436 = LINE ( 'NONE', #2247, #2234 ) ;
#437 = EDGE_LOOP ( 'NONE', ( #684, #1061, #2191, #644 ) ) ;
#438 = CARTESIAN_POINT ( 'NONE',  ( 11.50000000000000178, 5.500000000000000000, 2.999999999999995559 ) ) ;
#439 = EDGE_CURVE ( 'NONE', #1362, #984, #1789, .T. ) ;
#440 = DIRECTION ( 'NONE',  ( -0.0000000000000000000, -1.000000000000000000, -0.0000000000000000000 ) ) ;
#441 = VERTEX_POINT ( 'NONE', #1974 ) ;
#442 = DIRECTION ( 'NONE',  ( 1.000000000000000000, 0.0000000000000000000, -0.0000000000000000000 ) ) ;
#443 = DIRECTION ( 'NONE',  ( -1.000000000000000000, 0.0000000000000000000, 0.0000000000000000000 ) ) ;
#444 = CARTESIAN_POINT ( 'NONE',  ( -12.69999999999999929, -5.000000000000000000, 4.199999999999999289 ) ) ;
#445 = CARTESIAN_POINT ( 'NONE',  ( -17.00000000000000711, 2.000000000000000000, -8.000000000000008882 ) ) ;
#446 = ADVANCED_FACE ( 'NONE', ( #548 ), #1988, .T. ) ;
#447 = ORIENTED_EDGE ( 'NONE', *, *, #1069, .T. ) ;
#448 = ORIENTED_EDGE ( 'NONE', *, *, #944, .F. ) ;
#449 = EDGE_CURVE ( 'NONE', #797, #1867, #1717, .T. ) ;
#450 = ORIENTED_EDGE ( 'NONE', *, *, #524, .T. ) ;
#451 = EDGE_CURVE ( 'NONE', #918, #1204, #352, .T. ) ;
#452 = PLANE ( 'NONE',  #890 ) ;
#453 = LINE ( 'NONE', #1369, #889 ) ;
#454 = ORIENTED_EDGE ( 'NONE', *, *, #1843, .F. ) ;
#455 = VERTEX_POINT ( 'NONE', #1815 ) ;
#456 = LINE ( 'NONE', #38, #2028 ) ;
#457 = AXIS2_PLACEMENT_3D ( 'NONE', #234, #1136, #972 ) ;
#458 = APPLICATION_PROTOCOL_DEFINITION ( 'draft international standard', 'automotive_design', 1998, #1280 ) ;
#459 = CARTESIAN_POINT ( 'NONE',  ( 24.99999999999999289, 4.500000000000000000, 4.999999999999997335 ) ) ;
#460 = ORIENTED_EDGE ( 'NONE', *, *, #1283, .F. ) ;
#461 = CARTESIAN_POINT ( 'NONE',  ( -19.00000000000000000, 5.000000000000000000, -2.749999999999994227 ) ) ;
#462 = EDGE_CURVE ( 'NONE', #661, #1237, #2312, .T. ) ;
#463 = COLOUR_RGB ( '',0.5999999999999999778, 0.5999999999999999778, 0.5999999999999999778 ) ;
#464 = CARTESIAN_POINT ( 'NONE',  ( 24.99999999999999289, 5.000000000000000000, 4.999999999999997335 ) ) ;
#465 = VERTEX_POINT ( 'NONE', #2209 ) ;
#466 = COLOUR_RGB ( '',0.5999999999999999778, 0.5999999999999999778, 0.5999999999999999778 ) ;
#467 = CIRCLE ( 'NONE', #116, 2.750000000000014655 ) ;
#468 = CARTESIAN_POINT ( 'NONE',  ( 19.00000000000000000, 5.000000000000000000, -5.099999999999991651 ) ) ;
#469 = VECTOR ( 'NONE', #289, 1000.000000000000000 ) ;
#470 = VERTEX_POINT ( 'NONE', #1273 ) ;
#471 = ORIENTED_EDGE ( 'NONE', *, *, #240, .T. ) ;
#472 = COLOUR_RGB ( '',0.5999999999999999778, 0.5999999999999999778, 0.5999999999999999778 ) ;
#473 = ADVANCED_FACE ( 'NONE', ( #1098 ), #907, .T. ) ;
#474 = PRESENTATION_STYLE_ASSIGNMENT (( #1563 ) ) ;
#475 = ORIENTED_EDGE ( 'NONE', *, *, #2336, .T. ) ;
#476 = CARTESIAN_POINT ( 'NONE',  ( -24.00000000000000711, -5.000000000000000000, -5.999999999999998224 ) ) ;
#477 = EDGE_CURVE ( 'NONE', #1994, #1085, #557, .T. ) ;
#478 = CARTESIAN_POINT ( 'NONE',  ( -24.00000000000000711, 4.500000000000000888, 6.000000000000001776 ) ) ;
#479 = LINE ( 'NONE', #679, #1672 ) ;
#480 = ORIENTED_EDGE ( 'NONE', *, *, #341, .T. ) ;
#481 = DIRECTION ( 'NONE',  ( 1.000000000000000000, 0.0000000000000000000, -1.734723475976805615E-16 ) ) ;
#482 = LINE ( 'NONE', #1756, #428 ) ;
#483 = PRODUCT_CONTEXT ( 'NONE', #711, 'mechanical' ) ;
#484 = LINE ( 'NONE', #655, #342 ) ;
#485 = ORIENTED_EDGE ( 'NONE', *, *, #2110, .F. ) ;
#486 = DIRECTION ( 'NONE',  ( -0.0000000000000000000, 1.000000000000000000, -0.0000000000000000000 ) ) ;
#487 = PLANE ( 'NONE',  #1255 ) ;
#488 = CARTESIAN_POINT ( 'NONE',  ( -15.99999999999999289, 2.000000000000000000, 10.75000000000002842 ) ) ;
#489 = ADVANCED_FACE ( 'NONE', ( #1647 ), #3, .F. ) ;
#490 = FACE_OUTER_BOUND ( 'NONE', #1622, .T. ) ;
#491 = DIRECTION ( 'NONE',  ( -4.336808689942025132E-16, 0.0000000000000000000, 1.000000000000000000 ) ) ;
#492 = FACE_BOUND ( 'NONE', #1646, .T. ) ;
#493 = ADVANCED_FACE ( 'NONE', ( #1463 ), #2220, .F. ) ;
#494 = ADVANCED_FACE ( 'NONE', ( #1852 ), #1714, .T. ) ;
#495 = CYLINDRICAL_SURFACE ( 'NONE', #1266, 5.099999999999998757 ) ;
#496 = FACE_OUTER_BOUND ( 'NONE', #1776, .T. ) ;
#497 = ORIENTED_EDGE ( 'NONE', *, *, #2238, .F. ) ;
#498 = MANIFOLD_SOLID_BREP ( 'Schnitt-Linear austragen3', #2072 ) ;
#499 = FACE_BOUND ( 'NONE', #21, .T. ) ;
#500 = SURFACE_SIDE_STYLE ('',( #1602 ) ) ;
#501 = VECTOR ( 'NONE', #1667, 1000.000000000000000 ) ;
#502 = VECTOR ( 'NONE', #2046, 1000.000000000000000 ) ;
#503 = LINE ( 'NONE', #2323, #922 ) ;
#504 = CIRCLE ( 'NONE', #772, 5.999999999999991118 ) ;
#505 = COLOUR_RGB ( '',0.8274509803921568096, 0.8392156862745098200, 0.8274509803921568096 ) ;
#506 = DIRECTION ( 'NONE',  ( 1.000000000000000000, 0.0000000000000000000, -0.0000000000000000000 ) ) ;
#507 = CARTESIAN_POINT ( 'NONE',  ( 3.000000000000031530, 11.99999999999999289, 12.00000000000000000 ) ) ;
#508 = AXIS2_PLACEMENT_3D ( 'NONE', #1364, #486, #1215 ) ;
#509 = VECTOR ( 'NONE', #1087, 1000.000000000000000 ) ;
#510 = CARTESIAN_POINT ( 'NONE',  ( -15.99999999999999289, -0.001000000000000132727, 10.75000000000002842 ) ) ;
#511 = ORIENTED_EDGE ( 'NONE', *, *, #1778, .T. ) ;
#512 = ADVANCED_FACE ( 'NONE', ( #1534 ), #1906, .F. ) ;
#513 = DIRECTION ( 'NONE',  ( -0.7071067811865482389, 0.0000000000000000000, 0.7071067811865469066 ) ) ;
#514 = ORIENTED_EDGE ( 'NONE', *, *, #1155, .T. ) ;
#515 = DIRECTION ( 'NONE',  ( 0.0000000000000000000, -0.0000000000000000000, -1.000000000000000000 ) ) ;
#516 = VERTEX_POINT ( 'NONE', #2265 ) ;
#517 =( NAMED_UNIT ( * ) PLANE_ANGLE_UNIT ( ) SI_UNIT ( $, .RADIAN. ) );
#518 = EDGE_CURVE ( 'NONE', #27, #425, #1010, .T. ) ;
#519 = PRODUCT_DEFINITION_SHAPE ( 'NONE', 'NONE',  #2121 ) ;
#520 = CARTESIAN_POINT ( 'NONE',  ( 12.00000000000000178, 5.500000000000000000, -3.000000000000004441 ) ) ;
#521 = VERTEX_POINT ( 'NONE', #427 ) ;
#522 = LINE ( 'NONE', #728, #1373 ) ;
#523 =( NAMED_UNIT ( * ) SI_UNIT ( $, .STERADIAN. ) SOLID_ANGLE_UNIT ( ) );
#524 = EDGE_CURVE ( 'NONE', #412, #13, #609, .T. ) ;
#525 = LINE ( 'NONE', #2197, #2150 ) ;
#526 = EDGE_CURVE ( 'NONE', #647, #942, #2292, .T. ) ;
#527 = LINE ( 'NONE', #1779, #1190 ) ;
#528 = FACE_OUTER_BOUND ( 'NONE', #981, .T. ) ;
#529 = LINE ( 'NONE', #715, #1342 ) ;
#530 = DIRECTION ( 'NONE',  ( -1.000000000000000000, 0.0000000000000000000, 0.0000000000000000000 ) ) ;
#531 = ORIENTED_EDGE ( 'NONE', *, *, #2297, .T. ) ;
#532 = DIRECTION ( 'NONE',  ( 0.7071067811865489050, 0.0000000000000000000, 0.7071067811865462405 ) ) ;
#533 = ORIENTED_EDGE ( 'NONE', *, *, #739, .F. ) ;
#534 = ADVANCED_FACE ( 'NONE', ( #30 ), #2049, .T. ) ;
#535 = CARTESIAN_POINT ( 'NONE',  ( -15.99999999999999645, 0.0000000000000000000, -10.75000000000002487 ) ) ;
#536 = CARTESIAN_POINT ( 'NONE',  ( -5.999999999999986677, 2.000000000000000000, -8.000000000000014211 ) ) ;
#537 = DIRECTION ( 'NONE',  ( -0.0000000000000000000, 1.000000000000000000, -0.0000000000000000000 ) ) ;
#538 =( GEOMETRIC_REPRESENTATION_CONTEXT ( 3 ) GLOBAL_UNCERTAINTY_ASSIGNED_CONTEXT ( ( #2138 ) ) GLOBAL_UNIT_ASSIGNED_CONTEXT ( ( #556, #1260, #523 ) ) REPRESENTATION_CONTEXT ( 'NONE', 'WORKASPACE' ) );
#539 = CARTESIAN_POINT ( 'NONE',  ( 0.0000000000000000000, -5.000000000000000000, 0.0000000000000000000 ) ) ;
#540 = VECTOR ( 'NONE', #837, 1000.000000000000000 ) ;
#541 = FACE_BOUND ( 'NONE', #237, .T. ) ;
#542 = EDGE_LOOP ( 'NONE', ( #1271, #1941, #395, #1500 ) ) ;
#543 = DIRECTION ( 'NONE',  ( 0.0000000000000000000, 0.0000000000000000000, 1.000000000000000000 ) ) ;
#544 = DIRECTION ( 'NONE',  ( 0.4999999999999986677, -0.7071067811865481278, -0.5000000000000005551 ) ) ;
#545 = ORIENTED_EDGE ( 'NONE', *, *, #777, .F. ) ;
#546 = CARTESIAN_POINT ( 'NONE',  ( 19.00000000000000000, 5.000000000000002665, 4.774380084543173877E-15 ) ) ;
#547 = PRODUCT_DEFINITION_CONTEXT ( 'detailed design', #1465, 'design' ) ;
#548 = FACE_OUTER_BOUND ( 'NONE', #2306, .T. ) ;
#549 = VERTEX_POINT ( 'NONE', #2035 ) ;
#550 = LINE ( 'NONE', #1275, #1006 ) ;
#551 = CARTESIAN_POINT ( 'NONE',  ( -15.99999999999999289, -0.001000000000000132727, -5.249999999999999112 ) ) ;
#552 = EDGE_CURVE ( 'NONE', #203, #677, #2080, .T. ) ;
#553 = EDGE_CURVE ( 'NONE', #774, #441, #1687, .T. ) ;
#554 = ORIENTED_EDGE ( 'NONE', *, *, #994, .T. ) ;
#555 = ORIENTED_EDGE ( 'NONE', *, *, #1124, .F. ) ;
#556 =( LENGTH_UNIT ( ) NAMED_UNIT ( * ) SI_UNIT ( .MILLI., .METRE. ) );
#557 = LINE ( 'NONE', #1998, #656 ) ;
#558 = EDGE_LOOP ( 'NONE', ( #198, #1943, #2132, #1127, #627, #1348, #497, #2278 ) ) ;
#559 = LINE ( 'NONE', #1670, #1115 ) ;
#560 = FACE_OUTER_BOUND ( 'NONE', #817, .T. ) ;
#561 = EDGE_CURVE ( 'NONE', #314, #634, #1319, .T. ) ;
#562 =( NAMED_UNIT ( * ) SI_UNIT ( $, .STERADIAN. ) SOLID_ANGLE_UNIT ( ) );
#563 = VERTEX_POINT ( 'NONE', #46 ) ;
#564 =( NAMED_UNIT ( * ) PLANE_ANGLE_UNIT ( ) SI_UNIT ( $, .RADIAN. ) );
#565 = ORIENTED_EDGE ( 'NONE', *, *, #216, .F. ) ;
#566 = FILL_AREA_STYLE ('',( #2375 ) ) ;
#567 = AXIS2_PLACEMENT_3D ( 'NONE', #2335, #2012, #758 ) ;
#568 = DIRECTION ( 'NONE',  ( 0.0000000000000000000, 0.0000000000000000000, -1.000000000000000000 ) ) ;
#569 = ORIENTED_EDGE ( 'NONE', *, *, #2156, .F. ) ;
#570 = CARTESIAN_POINT ( 'NONE',  ( -15.99999999999999645, 0.0000000000000000000, -10.75000000000002487 ) ) ;
#571 = LINE ( 'NONE', #551, #1748 ) ;
#572 = VECTOR ( 'NONE', #440, 1000.000000000000000 ) ;
#573 = ORIENTED_EDGE ( 'NONE', *, *, #845, .T. ) ;
#574 = CARTESIAN_POINT ( 'NONE',  ( -11.49999999999999822, 5.500000000000000000, -3.000000000000004441 ) ) ;
#575 = AXIS2_PLACEMENT_3D ( 'NONE', #209, #1505, #764 ) ;
#576 = AXIS2_PLACEMENT_3D ( 'NONE', #1341, #810, #1502 ) ;
#577 = VECTOR ( 'NONE', #1126, 1000.000000000000000 ) ;
#578 = ORIENTED_EDGE ( 'NONE', *, *, #1177, .F. ) ;
#579 = ORIENTED_EDGE ( 'NONE', *, *, #1219, .T. ) ;
#580 = AXIS2_PLACEMENT_3D ( 'NONE', #85, #2048, #1904 ) ;
#581 = FILL_AREA_STYLE ('',( #594 ) ) ;
#582 = APPLICATION_CONTEXT ( 'automotive_design' ) ;
#583 = AXIS2_PLACEMENT_3D ( 'NONE', #1548, #2304, #1186 ) ;
#584 = EDGE_CURVE ( 'NONE', #2104, #1439, #1187, .T. ) ;
#585 = CARTESIAN_POINT ( 'NONE',  ( -19.00000000000000000, 5.000000000000000000, 4.774380084543173877E-15 ) ) ;
#586 = VERTEX_POINT ( 'NONE', #1333 ) ;
#587 = SURFACE_STYLE_FILL_AREA ( #1842 ) ;
#588 = PLANE ( 'NONE',  #2013 ) ;
#589 = DIRECTION ( 'NONE',  ( 0.7071067811865482389, 0.0000000000000000000, -0.7071067811865469066 ) ) ;
#590 = FACE_BOUND ( 'NONE', #930, .T. ) ;
#591 = CARTESIAN_POINT ( 'NONE',  ( -12.49999999999999645, -5.000000000000000000, -4.000000000000001776 ) ) ;
#592 = ORIENTED_EDGE ( 'NONE', *, *, #2039, .T. ) ;
#593 = CARTESIAN_POINT ( 'NONE',  ( 0.0000000000000000000, 0.0000000000000000000, 0.0000000000000000000 ) ) ;
#594 = FILL_AREA_STYLE_COLOUR ( '', #1438 ) ;
#595 = ORIENTED_EDGE ( 'NONE', *, *, #2238, .T. ) ;
#596 = SURFACE_STYLE_FILL_AREA ( #1851 ) ;
#597 = FILL_AREA_STYLE_COLOUR ( '', #380 ) ;
#598 = EDGE_CURVE ( 'NONE', #1880, #1761, #143, .T. ) ;
#599 = VERTEX_POINT ( 'NONE', #2300 ) ;
#600 = CARTESIAN_POINT ( 'NONE',  ( -11.49999999999999822, 5.000000000000000000, -3.000000000000004441 ) ) ;
#601 = CYLINDRICAL_SURFACE ( 'NONE', #28, 0.5000000000000000000 ) ;
#602 = CARTESIAN_POINT ( 'NONE',  ( -17.00000000000000711, -0.001000000000000132727, -8.000000000000008882 ) ) ;
#603 = LINE ( 'NONE', #276, #743 ) ;
#604 = PRESENTATION_STYLE_ASSIGNMENT (( #1130 ) ) ;
#605 = ORIENTED_EDGE ( 'NONE', *, *, #347, .T. ) ;
#606 = LINE ( 'NONE', #1491, #854 ) ;
#607 = ORIENTED_EDGE ( 'NONE', *, *, #361, .T. ) ;
#608 = FACE_OUTER_BOUND ( 'NONE', #1656, .T. ) ;
#609 = LINE ( 'NONE', #952, #1107 ) ;
#610 = ADVANCED_FACE ( 'NONE', ( #872 ), #2341, .F. ) ;
#611 = ORIENTED_EDGE ( 'NONE', *, *, #1528, .T. ) ;
#612 =( NAMED_UNIT ( * ) SI_UNIT ( $, .STERADIAN. ) SOLID_ANGLE_UNIT ( ) );
#613 = DIRECTION ( 'NONE',  ( -0.0000000000000000000, 1.000000000000000000, -0.0000000000000000000 ) ) ;
#614 = FACE_OUTER_BOUND ( 'NONE', #1824, .T. ) ;
#615 = ORIENTED_EDGE ( 'NONE', *, *, #553, .F. ) ;
#616 = EDGE_CURVE ( 'NONE', #521, #1821, #2331, .T. ) ;
#617 = FACE_OUTER_BOUND ( 'NONE', #805, .T. ) ;
#618 = ADVANCED_FACE ( 'NONE', ( #2103 ), #1022, .T. ) ;
#619 = VERTEX_POINT ( 'NONE', #1228 ) ;
#620 = FILL_AREA_STYLE ('',( #1159 ) ) ;
#621 = AXIS2_PLACEMENT_3D ( 'NONE', #1766, #1933, #1207 ) ;
#622 = ORIENTED_EDGE ( 'NONE', *, *, #2336, .F. ) ;
#623 = DIRECTION ( 'NONE',  ( 0.0000000000000000000, 1.000000000000000000, -0.0000000000000000000 ) ) ;
#624 = VECTOR ( 'NONE', #257, 1000.000000000000000 ) ;
#625 = STYLED_ITEM ( 'NONE', ( #1773 ), #683 ) ;
#626 = VECTOR ( 'NONE', #127, 1000.000000000000000 ) ;
#627 = ORIENTED_EDGE ( 'NONE', *, *, #845, .F. ) ;
#628 = CARTESIAN_POINT ( 'NONE',  ( -11.99999999999999822, 5.000000000000000000, 2.999999999999995559 ) ) ;
#629 = PLANE ( 'NONE',  #1368 ) ;
#630 = CYLINDRICAL_SURFACE ( 'NONE', #2118, 2.750000000000014655 ) ;
#631 = EDGE_CURVE ( 'NONE', #1346, #41, #301, .T. ) ;
#632 = ORIENTED_EDGE ( 'NONE', *, *, #1964, .F. ) ;
#633 = SURFACE_STYLE_USAGE ( .BOTH. , #2289 ) ;
#634 = VERTEX_POINT ( 'NONE', #1571 ) ;
#635 = FACE_OUTER_BOUND ( 'NONE', #197, .T. ) ;
#636 = DIRECTION ( 'NONE',  ( -1.000000000000000000, 3.491481338843133750E-15, 0.0000000000000000000 ) ) ;
#637 = ORIENTED_EDGE ( 'NONE', *, *, #1281, .F. ) ;
#638 = LINE ( 'NONE', #847, #2114 ) ;
#639 = CARTESIAN_POINT ( 'NONE',  ( 21.84198285288143282, 7.658017147118563628, 3.691906467456705254 ) ) ;
#640 = CARTESIAN_POINT ( 'NONE',  ( 1.000000000000024647, 10.00000000000000000, 12.00000000000000000 ) ) ;
#641 = DIRECTION ( 'NONE',  ( 0.0000000000000000000, 1.000000000000000000, 0.0000000000000000000 ) ) ;
#642 = EDGE_CURVE ( 'NONE', #1138, #1067, #2123, .T. ) ;
#643 = APPLICATION_PROTOCOL_DEFINITION ( 'draft international standard', 'automotive_design', 1998, #1465 ) ;
#644 = ORIENTED_EDGE ( 'NONE', *, *, #914, .F. ) ;
#645 = CARTESIAN_POINT ( 'NONE',  ( -25.00000000000000711, 4.500000000000000000, 5.000000000000004441 ) ) ;
#646 = CARTESIAN_POINT ( 'NONE',  ( 19.00000000000000000, 5.000000000000000000, 4.774380084543173877E-15 ) ) ;
#647 = VERTEX_POINT ( 'NONE', #687 ) ;
#648 = DIRECTION ( 'NONE',  ( -1.000000000000000000, 0.0000000000000000000, 1.084202172485504434E-16 ) ) ;
#649 = LINE ( 'NONE', #1358, #147 ) ;
#650 = ORIENTED_EDGE ( 'NONE', *, *, #2020, .F. ) ;
#651 = DIRECTION ( 'NONE',  ( 1.000000000000000000, -3.491481338843133355E-15, -0.0000000000000000000 ) ) ;
#652 = CARTESIAN_POINT ( 'NONE',  ( -17.00000000000000355, 0.0000000000000000000, 8.000000000000012434 ) ) ;
#653 = AXIS2_PLACEMENT_3D ( 'NONE', #1671, #1690, #1614 ) ;
#654 = EDGE_CURVE ( 'NONE', #753, #1839, #317, .T. ) ;
#655 = CARTESIAN_POINT ( 'NONE',  ( -23.00000000000000000, 2.000000000000000000, 14.00000000000000000 ) ) ;
#656 = VECTOR ( 'NONE', #1284, 1000.000000000000000 ) ;
#657 = ORIENTED_EDGE ( 'NONE', *, *, #164, .F. ) ;
#658 = DIRECTION ( 'NONE',  ( 4.336808689942017736E-16, -0.0000000000000000000, -1.000000000000000000 ) ) ;
#659 = VECTOR ( 'NONE', #118, 1000.000000000000000 ) ;
#660 = ADVANCED_FACE ( 'NONE', ( #1775 ), #86, .F. ) ;
#661 = VERTEX_POINT ( 'NONE', #1411 ) ;
#662 = CIRCLE ( 'NONE', #621, 5.999999999999991118 ) ;
#663 = CARTESIAN_POINT ( 'NONE',  ( -5.963111948670275373E-16, 5.000000000000000000, -5.500000000000000888 ) ) ;
#664 = CARTESIAN_POINT ( 'NONE',  ( 19.00000000000000000, 5.000000000000000000, 4.774380084543173877E-15 ) ) ;
#665 = AXIS2_PLACEMENT_3D ( 'NONE', #881, #101, #2136 ) ;
#666 = VERTEX_POINT ( 'NONE', #2163 ) ;
#667 = ORIENTED_EDGE ( 'NONE', *, *, #1742, .T. ) ;
#668 = VECTOR ( 'NONE', #788, 1000.000000000000000 ) ;
#669 = LINE ( 'NONE', #1969, #2338 ) ;
#670 = PRODUCT_CONTEXT ( 'NONE', #582, 'mechanical' ) ;
#671 =( NAMED_UNIT ( * ) PLANE_ANGLE_UNIT ( ) SI_UNIT ( $, .RADIAN. ) );
#672 = ORIENTED_EDGE ( 'NONE', *, *, #432, .T. ) ;
#673 = ADVANCED_FACE ( 'NONE', ( #833 ), #1553, .T. ) ;
#674 = CARTESIAN_POINT ( 'NONE',  ( 23.99999999999999289, 5.000000000000000000, -6.000000000000003553 ) ) ;
#675 = FACE_OUTER_BOUND ( 'NONE', #1304, .T. ) ;
#676 = DIRECTION ( 'NONE',  ( -0.7071067811865469066, 0.0000000000000000000, -0.7071067811865482389 ) ) ;
#677 = VERTEX_POINT ( 'NONE', #1986 ) ;
#678 = ADVANCED_FACE ( 'NONE', ( #2208 ), #2181, .F. ) ;
#679 = CARTESIAN_POINT ( 'NONE',  ( -24.00000000000000711, 4.500000000000000000, -5.999999999999998224 ) ) ;
#680 = ORIENTED_EDGE ( 'NONE', *, *, #1964, .T. ) ;
#681 = SURFACE_STYLE_USAGE ( .BOTH. , #2176 ) ;
#682 = CARTESIAN_POINT ( 'NONE',  ( 1.000000000000024647, 10.00000000000000000, -13.99999999999999645 ) ) ;
#683 = ADVANCED_BREP_SHAPE_REPRESENTATION ( '', ( #498, #2022 ), #345 ) ;
#684 = ORIENTED_EDGE ( 'NONE', *, *, #1973, .F. ) ;
#685 = CARTESIAN_POINT ( 'NONE',  ( 12.00000000000000178, 5.000000000000000000, 2.999999999999995559 ) ) ;
#686 = CARTESIAN_POINT ( 'NONE',  ( 24.99999999999999289, 5.000000000000000000, 4.999999999999997335 ) ) ;
#687 = CARTESIAN_POINT ( 'NONE',  ( -15.99999999999999289, 0.0000000000000000000, 5.250000000000002665 ) ) ;
#688 = CARTESIAN_POINT ( 'NONE',  ( -5.999999999999985789, 0.0000000000000000000, 5.249999999999999112 ) ) ;
#689 = EDGE_CURVE ( 'NONE', #754, #2216, #1262, .T. ) ;
#690 = CARTESIAN_POINT ( 'NONE',  ( 3.000000000000024869, 9.999999999999992895, 12.00000000000000000 ) ) ;
#691 = CARTESIAN_POINT ( 'NONE',  ( 3.000000000000000000, 2.999999999999989786, 14.00000000000000178 ) ) ;
#692 = EDGE_CURVE ( 'NONE', #7, #201, #1644, .T. ) ;
#693 = DIRECTION ( 'NONE',  ( 1.000000000000000000, -0.0000000000000000000, 0.0000000000000000000 ) ) ;
#694 = DIRECTION ( 'NONE',  ( -0.0000000000000000000, 1.000000000000000000, -0.0000000000000000000 ) ) ;
#695 = CARTESIAN_POINT ( 'NONE',  ( -11.99999999999999822, 5.500000000000000000, -3.000000000000004441 ) ) ;
#696 = ORIENTED_EDGE ( 'NONE', *, *, #2076, .T. ) ;
#697 = DIRECTION ( 'NONE',  ( -3.469446951953614189E-15, -1.000000000000000000, 0.0000000000000000000 ) ) ;
#698 = AXIS2_PLACEMENT_3D ( 'NONE', #1162, #2239, #1133 ) ;
#699 = AXIS2_PLACEMENT_3D ( 'NONE', #1086, #165, #189 ) ;
#700 = CARTESIAN_POINT ( 'NONE',  ( 19.00000000000000000, -0.4000000000000001887, 4.774380084543173877E-15 ) ) ;
#701 = AXIS2_PLACEMENT_3D ( 'NONE', #1321, #413, #2000 ) ;
#702 = CARTESIAN_POINT ( 'NONE',  ( -15.99999999999999645, 2.000000000000000000, -10.75000000000002487 ) ) ;
#703 = CARTESIAN_POINT ( 'NONE',  ( -25.00000000000000711, 4.500000000000000000, 5.000000000000004441 ) ) ;
#704 = AXIS2_PLACEMENT_3D ( 'NONE', #1552, #315, #299 ) ;
#705 = VECTOR ( 'NONE', #976, 1000.000000000000000 ) ;
#706 = DIRECTION ( 'NONE',  ( 0.0000000000000000000, 0.0000000000000000000, 1.000000000000000000 ) ) ;
#707 = FACE_OUTER_BOUND ( 'NONE', #1847, .T. ) ;
#708 = ORIENTED_EDGE ( 'NONE', *, *, #980, .F. ) ;
#709 = CARTESIAN_POINT ( 'NONE',  ( 0.0000000000000000000, -4.500000000000000888, 0.0000000000000000000 ) ) ;
#710 = ADVANCED_FACE ( 'NONE', ( #2172 ), #1437, .T. ) ;
#711 = APPLICATION_CONTEXT ( 'automotive_design' ) ;
#712 = DIRECTION ( 'NONE',  ( -0.0000000000000000000, 1.000000000000000000, -0.0000000000000000000 ) ) ;
#713 =( LENGTH_UNIT ( ) NAMED_UNIT ( * ) SI_UNIT ( .MILLI., .METRE. ) );
#714 = DIRECTION ( 'NONE',  ( 0.0000000000000000000, 0.0000000000000000000, 1.000000000000000000 ) ) ;
#715 = CARTESIAN_POINT ( 'NONE',  ( 24.99999999999999289, 4.500000000000000888, -5.000000000000004441 ) ) ;
#716 = PRODUCT ( 'WB4470_Anschlagblech^WB4470_28-L2-ZB', 'WB4470_Anschlagblech^WB4470_28-L2-ZB', '', ( #2098 ) ) ;
#717 = FACE_OUTER_BOUND ( 'NONE', #1972, .T. ) ;
#718 = ADVANCED_FACE ( 'NONE', ( #2194 ), #1272, .F. ) ;
#719 = VERTEX_POINT ( 'NONE', #423 ) ;
#720 = CARTESIAN_POINT ( 'NONE',  ( 0.0000000000000000000, 0.0000000000000000000, 0.0000000000000000000 ) ) ;
#721 = DIRECTION ( 'NONE',  ( 0.0000000000000000000, 0.0000000000000000000, -1.000000000000000000 ) ) ;
#722 = EDGE_CURVE ( 'NONE', #1031, #58, #44, .T. ) ;
#723 = DIRECTION ( 'NONE',  ( -0.0000000000000000000, -0.0000000000000000000, 1.000000000000000000 ) ) ;
#724 = DIRECTION ( 'NONE',  ( 3.491481338843133750E-15, 1.000000000000000000, 3.469446951953614189E-16 ) ) ;
#725 = DIRECTION ( 'NONE',  ( -2.065146995210484448E-16, 0.0000000000000000000, 1.000000000000000000 ) ) ;
#726 = ORIENTED_EDGE ( 'NONE', *, *, #1621, .F. ) ;
#727 = DIRECTION ( 'NONE',  ( -0.0000000000000000000, 1.000000000000000000, -0.0000000000000000000 ) ) ;
#728 = CARTESIAN_POINT ( 'NONE',  ( -22.99999999999999645, -0.001000000000000132727, 8.000000000000015987 ) ) ;
#729 = EDGE_CURVE ( 'NONE', #1257, #130, #1517, .T. ) ;
#730 = EDGE_LOOP ( 'NONE', ( #533, #1567, #1752, #824 ) ) ;
#731 = VECTOR ( 'NONE', #367, 1000.000000000000000 ) ;
#732 = VECTOR ( 'NONE', #1888, 1000.000000000000000 ) ;
#733 = PRESENTATION_LAYER_ASSIGNMENT (  '', '', ( #916 ) ) ;
#734 = DIRECTION ( 'NONE',  ( 6.938893903907227392E-16, 0.0000000000000000000, -1.000000000000000000 ) ) ;
#735 = ADVANCED_FACE ( 'NONE', ( #1122 ), #1654, .F. ) ;
#736 = ORIENTED_EDGE ( 'NONE', *, *, #2076, .F. ) ;
#737 = COLOUR_RGB ( '',0.5999999999999999778, 0.5999999999999999778, 0.5999999999999999778 ) ;
#738 = LINE ( 'NONE', #1063, #2389 ) ;
#739 = EDGE_CURVE ( 'NONE', #1601, #441, #2233, .T. ) ;
#740 = VECTOR ( 'NONE', #1769, 1000.000000000000114 ) ;
#741 = FACE_OUTER_BOUND ( 'NONE', #1328, .T. ) ;
#742 = AXIS2_PLACEMENT_3D ( 'NONE', #593, #1661, #241 ) ;
#743 = VECTOR ( 'NONE', #1015, 1000.000000000000000 ) ;
#744 = DIRECTION ( 'NONE',  ( 0.0000000000000000000, 0.0000000000000000000, -1.000000000000000000 ) ) ;
#745 = VECTOR ( 'NONE', #989, 1000.000000000000000 ) ;
#746 = ORIENTED_EDGE ( 'NONE', *, *, #1338, .T. ) ;
#747 = ORIENTED_EDGE ( 'NONE', *, *, #1025, .F. ) ;
#748 = PRODUCT_RELATED_PRODUCT_CATEGORY ( 'part', '', ( #1458 ) ) ;
#749 = DIRECTION ( 'NONE',  ( -1.000000000000000000, 3.491481338843133355E-15, 0.0000000000000000000 ) ) ;
#750 = EDGE_CURVE ( 'NONE', #1821, #677, #1305, .T. ) ;
#751 = ORIENTED_EDGE ( 'NONE', *, *, #1323, .T. ) ;
#752 = DIRECTION ( 'NONE',  ( -0.0000000000000000000, -1.000000000000000000, -0.0000000000000000000 ) ) ;
#753 = VERTEX_POINT ( 'NONE', #979 ) ;
#754 = VERTEX_POINT ( 'NONE', #12 ) ;
#755 = DIRECTION ( 'NONE',  ( 0.0000000000000000000, 0.0000000000000000000, 1.000000000000000000 ) ) ;
#756 = ORIENTED_EDGE ( 'NONE', *, *, #1956, .T. ) ;
#757 = CARTESIAN_POINT ( 'NONE',  ( -19.00000000000000000, -0.4000000000000001887, 4.774380084543173877E-15 ) ) ;
#758 = DIRECTION ( 'NONE',  ( 0.0000000000000000000, -0.0000000000000000000, -1.000000000000000000 ) ) ;
#759 = EDGE_CURVE ( 'NONE', #2160, #2139, #1043, .T. ) ;
#760 = EDGE_LOOP ( 'NONE', ( #1737, #1381, #268, #1535 ) ) ;
#761 = CARTESIAN_POINT ( 'NONE',  ( 19.00000000000000000, -5.000000000000000000, 4.774380084543173877E-15 ) ) ;
#762 = EDGE_CURVE ( 'NONE', #130, #1662, #949, .T. ) ;
#763 = EDGE_LOOP ( 'NONE', ( #2210, #365, #1191, #1468 ) ) ;
#764 = DIRECTION ( 'NONE',  ( 0.0000000000000000000, 0.0000000000000000000, 1.000000000000000000 ) ) ;
#765 = ORIENTED_EDGE ( 'NONE', *, *, #160, .T. ) ;
#766 = DIRECTION ( 'NONE',  ( 0.0000000000000000000, 0.0000000000000000000, -1.000000000000000000 ) ) ;
#767 = ORIENTED_EDGE ( 'NONE', *, *, #2326, .T. ) ;
#768 = LINE ( 'NONE', #1869, #1723 ) ;
#769 = ORIENTED_EDGE ( 'NONE', *, *, #146, .T. ) ;
#770 = CARTESIAN_POINT ( 'NONE',  ( 12.70000000000000284, -5.000000000000000000, -4.199999999999980638 ) ) ;
#771 =( GEOMETRIC_REPRESENTATION_CONTEXT ( 3 ) GLOBAL_UNCERTAINTY_ASSIGNED_CONTEXT ( ( #103 ) ) GLOBAL_UNIT_ASSIGNED_CONTEXT ( ( #2298, #671, #1950 ) ) REPRESENTATION_CONTEXT ( 'NONE', 'WORKASPACE' ) );
#772 = AXIS2_PLACEMENT_3D ( 'NONE', #652, #641, #1915 ) ;
#773 = COLOUR_RGB ( '',0.5999999999999999778, 0.5999999999999999778, 0.5999999999999999778 ) ;
#774 = VERTEX_POINT ( 'NONE', #396 ) ;
#775 = DIRECTION ( 'NONE',  ( 1.000000000000000000, 0.0000000000000000000, 0.0000000000000000000 ) ) ;
#776 = VERTEX_POINT ( 'NONE', #1664 ) ;
#777 = EDGE_CURVE ( 'NONE', #1867, #412, #606, .T. ) ;
#778 = COLOUR_RGB ( '',0.5999999999999999778, 0.5999999999999999778, 0.5999999999999999778 ) ;
#779 = ORIENTED_EDGE ( 'NONE', *, *, #2366, .T. ) ;
#780 = DIRECTION ( 'NONE',  ( 0.0000000000000000000, -0.0000000000000000000, 1.000000000000000000 ) ) ;
#781 = EDGE_CURVE ( 'NONE', #1020, #2365, #25, .T. ) ;
#782 = DIRECTION ( 'NONE',  ( -0.0000000000000000000, -0.0000000000000000000, -1.000000000000000000 ) ) ;
#783 = ORIENTED_EDGE ( 'NONE', *, *, #192, .T. ) ;
#784 =( NAMED_UNIT ( * ) SI_UNIT ( $, .STERADIAN. ) SOLID_ANGLE_UNIT ( ) );
#785 = DIRECTION ( 'NONE',  ( -0.0000000000000000000, -1.000000000000000000, -0.0000000000000000000 ) ) ;
#786 = PRESENTATION_STYLE_ASSIGNMENT (( #77 ) ) ;
#787 = DIRECTION ( 'NONE',  ( 1.000000000000000000, -3.491481338843133355E-15, -0.0000000000000000000 ) ) ;
#788 = DIRECTION ( 'NONE',  ( 1.000000000000000000, 0.0000000000000000000, -1.084202172485504434E-16 ) ) ;
#789 = ORIENTED_EDGE ( 'NONE', *, *, #692, .F. ) ;
#790 = SURFACE_STYLE_FILL_AREA ( #1472 ) ;
#791 = VERTEX_POINT ( 'NONE', #813 ) ;
#792 = EDGE_CURVE ( 'NONE', #719, #1601, #436, .T. ) ;
#793 = CARTESIAN_POINT ( 'NONE',  ( -12.50000000000000000, -5.000000000000000000, 3.999999999999998224 ) ) ;
#794 = VERTEX_POINT ( 'NONE', #1893 ) ;
#795 = PLANE ( 'NONE',  #1116 ) ;
#796 = DIRECTION ( 'NONE',  ( 0.0000000000000000000, 0.0000000000000000000, -1.000000000000000000 ) ) ;
#797 = VERTEX_POINT ( 'NONE', #255 ) ;
#798 = FACE_OUTER_BOUND ( 'NONE', #2387, .T. ) ;
#799 = DIRECTION ( 'NONE',  ( -0.0000000000000000000, 1.000000000000000000, -0.0000000000000000000 ) ) ;
#800 = CARTESIAN_POINT ( 'NONE',  ( 23.79289321881345032, 5.000000000000000000, 5.499999999999996447 ) ) ;
#801 = ORIENTED_EDGE ( 'NONE', *, *, #1659, .F. ) ;
#802 = DIRECTION ( 'NONE',  ( -0.0000000000000000000, -1.000000000000000000, -0.0000000000000000000 ) ) ;
#803 = VERTEX_POINT ( 'NONE', #65 ) ;
#804 = LINE ( 'NONE', #2063, #1300 ) ;
#805 = EDGE_LOOP ( 'NONE', ( #672, #877, #1, #936 ) ) ;
#806 = CARTESIAN_POINT ( 'NONE',  ( 14.64644660940670384, 5.000000000000000000, -14.64644660940672871 ) ) ;
#807 = DIRECTION ( 'NONE',  ( 0.0000000000000000000, 0.0000000000000000000, 1.000000000000000000 ) ) ;
#808 = DIRECTION ( 'NONE',  ( -1.000000000000000000, -0.0000000000000000000, 5.204170427930417339E-16 ) ) ;
#809 = PLANE ( 'NONE',  #583 ) ;
#810 = DIRECTION ( 'NONE',  ( 1.000000000000000000, 0.0000000000000000000, 0.0000000000000000000 ) ) ;
#811 = AXIS2_PLACEMENT_3D ( 'NONE', #546, #727, #1294 ) ;
#812 = STYLED_ITEM ( 'NONE', ( #474 ), #827 ) ;
#813 = CARTESIAN_POINT ( 'NONE',  ( -5.999999999999985789, 2.000000000000000000, 5.249999999999999112 ) ) ;
#814 = VECTOR ( 'NONE', #1427, 1000.000000000000000 ) ;
#815 = STYLED_ITEM ( 'NONE', ( #604 ), #1076 ) ;
#816 = CIRCLE ( 'NONE', #183, 2.000000000000000000 ) ;
#817 = EDGE_LOOP ( 'NONE', ( #1269, #429, #2144, #1726 ) ) ;
#818 = DIRECTION ( 'NONE',  ( 0.0000000000000000000, 1.000000000000000000, 0.0000000000000000000 ) ) ;
#819 = AXIS2_PLACEMENT_3D ( 'NONE', #674, #1772, #2122 ) ;
#820 = AXIS2_PLACEMENT_3D ( 'NONE', #1624, #734, #1442 ) ;
#821 = UNCERTAINTY_MEASURE_WITH_UNIT (LENGTH_MEASURE( 1.000000000000000082E-05 ), #2230, 'distance_accuracy_value', 'NONE');
#822 = SURFACE_STYLE_USAGE ( .BOTH. , #246 ) ;
#823 = VECTOR ( 'NONE', #875, 1000.000000000000000 ) ;
#824 = ORIENTED_EDGE ( 'NONE', *, *, #553, .T. ) ;
#825 =( LENGTH_UNIT ( ) NAMED_UNIT ( * ) SI_UNIT ( .MILLI., .METRE. ) );
#826 = DIRECTION ( 'NONE',  ( -1.000000000000000000, -0.0000000000000000000, -1.387778780781445429E-16 ) ) ;
#827 = ADVANCED_FACE ( 'NONE', ( #1354 ), #1475, .F. ) ;
#828 = UNCERTAINTY_MEASURE_WITH_UNIT (LENGTH_MEASURE( 1.000000000000000082E-05 ), #825, 'distance_accuracy_value', 'NONE');
#829 = DIRECTION ( 'NONE',  ( -0.0000000000000000000, 1.000000000000000000, -0.0000000000000000000 ) ) ;
#830 = CARTESIAN_POINT ( 'NONE',  ( -15.99999999999999289, 2.000000000000000000, 5.250000000000002665 ) ) ;
#831 = EDGE_LOOP ( 'NONE', ( #375, #2178, #1771, #407 ) ) ;
#832 = LINE ( 'NONE', #645, #624 ) ;
#833 = FACE_OUTER_BOUND ( 'NONE', #542, .T. ) ;
#834 = EDGE_LOOP ( 'NONE', ( #2041, #67, #1830, #2031 ) ) ;
#835 = DIRECTION ( 'NONE',  ( -0.7071067811865482389, 0.0000000000000000000, -0.7071067811865469066 ) ) ;
#836 = SURFACE_SIDE_STYLE ('',( #1184 ) ) ;
#837 = DIRECTION ( 'NONE',  ( 1.000000000000000000, 0.0000000000000000000, 8.195543980992789655E-16 ) ) ;
#838 = CARTESIAN_POINT ( 'NONE',  ( -19.00000000000000000, -0.4000000000000001887, 5.100000000000004086 ) ) ;
#839 = CARTESIAN_POINT ( 'NONE',  ( 24.99999999999999289, -5.000000000000000000, 4.999999999999997335 ) ) ;
#840 = ITEM_DEFINED_TRANSFORMATION ( 'NONE', 'NONE', #384,  #2022 ) ;
#841 = EDGE_CURVE ( 'NONE', #2365, #2006, #1030, .T. ) ;
#842 = PLANE ( 'NONE',  #1151 ) ;
#843 = VERTEX_POINT ( 'NONE', #1375 ) ;
#844 = CARTESIAN_POINT ( 'NONE',  ( -23.00000000000000000, 0.0000000000000000000, 14.00000000000000000 ) ) ;
#845 = EDGE_CURVE ( 'NONE', #563, #412, #1633, .T. ) ;
#846 = ORIENTED_EDGE ( 'NONE', *, *, #642, .T. ) ;
#847 = CARTESIAN_POINT ( 'NONE',  ( -19.00000000000000000, 5.000000000000000000, -5.099999999999993427 ) ) ;
#848 = FACE_OUTER_BOUND ( 'NONE', #730, .T. ) ;
#849 = ORIENTED_EDGE ( 'NONE', *, *, #2224, .F. ) ;
#850 = CARTESIAN_POINT ( 'NONE',  ( -17.00000000000000355, 2.000000000000000000, 14.00000000000000355 ) ) ;
#851 = PRODUCT_DEFINITION ( 'UNKNOWN', '', #1049, #42 ) ;
#852 = VECTOR ( 'NONE', #2171, 1000.000000000000000 ) ;
#853 = DIRECTION ( 'NONE',  ( 1.000000000000000000, 0.0000000000000000000, -1.084202172485504434E-16 ) ) ;
#854 = VECTOR ( 'NONE', #802, 1000.000000000000000 ) ;
#855 = ORIENTED_EDGE ( 'NONE', *, *, #692, .T. ) ;
#856 = ADVANCED_FACE ( 'NONE', ( #496 ), #1388, .F. ) ;
#857 = CARTESIAN_POINT ( 'NONE',  ( -19.00000000000000000, -5.000000000000000000, -2.749999999999994227 ) ) ;
#858 = DIRECTION ( 'NONE',  ( -1.000000000000000000, 0.0000000000000000000, 1.734723475976805615E-16 ) ) ;
#859 = DIRECTION ( 'NONE',  ( -3.469446951953614189E-15, -1.000000000000000000, 0.0000000000000000000 ) ) ;
#860 = AXIS2_PLACEMENT_3D ( 'NONE', #2149, #1584, #1923 ) ;
#861 = PRODUCT_DEFINITION_FORMATION_WITH_SPECIFIED_SOURCE ( 'ANY', '', #886, .NOT_KNOWN. ) ;
#862 = VECTOR ( 'NONE', #33, 1000.000000000000000 ) ;
#863 = EDGE_CURVE ( 'NONE', #803, #1355, #876, .T. ) ;
#864 = DIRECTION ( 'NONE',  ( 0.0000000000000000000, 0.0000000000000000000, 1.000000000000000000 ) ) ;
#865 = VECTOR ( 'NONE', #2329, 1000.000000000000000 ) ;
#866 = ORIENTED_EDGE ( 'NONE', *, *, #863, .F. ) ;
#867 = CARTESIAN_POINT ( 'NONE',  ( -23.00000000000000000, 0.0000000000000000000, 14.00000000000000000 ) ) ;
#868 = FACE_OUTER_BOUND ( 'NONE', #184, .T. ) ;
#869 = VERTEX_POINT ( 'NONE', #1004 ) ;
#870 = CARTESIAN_POINT ( 'NONE',  ( -19.00000000000000000, 5.000000000000000000, 5.100000000000004086 ) ) ;
#871 = LINE ( 'NONE', #34, #1474 ) ;
#872 = FACE_OUTER_BOUND ( 'NONE', #953, .T. ) ;
#873 = CARTESIAN_POINT ( 'NONE',  ( 3.000000000000024869, 9.999999999999992895, -13.99999999999999645 ) ) ;
#874 = DIRECTION ( 'NONE',  ( 0.0000000000000000000, 0.0000000000000000000, 1.000000000000000000 ) ) ;
#875 = DIRECTION ( 'NONE',  ( 1.000000000000000000, 0.0000000000000000000, 8.195543980992789655E-16 ) ) ;
#876 = LINE ( 'NONE', #2131, #919 ) ;
#877 = ORIENTED_EDGE ( 'NONE', *, *, #451, .F. ) ;
#878 = CARTESIAN_POINT ( 'NONE',  ( 23.99999999999999289, -5.000000000000000000, 5.999999999999996447 ) ) ;
#879 = DIRECTION ( 'NONE',  ( 1.000000000000000000, 0.0000000000000000000, 0.0000000000000000000 ) ) ;
#880 = EDGE_CURVE ( 'NONE', #1439, #1094, #484, .T. ) ;
#881 = CARTESIAN_POINT ( 'NONE',  ( 19.00000000000000000, -0.4000000000000001887, 4.774380084543173877E-15 ) ) ;
#882 = CARTESIAN_POINT ( 'NONE',  ( 14.64644660940670029, 5.000000000000000000, 14.64644660940672694 ) ) ;
#883 = ORIENTED_EDGE ( 'NONE', *, *, #1090, .F. ) ;
#884 =( NAMED_UNIT ( * ) SI_UNIT ( $, .STERADIAN. ) SOLID_ANGLE_UNIT ( ) );
#885 =( GEOMETRIC_REPRESENTATION_CONTEXT ( 3 ) GLOBAL_UNCERTAINTY_ASSIGNED_CONTEXT ( ( #828 ) ) GLOBAL_UNIT_ASSIGNED_CONTEXT ( ( #825, #1035, #612 ) ) REPRESENTATION_CONTEXT ( 'NONE', 'WORKASPACE' ) );
#886 = PRODUCT ( 'WB4470^WB4470_50-A1-W-SR', 'WB4470^WB4470_50-A1-W-SR', '', ( #670 ) ) ;
#887 = STYLED_ITEM ( 'NONE', ( #1462 ), #710 ) ;
#888 = LINE ( 'NONE', #468, #304 ) ;
#889 = VECTOR ( 'NONE', #1729, 1000.000000000000000 ) ;
#890 = AXIS2_PLACEMENT_3D ( 'NONE', #1024, #284, #1182 ) ;
#891 = LINE ( 'NONE', #1958, #1794 ) ;
#892 = LINE ( 'NONE', #320, #2286 ) ;
#893 = AXIS2_PLACEMENT_3D ( 'NONE', #2264, #993, #1347 ) ;
#894 =( GEOMETRIC_REPRESENTATION_CONTEXT ( 3 ) GLOBAL_UNCERTAINTY_ASSIGNED_CONTEXT ( ( #2261 ) ) GLOBAL_UNIT_ASSIGNED_CONTEXT ( ( #356, #369, #562 ) ) REPRESENTATION_CONTEXT ( 'NONE', 'WORKASPACE' ) );
#895 = CARTESIAN_POINT ( 'NONE',  ( 19.00000000000000000, 5.000000000000000000, 2.750000000000003553 ) ) ;
#896 = PLANE ( 'NONE',  #1603 ) ;
#897 = CARTESIAN_POINT ( 'NONE',  ( 24.99999999999999289, -5.000000000000000000, -5.000000000000004441 ) ) ;
#898 = ORIENTED_EDGE ( 'NONE', *, *, #439, .T. ) ;
#899 = DIRECTION ( 'NONE',  ( 0.0000000000000000000, 1.000000000000000000, -0.0000000000000000000 ) ) ;
#900 = CARTESIAN_POINT ( 'NONE',  ( 0.0000000000000000000, 0.0000000000000000000, 14.00000000000000000 ) ) ;
#901 = CARTESIAN_POINT ( 'NONE',  ( -17.00000000000000355, -0.001000000000000132727, 14.00000000000000355 ) ) ;
#902 = CARTESIAN_POINT ( 'NONE',  ( 0.0000000000000000000, 3.000000000000000000, -14.00000000000000000 ) ) ;
#903 = ORIENTED_EDGE ( 'NONE', *, *, #777, .T. ) ;
#904 = DIRECTION ( 'NONE',  ( -1.000000000000000000, 3.491481338843133750E-15, 0.0000000000000000000 ) ) ;
#905 = EDGE_CURVE ( 'NONE', #619, #1138, #279, .T. ) ;
#906 = CARTESIAN_POINT ( 'NONE',  ( -19.00000000000000000, 5.000000000000000000, 2.750000000000003553 ) ) ;
#907 = PLANE ( 'NONE',  #820 ) ;
#908 = ORIENTED_EDGE ( 'NONE', *, *, #2125, .F. ) ;
#909 = PLANE ( 'NONE',  #229 ) ;
#910 = PLANE ( 'NONE',  #967 ) ;
#911 = LINE ( 'NONE', #348, #814 ) ;
#912 = ORIENTED_EDGE ( 'NONE', *, *, #1813, .T. ) ;
#913 = ORIENTED_EDGE ( 'NONE', *, *, #1583, .T. ) ;
#914 = EDGE_CURVE ( 'NONE', #2047, #1257, #129, .T. ) ;
#915 = ORIENTED_EDGE ( 'NONE', *, *, #93, .F. ) ;
#916 = STYLED_ITEM ( 'NONE', ( #1545 ), #355 ) ;
#917 = FACE_OUTER_BOUND ( 'NONE', #1320, .T. ) ;
#918 = VERTEX_POINT ( 'NONE', #1588 ) ;
#919 = VECTOR ( 'NONE', #266, 1000.000000000000000 ) ;
#920 = DIRECTION ( 'NONE',  ( 0.0000000000000000000, 0.0000000000000000000, 1.000000000000000000 ) ) ;
#921 = LINE ( 'NONE', #1482, #1037 ) ;
#922 = VECTOR ( 'NONE', #1062, 1000.000000000000000 ) ;
#923 = CIRCLE ( 'NONE', #508, 5.099999999999998757 ) ;
#924 = PLANE ( 'NONE',  #1052 ) ;
#925 = MECHANICAL_DESIGN_GEOMETRIC_PRESENTATION_REPRESENTATION (  '', ( #1607 ), #894 ) ;
#926 = ORIENTED_EDGE ( 'NONE', *, *, #1292, .F. ) ;
#927 = SURFACE_STYLE_FILL_AREA ( #566 ) ;
#928 = EDGE_LOOP ( 'NONE', ( #1295, #2260, #1894, #1460 ) ) ;
#929 = CARTESIAN_POINT ( 'NONE',  ( 12.50000000000000711, -5.000000000000000000, -3.999999999999984457 ) ) ;
#930 = EDGE_LOOP ( 'NONE', ( #747, #1518, #992, #950 ) ) ;
#931 = CARTESIAN_POINT ( 'NONE',  ( 0.0000000000000000000, 2.000000000000000000, 14.00000000000000000 ) ) ;
#932 = EDGE_CURVE ( 'NONE', #425, #1601, #2119, .T. ) ;
#933 = SHAPE_REPRESENTATION ( '4470-50-A1-L2-SR', ( #228, #384, #2280 ), #2071 ) ;
#934 = EDGE_LOOP ( 'NONE', ( #2199, #1366, #72, #2066 ) ) ;
#935 = CARTESIAN_POINT ( 'NONE',  ( 23.99999999999999289, -5.000000000000000000, 5.999999999999996447 ) ) ;
#936 = ORIENTED_EDGE ( 'NONE', *, *, #654, .T. ) ;
#937 = APPLICATION_PROTOCOL_DEFINITION ( 'draft international standard', 'automotive_design', 1998, #711 ) ;
#938 = ORIENTED_EDGE ( 'NONE', *, *, #219, .F. ) ;
#939 = PRODUCT_DEFINITION_SHAPE ( 'NONE', 'NONE',  #851 ) ;
#940 = ORIENTED_EDGE ( 'NONE', *, *, #1405, .F. ) ;
#941 = CARTESIAN_POINT ( 'NONE',  ( 11.50000000000000178, 5.500000000000000000, -3.500000000000003997 ) ) ;
#942 = VERTEX_POINT ( 'NONE', #830 ) ;
#943 = LINE ( 'NONE', #1638, #63 ) ;
#944 = EDGE_CURVE ( 'NONE', #996, #794, #1203, .T. ) ;
#945 = DIRECTION ( 'NONE',  ( -1.261617073437671935E-15, 0.0000000000000000000, 1.000000000000000000 ) ) ;
#946 = EDGE_LOOP ( 'NONE', ( #390, #1327 ) ) ;
#947 =( NAMED_UNIT ( * ) PLANE_ANGLE_UNIT ( ) SI_UNIT ( $, .RADIAN. ) );
#948 = ORIENTED_EDGE ( 'NONE', *, *, #1891, .T. ) ;
#949 = LINE ( 'NONE', #2078, #109 ) ;
#950 = ORIENTED_EDGE ( 'NONE', *, *, #10, .F. ) ;
#951 = SURFACE_STYLE_USAGE ( .BOTH. , #398 ) ;
#952 = CARTESIAN_POINT ( 'NONE',  ( -11.49999999999999822, 5.000000000000000000, 3.499999999999996003 ) ) ;
#953 = EDGE_LOOP ( 'NONE', ( #1445, #2356, #531, #1224 ) ) ;
#954 = FACE_OUTER_BOUND ( 'NONE', #45, .T. ) ;
#955 =( NAMED_UNIT ( * ) SI_UNIT ( $, .STERADIAN. ) SOLID_ANGLE_UNIT ( ) );
#956 = CARTESIAN_POINT ( 'NONE',  ( -24.00000000000000711, 4.500000000000000000, -5.999999999999998224 ) ) ;
#957 = MECHANICAL_DESIGN_GEOMETRIC_PRESENTATION_REPRESENTATION (  '', ( #916 ), #885 ) ;
#958 = ORIENTED_EDGE ( 'NONE', *, *, #1626, .F. ) ;
#959 = ADVANCED_FACE ( 'NONE', ( #1744 ), #842, .T. ) ;
#960 = FACE_OUTER_BOUND ( 'NONE', #1299, .T. ) ;
#961 = AXIS2_PLACEMENT_3D ( 'NONE', #1096, #1996, #1882 ) ;
#962 = ORIENTED_EDGE ( 'NONE', *, *, #2180, .F. ) ;
#963 = UNCERTAINTY_MEASURE_WITH_UNIT (LENGTH_MEASURE( 1.000000000000000082E-05 ), #371, 'distance_accuracy_value', 'NONE');
#964 = ORIENTED_EDGE ( 'NONE', *, *, #781, .F. ) ;
#965 = DIRECTION ( 'NONE',  ( -1.000000000000000000, 0.0000000000000000000, -0.0000000000000000000 ) ) ;
#966 = EDGE_LOOP ( 'NONE', ( #1506, #1185, #2219, #2082 ) ) ;
#967 = AXIS2_PLACEMENT_3D ( 'NONE', #539, #1641, #218 ) ;
#968 = FACE_OUTER_BOUND ( 'NONE', #1394, .T. ) ;
#969 =( LENGTH_UNIT ( ) NAMED_UNIT ( * ) SI_UNIT ( .MILLI., .METRE. ) );
#970 = ORIENTED_EDGE ( 'NONE', *, *, #243, .F. ) ;
#971 = CYLINDRICAL_SURFACE ( 'NONE', #701, 0.5000000000000000000 ) ;
#972 = DIRECTION ( 'NONE',  ( 1.000000000000000000, -3.491481338843133355E-15, 0.0000000000000000000 ) ) ;
#973 = CARTESIAN_POINT ( 'NONE',  ( 23.99999999999999289, -5.000000000000000000, -6.000000000000003553 ) ) ;
#974 = CARTESIAN_POINT ( 'NONE',  ( -11.99999999999999822, 5.500000000000000000, 2.999999999999995559 ) ) ;
#975 = ORIENTED_EDGE ( 'NONE', *, *, #1932, .T. ) ;
#976 = DIRECTION ( 'NONE',  ( -1.000000000000000000, 0.0000000000000000000, 1.084202172485504434E-16 ) ) ;
#977 = DIRECTION ( 'NONE',  ( 4.569757271001755754E-16, -1.000000000000000000, 0.0000000000000000000 ) ) ;
#978 = ORIENTED_EDGE ( 'NONE', *, *, #631, .F. ) ;
#979 = CARTESIAN_POINT ( 'NONE',  ( 12.70000000000000284, -4.500000000000000888, -4.199999999999980638 ) ) ;
#980 = EDGE_CURVE ( 'NONE', #1452, #470, #2100, .T. ) ;
#981 = EDGE_LOOP ( 'NONE', ( #358, #1378, #1121, #175 ) ) ;
#982 = DIRECTION ( 'NONE',  ( -0.0000000000000000000, -1.000000000000000000, -0.0000000000000000000 ) ) ;
#983 = PRESENTATION_STYLE_ASSIGNMENT (( #822 ) ) ;
#984 = VERTEX_POINT ( 'NONE', #1733 ) ;
#985 = EDGE_CURVE ( 'NONE', #942, #1346, #1754, .T. ) ;
#986 = LINE ( 'NONE', #663, #420 ) ;
#987 = CARTESIAN_POINT ( 'NONE',  ( -15.99999999999999289, -0.001000000000000132727, 5.250000000000002665 ) ) ;
#988 = CARTESIAN_POINT ( 'NONE',  ( -11.49999999999999822, 5.500000000000000000, -3.500000000000003997 ) ) ;
#989 = DIRECTION ( 'NONE',  ( -1.000000000000000000, -0.0000000000000000000, -0.0000000000000000000 ) ) ;
#990 = CARTESIAN_POINT ( 'NONE',  ( -14.64644660940670917, 5.000000000000000000, -14.64644660940673404 ) ) ;
#991 = VERTEX_POINT ( 'NONE', #956 ) ;
#992 = ORIENTED_EDGE ( 'NONE', *, *, #432, .F. ) ;
#993 = DIRECTION ( 'NONE',  ( 0.5000000000000000000, -0.7071067811865469066, 0.5000000000000008882 ) ) ;
#994 = EDGE_CURVE ( 'NONE', #1291, #677, #2153, .T. ) ;
#995 = VECTOR ( 'NONE', #202, 1000.000000000000000 ) ;
#996 = VERTEX_POINT ( 'NONE', #1612 ) ;
#997 = CARTESIAN_POINT ( 'NONE',  ( -19.00000000000000000, -5.000000000000000000, 4.774380084543173877E-15 ) ) ;
#998 = LINE ( 'NONE', #2295, #2236 ) ;
#999 = ORIENTED_EDGE ( 'NONE', *, *, #781, .T. ) ;
#1000 = LINE ( 'NONE', #1515, #1725 ) ;
#1001 = AXIS2_PLACEMENT_3D ( 'NONE', #1887, #2302, #442 ) ;
#1002 = AXIS2_PLACEMENT_3D ( 'NONE', #1931, #122, #697 ) ;
#1003 = APPLICATION_PROTOCOL_DEFINITION ( 'draft international standard', 'automotive_design', 1998, #1966 ) ;
#1004 = CARTESIAN_POINT ( 'NONE',  ( -23.00000000000000000, 0.0000000000000000000, 8.000000000000015987 ) ) ;
#1005 = VECTOR ( 'NONE', #1859, 1000.000000000000000 ) ;
#1006 = VECTOR ( 'NONE', #366, 999.9999999999998863 ) ;
#1007 = EDGE_LOOP ( 'NONE', ( #1835, #2263, #2223, #765 ) ) ;
#1008 = DIRECTION ( 'NONE',  ( 0.0000000000000000000, 1.000000000000000000, -0.0000000000000000000 ) ) ;
#1009 = VECTOR ( 'NONE', #1579, 1000.000000000000000 ) ;
#1010 = LINE ( 'NONE', #1307, #1909 ) ;
#1011 = VECTOR ( 'NONE', #1054, 1000.000000000000000 ) ;
#1012 = SURFACE_SIDE_STYLE ('',( #1556 ) ) ;
#1013 = DIRECTION ( 'NONE',  ( -0.7071067811865482389, 0.0000000000000000000, 0.7071067811865469066 ) ) ;
#1014 = ORIENTED_EDGE ( 'NONE', *, *, #1363, .T. ) ;
#1015 = DIRECTION ( 'NONE',  ( -0.0000000000000000000, 1.000000000000000000, -0.0000000000000000000 ) ) ;
#1016 = DIRECTION ( 'NONE',  ( -0.0000000000000000000, -1.000000000000000000, -0.0000000000000000000 ) ) ;
#1017 = ADVANCED_FACE ( 'NONE', ( #717, #541, #1980, #2177 ), #1311, .F. ) ;
#1018 = SHAPE_DEFINITION_REPRESENTATION ( #519, #363 ) ;
#1019 = DIRECTION ( 'NONE',  ( 0.0000000000000000000, 0.0000000000000000000, 1.000000000000000000 ) ) ;
#1020 = VERTEX_POINT ( 'NONE', #170 ) ;
#1021 = FACE_OUTER_BOUND ( 'NONE', #105, .T. ) ;
#1022 = CYLINDRICAL_SURFACE ( 'NONE', #1002, 2.000000000000000000 ) ;
#1023 = ORIENTED_EDGE ( 'NONE', *, *, #1784, .T. ) ;
#1024 = CARTESIAN_POINT ( 'NONE',  ( 0.0000000000000000000, 0.0000000000000000000, -14.00000000000000000 ) ) ;
#1025 = EDGE_CURVE ( 'NONE', #634, #1791, #911, .T. ) ;
#1026 = DIRECTION ( 'NONE',  ( -0.0000000000000000000, -1.000000000000000000, -0.0000000000000000000 ) ) ;
#1027 = EDGE_LOOP ( 'NONE', ( #2378, #1290, #855, #1643 ) ) ;
#1028 = ADVANCED_FACE ( 'NONE', ( #1084 ), #1629, .F. ) ;
#1029 = SHAPE_DEFINITION_REPRESENTATION ( #939, #933 ) ;
#1030 = LINE ( 'NONE', #2143, #1339 ) ;
#1031 = VERTEX_POINT ( 'NONE', #217 ) ;
#1032 = CARTESIAN_POINT ( 'NONE',  ( 24.99999999999999289, -5.000000000000000000, 4.999999999999997335 ) ) ;
#1033 = CYLINDRICAL_SURFACE ( 'NONE', #1663, 2.750000000000012879 ) ;
#1034 = ORIENTED_EDGE ( 'NONE', *, *, #1277, .T. ) ;
#1035 =( NAMED_UNIT ( * ) PLANE_ANGLE_UNIT ( ) SI_UNIT ( $, .RADIAN. ) );
#1036 = LINE ( 'NONE', #1557, #1984 ) ;
#1037 = VECTOR ( 'NONE', #391, 1000.000000000000000 ) ;
#1038 = ORIENTED_EDGE ( 'NONE', *, *, #243, .T. ) ;
#1039 = LINE ( 'NONE', #1252, #1011 ) ;
#1040 = CARTESIAN_POINT ( 'NONE',  ( -19.00000000000000000, -0.4000000000000001887, -5.099999999999993427 ) ) ;
#1041 = AXIS2_PLACEMENT_3D ( 'NONE', #1263, #2024, #1423 ) ;
#1042 = DIRECTION ( 'NONE',  ( 0.0000000000000000000, 0.0000000000000000000, 1.000000000000000000 ) ) ;
#1043 = CIRCLE ( 'NONE', #575, 5.099999999999998757 ) ;
#1044 = ORIENTED_EDGE ( 'NONE', *, *, #1990, .F. ) ;
#1045 = PLANE ( 'NONE',  #819 ) ;
#1046 = LINE ( 'NONE', #1148, #2380 ) ;
#1047 = VECTOR ( 'NONE', #1150, 1000.000000000000000 ) ;
#1048 = AXIS2_PLACEMENT_3D ( 'NONE', #128, #1102, #945 ) ;
#1049 = PRODUCT_DEFINITION_FORMATION_WITH_SPECIFIED_SOURCE ( 'ANY', '', #1458, .NOT_KNOWN. ) ;
#1050 = VECTOR ( 'NONE', #1416, 1000.000000000000000 ) ;
#1051 = CARTESIAN_POINT ( 'NONE',  ( 3.000000000000024869, 9.999999999999992895, -11.99999999999999467 ) ) ;
#1052 = AXIS2_PLACEMENT_3D ( 'NONE', #2226, #2003, #2213 ) ;
#1053 = PLANE ( 'NONE',  #1952 ) ;
#1054 = DIRECTION ( 'NONE',  ( -0.0000000000000000000, 1.000000000000000000, -0.0000000000000000000 ) ) ;
#1055 = CARTESIAN_POINT ( 'NONE',  ( -21.84198285288144348, 7.658017147118565404, -3.691906467456707031 ) ) ;
#1056 = DIRECTION ( 'NONE',  ( -0.0000000000000000000, -0.0000000000000000000, -1.000000000000000000 ) ) ;
#1057 = ORIENTED_EDGE ( 'NONE', *, *, #2002, .T. ) ;
#1058 = FACE_OUTER_BOUND ( 'NONE', #1982, .T. ) ;
#1059 = SURFACE_STYLE_USAGE ( .BOTH. , #500 ) ;
#1060 = CARTESIAN_POINT ( 'NONE',  ( 12.70000000000000284, -4.500000000000000888, -4.199999999999980638 ) ) ;
#1061 = ORIENTED_EDGE ( 'NONE', *, *, #313, .F. ) ;
#1062 = DIRECTION ( 'NONE',  ( 0.0000000000000000000, 0.0000000000000000000, 1.000000000000000000 ) ) ;
#1063 = CARTESIAN_POINT ( 'NONE',  ( 12.50000000000000711, -4.500000000000000888, -3.999999999999984457 ) ) ;
#1064 = CARTESIAN_POINT ( 'NONE',  ( -11.49999999999999822, 5.500000000000000000, 3.499999999999996003 ) ) ;
#1065 = DIRECTION ( 'NONE',  ( 1.000000000000000000, 0.0000000000000000000, -0.0000000000000000000 ) ) ;
#1066 = LINE ( 'NONE', #151, #1153 ) ;
#1067 = VERTEX_POINT ( 'NONE', #161 ) ;
#1068 = DIRECTION ( 'NONE',  ( 0.0000000000000000000, 0.0000000000000000000, 1.000000000000000000 ) ) ;
#1069 = EDGE_CURVE ( 'NONE', #13, #1613, #271, .T. ) ;
#1070 = DIRECTION ( 'NONE',  ( -3.469446951953614189E-15, -1.000000000000000000, 0.0000000000000000000 ) ) ;
#1071 = CARTESIAN_POINT ( 'NONE',  ( 19.00000000000000000, -0.4000000000000001887, -2.749999999999994227 ) ) ;
#1072 = DIRECTION ( 'NONE',  ( 0.7071067811865482389, 0.0000000000000000000, 0.7071067811865469066 ) ) ;
#1073 = EDGE_LOOP ( 'NONE', ( #866, #1473, #751, #514 ) ) ;
#1074 = VECTOR ( 'NONE', #1432, 1000.000000000000000 ) ;
#1075 = ORIENTED_EDGE ( 'NONE', *, *, #2344, .F. ) ;
#1076 = ADVANCED_BREP_SHAPE_REPRESENTATION ( '', ( #2081, #2022 ), #2113 ) ;
#1077 = AXIS2_PLACEMENT_3D ( 'NONE', #1195, #336, #2359 ) ;
#1078 = DIRECTION ( 'NONE',  ( -0.0000000000000000000, -1.000000000000000000, -0.0000000000000000000 ) ) ;
#1079 = VECTOR ( 'NONE', #2294, 1000.000000000000000 ) ;
#1080 = FILL_AREA_STYLE_COLOUR ( '', #773 ) ;
#1081 = CIRCLE ( 'NONE', #1917, 2.749999999999999112 ) ;
#1082 = ADVANCED_FACE ( 'NONE', ( #707 ), #1449, .F. ) ;
#1083 = CARTESIAN_POINT ( 'NONE',  ( -21.91305066474696517, 9.538341389153446315, -0.9616586108465519089 ) ) ;
#1084 = FACE_OUTER_BOUND ( 'NONE', #1589, .T. ) ;
#1085 = VERTEX_POINT ( 'NONE', #1993 ) ;
#1086 = CARTESIAN_POINT ( 'NONE',  ( 11.50000000000000178, 5.500000000000000000, 2.999999999999995559 ) ) ;
#1087 = DIRECTION ( 'NONE',  ( -0.0000000000000000000, -0.0000000000000000000, 1.000000000000000000 ) ) ;
#1088 = VERTEX_POINT ( 'NONE', #2373 ) ;
#1089 = LINE ( 'NONE', #1968, #346 ) ;
#1090 = EDGE_CURVE ( 'NONE', #1291, #754, #2364, .T. ) ;
#1091 = ADVANCED_FACE ( 'NONE', ( #1857 ), #2157, .F. ) ;
#1092 = DIRECTION ( 'NONE',  ( 0.0000000000000000000, -1.000000000000000000, -0.0000000000000000000 ) ) ;
#1093 = DIRECTION ( 'NONE',  ( -1.000000000000000000, 0.0000000000000000000, -2.065146995210484448E-16 ) ) ;
#1094 = VERTEX_POINT ( 'NONE', #1435 ) ;
#1095 = ORIENTED_EDGE ( 'NONE', *, *, #526, .F. ) ;
#1096 = CARTESIAN_POINT ( 'NONE',  ( -15.99999999999998934, -0.001000000000000132727, 8.000000000000015987 ) ) ;
#1097 = ORIENTED_EDGE ( 'NONE', *, *, #944, .T. ) ;
#1098 = FACE_OUTER_BOUND ( 'NONE', #1816, .T. ) ;
#1099 = ORIENTED_EDGE ( 'NONE', *, *, #1396, .F. ) ;
#1100 = LINE ( 'NONE', #1817, #272 ) ;
#1101 = EDGE_LOOP ( 'NONE', ( #471, #849, #578, #1097 ) ) ;
#1102 = DIRECTION ( 'NONE',  ( -0.0000000000000000000, -1.000000000000000000, -0.0000000000000000000 ) ) ;
#1103 = ORIENTED_EDGE ( 'NONE', *, *, #1213, .T. ) ;
#1104 = VERTEX_POINT ( 'NONE', #2189 ) ;
#1105 = DIRECTION ( 'NONE',  ( -0.0000000000000000000, 1.000000000000000000, -0.0000000000000000000 ) ) ;
#1106 = EDGE_LOOP ( 'NONE', ( #2241, #622, #667, #2251 ) ) ;
#1107 = VECTOR ( 'NONE', #1145, 1000.000000000000000 ) ;
#1108 = DIRECTION ( 'NONE',  ( 0.0000000000000000000, 0.0000000000000000000, 1.000000000000000000 ) ) ;
#1109 = ORIENTED_EDGE ( 'NONE', *, *, #1208, .T. ) ;
#1110 = VECTOR ( 'NONE', #1019, 1000.000000000000000 ) ;
#1111 = ADVANCED_FACE ( 'NONE', ( #1809 ), #1137, .F. ) ;
#1112 = PRODUCT_DEFINITION_SHAPE ( 'NONE', 'NONE',  #2397 ) ;
#1113 = PRESENTATION_LAYER_ASSIGNMENT (  '', '', ( #1483 ) ) ;
#1114 = MECHANICAL_DESIGN_GEOMETRIC_PRESENTATION_REPRESENTATION (  '', ( #815 ), #74 ) ;
#1115 = VECTOR ( 'NONE', #752, 1000.000000000000000 ) ;
#1116 = AXIS2_PLACEMENT_3D ( 'NONE', #1700, #1507, #55 ) ;
#1117 = DIRECTION ( 'NONE',  ( -0.0000000000000000000, 1.000000000000000000, -0.0000000000000000000 ) ) ;
#1118 = VECTOR ( 'NONE', #721, 1000.000000000000000 ) ;
#1119 = ORIENTED_EDGE ( 'NONE', *, *, #347, .F. ) ;
#1120 = DIRECTION ( 'NONE',  ( 1.000000000000000000, 0.0000000000000000000, 0.0000000000000000000 ) ) ;
#1121 = ORIENTED_EDGE ( 'NONE', *, *, #2256, .T. ) ;
#1122 = FACE_OUTER_BOUND ( 'NONE', #1703, .T. ) ;
#1123 = LINE ( 'NONE', #191, #509 ) ;
#1124 = EDGE_CURVE ( 'NONE', #1104, #465, #1066, .T. ) ;
#1125 = ORIENTED_EDGE ( 'NONE', *, *, #439, .F. ) ;
#1126 = DIRECTION ( 'NONE',  ( -1.000000000000000000, 0.0000000000000000000, -1.734723475976805615E-16 ) ) ;
#1127 = ORIENTED_EDGE ( 'NONE', *, *, #524, .F. ) ;
#1128 = CARTESIAN_POINT ( 'NONE',  ( 1.000000000000031752, 12.00000000000000000, -11.99999999999999467 ) ) ;
#1129 = ORIENTED_EDGE ( 'NONE', *, *, #552, .F. ) ;
#1130 = SURFACE_STYLE_USAGE ( .BOTH. , #207 ) ;
#1131 = VERTEX_POINT ( 'NONE', #139 ) ;
#1132 =( NAMED_UNIT ( * ) SI_UNIT ( $, .STERADIAN. ) SOLID_ANGLE_UNIT ( ) );
#1133 = DIRECTION ( 'NONE',  ( -4.336808689942017736E-16, 0.0000000000000000000, 1.000000000000000000 ) ) ;
#1134 = EDGE_CURVE ( 'NONE', #1924, #1288, #1599, .T. ) ;
#1135 = ORIENTED_EDGE ( 'NONE', *, *, #1786, .F. ) ;
#1136 = DIRECTION ( 'NONE',  ( -3.491481338843133355E-15, -1.000000000000000000, 0.0000000000000000000 ) ) ;
#1137 = PLANE ( 'NONE',  #1264 ) ;
#1138 = VERTEX_POINT ( 'NONE', #520 ) ;
#1139 = DIRECTION ( 'NONE',  ( 0.0000000000000000000, 0.0000000000000000000, -1.000000000000000000 ) ) ;
#1140 = ORIENTED_EDGE ( 'NONE', *, *, #2175, .T. ) ;
#1141 = ADVANCED_FACE ( 'NONE', ( #2168 ), #1245, .F. ) ;
#1142 = EDGE_LOOP ( 'NONE', ( #378, #1810, #1688, #2101 ) ) ;
#1143 = CARTESIAN_POINT ( 'NONE',  ( -24.81487139661093266, 2.532726422712011427, 7.967273577287988573 ) ) ;
#1144 = ORIENTED_EDGE ( 'NONE', *, *, #1025, .T. ) ;
#1145 = DIRECTION ( 'NONE',  ( 1.000000000000000000, 0.0000000000000000000, 0.0000000000000000000 ) ) ;
#1146 = ORIENTED_EDGE ( 'NONE', *, *, #1582, .T. ) ;
#1147 = SURFACE_STYLE_USAGE ( .BOTH. , #2200 ) ;
#1148 = CARTESIAN_POINT ( 'NONE',  ( -24.00000000000000711, 5.000000000000000000, -5.999999999999998224 ) ) ;
#1149 = DIRECTION ( 'NONE',  ( 0.0000000000000000000, 0.0000000000000000000, -1.000000000000000000 ) ) ;
#1150 = DIRECTION ( 'NONE',  ( -0.0000000000000000000, -0.0000000000000000000, 1.000000000000000000 ) ) ;
#1151 = AXIS2_PLACEMENT_3D ( 'NONE', #1361, #1042, #1757 ) ;
#1152 = LINE ( 'NONE', #1176, #668 ) ;
#1153 = VECTOR ( 'NONE', #1782, 999.9999999999998863 ) ;
#1154 = CARTESIAN_POINT ( 'NONE',  ( -15.99999999999999289, 2.000000000000000000, -8.000000000000008882 ) ) ;
#1155 = EDGE_CURVE ( 'NONE', #1334, #1355, #1790, .T. ) ;
#1156 = AXIS2_PLACEMENT_3D ( 'NONE', #882, #2040, #589 ) ;
#1157 = ORIENTED_EDGE ( 'NONE', *, *, #2141, .T. ) ;
#1158 = VECTOR ( 'NONE', #281, 1000.000000000000000 ) ;
#1159 = FILL_AREA_STYLE_COLOUR ( '', #737 ) ;
#1160 = ORIENTED_EDGE ( 'NONE', *, *, #52, .F. ) ;
#1161 = CARTESIAN_POINT ( 'NONE',  ( -23.00000000000000000, 0.0000000000000000000, 14.00000000000000000 ) ) ;
#1162 = CARTESIAN_POINT ( 'NONE',  ( -12.49999999999999645, -4.500000000000000888, -4.000000000000001776 ) ) ;
#1163 = EDGE_LOOP ( 'NONE', ( #1510, #1326, #783, #1119 ) ) ;
#1164 = PLANE ( 'NONE',  #1001 ) ;
#1165 = LINE ( 'NONE', #1391, #1595 ) ;
#1166 = EDGE_CURVE ( 'NONE', #7, #1578, #111, .T. ) ;
#1167 = DIRECTION ( 'NONE',  ( 0.0000000000000000000, 0.0000000000000000000, 1.000000000000000000 ) ) ;
#1168 = EDGE_LOOP ( 'NONE', ( #1795, #2248, #2170, #746 ) ) ;
#1169 = DIRECTION ( 'NONE',  ( -0.0000000000000000000, -1.000000000000000000, -0.0000000000000000000 ) ) ;
#1170 = ORIENTED_EDGE ( 'NONE', *, *, #1645, .T. ) ;
#1171 = DIRECTION ( 'NONE',  ( 0.0000000000000000000, 0.0000000000000000000, -1.000000000000000000 ) ) ;
#1172 = DIRECTION ( 'NONE',  ( -3.491481338843133750E-15, -1.000000000000000000, 0.0000000000000000000 ) ) ;
#1173 = ORIENTED_EDGE ( 'NONE', *, *, #2169, .F. ) ;
#1174 = PLANE ( 'NONE',  #2237 ) ;
#1175 = CARTESIAN_POINT ( 'NONE',  ( -15.99999999999999289, 2.000000000000000000, -5.249999999999999112 ) ) ;
#1176 = CARTESIAN_POINT ( 'NONE',  ( 5.963111948670273401E-16, 5.000000000000000000, 5.499999999999999112 ) ) ;
#1177 = EDGE_CURVE ( 'NONE', #996, #797, #50, .T. ) ;
#1178 = EDGE_LOOP ( 'NONE', ( #1682, #1802 ) ) ;
#1179 = LINE ( 'NONE', #1332, #275 ) ;
#1180 = ADVANCED_FACE ( 'NONE', ( #1499 ), #2255, .T. ) ;
#1181 = ORIENTED_EDGE ( 'NONE', *, *, #863, .T. ) ;
#1182 = DIRECTION ( 'NONE',  ( -1.000000000000000000, 0.0000000000000000000, -0.0000000000000000000 ) ) ;
#1183 = AXIS2_PLACEMENT_3D ( 'NONE', #600, #249, #1940 ) ;
#1184 = SURFACE_STYLE_FILL_AREA ( #1718 ) ;
#1185 = ORIENTED_EDGE ( 'NONE', *, *, #2141, .F. ) ;
#1186 = DIRECTION ( 'NONE',  ( 0.0000000000000000000, -1.000000000000000000, -3.469446951953614189E-16 ) ) ;
#1187 = CIRCLE ( 'NONE', #22, 5.999999999999991118 ) ;
#1188 = PRESENTATION_LAYER_ASSIGNMENT (  '', '', ( #812 ) ) ;
#1189 = AXIS2_PLACEMENT_3D ( 'NONE', #404, #1093, #725 ) ;
#1190 = VECTOR ( 'NONE', #1446, 1000.000000000000000 ) ;
#1191 = ORIENTED_EDGE ( 'NONE', *, *, #2002, .F. ) ;
#1192 = EDGE_CURVE ( 'NONE', #213, #41, #150, .T. ) ;
#1193 = DIRECTION ( 'NONE',  ( 0.7071067811865482389, -0.0000000000000000000, -0.7071067811865469066 ) ) ;
#1194 = VECTOR ( 'NONE', #2145, 1000.000000000000000 ) ;
#1195 = CARTESIAN_POINT ( 'NONE',  ( 12.50000000000000711, -4.500000000000000888, -3.999999999999984457 ) ) ;
#1196 = SHAPE_REPRESENTATION ( 'WB4470_Anschlagblech^WB4470_28-L2-ZB', ( #2022 ), #2113 ) ;
#1197 = AXIS2_PLACEMENT_3D ( 'NONE', #92, #2074, #2087 ) ;
#1198 = ORIENTED_EDGE ( 'NONE', *, *, #131, .T. ) ;
#1199 = DIRECTION ( 'NONE',  ( 0.0000000000000000000, 0.0000000000000000000, 1.000000000000000000 ) ) ;
#1200 = EDGE_LOOP ( 'NONE', ( #1330, #1398, #1745, #1783, #964, #1574 ) ) ;
#1201 = ADVANCED_FACE ( 'NONE', ( #1387 ), #896, .F. ) ;
#1202 = DIRECTION ( 'NONE',  ( -0.0000000000000000000, -1.000000000000000000, -0.0000000000000000000 ) ) ;
#1203 = LINE ( 'NONE', #695, #659 ) ;
#1204 = VERTEX_POINT ( 'NONE', #9 ) ;
#1205 = CARTESIAN_POINT ( 'NONE',  ( -12.49999999999999645, -4.500000000000000888, -4.000000000000001776 ) ) ;
#1206 = DIRECTION ( 'NONE',  ( 0.0000000000000000000, 0.0000000000000000000, 1.000000000000000000 ) ) ;
#1207 = DIRECTION ( 'NONE',  ( 0.0000000000000000000, 0.0000000000000000000, 1.000000000000000000 ) ) ;
#1208 = EDGE_CURVE ( 'NONE', #102, #425, #1487, .T. ) ;
#1209 = VERTEX_POINT ( 'NONE', #800 ) ;
#1210 = LINE ( 'NONE', #867, #1860 ) ;
#1211 = DIRECTION ( 'NONE',  ( 0.0000000000000000000, 0.0000000000000000000, -1.000000000000000000 ) ) ;
#1212 = CARTESIAN_POINT ( 'NONE',  ( -14.64644660940668608, 5.000000000000000000, 14.64644660940673937 ) ) ;
#1213 = EDGE_CURVE ( 'NONE', #869, #599, #504, .T. ) ;
#1214 = ORIENTED_EDGE ( 'NONE', *, *, #1549, .F. ) ;
#1215 = DIRECTION ( 'NONE',  ( 0.0000000000000000000, 0.0000000000000000000, 1.000000000000000000 ) ) ;
#1216 = PLANE ( 'NONE',  #141 ) ;
#1217 = DIRECTION ( 'NONE',  ( 0.7071067811865482389, 0.0000000000000000000, -0.7071067811865469066 ) ) ;
#1218 = FACE_OUTER_BOUND ( 'NONE', #381, .T. ) ;
#1219 = EDGE_CURVE ( 'NONE', #1094, #1821, #424, .T. ) ;
#1220 = FACE_OUTER_BOUND ( 'NONE', #2228, .T. ) ;
#1221 = CARTESIAN_POINT ( 'NONE',  ( 3.000000000000031530, 11.99999999999999289, -11.99999999999999467 ) ) ;
#1222 = CARTESIAN_POINT ( 'NONE',  ( 12.00000000000000178, 5.500000000000000000, 2.999999999999995559 ) ) ;
#1223 = PRESENTATION_LAYER_ASSIGNMENT (  '', '', ( #887 ) ) ;
#1224 = ORIENTED_EDGE ( 'NONE', *, *, #1742, .F. ) ;
#1225 = FACE_BOUND ( 'NONE', #179, .T. ) ;
#1226 =( NAMED_UNIT ( * ) PLANE_ANGLE_UNIT ( ) SI_UNIT ( $, .RADIAN. ) );
#1227 = AXIS2_PLACEMENT_3D ( 'NONE', #1674, #1961, #1620 ) ;
#1228 = CARTESIAN_POINT ( 'NONE',  ( 12.00000000000000178, 5.500000000000000000, 2.999999999999995559 ) ) ;
#1229 = ORIENTED_EDGE ( 'NONE', *, *, #1488, .F. ) ;
#1230 = CIRCLE ( 'NONE', #1570, 2.750000000000014655 ) ;
#1231 = CARTESIAN_POINT ( 'NONE',  ( -22.99999999999999645, 2.000000000000000000, 8.000000000000015987 ) ) ;
#1232 = PRESENTATION_LAYER_ASSIGNMENT (  '', '', ( #1302 ) ) ;
#1233 = CARTESIAN_POINT ( 'NONE',  ( 12.50000000000000711, -4.500000000000000888, -3.999999999999984457 ) ) ;
#1234 = UNCERTAINTY_MEASURE_WITH_UNIT (LENGTH_MEASURE( 1.000000000000000082E-05 ), #269, 'distance_accuracy_value', 'NONE');
#1235 = DIRECTION ( 'NONE',  ( -1.734723475976805615E-16, 0.0000000000000000000, 1.000000000000000000 ) ) ;
#1236 = EDGE_CURVE ( 'NONE', #1088, #1334, #1371, .T. ) ;
#1237 = VERTEX_POINT ( 'NONE', #39 ) ;
#1238 = UNCERTAINTY_MEASURE_WITH_UNIT (LENGTH_MEASURE( 1.000000000000000082E-05 ), #1247, 'distance_accuracy_value', 'NONE');
#1239 = DIRECTION ( 'NONE',  ( -0.0000000000000000000, -1.000000000000000000, -0.0000000000000000000 ) ) ;
#1240 = ORIENTED_EDGE ( 'NONE', *, *, #1338, .F. ) ;
#1241 = CARTESIAN_POINT ( 'NONE',  ( -12.69999999999999929, -4.500000000000000888, 4.199999999999999289 ) ) ;
#1242 = UNCERTAINTY_MEASURE_WITH_UNIT (LENGTH_MEASURE( 1.000000000000000082E-05 ), #244, 'distance_accuracy_value', 'NONE');
#1243 = SURFACE_STYLE_FILL_AREA ( #1944 ) ;
#1244 = PLANE ( 'NONE',  #1876 ) ;
#1245 = PLANE ( 'NONE',  #2316 ) ;
#1246 = ORIENTED_EDGE ( 'NONE', *, *, #1549, .T. ) ;
#1247 =( LENGTH_UNIT ( ) NAMED_UNIT ( * ) SI_UNIT ( .MILLI., .METRE. ) );
#1248 = ORIENTED_EDGE ( 'NONE', *, *, #1562, .F. ) ;
#1249 = DIRECTION ( 'NONE',  ( -1.000000000000000000, 0.0000000000000000000, -8.195543980992790641E-16 ) ) ;
#1250 = ADVANCED_FACE ( 'NONE', ( #617 ), #419, .F. ) ;
#1251 = CARTESIAN_POINT ( 'NONE',  ( -24.00000000000000711, 4.500000000000000888, 6.000000000000001776 ) ) ;
#1252 = CARTESIAN_POINT ( 'NONE',  ( -23.00000000000000000, -0.001000000000000132727, -8.000000000000008882 ) ) ;
#1253 = EDGE_CURVE ( 'NONE', #298, #15, #2075, .T. ) ;
#1254 = CARTESIAN_POINT ( 'NONE',  ( -24.00000000000000711, 5.000000000000000000, 6.000000000000001776 ) ) ;
#1255 = AXIS2_PLACEMENT_3D ( 'NONE', #2038, #215, #121 ) ;
#1256 = DIRECTION ( 'NONE',  ( 0.0000000000000000000, 0.0000000000000000000, -1.000000000000000000 ) ) ;
#1257 = VERTEX_POINT ( 'NONE', #2056 ) ;
#1258 = CARTESIAN_POINT ( 'NONE',  ( 23.99999999999999289, 5.000000000000000000, 5.999999999999996447 ) ) ;
#1259 = UNCERTAINTY_MEASURE_WITH_UNIT (LENGTH_MEASURE( 1.000000000000000082E-05 ), #2161, 'distance_accuracy_value', 'NONE');
#1260 =( NAMED_UNIT ( * ) PLANE_ANGLE_UNIT ( ) SI_UNIT ( $, .RADIAN. ) );
#1261 = VECTOR ( 'NONE', #1616, 1000.000000000000000 ) ;
#1262 = CIRCLE ( 'NONE', #1480, 3.000000000000000000 ) ;
#1263 = CARTESIAN_POINT ( 'NONE',  ( 19.00000000000000000, -0.4000000000000001887, 4.774380084543173877E-15 ) ) ;
#1264 = AXIS2_PLACEMENT_3D ( 'NONE', #510, #1235, #322 ) ;
#1265 = MECHANICAL_DESIGN_GEOMETRIC_PRESENTATION_REPRESENTATION (  '', ( #1985 ), #1343 ) ;
#1266 = AXIS2_PLACEMENT_3D ( 'NONE', #2142, #2351, #295 ) ;
#1267 = FILL_AREA_STYLE_COLOUR ( '', #472 ) ;
#1268 = DIRECTION ( 'NONE',  ( -0.0000000000000000000, -0.0000000000000000000, -1.000000000000000000 ) ) ;
#1269 = ORIENTED_EDGE ( 'NONE', *, *, #93, .T. ) ;
#1270 = PLANE ( 'NONE',  #296 ) ;
#1271 = ORIENTED_EDGE ( 'NONE', *, *, #932, .F. ) ;
#1272 = CYLINDRICAL_SURFACE ( 'NONE', #961, 2.750000000000012879 ) ;
#1273 = CARTESIAN_POINT ( 'NONE',  ( 24.99999999999999289, 4.500000000000000888, 4.999999999999997335 ) ) ;
#1274 = ORIENTED_EDGE ( 'NONE', *, *, #402, .F. ) ;
#1275 = CARTESIAN_POINT ( 'NONE',  ( 14.64644660940670029, 5.000000000000000000, 14.64644660940672694 ) ) ;
#1276 = LINE ( 'NONE', #2394, #335 ) ;
#1277 = EDGE_CURVE ( 'NONE', #37, #1389, #2154, .T. ) ;
#1278 = EDGE_LOOP ( 'NONE', ( #1274, #2374, #1431, #938 ) ) ;
#1279 = FACE_OUTER_BOUND ( 'NONE', #1101, .T. ) ;
#1280 = APPLICATION_CONTEXT ( 'automotive_design' ) ;
#1281 = EDGE_CURVE ( 'NONE', #1530, #470, #1871, .T. ) ;
#1282 = ORIENTED_EDGE ( 'NONE', *, *, #1177, .T. ) ;
#1283 = EDGE_CURVE ( 'NONE', #719, #774, #1498, .T. ) ;
#1284 = DIRECTION ( 'NONE',  ( -0.0000000000000000000, -1.000000000000000000, -0.0000000000000000000 ) ) ;
#1285 = ORIENTED_EDGE ( 'NONE', *, *, #2344, .T. ) ;
#1286 = DIRECTION ( 'NONE',  ( -0.0000000000000000000, 1.000000000000000000, -0.0000000000000000000 ) ) ;
#1287 = CARTESIAN_POINT ( 'NONE',  ( 0.0000000000000000000, 3.000000000000000000, -14.00000000000000178 ) ) ;
#1288 = VERTEX_POINT ( 'NONE', #988 ) ;
#1289 = VECTOR ( 'NONE', #481, 1000.000000000000000 ) ;
#1290 = ORIENTED_EDGE ( 'NONE', *, *, #1166, .F. ) ;
#1291 = VERTEX_POINT ( 'NONE', #1538 ) ;
#1292 = EDGE_CURVE ( 'NONE', #470, #2324, #649, .T. ) ;
#1293 = AXIS2_PLACEMENT_3D ( 'NONE', #156, #899, #568 ) ;
#1294 = DIRECTION ( 'NONE',  ( 0.0000000000000000000, 0.0000000000000000000, 1.000000000000000000 ) ) ;
#1295 = ORIENTED_EDGE ( 'NONE', *, *, #1488, .T. ) ;
#1296 = PRESENTATION_STYLE_ASSIGNMENT (( #1147 ) ) ;
#1297 = DIRECTION ( 'NONE',  ( -0.0000000000000000000, 1.000000000000000000, -0.0000000000000000000 ) ) ;
#1298 = VECTOR ( 'NONE', #826, 1000.000000000000000 ) ;
#1299 = EDGE_LOOP ( 'NONE', ( #97, #736, #908, #1814 ) ) ;
#1300 = VECTOR ( 'NONE', #2034, 1000.000000000000000 ) ;
#1301 = CARTESIAN_POINT ( 'NONE',  ( -11.49999999999999822, 5.500000000000000000, 3.499999999999996003 ) ) ;
#1302 = STYLED_ITEM ( 'NONE', ( #1753 ), #2081 ) ;
#1303 = ORIENTED_EDGE ( 'NONE', *, *, #1192, .F. ) ;
#1304 = EDGE_LOOP ( 'NONE', ( #2054, #1837, #1711, #256 ) ) ;
#1305 = LINE ( 'NONE', #1698, #223 ) ;
#1306 = ORIENTED_EDGE ( 'NONE', *, *, #56, .T. ) ;
#1307 = CARTESIAN_POINT ( 'NONE',  ( 12.50000000000000711, -4.500000000000000888, -3.999999999999984457 ) ) ;
#1308 = ORIENTED_EDGE ( 'NONE', *, *, #1932, .F. ) ;
#1309 = DIRECTION ( 'NONE',  ( -0.0000000000000000000, 1.000000000000000000, -0.0000000000000000000 ) ) ;
#1310 = DIRECTION ( 'NONE',  ( 0.0000000000000000000, 0.0000000000000000000, -1.000000000000000000 ) ) ;
#1311 = PLANE ( 'NONE',  #2279 ) ;
#1312 = ADVANCED_FACE ( 'NONE', ( #1337, #614, #274 ), #1910, .T. ) ;
#1313 = CARTESIAN_POINT ( 'NONE',  ( 23.58578643762689353, 5.914213562373101141, -4.414213562373092259 ) ) ;
#1314 = ORIENTED_EDGE ( 'NONE', *, *, #2366, .F. ) ;
#1315 = EDGE_LOOP ( 'NONE', ( #134, #87, #1057, #555 ) ) ;
#1316 = SURFACE_STYLE_FILL_AREA ( #620 ) ;
#1317 = ORIENTED_EDGE ( 'NONE', *, *, #171, .F. ) ;
#1318 = EDGE_CURVE ( 'NONE', #984, #843, #235, .T. ) ;
#1319 = LINE ( 'NONE', #57, #572 ) ;
#1320 = EDGE_LOOP ( 'NONE', ( #23, #1651, #2393, #1140 ) ) ;
#1321 = CARTESIAN_POINT ( 'NONE',  ( -11.49999999999999822, 5.500000000000000000, -3.000000000000004441 ) ) ;
#1322 = DIRECTION ( 'NONE',  ( 0.0000000000000000000, 0.0000000000000000000, 1.000000000000000000 ) ) ;
#1323 = EDGE_CURVE ( 'NONE', #1452, #1334, #453, .T. ) ;
#1324 =( LENGTH_UNIT ( ) NAMED_UNIT ( * ) SI_UNIT ( .MILLI., .METRE. ) );
#1325 = DIRECTION ( 'NONE',  ( -0.0000000000000000000, 1.000000000000000000, -0.0000000000000000000 ) ) ;
#1326 = ORIENTED_EDGE ( 'NONE', *, *, #750, .T. ) ;
#1327 = ORIENTED_EDGE ( 'NONE', *, *, #759, .F. ) ;
#1328 = EDGE_LOOP ( 'NONE', ( #1450, #2309, #1953, #1214, #1912, #1240, #166, #1532 ) ) ;
#1329 = CARTESIAN_POINT ( 'NONE',  ( 0.9999999999999965583, 2.000000000000000000, 14.00000000000000000 ) ) ;
#1330 = ORIENTED_EDGE ( 'NONE', *, *, #1422, .F. ) ;
#1331 = VECTOR ( 'NONE', #2179, 1000.000000000000000 ) ;
#1332 = CARTESIAN_POINT ( 'NONE',  ( -5.999999999999986677, -0.001000000000000132727, -5.249999999999998224 ) ) ;
#1333 = CARTESIAN_POINT ( 'NONE',  ( 19.00000000000000000, -0.4000000000000001887, -5.099999999999991651 ) ) ;
#1334 = VERTEX_POINT ( 'NONE', #89 ) ;
#1335 = PRESENTATION_LAYER_ASSIGNMENT (  '', '', ( #2272 ) ) ;
#1336 = PLANE ( 'NONE',  #1818 ) ;
#1337 = FACE_BOUND ( 'NONE', #1352, .T. ) ;
#1338 = EDGE_CURVE ( 'NONE', #1085, #1662, #998, .T. ) ;
#1339 = VECTOR ( 'NONE', #2327, 1000.000000000000000 ) ;
#1340 = CIRCLE ( 'NONE', #187, 2.000000000000000000 ) ;
#1341 = CARTESIAN_POINT ( 'NONE',  ( 12.70000000000000284, -4.500000000000000888, -4.199999999999980638 ) ) ;
#1342 = VECTOR ( 'NONE', #1597, 999.9999999999998863 ) ;
#1343 =( GEOMETRIC_REPRESENTATION_CONTEXT ( 3 ) GLOBAL_UNCERTAINTY_ASSIGNED_CONTEXT ( ( #2109 ) ) GLOBAL_UNIT_ASSIGNED_CONTEXT ( ( #713, #144, #328 ) ) REPRESENTATION_CONTEXT ( 'NONE', 'WORKASPACE' ) );
#1344 = EDGE_LOOP ( 'NONE', ( #2205, #1484 ) ) ;
#1345 = AXIS2_PLACEMENT_3D ( 'NONE', #1694, #1016, #250 ) ;
#1346 = VERTEX_POINT ( 'NONE', #1513 ) ;
#1347 = DIRECTION ( 'NONE',  ( -0.7071067811865482389, 0.0000000000000000000, 0.7071067811865469066 ) ) ;
#1348 = ORIENTED_EDGE ( 'NONE', *, *, #240, .F. ) ;
#1349 = FACE_OUTER_BOUND ( 'NONE', #2135, .T. ) ;
#1350 = DIRECTION ( 'NONE',  ( -0.0000000000000000000, 1.000000000000000000, -0.0000000000000000000 ) ) ;
#1351 = CARTESIAN_POINT ( 'NONE',  ( -11.99999999999999822, 5.500000000000000000, 2.999999999999995559 ) ) ;
#1352 = EDGE_LOOP ( 'NONE', ( #11, #1630, #253, #978 ) ) ;
#1353 = ADVANCED_FACE ( 'NONE', ( #2283 ), #601, .T. ) ;
#1354 = FACE_OUTER_BOUND ( 'NONE', #1710, .T. ) ;
#1355 = VERTEX_POINT ( 'NONE', #973 ) ;
#1356 = CARTESIAN_POINT ( 'NONE',  ( -24.00000000000000711, -5.000000000000000000, 6.000000000000001776 ) ) ;
#1357 = CARTESIAN_POINT ( 'NONE',  ( -12.69999999999999929, -4.500000000000000888, 4.199999999999999289 ) ) ;
#1358 = CARTESIAN_POINT ( 'NONE',  ( 24.99999999999999289, 4.500000000000000888, 4.999999999999997335 ) ) ;
#1359 = LINE ( 'NONE', #307, #2358 ) ;
#1360 = PRODUCT_RELATED_PRODUCT_CATEGORY ( 'part', '', ( #886 ) ) ;
#1361 = CARTESIAN_POINT ( 'NONE',  ( 0.0000000000000000000, 3.000000000000000000, 14.00000000000000178 ) ) ;
#1362 = VERTEX_POINT ( 'NONE', #2085 ) ;
#1363 = EDGE_CURVE ( 'NONE', #991, #803, #2069, .T. ) ;
#1364 = CARTESIAN_POINT ( 'NONE',  ( -19.00000000000000000, -0.4000000000000001887, 4.774380084543173877E-15 ) ) ;
#1365 = DIRECTION ( 'NONE',  ( -0.0000000000000000000, 1.000000000000000000, -0.0000000000000000000 ) ) ;
#1366 = ORIENTED_EDGE ( 'NONE', *, *, #1697, .F. ) ;
#1367 = CARTESIAN_POINT ( 'NONE',  ( 19.00000000000000000, -0.4000000000000001887, 2.750000000000003553 ) ) ;
#1368 = AXIS2_PLACEMENT_3D ( 'NONE', #686, #443, #1322 ) ;
#1369 = CARTESIAN_POINT ( 'NONE',  ( 24.99999999999999289, 5.000000000000000000, -5.000000000000004441 ) ) ;
#1370 = ORIENTED_EDGE ( 'NONE', *, *, #238, .T. ) ;
#1371 = LINE ( 'NONE', #839, #2350 ) ;
#1372 = VECTOR ( 'NONE', #1365, 1000.000000000000000 ) ;
#1373 = VECTOR ( 'NONE', #133, 1000.000000000000000 ) ;
#1374 = VECTOR ( 'NONE', #325, 1000.000000000000000 ) ;
#1375 = CARTESIAN_POINT ( 'NONE',  ( -15.99999999999999289, 0.0000000000000000000, -5.249999999999999112 ) ) ;
#1376 = VECTOR ( 'NONE', #808, 1000.000000000000000 ) ;
#1377 = VECTOR ( 'NONE', #1522, 999.9999999999998863 ) ;
#1378 = ORIENTED_EDGE ( 'NONE', *, *, #1396, .T. ) ;
#1379 = LINE ( 'NONE', #461, #1828 ) ;
#1380 = AXIS2_PLACEMENT_3D ( 'NONE', #664, #712, #1199 ) ;
#1381 = ORIENTED_EDGE ( 'NONE', *, *, #561, .F. ) ;
#1382 = DIRECTION ( 'NONE',  ( -0.0000000000000000000, -0.0000000000000000000, 1.000000000000000000 ) ) ;
#1383 = CARTESIAN_POINT ( 'NONE',  ( -12.50000000000000000, -4.500000000000000888, 3.999999999999998224 ) ) ;
#1384 = ORIENTED_EDGE ( 'NONE', *, *, #1640, .T. ) ;
#1385 =( NAMED_UNIT ( * ) SI_UNIT ( $, .STERADIAN. ) SOLID_ANGLE_UNIT ( ) );
#1386 = DIRECTION ( 'NONE',  ( 1.000000000000000000, 0.0000000000000000000, 0.0000000000000000000 ) ) ;
#1387 = FACE_OUTER_BOUND ( 'NONE', #1168, .T. ) ;
#1388 = PLANE ( 'NONE',  #1946 ) ;
#1389 = VERTEX_POINT ( 'NONE', #1175 ) ;
#1390 = LINE ( 'NONE', #476, #2355 ) ;
#1391 = CARTESIAN_POINT ( 'NONE',  ( -11.99999999999999822, 5.500000000000000000, 2.999999999999995559 ) ) ;
#1392 = EDGE_CURVE ( 'NONE', #1237, #37, #2269, .T. ) ;
#1393 = CYLINDRICAL_SURFACE ( 'NONE', #2384, 2.750000000000015543 ) ;
#1394 = EDGE_LOOP ( 'NONE', ( #370, #385, #1862, #801 ) ) ;
#1395 = CARTESIAN_POINT ( 'NONE',  ( 23.99999999999999289, -5.000000000000000000, -6.000000000000003553 ) ) ;
#1396 = EDGE_CURVE ( 'NONE', #1642, #991, #479, .T. ) ;
#1397 = DIRECTION ( 'NONE',  ( 0.0000000000000000000, -0.0000000000000000000, -1.000000000000000000 ) ) ;
#1398 = ORIENTED_EDGE ( 'NONE', *, *, #598, .T. ) ;
#1399 = LINE ( 'NONE', #878, #1194 ) ;
#1400 = FILL_AREA_STYLE ('',( #1631 ) ) ;
#1401 = ORIENTED_EDGE ( 'NONE', *, *, #238, .F. ) ;
#1402 = DIRECTION ( 'NONE',  ( -0.0000000000000000000, 1.000000000000000000, -0.0000000000000000000 ) ) ;
#1403 = LINE ( 'NONE', #1064, #626 ) ;
#1404 = CIRCLE ( 'NONE', #1183, 0.5000000000000000000 ) ;
#1405 = EDGE_CURVE ( 'NONE', #521, #1693, #662, .T. ) ;
#1406 = AXIS2_PLACEMENT_3D ( 'NONE', #536, #1805, #389 ) ;
#1407 = DIRECTION ( 'NONE',  ( 0.0000000000000000000, 1.000000000000000000, -0.0000000000000000000 ) ) ;
#1408 = EDGE_LOOP ( 'NONE', ( #2328, #615, #360, #779 ) ) ;
#1409 = PRESENTATION_LAYER_ASSIGNMENT (  '', '', ( #625 ) ) ;
#1410 =( GEOMETRIC_REPRESENTATION_CONTEXT ( 3 ) GLOBAL_UNCERTAINTY_ASSIGNED_CONTEXT ( ( #1720 ) ) GLOBAL_UNIT_ASSIGNED_CONTEXT ( ( #2026, #5, #784 ) ) REPRESENTATION_CONTEXT ( 'NONE', 'WORKASPACE' ) );
#1411 = CARTESIAN_POINT ( 'NONE',  ( -5.999999999999986677, 2.000000000000000000, -5.249999999999998224 ) ) ;
#1412 = VECTOR ( 'NONE', #1800, 1000.000000000000114 ) ;
#1413 = AXIS2_PLACEMENT_3D ( 'NONE', #270, #766, #2250 ) ;
#1414 = FACE_OUTER_BOUND ( 'NONE', #1178, .T. ) ;
#1415 = VECTOR ( 'NONE', #1434, 1000.000000000000000 ) ;
#1416 = DIRECTION ( 'NONE',  ( -0.0000000000000000000, -0.0000000000000000000, -1.000000000000000000 ) ) ;
#1417 = CARTESIAN_POINT ( 'NONE',  ( -24.00000000000000711, 5.000000000000000000, -5.999999999999998224 ) ) ;
#1418 = LINE ( 'NONE', #1221, #1758 ) ;
#1419 = DIRECTION ( 'NONE',  ( -1.000000000000000000, -0.0000000000000000000, -0.0000000000000000000 ) ) ;
#1420 = ORIENTED_EDGE ( 'NONE', *, *, #1292, .T. ) ;
#1421 = PLANE ( 'NONE',  #2061 ) ;
#1422 = EDGE_CURVE ( 'NONE', #1880, #1131, #1036, .T. ) ;
#1423 = DIRECTION ( 'NONE',  ( 0.0000000000000000000, 0.0000000000000000000, 1.000000000000000000 ) ) ;
#1424 = CARTESIAN_POINT ( 'NONE',  ( -12.49999999999999645, -5.000000000000000000, -4.000000000000001776 ) ) ;
#1425 = FILL_AREA_STYLE_COLOUR ( '', #1955 ) ;
#1426 = EDGE_CURVE ( 'NONE', #291, #58, #1948, .T. ) ;
#1427 = DIRECTION ( 'NONE',  ( 2.065146995210484448E-16, -0.0000000000000000000, -1.000000000000000000 ) ) ;
#1428 = ORIENTED_EDGE ( 'NONE', *, *, #216, .T. ) ;
#1429 = CARTESIAN_POINT ( 'NONE',  ( 1.000000000000000000, 2.999999999999996447, 14.00000000000000178 ) ) ;
#1430 = EDGE_CURVE ( 'NONE', #586, #1555, #888, .T. ) ;
#1431 = ORIENTED_EDGE ( 'NONE', *, *, #82, .T. ) ;
#1432 = DIRECTION ( 'NONE',  ( -0.0000000000000000000, -1.000000000000000000, -0.0000000000000000000 ) ) ;
#1433 = FACE_OUTER_BOUND ( 'NONE', #168, .T. ) ;
#1434 = DIRECTION ( 'NONE',  ( -0.0000000000000000000, -1.000000000000000000, -0.0000000000000000000 ) ) ;
#1435 = CARTESIAN_POINT ( 'NONE',  ( -23.00000000000000000, 2.000000000000000000, -8.000000000000008882 ) ) ;
#1436 = VERTEX_POINT ( 'NONE', #688 ) ;
#1437 = CYLINDRICAL_SURFACE ( 'NONE', #699, 0.5000000000000004441 ) ;
#1438 = COLOUR_RGB ( '',0.5999999999999999778, 0.5999999999999999778, 0.5999999999999999778 ) ;
#1439 = VERTEX_POINT ( 'NONE', #1231 ) ;
#1440 = ADVANCED_FACE ( 'NONE', ( #490 ), #1393, .F. ) ;
#1441 = AXIS2_PLACEMENT_3D ( 'NONE', #445, #1202, #2258 ) ;
#1442 = DIRECTION ( 'NONE',  ( -1.000000000000000000, 0.0000000000000000000, -6.938893903907227392E-16 ) ) ;
#1443 = VECTOR ( 'NONE', #2363, 1000.000000000000000 ) ;
#1444 = AXIS2_PLACEMENT_3D ( 'NONE', #1585, #537, #340 ) ;
#1445 = ORIENTED_EDGE ( 'NONE', *, *, #1853, .F. ) ;
#1446 = DIRECTION ( 'NONE',  ( -0.0000000000000000000, -1.000000000000000000, -0.0000000000000000000 ) ) ;
#1447 = AXIS2_PLACEMENT_3D ( 'NONE', #1519, #623, #1211 ) ;
#1448 = FACE_BOUND ( 'NONE', #409, .T. ) ;
#1449 = PLANE ( 'NONE',  #1156 ) ;
#1450 = ORIENTED_EDGE ( 'NONE', *, *, #2129, .F. ) ;
#1451 = CARTESIAN_POINT ( 'NONE',  ( 0.0000000000000000000, 0.0000000000000000000, 0.0000000000000000000 ) ) ;
#1452 = VERTEX_POINT ( 'NONE', #318 ) ;
#1453 = CARTESIAN_POINT ( 'NONE',  ( -11.49999999999999822, 5.000000000000000000, 3.499999999999996003 ) ) ;
#1454 = ORIENTED_EDGE ( 'NONE', *, *, #1712, .T. ) ;
#1455 = LINE ( 'NONE', #2211, #1604 ) ;
#1456 = EDGE_LOOP ( 'NONE', ( #2036, #511, #305, #2245 ) ) ;
#1457 = EDGE_CURVE ( 'NONE', #1138, #1924, #1872, .T. ) ;
#1458 = PRODUCT ( '4470-50-A1-L2-SR', '4470-50-A1-L2-SR', '', ( #483 ) ) ;
#1459 = ADVANCED_FACE ( 'NONE', ( #848 ), #303, .T. ) ;
#1460 = ORIENTED_EDGE ( 'NONE', *, *, #224, .F. ) ;
#1461 = ORIENTED_EDGE ( 'NONE', *, *, #1281, .T. ) ;
#1462 = PRESENTATION_STYLE_ASSIGNMENT (( #2 ) ) ;
#1463 = FACE_OUTER_BOUND ( 'NONE', #966, .T. ) ;
#1464 = ORIENTED_EDGE ( 'NONE', *, *, #2173, .T. ) ;
#1465 = APPLICATION_CONTEXT ( 'automotive_design' ) ;
#1466 = DIRECTION ( 'NONE',  ( -0.0000000000000000000, 1.000000000000000000, -0.0000000000000000000 ) ) ;
#1467 = EDGE_CURVE ( 'NONE', #15, #2047, #503, .T. ) ;
#1468 = ORIENTED_EDGE ( 'NONE', *, *, #1363, .F. ) ;
#1469 = EDGE_CURVE ( 'NONE', #1806, #666, #1340, .T. ) ;
#1470 = DIRECTION ( 'NONE',  ( 0.0000000000000000000, 0.0000000000000000000, 1.000000000000000000 ) ) ;
#1471 = EDGE_LOOP ( 'NONE', ( #958, #460, #1886, #2111 ) ) ;
#1472 = FILL_AREA_STYLE ('',( #221 ) ) ;
#1473 = ORIENTED_EDGE ( 'NONE', *, *, #1759, .T. ) ;
#1474 = VECTOR ( 'NONE', #1580, 1000.000000000000000 ) ;
#1475 = PLANE ( 'NONE',  #2108 ) ;
#1476 = ORIENTED_EDGE ( 'NONE', *, *, #1741, .T. ) ;
#1477 = AXIS2_PLACEMENT_3D ( 'NONE', #2065, #1885, #859 ) ;
#1478 = FILL_AREA_STYLE ('',( #597 ) ) ;
#1479 = ORIENTED_EDGE ( 'NONE', *, *, #1877, .F. ) ;
#1480 = AXIS2_PLACEMENT_3D ( 'NONE', #1632, #2217, #2008 ) ;
#1481 = CARTESIAN_POINT ( 'NONE',  ( -19.00000000000000000, -0.4000000000000001887, 2.750000000000003553 ) ) ;
#1482 = CARTESIAN_POINT ( 'NONE',  ( 24.99999999999999289, 5.000000000000000000, 4.999999999999997335 ) ) ;
#1483 = STYLED_ITEM ( 'NONE', ( #786 ), #1353 ) ;
#1484 = ORIENTED_EDGE ( 'NONE', *, *, #2297, .F. ) ;
#1485 = VECTOR ( 'NONE', #1591, 1000.000000000000000 ) ;
#1486 = DIRECTION ( 'NONE',  ( 0.6785983445458466656, -0.6785983445458465546, -0.2810846377148221165 ) ) ;
#1487 = LINE ( 'NONE', #591, #1005 ) ;
#1488 = EDGE_CURVE ( 'NONE', #1436, #213, #1230, .T. ) ;
#1489 = VERTEX_POINT ( 'NONE', #1739 ) ;
#1490 = DIRECTION ( 'NONE',  ( 1.000000000000000000, 2.904422734064023902E-16, 1.479114197289397573E-31 ) ) ;
#1491 = CARTESIAN_POINT ( 'NONE',  ( -11.49999999999999822, 5.500000000000000000, 3.499999999999996003 ) ) ;
#1492 = ORIENTED_EDGE ( 'NONE', *, *, #327, .T. ) ;
#1493 = EDGE_CURVE ( 'NONE', #1489, #586, #152, .T. ) ;
#1494 = CARTESIAN_POINT ( 'NONE',  ( -12.50000000000000000, -4.500000000000000888, 3.999999999999998224 ) ) ;
#1495 = ORIENTED_EDGE ( 'NONE', *, *, #82, .F. ) ;
#1496 = ADVANCED_FACE ( 'NONE', ( #110, #1414 ), #2164, .F. ) ;
#1497 = CARTESIAN_POINT ( 'NONE',  ( -15.99999999999999645, -0.001000000000000132727, -10.75000000000002487 ) ) ;
#1498 = LINE ( 'NONE', #61, #1298 ) ;
#1499 = FACE_OUTER_BOUND ( 'NONE', #1699, .T. ) ;
#1500 = ORIENTED_EDGE ( 'NONE', *, *, #792, .T. ) ;
#1501 = FACE_OUTER_BOUND ( 'NONE', #210, .T. ) ;
#1502 = DIRECTION ( 'NONE',  ( 0.0000000000000000000, 0.0000000000000000000, -1.000000000000000000 ) ) ;
#1503 = CARTESIAN_POINT ( 'NONE',  ( -12.69999999999999751, -5.000000000000000000, -4.200000000000001066 ) ) ;
#1504 = ORIENTED_EDGE ( 'NONE', *, *, #561, .T. ) ;
#1505 = DIRECTION ( 'NONE',  ( -0.0000000000000000000, 1.000000000000000000, -0.0000000000000000000 ) ) ;
#1506 = ORIENTED_EDGE ( 'NONE', *, *, #2326, .F. ) ;
#1507 = DIRECTION ( 'NONE',  ( 0.7071067811865475727, -0.7071067811865475727, 0.0000000000000000000 ) ) ;
#1508 = EDGE_CURVE ( 'NONE', #1761, #1806, #293, .T. ) ;
#1509 = DIRECTION ( 'NONE',  ( -0.0000000000000000000, -1.000000000000000000, -0.0000000000000000000 ) ) ;
#1510 = ORIENTED_EDGE ( 'NONE', *, *, #616, .T. ) ;
#1511 = FILL_AREA_STYLE ('',( #2083 ) ) ;
#1512 = CARTESIAN_POINT ( 'NONE',  ( 23.99999999999999289, 4.500000000000000000, 5.999999999999996447 ) ) ;
#1513 = CARTESIAN_POINT ( 'NONE',  ( -15.99999999999999289, 2.000000000000000000, 10.75000000000002842 ) ) ;
#1514 = ORIENTED_EDGE ( 'NONE', *, *, #1683, .F. ) ;
#1515 = CARTESIAN_POINT ( 'NONE',  ( 24.49999999999999289, 5.000000000000000000, 0.0000000000000000000 ) ) ;
#1516 = ORIENTED_EDGE ( 'NONE', *, *, #1208, .F. ) ;
#1517 = LINE ( 'NONE', #1143, #502 ) ;
#1518 = ORIENTED_EDGE ( 'NONE', *, *, #1895, .F. ) ;
#1519 = CARTESIAN_POINT ( 'NONE',  ( 11.50000000000000178, 5.000000000000000000, -3.000000000000004441 ) ) ;
#1520 = DIRECTION ( 'NONE',  ( 0.0000000000000000000, 0.0000000000000000000, 1.000000000000000000 ) ) ;
#1521 = ORIENTED_EDGE ( 'NONE', *, *, #52, .T. ) ;
#1522 = DIRECTION ( 'NONE',  ( -0.7071067811865489050, 0.0000000000000000000, -0.7071067811865462405 ) ) ;
#1523 = DIRECTION ( 'NONE',  ( 0.0000000000000000000, 0.0000000000000000000, 1.000000000000000000 ) ) ;
#1524 = LINE ( 'NONE', #2257, #705 ) ;
#1525 = VECTOR ( 'NONE', #1900, 999.9999999999998863 ) ;
#1526 = VECTOR ( 'NONE', #142, 1000.000000000000000 ) ;
#1527 = AXIS2_PLACEMENT_3D ( 'NONE', #136, #353, #1975 ) ;
#1528 = EDGE_CURVE ( 'NONE', #918, #314, #1785, .T. ) ;
#1529 = SHAPE_DEFINITION_REPRESENTATION ( #2367, #1196 ) ;
#1530 = VERTEX_POINT ( 'NONE', #1606 ) ;
#1531 = VECTOR ( 'NONE', #651, 1000.000000000000000 ) ;
#1532 = ORIENTED_EDGE ( 'NONE', *, *, #1615, .F. ) ;
#1533 = CARTESIAN_POINT ( 'NONE',  ( -23.00000000000000000, 0.0000000000000000000, -8.000000000000008882 ) ) ;
#1534 = FACE_OUTER_BOUND ( 'NONE', #1027, .T. ) ;
#1535 = ORIENTED_EDGE ( 'NONE', *, *, #451, .T. ) ;
#1536 = CARTESIAN_POINT ( 'NONE',  ( -23.79289321881346453, 5.000000000000000000, -5.499999999999998224 ) ) ;
#1537 = PRODUCT_RELATED_PRODUCT_CATEGORY ( 'part', '', ( #716 ) ) ;
#1538 = CARTESIAN_POINT ( 'NONE',  ( 1.000000000000000000, 2.999999999999996447, -14.00000000000000000 ) ) ;
#1539 = DIRECTION ( 'NONE',  ( 1.000000000000000000, -0.0000000000000000000, 0.0000000000000000000 ) ) ;
#1540 = ADVANCED_FACE ( 'NONE', ( #2313 ), #2360, .F. ) ;
#1541 = SURFACE_SIDE_STYLE ('',( #287 ) ) ;
#1542 = ORIENTED_EDGE ( 'NONE', *, *, #1686, .F. ) ;
#1543 = CYLINDRICAL_SURFACE ( 'NONE', #231, 0.5000000000000004441 ) ;
#1544 = ORIENTED_EDGE ( 'NONE', *, *, #2020, .T. ) ;
#1545 = PRESENTATION_STYLE_ASSIGNMENT (( #2311 ) ) ;
#1546 = DIRECTION ( 'NONE',  ( 0.7071067811865489050, -0.0000000000000000000, 0.7071067811865462405 ) ) ;
#1547 = CYLINDRICAL_SURFACE ( 'NONE', #1527, 1.000000000000000000 ) ;
#1548 = CARTESIAN_POINT ( 'NONE',  ( 3.000000000000031530, 11.99999999999999289, -13.99999999999999645 ) ) ;
#1549 = EDGE_CURVE ( 'NONE', #1854, #1088, #2126, .T. ) ;
#1550 = DIRECTION ( 'NONE',  ( 0.0000000000000000000, 1.000000000000000000, -0.0000000000000000000 ) ) ;
#1551 = ORIENTED_EDGE ( 'NONE', *, *, #1090, .T. ) ;
#1552 = CARTESIAN_POINT ( 'NONE',  ( -19.00000000000000000, 5.000000000000000000, 4.774380084543173877E-15 ) ) ;
#1553 = PLANE ( 'NONE',  #1077 ) ;
#1554 = AXIS2_PLACEMENT_3D ( 'NONE', #107, #613, #807 ) ;
#1555 = VERTEX_POINT ( 'NONE', #106 ) ;
#1556 = SURFACE_STYLE_FILL_AREA ( #1511 ) ;
#1557 = CARTESIAN_POINT ( 'NONE',  ( 1.000000000000031752, 12.00000000000000000, 14.00000000000000000 ) ) ;
#1558 = ORIENTED_EDGE ( 'NONE', *, *, #1508, .T. ) ;
#1559 = DIRECTION ( 'NONE',  ( -0.0000000000000000000, -1.000000000000000000, -0.0000000000000000000 ) ) ;
#1560 = AXIS2_PLACEMENT_3D ( 'NONE', #1635, #2369, #1249 ) ;
#1561 = STYLED_ITEM ( 'NONE', ( #2090 ), #735 ) ;
#1562 = EDGE_CURVE ( 'NONE', #1735, #1921, #923, .T. ) ;
#1563 = SURFACE_STYLE_USAGE ( .BOTH. , #1541 ) ;
#1564 = AXIS2_PLACEMENT_3D ( 'NONE', #1801, #2204, #744 ) ;
#1565 = SURFACE_STYLE_FILL_AREA ( #1845 ) ;
#1566 = CIRCLE ( 'NONE', #188, 2.749999999999999112 ) ;
#1567 = ORIENTED_EDGE ( 'NONE', *, *, #792, .F. ) ;
#1568 = CARTESIAN_POINT ( 'NONE',  ( 2.999999999999989786, -2.125736944951181997E-15, -14.00000000000000000 ) ) ;
#1569 = DIRECTION ( 'NONE',  ( -1.734723475976805615E-16, 0.0000000000000000000, -1.000000000000000000 ) ) ;
#1570 = AXIS2_PLACEMENT_3D ( 'NONE', #1777, #1026, #135 ) ;
#1571 = CARTESIAN_POINT ( 'NONE',  ( -12.69999999999999929, -5.000000000000000000, 4.199999999999999289 ) ) ;
#1572 = EDGE_CURVE ( 'NONE', #791, #942, #1954, .T. ) ;
#1573 = CARTESIAN_POINT ( 'NONE',  ( 24.09999999999999787, -0.4000000000000001887, 4.774380084543173877E-15 ) ) ;
#1574 = ORIENTED_EDGE ( 'NONE', *, *, #1905, .T. ) ;
#1575 = CARTESIAN_POINT ( 'NONE',  ( -12.49999999999999645, -4.500000000000000888, -4.000000000000001776 ) ) ;
#1576 = LINE ( 'NONE', #1083, #1412 ) ;
#1577 = DIRECTION ( 'NONE',  ( 0.0000000000000000000, -1.000000000000000000, 0.0000000000000000000 ) ) ;
#1578 = VERTEX_POINT ( 'NONE', #857 ) ;
#1579 = DIRECTION ( 'NONE',  ( 1.000000000000000000, 0.0000000000000000000, 0.0000000000000000000 ) ) ;
#1580 = DIRECTION ( 'NONE',  ( 1.000000000000000000, 0.0000000000000000000, 0.0000000000000000000 ) ) ;
#1581 = DIRECTION ( 'NONE',  ( -0.0000000000000000000, 1.000000000000000000, -0.0000000000000000000 ) ) ;
#1582 = EDGE_CURVE ( 'NONE', #1578, #455, #1379, .T. ) ;
#1583 = EDGE_CURVE ( 'NONE', #754, #1806, #1763, .T. ) ;
#1584 = DIRECTION ( 'NONE',  ( 0.0000000000000000000, 1.000000000000000000, -0.0000000000000000000 ) ) ;
#1585 = CARTESIAN_POINT ( 'NONE',  ( 19.00000000000000000, 5.000000000000002665, 4.774380084543173877E-15 ) ) ;
#1586 = PLANE ( 'NONE',  #567 ) ;
#1587 = CARTESIAN_POINT ( 'NONE',  ( -5.999999999999985789, -0.001000000000000132727, 10.75000000000003020 ) ) ;
#1588 = CARTESIAN_POINT ( 'NONE',  ( 12.70000000000000284, -4.500000000000000888, 4.199999999999999289 ) ) ;
#1589 = EDGE_LOOP ( 'NONE', ( #1461, #708, #1696, #1308 ) ) ;
#1590 = PRODUCT_DEFINITION_CONTEXT ( 'detailed design', #1280, 'design' ) ;
#1591 = DIRECTION ( 'NONE',  ( 1.000000000000000000, -3.491481338843133355E-15, -0.0000000000000000000 ) ) ;
#1592 = ADVANCED_FACE ( 'NONE', ( #1021 ), #1920, .F. ) ;
#1593 = DIRECTION ( 'NONE',  ( -3.469446951953614189E-15, -1.000000000000000000, 0.0000000000000000000 ) ) ;
#1594 = CARTESIAN_POINT ( 'NONE',  ( -25.00000000000000711, -5.000000000000000000, -4.999999999999999112 ) ) ;
#1595 = VECTOR ( 'NONE', #785, 1000.000000000000000 ) ;
#1596 = EDGE_CURVE ( 'NONE', #441, #102, #2133, .T. ) ;
#1597 = DIRECTION ( 'NONE',  ( 0.7071067811865482389, 0.0000000000000000000, 0.7071067811865469066 ) ) ;
#1598 = AXIS2_PLACEMENT_3D ( 'NONE', #585, #1727, #1520 ) ;
#1599 = LINE ( 'NONE', #2354, #1634 ) ;
#1600 = VECTOR ( 'NONE', #2271, 1000.000000000000000 ) ;
#1601 = VERTEX_POINT ( 'NONE', #1736 ) ;
#1602 = SURFACE_STYLE_FILL_AREA ( #1400 ) ;
#1603 = AXIS2_PLACEMENT_3D ( 'NONE', #1254, #196, #205 ) ;
#1604 = VECTOR ( 'NONE', #1286, 1000.000000000000000 ) ;
#1605 = AXIS2_PLACEMENT_3D ( 'NONE', #438, #1008, #1171 ) ;
#1606 = CARTESIAN_POINT ( 'NONE',  ( 24.49999999999999289, 5.000000000000000000, 4.792893218813451206 ) ) ;
#1607 = STYLED_ITEM ( 'NONE', ( #2015 ), #1881 ) ;
#1608 = CARTESIAN_POINT ( 'NONE',  ( -5.999999999999985789, 2.000000000000000000, 8.000000000000014211 ) ) ;
#1609 = ADVANCED_FACE ( 'NONE', ( #1058 ), #1045, .F. ) ;
#1610 = CARTESIAN_POINT ( 'NONE',  ( 12.70000000000000284, -4.500000000000000888, -4.199999999999980638 ) ) ;
#1611 = CARTESIAN_POINT ( 'NONE',  ( -25.00000000000000711, 5.000000000000000000, 5.000000000000004441 ) ) ;
#1612 = CARTESIAN_POINT ( 'NONE',  ( -11.99999999999999822, 5.500000000000000000, -3.000000000000004441 ) ) ;
#1613 = VERTEX_POINT ( 'NONE', #685 ) ;
#1614 = DIRECTION ( 'NONE',  ( 0.0000000000000000000, 0.0000000000000000000, 1.000000000000000000 ) ) ;
#1615 = EDGE_CURVE ( 'NONE', #64, #2001, #1390, .T. ) ;
#1616 = DIRECTION ( 'NONE',  ( -0.0000000000000000000, -1.000000000000000000, -0.0000000000000000000 ) ) ;
#1617 = CARTESIAN_POINT ( 'NONE',  ( -5.999999999999985789, 2.000000000000000000, 10.75000000000003020 ) ) ;
#1618 = LINE ( 'NONE', #354, #731 ) ;
#1619 = CARTESIAN_POINT ( 'NONE',  ( -15.99999999999999289, -0.001000000000000132727, -5.249999999999999112 ) ) ;
#1620 = DIRECTION ( 'NONE',  ( 0.0000000000000000000, 0.0000000000000000000, -1.000000000000000000 ) ) ;
#1621 = EDGE_CURVE ( 'NONE', #599, #549, #98, .T. ) ;
#1622 = EDGE_LOOP ( 'NONE', ( #898, #2314, #1685, #1804 ) ) ;
#1623 = CARTESIAN_POINT ( 'NONE',  ( -14.64644660940668786, 5.000000000000000000, 14.64644660940674115 ) ) ;
#1624 = CARTESIAN_POINT ( 'NONE',  ( -12.49999999999999645, -4.500000000000000888, -4.000000000000001776 ) ) ;
#1625 = EDGE_LOOP ( 'NONE', ( #1454, #208, #1833, #846 ) ) ;
#1626 = EDGE_CURVE ( 'NONE', #774, #2127, #2308, .T. ) ;
#1627 = CARTESIAN_POINT ( 'NONE',  ( -11.49999999999999822, 5.000000000000000000, -3.500000000000004441 ) ) ;
#1628 = DIRECTION ( 'NONE',  ( 0.0000000000000000000, 0.0000000000000000000, 1.000000000000000000 ) ) ;
#1629 = PLANE ( 'NONE',  #1564 ) ;
#1630 = ORIENTED_EDGE ( 'NONE', *, *, #1572, .F. ) ;
#1631 = FILL_AREA_STYLE_COLOUR ( '', #2155 ) ;
#1632 = CARTESIAN_POINT ( 'NONE',  ( 0.0000000000000000000, 3.000000000000000000, -14.00000000000000000 ) ) ;
#1633 = CIRCLE ( 'NONE', #26, 0.5000000000000004441 ) ;
#1634 = VECTOR ( 'NONE', #1419, 1000.000000000000000 ) ;
#1635 = CARTESIAN_POINT ( 'NONE',  ( -12.69999999999999751, -4.500000000000000888, -4.200000000000001066 ) ) ;
#1636 = AXIS2_PLACEMENT_3D ( 'NONE', #180, #1628, #8 ) ;
#1637 = ORIENTED_EDGE ( 'NONE', *, *, #1467, .T. ) ;
#1638 = CARTESIAN_POINT ( 'NONE',  ( -15.99999999999999645, -0.001000000000000132727, -10.75000000000002487 ) ) ;
#1639 = AXIS2_PLACEMENT_3D ( 'NONE', #574, #405, #1139 ) ;
#1640 = EDGE_CURVE ( 'NONE', #1921, #2139, #120, .T. ) ;
#1641 = DIRECTION ( 'NONE',  ( 0.0000000000000000000, -1.000000000000000000, -0.0000000000000000000 ) ) ;
#1642 = VERTEX_POINT ( 'NONE', #1746 ) ;
#1643 = ORIENTED_EDGE ( 'NONE', *, *, #1990, .T. ) ;
#1644 = LINE ( 'NONE', #906, #2349 ) ;
#1645 = EDGE_CURVE ( 'NONE', #1662, #1854, #1399, .T. ) ;
#1646 = EDGE_LOOP ( 'NONE', ( #1044, #2045 ) ) ;
#1647 = FACE_OUTER_BOUND ( 'NONE', #2004, .T. ) ;
#1648 = ADVANCED_FACE ( 'NONE', ( #499, #1225, #68 ), #2291, .F. ) ;
#1649 = ORIENTED_EDGE ( 'NONE', *, *, #164, .T. ) ;
#1650 = DIRECTION ( 'NONE',  ( 1.000000000000000000, -3.469446951953614189E-15, 0.0000000000000000000 ) ) ;
#1651 = ORIENTED_EDGE ( 'NONE', *, *, #654, .F. ) ;
#1652 = EDGE_LOOP ( 'NONE', ( #948, #1919, #1034, #569 ) ) ;
#1653 =( LENGTH_UNIT ( ) NAMED_UNIT ( * ) SI_UNIT ( .MILLI., .METRE. ) );
#1654 = PLANE ( 'NONE',  #2064 ) ;
#1655 = PLANE ( 'NONE',  #1560 ) ;
#1656 = EDGE_LOOP ( 'NONE', ( #1023, #1934, #2293, #1099 ) ) ;
#1657 = ORIENTED_EDGE ( 'NONE', *, *, #258, .F. ) ;
#1658 = CARTESIAN_POINT ( 'NONE',  ( -17.00000000000000711, 2.000000000000000000, -14.00000000000000000 ) ) ;
#1659 = EDGE_CURVE ( 'NONE', #1994, #1642, #832, .T. ) ;
#1660 = ORIENTED_EDGE ( 'NONE', *, *, #985, .T. ) ;
#1661 = DIRECTION ( 'NONE',  ( 0.0000000000000000000, 0.0000000000000000000, 1.000000000000000000 ) ) ;
#1662 = VERTEX_POINT ( 'NONE', #1356 ) ;
#1663 = AXIS2_PLACEMENT_3D ( 'NONE', #430, #1350, #1523 ) ;
#1664 = CARTESIAN_POINT ( 'NONE',  ( 19.00000000000000000, 5.000000000000002665, 5.100000000000002309 ) ) ;
#1665 = ADVANCED_FACE ( 'NONE', ( #608 ), #1713, .F. ) ;
#1666 = ORIENTED_EDGE ( 'NONE', *, *, #361, .F. ) ;
#1667 = DIRECTION ( 'NONE',  ( -0.0000000000000000000, 1.000000000000000000, -0.0000000000000000000 ) ) ;
#1668 = ORIENTED_EDGE ( 'NONE', *, *, #914, .T. ) ;
#1669 = VECTOR ( 'NONE', #297, 1000.000000000000000 ) ;
#1670 = CARTESIAN_POINT ( 'NONE',  ( 12.00000000000000178, 5.500000000000000000, 2.999999999999995559 ) ) ;
#1671 = CARTESIAN_POINT ( 'NONE',  ( 19.00000000000000000, -5.000000000000000000, 4.774380084543173877E-15 ) ) ;
#1672 = VECTOR ( 'NONE', #1217, 999.9999999999998863 ) ;
#1673 = AXIS2_PLACEMENT_3D ( 'NONE', #997, #88, #2124 ) ;
#1674 = CARTESIAN_POINT ( 'NONE',  ( 11.50000000000000178, 5.000000000000000000, 2.999999999999995559 ) ) ;
#1675 = ORIENTED_EDGE ( 'NONE', *, *, #2156, .T. ) ;
#1676 = EDGE_CURVE ( 'NONE', #203, #549, #804, .T. ) ;
#1677 =( GEOMETRIC_REPRESENTATION_CONTEXT ( 3 ) GLOBAL_UNCERTAINTY_ASSIGNED_CONTEXT ( ( #1234 ) ) GLOBAL_UNIT_ASSIGNED_CONTEXT ( ( #269, #1884, #2249 ) ) REPRESENTATION_CONTEXT ( 'NONE', 'WORKASPACE' ) );
#1678 = CARTESIAN_POINT ( 'NONE',  ( 11.50000000000000178, 5.500000000000000000, -3.500000000000003997 ) ) ;
#1679 = CIRCLE ( 'NONE', #1639, 0.5000000000000000000 ) ;
#1680 = ORIENTED_EDGE ( 'NONE', *, *, #171, .T. ) ;
#1681 =( NAMED_UNIT ( * ) PLANE_ANGLE_UNIT ( ) SI_UNIT ( $, .RADIAN. ) );
#1682 = ORIENTED_EDGE ( 'NONE', *, *, #1493, .T. ) ;
#1683 = EDGE_CURVE ( 'NONE', #984, #661, #1179, .T. ) ;
#1684 = DIRECTION ( 'NONE',  ( 1.000000000000000000, 0.0000000000000000000, 0.0000000000000000000 ) ) ;
#1685 = ORIENTED_EDGE ( 'NONE', *, *, #462, .T. ) ;
#1686 = EDGE_CURVE ( 'NONE', #2385, #619, #1796, .T. ) ;
#1687 = LINE ( 'NONE', #1494, #2229 ) ;
#1688 = ORIENTED_EDGE ( 'NONE', *, *, #598, .F. ) ;
#1689 = CARTESIAN_POINT ( 'NONE',  ( -5.999999999999987566, 0.0000000000000000000, 10.75000000000003020 ) ) ;
#1690 = DIRECTION ( 'NONE',  ( -0.0000000000000000000, 1.000000000000000000, -0.0000000000000000000 ) ) ;
#1691 = CARTESIAN_POINT ( 'NONE',  ( 23.99999999999999289, 4.500000000000000000, -6.000000000000003553 ) ) ;
#1692 = CARTESIAN_POINT ( 'NONE',  ( -19.00000000000000000, -5.000000000000000000, 4.774380084543173877E-15 ) ) ;
#1693 = VERTEX_POINT ( 'NONE', #1533 ) ;
#1694 = CARTESIAN_POINT ( 'NONE',  ( -15.99999999999999289, 0.0000000000000000000, -8.000000000000008882 ) ) ;
#1695 = SHAPE_REPRESENTATION_RELATIONSHIP ( 'NONE' , 'NONE' ,  #363, #683 ) ;
#1696 = ORIENTED_EDGE ( 'NONE', *, *, #1788, .F. ) ;
#1697 = EDGE_CURVE ( 'NONE', #203, #2365, #349, .T. ) ;
#1698 = CARTESIAN_POINT ( 'NONE',  ( -23.00000000000000000, 2.000000000000000000, -14.00000000000000000 ) ) ;
#1699 = EDGE_LOOP ( 'NONE', ( #1965, #696, #579, #1903 ) ) ;
#1700 = CARTESIAN_POINT ( 'NONE',  ( -24.50000000000000711, 5.000000000000000000, 0.0000000000000000000 ) ) ;
#1701 = CARTESIAN_POINT ( 'NONE',  ( -15.99999999999999289, -0.001000000000000132727, 5.250000000000002665 ) ) ;
#1702 = ADVANCED_FACE ( 'NONE', ( #635 ), #1543, .T. ) ;
#1703 = EDGE_LOOP ( 'NONE', ( #450, #1160, #650, #903 ) ) ;
#1704 = LINE ( 'NONE', #478, #1377 ) ;
#1705 = CARTESIAN_POINT ( 'NONE',  ( -19.00000000000000000, 5.000000000000002665, 4.774380084543173877E-15 ) ) ;
#1706 = CARTESIAN_POINT ( 'NONE',  ( -15.99999999999999645, 2.000000000000000000, -10.75000000000002487 ) ) ;
#1707 = ADVANCED_FACE ( 'NONE', ( #968 ), #795, .F. ) ;
#1708 = DIRECTION ( 'NONE',  ( 0.0000000000000000000, 0.0000000000000000000, -1.000000000000000000 ) ) ;
#1709 = DIRECTION ( 'NONE',  ( 0.0000000000000000000, 0.0000000000000000000, 1.000000000000000000 ) ) ;
#1710 = EDGE_LOOP ( 'NONE', ( #434, #99, #1896, #1282, #2288, #1544, #1995, #2273 ) ) ;
#1711 = ORIENTED_EDGE ( 'NONE', *, *, #2169, .T. ) ;
#1712 = EDGE_CURVE ( 'NONE', #1067, #516, #117, .T. ) ;
#1713 = PLANE ( 'NONE',  #893 ) ;
#1714 = PLANE ( 'NONE',  #2381 ) ;
#1715 = ORIENTED_EDGE ( 'NONE', *, *, #1786, .T. ) ;
#1716 = CARTESIAN_POINT ( 'NONE',  ( -15.99999999999999289, 0.0000000000000000000, 10.75000000000002842 ) ) ;
#1717 = CIRCLE ( 'NONE', #1293, 0.5000000000000004441 ) ;
#1718 = FILL_AREA_STYLE ('',( #403 ) ) ;
#1719 = MECHANICAL_DESIGN_GEOMETRIC_PRESENTATION_REPRESENTATION (  '', ( #1561 ), #421 ) ;
#1720 = UNCERTAINTY_MEASURE_WITH_UNIT (LENGTH_MEASURE( 1.000000000000000082E-05 ), #2026, 'distance_accuracy_value', 'NONE');
#1721 = DIRECTION ( 'NONE',  ( 0.0000000000000000000, 0.0000000000000000000, -1.000000000000000000 ) ) ;
#1722 = AXIS2_PLACEMENT_3D ( 'NONE', #902, #1268, #530 ) ;
#1723 = VECTOR ( 'NONE', #233, 1000.000000000000000 ) ;
#1724 = CONTEXT_DEPENDENT_SHAPE_REPRESENTATION ( #32, #362 ) ;
#1725 = VECTOR ( 'NONE', #1708, 1000.000000000000000 ) ;
#1726 = ORIENTED_EDGE ( 'NONE', *, *, #1799, .F. ) ;
#1727 = DIRECTION ( 'NONE',  ( -0.0000000000000000000, 1.000000000000000000, -0.0000000000000000000 ) ) ;
#1728 = FACE_OUTER_BOUND ( 'NONE', #1163, .T. ) ;
#1729 = DIRECTION ( 'NONE',  ( -0.0000000000000000000, -1.000000000000000000, -0.0000000000000000000 ) ) ;
#1730 = ADVANCED_FACE ( 'NONE', ( #1960 ), #495, .F. ) ;
#1731 = FACE_OUTER_BOUND ( 'NONE', #2091, .T. ) ;
#1732 = UNCERTAINTY_MEASURE_WITH_UNIT (LENGTH_MEASURE( 1.000000000000000082E-05 ), #1324, 'distance_accuracy_value', 'NONE');
#1733 = CARTESIAN_POINT ( 'NONE',  ( -5.999999999999987566, 0.0000000000000000000, -5.249999999999999112 ) ) ;
#1734 = ADVANCED_FACE ( 'NONE', ( #1970 ), #1244, .F. ) ;
#1735 = VERTEX_POINT ( 'NONE', #1040 ) ;
#1736 = CARTESIAN_POINT ( 'NONE',  ( 12.50000000000000355, -5.000000000000000000, 4.000000000000001776 ) ) ;
#1737 = ORIENTED_EDGE ( 'NONE', *, *, #1895, .T. ) ;
#1738 = DIRECTION ( 'NONE',  ( 1.000000000000000000, 0.0000000000000000000, 0.0000000000000000000 ) ) ;
#1739 = CARTESIAN_POINT ( 'NONE',  ( 19.00000000000000000, -0.4000000000000001887, 5.100000000000002309 ) ) ;
#1740 = ORIENTED_EDGE ( 'NONE', *, *, #1853, .T. ) ;
#1741 = EDGE_CURVE ( 'NONE', #1389, #661, #482, .T. ) ;
#1742 = EDGE_CURVE ( 'NONE', #174, #291, #1781, .T. ) ;
#1743 = ADVANCED_FACE ( 'NONE', ( #868 ), #138, .F. ) ;
#1744 = FACE_OUTER_BOUND ( 'NONE', #934, .T. ) ;
#1745 = ORIENTED_EDGE ( 'NONE', *, *, #1813, .F. ) ;
#1746 = CARTESIAN_POINT ( 'NONE',  ( -25.00000000000000711, 4.500000000000000000, -4.999999999999999112 ) ) ;
#1747 = CARTESIAN_POINT ( 'NONE',  ( 2.999999999999989786, -6.982962677686242256E-15, 14.00000000000000000 ) ) ;
#1748 = VECTOR ( 'NONE', #1297, 1000.000000000000000 ) ;
#1749 = VERTEX_POINT ( 'NONE', #2130 ) ;
#1750 = DIRECTION ( 'NONE',  ( -0.0000000000000000000, 1.000000000000000000, -0.0000000000000000000 ) ) ;
#1751 = VECTOR ( 'NONE', #2095, 1000.000000000000000 ) ;
#1752 = ORIENTED_EDGE ( 'NONE', *, *, #1283, .T. ) ;
#1753 = PRESENTATION_STYLE_ASSIGNMENT (( #681 ) ) ;
#1754 = CIRCLE ( 'NONE', #2275, 2.750000000000012879 ) ;
#1755 = MECHANICAL_DESIGN_GEOMETRIC_PRESENTATION_REPRESENTATION (  '', ( #1483 ), #73 ) ;
#1756 = CARTESIAN_POINT ( 'NONE',  ( -15.99999999999999289, 2.000000000000000000, -5.249999999999999112 ) ) ;
#1757 = DIRECTION ( 'NONE',  ( 1.000000000000000000, 0.0000000000000000000, -0.0000000000000000000 ) ) ;
#1758 = VECTOR ( 'NONE', #1949, 1000.000000000000000 ) ;
#1759 = EDGE_CURVE ( 'NONE', #803, #1452, #529, .T. ) ;
#1760 = COLOUR_RGB ( '',0.5999999999999999778, 0.5999999999999999778, 0.5999999999999999778 ) ;
#1761 = VERTEX_POINT ( 'NONE', #682 ) ;
#1762 = ADVANCED_FACE ( 'NONE', ( #1977 ), #2167, .F. ) ;
#1763 = LINE ( 'NONE', #1568, #1158 ) ;
#1764 = CARTESIAN_POINT ( 'NONE',  ( 19.00000000000000000, 5.000000000000000000, 4.774380084543173877E-15 ) ) ;
#1765 = PRESENTATION_LAYER_ASSIGNMENT (  '', '', ( #1607 ) ) ;
#1766 = CARTESIAN_POINT ( 'NONE',  ( -17.00000000000000711, 0.0000000000000000000, -8.000000000000008882 ) ) ;
#1767 = LINE ( 'NONE', #900, #1050 ) ;
#1768 = SURFACE_STYLE_FILL_AREA ( #2166 ) ;
#1769 = DIRECTION ( 'NONE',  ( 0.6785983445458472207, 0.6785983445458472207, 0.2810846377148189523 ) ) ;
#1770 = DIRECTION ( 'NONE',  ( 0.0000000000000000000, 0.0000000000000000000, -1.000000000000000000 ) ) ;
#1771 = ORIENTED_EDGE ( 'NONE', *, *, #462, .F. ) ;
#1772 = DIRECTION ( 'NONE',  ( 1.084202172485504434E-16, -0.0000000000000000000, 1.000000000000000000 ) ) ;
#1773 = PRESENTATION_STYLE_ASSIGNMENT (( #1059 ) ) ;
#1774 = EDGE_CURVE ( 'NONE', #991, #298, #1576, .T. ) ;
#1775 = FACE_OUTER_BOUND ( 'NONE', #1849, .T. ) ;
#1776 = EDGE_LOOP ( 'NONE', ( #1841, #632, #394, #1997 ) ) ;
#1777 = CARTESIAN_POINT ( 'NONE',  ( -5.999999999999985789, 0.0000000000000000000, 8.000000000000014211 ) ) ;
#1778 = EDGE_CURVE ( 'NONE', #666, #1880, #1418, .T. ) ;
#1779 = CARTESIAN_POINT ( 'NONE',  ( 11.50000000000000178, 5.500000000000000000, 3.499999999999996003 ) ) ;
#1780 = CARTESIAN_POINT ( 'NONE',  ( -24.50000000000000711, 5.000000000000000000, 4.792893218813457423 ) ) ;
#1781 = LINE ( 'NONE', #895, #1443 ) ;
#1782 = DIRECTION ( 'NONE',  ( -0.7071067811865482389, 0.0000000000000000000, -0.7071067811865469066 ) ) ;
#1783 = ORIENTED_EDGE ( 'NONE', *, *, #310, .F. ) ;
#1784 = EDGE_CURVE ( 'NONE', #1642, #15, #159, .T. ) ;
#1785 = LINE ( 'NONE', #1241, #1526 ) ;
#1786 = EDGE_CURVE ( 'NONE', #259, #647, #2070, .T. ) ;
#1787 = CIRCLE ( 'NONE', #653, 2.749999999999999112 ) ;
#1788 = EDGE_CURVE ( 'NONE', #1104, #1452, #204, .T. ) ;
#1789 = CIRCLE ( 'NONE', #2346, 2.750000000000015543 ) ;
#1790 = LINE ( 'NONE', #897, #182 ) ;
#1791 = VERTEX_POINT ( 'NONE', #2042 ) ;
#1792 = VECTOR ( 'NONE', #1898, 1000.000000000000114 ) ;
#1793 = MECHANICAL_DESIGN_GEOMETRIC_PRESENTATION_REPRESENTATION (  '', ( #625 ), #2317 ) ;
#1794 = VECTOR ( 'NONE', #306, 1000.000000000000000 ) ;
#1795 = ORIENTED_EDGE ( 'NONE', *, *, #762, .F. ) ;
#1796 = CIRCLE ( 'NONE', #1605, 0.5000000000000004441 ) ;
#1797 = DIRECTION ( 'NONE',  ( -3.469446951953614189E-15, -1.000000000000000000, 0.0000000000000000000 ) ) ;
#1798 = SURFACE_SIDE_STYLE ('',( #1243 ) ) ;
#1799 = EDGE_CURVE ( 'NONE', #549, #2006, #308, .T. ) ;
#1800 = DIRECTION ( 'NONE',  ( 0.2810846377148183972, 0.6785983445458473318, 0.6785983445458473318 ) ) ;
#1801 = CARTESIAN_POINT ( 'NONE',  ( 24.49999999999999289, 5.000000000000000000, 0.0000000000000000000 ) ) ;
#1802 = ORIENTED_EDGE ( 'NONE', *, *, #402, .T. ) ;
#1803 =( NAMED_UNIT ( * ) SI_UNIT ( $, .STERADIAN. ) SOLID_ANGLE_UNIT ( ) );
#1804 = ORIENTED_EDGE ( 'NONE', *, *, #56, .F. ) ;
#1805 = DIRECTION ( 'NONE',  ( 0.0000000000000000000, 1.000000000000000000, 0.0000000000000000000 ) ) ;
#1806 = VERTEX_POINT ( 'NONE', #169 ) ;
#1807 = DIRECTION ( 'NONE',  ( 0.0000000000000000000, 0.0000000000000000000, -1.000000000000000000 ) ) ;
#1808 = SURFACE_SIDE_STYLE ('',( #1565 ) ) ;
#1809 = FACE_OUTER_BOUND ( 'NONE', #283, .T. ) ;
#1810 = ORIENTED_EDGE ( 'NONE', *, *, #1508, .F. ) ;
#1811 = CARTESIAN_POINT ( 'NONE',  ( -12.49999999999999645, -4.500000000000000888, -4.000000000000001776 ) ) ;
#1812 = ORIENTED_EDGE ( 'NONE', *, *, #1469, .T. ) ;
#1813 = EDGE_CURVE ( 'NONE', #1291, #1761, #2030, .T. ) ;
#1814 = ORIENTED_EDGE ( 'NONE', *, *, #2395, .T. ) ;
#1815 = CARTESIAN_POINT ( 'NONE',  ( -19.00000000000000000, -0.4000000000000001887, -2.749999999999994227 ) ) ;
#1816 = EDGE_LOOP ( 'NONE', ( #1516, #1314, #1464, #285 ) ) ;
#1817 = CARTESIAN_POINT ( 'NONE',  ( 19.00000000000000000, 5.000000000000000000, 5.100000000000002309 ) ) ;
#1818 = AXIS2_PLACEMENT_3D ( 'NONE', #987, #1569, #858 ) ;
#1819 = PLANE ( 'NONE',  #2162 ) ;
#1820 = UNCERTAINTY_MEASURE_WITH_UNIT (LENGTH_MEASURE( 1.000000000000000082E-05 ), #113, 'distance_accuracy_value', 'NONE');
#1821 = VERTEX_POINT ( 'NONE', #1658 ) ;
#1822 = VECTOR ( 'NONE', #1738, 1000.000000000000000 ) ;
#1823 =( NAMED_UNIT ( * ) SI_UNIT ( $, .STERADIAN. ) SOLID_ANGLE_UNIT ( ) );
#1824 = EDGE_LOOP ( 'NONE', ( #1962, #2207, #2182, #767, #2290, #193 ) ) ;
#1825 = ADVANCED_FACE ( 'NONE', ( #1834 ), #1819, .T. ) ;
#1826 = AXIS2_PLACEMENT_3D ( 'NONE', #1154, #251, #1709 ) ;
#1827 = DIRECTION ( 'NONE',  ( 0.0000000000000000000, 0.0000000000000000000, 1.000000000000000000 ) ) ;
#1828 = VECTOR ( 'NONE', #2320, 1000.000000000000000 ) ;
#1829 = AXIS2_PLACEMENT_3D ( 'NONE', #2392, #176, #2174 ) ;
#1830 = ORIENTED_EDGE ( 'NONE', *, *, #1992, .T. ) ;
#1831 = DIRECTION ( 'NONE',  ( 0.0000000000000000000, 0.0000000000000000000, 1.000000000000000000 ) ) ;
#1832 = CARTESIAN_POINT ( 'NONE',  ( 2.999999999999996447, 1.999999999999993117, 14.00000000000000000 ) ) ;
#1833 = ORIENTED_EDGE ( 'NONE', *, *, #1457, .F. ) ;
#1834 = FACE_OUTER_BOUND ( 'NONE', #2235, .T. ) ;
#1835 = ORIENTED_EDGE ( 'NONE', *, *, #417, .T. ) ;
#1836 =( NAMED_UNIT ( * ) SI_UNIT ( $, .STERADIAN. ) SOLID_ANGLE_UNIT ( ) );
#1837 = ORIENTED_EDGE ( 'NONE', *, *, #980, .T. ) ;
#1838 = DIRECTION ( 'NONE',  ( -0.0000000000000000000, 1.000000000000000000, -0.0000000000000000000 ) ) ;
#1839 = VERTEX_POINT ( 'NONE', #770 ) ;
#1840 = CARTESIAN_POINT ( 'NONE',  ( 12.00000000000000178, 5.000000000000000000, 2.999999999999995559 ) ) ;
#1841 = ORIENTED_EDGE ( 'NONE', *, *, #729, .T. ) ;
#1842 = FILL_AREA_STYLE ('',( #16 ) ) ;
#1843 = EDGE_CURVE ( 'NONE', #1288, #996, #1679, .T. ) ;
#1844 = ORIENTED_EDGE ( 'NONE', *, *, #310, .T. ) ;
#1845 = FILL_AREA_STYLE ('',( #1267 ) ) ;
#1846 = ADVANCED_FACE ( 'NONE', ( #590, #1858, #741, #1448 ), #910, .T. ) ;
#1847 = EDGE_LOOP ( 'NONE', ( #53, #926, #637, #565 ) ) ;
#1848 = CARTESIAN_POINT ( 'NONE',  ( 0.0000000000000000000, 0.0000000000000000000, 0.0000000000000000000 ) ) ;
#1849 = EDGE_LOOP ( 'NONE', ( #1173, #1420, #1285, #1246 ) ) ;
#1850 = ORIENTED_EDGE ( 'NONE', *, *, #2129, .T. ) ;
#1851 = FILL_AREA_STYLE ('',( #2274 ) ) ;
#1852 = FACE_OUTER_BOUND ( 'NONE', #1200, .T. ) ;
#1853 = EDGE_CURVE ( 'NONE', #1031, #174, #2073, .T. ) ;
#1854 = VERTEX_POINT ( 'NONE', #935 ) ;
#1855 = DIRECTION ( 'NONE',  ( -0.0000000000000000000, 1.000000000000000000, -0.0000000000000000000 ) ) ;
#1856 =( NAMED_UNIT ( * ) PLANE_ANGLE_UNIT ( ) SI_UNIT ( $, .RADIAN. ) );
#1857 = FACE_OUTER_BOUND ( 'NONE', #2215, .T. ) ;
#1858 = FACE_BOUND ( 'NONE', #350, .T. ) ;
#1859 = DIRECTION ( 'NONE',  ( 1.000000000000000000, 0.0000000000000000000, 6.938893903907227392E-16 ) ) ;
#1860 = VECTOR ( 'NONE', #1935, 1000.000000000000000 ) ;
#1861 = ADVANCED_FACE ( 'NONE', ( #960 ), #924, .T. ) ;
#1862 = ORIENTED_EDGE ( 'NONE', *, *, #1784, .F. ) ;
#1863 = ORIENTED_EDGE ( 'NONE', *, *, #2368, .T. ) ;
#1864 = CARTESIAN_POINT ( 'NONE',  ( -11.49999999999999822, 5.500000000000000000, 2.999999999999995559 ) ) ;
#1865 = VECTOR ( 'NONE', #76, 1000.000000000000000 ) ;
#1866 = CARTESIAN_POINT ( 'NONE',  ( -17.00000000000000355, 2.000000000000000000, 8.000000000000012434 ) ) ;
#1867 = VERTEX_POINT ( 'NONE', #1301 ) ;
#1868 = VECTOR ( 'NONE', #1838, 1000.000000000000000 ) ;
#1869 = CARTESIAN_POINT ( 'NONE',  ( 0.0000000000000000000, 2.000000000000000000, -14.00000000000000000 ) ) ;
#1870 = FACE_OUTER_BOUND ( 'NONE', #2094, .T. ) ;
#1871 = LINE ( 'NONE', #639, #1792 ) ;
#1872 = CIRCLE ( 'NONE', #860, 0.5000000000000000000 ) ;
#1873 = AXIS2_PLACEMENT_3D ( 'NONE', #757, #1309, #1831 ) ;
#1874 = DIRECTION ( 'NONE',  ( -0.0000000000000000000, 1.000000000000000000, -0.0000000000000000000 ) ) ;
#1875 = ORIENTED_EDGE ( 'NONE', *, *, #2395, .F. ) ;
#1876 = AXIS2_PLACEMENT_3D ( 'NONE', #321, #706, #1065 ) ;
#1877 = EDGE_CURVE ( 'NONE', #1288, #43, #2371, .T. ) ;
#1878 = DIRECTION ( 'NONE',  ( 0.6785983445458465546, 0.6785983445458465546, -0.2810846377148224495 ) ) ;
#1879 = DIRECTION ( 'NONE',  ( 0.0000000000000000000, 0.0000000000000000000, 1.000000000000000000 ) ) ;
#1880 = VERTEX_POINT ( 'NONE', #1128 ) ;
#1881 = ADVANCED_FACE ( 'NONE', ( #1279 ), #2203, .F. ) ;
#1882 = DIRECTION ( 'NONE',  ( 0.0000000000000000000, 0.0000000000000000000, 1.000000000000000000 ) ) ;
#1883 = EDGE_LOOP ( 'NONE', ( #447, #162, #1542, #1521 ) ) ;
#1884 =( NAMED_UNIT ( * ) PLANE_ANGLE_UNIT ( ) SI_UNIT ( $, .RADIAN. ) );
#1885 = DIRECTION ( 'NONE',  ( -1.000000000000000000, 3.491481338843133750E-15, 0.0000000000000000000 ) ) ;
#1886 = ORIENTED_EDGE ( 'NONE', *, *, #123, .F. ) ;
#1887 = CARTESIAN_POINT ( 'NONE',  ( -11.49999999999999822, 5.500000000000000000, -3.500000000000003997 ) ) ;
#1888 = DIRECTION ( 'NONE',  ( -3.491481338843133750E-15, -1.000000000000000000, 0.0000000000000000000 ) ) ;
#1889 = DIRECTION ( 'NONE',  ( 0.0000000000000000000, -0.0000000000000000000, 1.000000000000000000 ) ) ;
#1890 = DIRECTION ( 'NONE',  ( 0.0000000000000000000, 0.0000000000000000000, 1.000000000000000000 ) ) ;
#1891 = EDGE_CURVE ( 'NONE', #843, #368, #2390, .T. ) ;
#1892 = VERTEX_POINT ( 'NONE', #62 ) ;
#1893 = CARTESIAN_POINT ( 'NONE',  ( -11.99999999999999822, 5.000000000000000000, -3.000000000000004441 ) ) ;
#1894 = ORIENTED_EDGE ( 'NONE', *, *, #71, .T. ) ;
#1895 = EDGE_CURVE ( 'NONE', #1204, #634, #2296, .T. ) ;
#1896 = ORIENTED_EDGE ( 'NONE', *, *, #1843, .T. ) ;
#1897 = LINE ( 'NONE', #260, #1751 ) ;
#1898 = DIRECTION ( 'NONE',  ( 0.6785983445458472207, -0.6785983445458472207, 0.2810846377148189523 ) ) ;
#1899 = CARTESIAN_POINT ( 'NONE',  ( -5.999999999999985789, -0.001000000000000132727, 8.000000000000014211 ) ) ;
#1900 = DIRECTION ( 'NONE',  ( -0.7071067811865482389, 0.0000000000000000000, 0.7071067811865469066 ) ) ;
#1901 = ADVANCED_FACE ( 'NONE', ( #2097 ), #278, .F. ) ;
#1902 = CARTESIAN_POINT ( 'NONE',  ( 5.963111948670273401E-16, 5.000000000000000000, 5.499999999999999112 ) ) ;
#1903 = ORIENTED_EDGE ( 'NONE', *, *, #616, .F. ) ;
#1904 = DIRECTION ( 'NONE',  ( -1.000000000000000000, 0.0000000000000000000, 0.0000000000000000000 ) ) ;
#1905 = EDGE_CURVE ( 'NONE', #1020, #1131, #311, .T. ) ;
#1906 = CYLINDRICAL_SURFACE ( 'NONE', #1598, 2.749999999999999112 ) ;
#1907 = ORIENTED_EDGE ( 'NONE', *, *, #387, .T. ) ;
#1908 = LINE ( 'NONE', #1922, #1822 ) ;
#1909 = VECTOR ( 'NONE', #1509, 1000.000000000000000 ) ;
#1910 = PLANE ( 'NONE',  #1913 ) ;
#1911 = VECTOR ( 'NONE', #2060, 1000.000000000000000 ) ;
#1912 = ORIENTED_EDGE ( 'NONE', *, *, #1645, .F. ) ;
#1913 = AXIS2_PLACEMENT_3D ( 'NONE', #2254, #431, #1889 ) ;
#1914 = CIRCLE ( 'NONE', #1673, 2.749999999999999112 ) ;
#1915 = DIRECTION ( 'NONE',  ( 0.0000000000000000000, 0.0000000000000000000, 1.000000000000000000 ) ) ;
#1916 = VECTOR ( 'NONE', #1929, 1000.000000000000000 ) ;
#1917 = AXIS2_PLACEMENT_3D ( 'NONE', #264, #829, #1890 ) ;
#1918 = DIRECTION ( 'NONE',  ( -7.666467083416870691E-17, -0.7071067811865475727, -0.7071067811865475727 ) ) ;
#1919 = ORIENTED_EDGE ( 'NONE', *, *, #2180, .T. ) ;
#1920 = CYLINDRICAL_SURFACE ( 'NONE', #704, 2.749999999999999112 ) ;
#1921 = VERTEX_POINT ( 'NONE', #838 ) ;
#1922 = CARTESIAN_POINT ( 'NONE',  ( -23.00000000000000000, 0.0000000000000000000, -14.00000000000000000 ) ) ;
#1923 = DIRECTION ( 'NONE',  ( 0.0000000000000000000, 0.0000000000000000000, -1.000000000000000000 ) ) ;
#1924 = VERTEX_POINT ( 'NONE', #1678 ) ;
#1925 = DIRECTION ( 'NONE',  ( -3.469446951953614189E-15, -1.000000000000000000, 0.0000000000000000000 ) ) ;
#1926 = ADVANCED_FACE ( 'NONE', ( #1501 ), #809, .F. ) ;
#1927 = DIRECTION ( 'NONE',  ( 0.0000000000000000000, 0.0000000000000000000, -1.000000000000000000 ) ) ;
#1928 = ORIENTED_EDGE ( 'NONE', *, *, #258, .T. ) ;
#1929 = DIRECTION ( 'NONE',  ( -0.0000000000000000000, 1.000000000000000000, -0.0000000000000000000 ) ) ;
#1930 = DIRECTION ( 'NONE',  ( -0.0000000000000000000, 1.000000000000000000, -0.0000000000000000000 ) ) ;
#1931 = CARTESIAN_POINT ( 'NONE',  ( 3.000000000000024869, 9.999999999999992895, -11.99999999999999467 ) ) ;
#1932 = EDGE_CURVE ( 'NONE', #1530, #1104, #1000, .T. ) ;
#1933 = DIRECTION ( 'NONE',  ( 0.0000000000000000000, 1.000000000000000000, 0.0000000000000000000 ) ) ;
#1934 = ORIENTED_EDGE ( 'NONE', *, *, #1253, .F. ) ;
#1935 = DIRECTION ( 'NONE',  ( -0.0000000000000000000, -0.0000000000000000000, -1.000000000000000000 ) ) ;
#1936 = EDGE_CURVE ( 'NONE', #1131, #2050, #81, .T. ) ;
#1937 = CARTESIAN_POINT ( 'NONE',  ( 12.50000000000000711, -5.000000000000000000, -3.999999999999984457 ) ) ;
#1938 = ORIENTED_EDGE ( 'NONE', *, *, #584, .T. ) ;
#1939 = CARTESIAN_POINT ( 'NONE',  ( -12.49999999999999645, -5.000000000000000000, -4.000000000000001776 ) ) ;
#1940 = DIRECTION ( 'NONE',  ( 0.0000000000000000000, 0.0000000000000000000, -1.000000000000000000 ) ) ;
#1941 = ORIENTED_EDGE ( 'NONE', *, *, #518, .F. ) ;
#1942 = DIRECTION ( 'NONE',  ( 0.0000000000000000000, 0.0000000000000000000, 1.000000000000000000 ) ) ;
#1943 = ORIENTED_EDGE ( 'NONE', *, *, #417, .F. ) ;
#1944 = FILL_AREA_STYLE ('',( #1080 ) ) ;
#1945 = DIRECTION ( 'NONE',  ( 0.7071067811865469066, -0.0000000000000000000, 0.7071067811865482389 ) ) ;
#1946 = AXIS2_PLACEMENT_3D ( 'NONE', #1902, #1918, #853 ) ;
#1947 = EDGE_CURVE ( 'NONE', #1209, #2324, #456, .T. ) ;
#1948 = CIRCLE ( 'NONE', #227, 2.749999999999999112 ) ;
#1949 = DIRECTION ( 'NONE',  ( -1.000000000000000000, 3.491481338843133355E-15, 0.0000000000000000000 ) ) ;
#1950 =( NAMED_UNIT ( * ) SI_UNIT ( $, .STERADIAN. ) SOLID_ANGLE_UNIT ( ) );
#1951 = VECTOR ( 'NONE', #724, 1000.000000000000000 ) ;
#1952 = AXIS2_PLACEMENT_3D ( 'NONE', #126, #874, #506 ) ;
#1953 = ORIENTED_EDGE ( 'NONE', *, *, #1236, .F. ) ;
#1954 = LINE ( 'NONE', #2102, #865 ) ;
#1955 = COLOUR_RGB ( '',0.8274509803921568096, 0.8392156862745098200, 0.8274509803921568096 ) ;
#1956 = EDGE_CURVE ( 'NONE', #1257, #1209, #1152, .T. ) ;
#1957 = CARTESIAN_POINT ( 'NONE',  ( -5.999999999999986677, -0.001000000000000132727, -8.000000000000014211 ) ) ;
#1958 = CARTESIAN_POINT ( 'NONE',  ( -5.999999999999987566, -0.001000000000000132727, -10.75000000000003020 ) ) ;
#1959 = LINE ( 'NONE', #2362, #823 ) ;
#1960 = FACE_OUTER_BOUND ( 'NONE', #400, .T. ) ;
#1961 = DIRECTION ( 'NONE',  ( 0.0000000000000000000, 1.000000000000000000, -0.0000000000000000000 ) ) ;
#1962 = ORIENTED_EDGE ( 'NONE', *, *, #1219, .F. ) ;
#1963 = DIRECTION ( 'NONE',  ( 1.000000000000000000, 0.0000000000000000000, 1.734723475976805615E-16 ) ) ;
#1964 = EDGE_CURVE ( 'NONE', #2324, #130, #1524, .T. ) ;
#1965 = ORIENTED_EDGE ( 'NONE', *, *, #1405, .T. ) ;
#1966 = APPLICATION_CONTEXT ( 'automotive_design' ) ;
#1967 = DIRECTION ( 'NONE',  ( 1.000000000000000000, -3.491481338843133750E-15, -0.0000000000000000000 ) ) ;
#1968 = CARTESIAN_POINT ( 'NONE',  ( -25.00000000000000711, -5.000000000000000000, 5.000000000000004441 ) ) ;
#1969 = CARTESIAN_POINT ( 'NONE',  ( -11.49999999999999822, 5.000000000000000000, -3.500000000000003997 ) ) ;
#1970 = FACE_OUTER_BOUND ( 'NONE', #760, .T. ) ;
#1971 = CARTESIAN_POINT ( 'NONE',  ( 24.99999999999999289, 5.000000000000000000, -5.000000000000004441 ) ) ;
#1972 = EDGE_LOOP ( 'NONE', ( #975, #2352, #480, #245, #1637, #1668, #756, #1428 ) ) ;
#1973 = EDGE_CURVE ( 'NONE', #1994, #2047, #2287, .T. ) ;
#1974 = CARTESIAN_POINT ( 'NONE',  ( -12.50000000000000000, -5.000000000000000000, 3.999999999999998224 ) ) ;
#1975 = DIRECTION ( 'NONE',  ( 1.000000000000000000, -3.469446951953614189E-15, 0.0000000000000000000 ) ) ;
#1976 = DIRECTION ( 'NONE',  ( -1.000000000000000000, -0.0000000000000000000, -0.0000000000000000000 ) ) ;
#1977 = FACE_OUTER_BOUND ( 'NONE', #834, .T. ) ;
#1978 = VECTOR ( 'NONE', #1963, 1000.000000000000000 ) ;
#1979 = ADVANCED_FACE ( 'NONE', ( #239 ), #630, .F. ) ;
#1980 = FACE_BOUND ( 'NONE', #946, .T. ) ;
#1981 = AXIS2_PLACEMENT_3D ( 'NONE', #1623, #544, #532 ) ;
#1982 = EDGE_LOOP ( 'NONE', ( #112, #1014, #1181, #1850 ) ) ;
#1983 = DIRECTION ( 'NONE',  ( 0.0000000000000000000, 1.000000000000000000, -0.0000000000000000000 ) ) ;
#1984 = VECTOR ( 'NONE', #2345, 1000.000000000000000 ) ;
#1985 = STYLED_ITEM ( 'NONE', ( #157 ), #96 ) ;
#1986 = CARTESIAN_POINT ( 'NONE',  ( 0.0000000000000000000, 2.000000000000000000, -14.00000000000000000 ) ) ;
#1987 = MECHANICAL_DESIGN_GEOMETRIC_PRESENTATION_REPRESENTATION (  '', ( #2116 ), #1677 ) ;
#1988 = CYLINDRICAL_SURFACE ( 'NONE', #267, 2.000000000000000000 ) ;
#1989 =( GEOMETRIC_REPRESENTATION_CONTEXT ( 3 ) GLOBAL_UNCERTAINTY_ASSIGNED_CONTEXT ( ( #1820 ) ) GLOBAL_UNIT_ASSIGNED_CONTEXT ( ( #113, #517, #1385 ) ) REPRESENTATION_CONTEXT ( 'NONE', 'WORKASPACE' ) );
#1990 = EDGE_CURVE ( 'NONE', #201, #455, #1081, .T. ) ;
#1991 = CYLINDRICAL_SURFACE ( 'NONE', #2099, 3.000000000000000000 ) ;
#1992 = EDGE_CURVE ( 'NONE', #1642, #2001, #1359, .T. ) ;
#1993 = CARTESIAN_POINT ( 'NONE',  ( -25.00000000000000711, -5.000000000000000000, 5.000000000000004441 ) ) ;
#1994 = VERTEX_POINT ( 'NONE', #703 ) ;
#1995 = ORIENTED_EDGE ( 'NONE', *, *, #1686, .T. ) ;
#1996 = DIRECTION ( 'NONE',  ( -0.0000000000000000000, 1.000000000000000000, -0.0000000000000000000 ) ) ;
#1997 = ORIENTED_EDGE ( 'NONE', *, *, #1956, .F. ) ;
#1998 = CARTESIAN_POINT ( 'NONE',  ( -25.00000000000000711, 5.000000000000000000, 5.000000000000004441 ) ) ;
#1999 = ORIENTED_EDGE ( 'NONE', *, *, #1936, .F. ) ;
#2000 = DIRECTION ( 'NONE',  ( 0.0000000000000000000, 0.0000000000000000000, -1.000000000000000000 ) ) ;
#2001 = VERTEX_POINT ( 'NONE', #1594 ) ;
#2002 = EDGE_CURVE ( 'NONE', #803, #465, #892, .T. ) ;
#2003 = DIRECTION ( 'NONE',  ( -1.000000000000000000, 0.0000000000000000000, 0.0000000000000000000 ) ) ;
#2004 = EDGE_LOOP ( 'NONE', ( #1657, #657, #1384, #2270 ) ) ;
#2005 = CARTESIAN_POINT ( 'NONE',  ( 3.026596830300701642E-15, 8.499999999999989342, 5.999999999999991118 ) ) ;
#2006 = VERTEX_POINT ( 'NONE', #691 ) ;
#2007 = ADVANCED_FACE ( 'NONE', ( #528 ), #2315, .F. ) ;
#2008 = DIRECTION ( 'NONE',  ( -1.000000000000000000, 0.0000000000000000000, 0.0000000000000000000 ) ) ;
#2009 = CARTESIAN_POINT ( 'NONE',  ( -19.00000000000000000, 5.000000000000000000, 4.774380084543173877E-15 ) ) ;
#2010 = ORIENTED_EDGE ( 'NONE', *, *, #2175, .F. ) ;
#2011 = LINE ( 'NONE', #2222, #577 ) ;
#2012 = DIRECTION ( 'NONE',  ( 0.0000000000000000000, -1.000000000000000000, 0.0000000000000000000 ) ) ;
#2013 = AXIS2_PLACEMENT_3D ( 'NONE', #1832, #1310, #2186 ) ;
#2014 = ORIENTED_EDGE ( 'NONE', *, *, #631, .T. ) ;
#2015 = PRESENTATION_STYLE_ASSIGNMENT (( #195 ) ) ;
#2016 = ORIENTED_EDGE ( 'NONE', *, *, #2086, .T. ) ;
#2017 = VECTOR ( 'NONE', #782, 1000.000000000000000 ) ;
#2018 = ORIENTED_EDGE ( 'NONE', *, *, #224, .T. ) ;
#2019 = SURFACE_SIDE_STYLE ('',( #927 ) ) ;
#2020 = EDGE_CURVE ( 'NONE', #1867, #2385, #1403, .T. ) ;
#2021 = AXIS2_PLACEMENT_3D ( 'NONE', #602, #1874, #236 ) ;
#2022 = AXIS2_PLACEMENT_3D ( 'NONE', #720, #543, #879 ) ;
#2023 = PRESENTATION_LAYER_ASSIGNMENT (  '', '', ( #2193 ) ) ;
#2024 = DIRECTION ( 'NONE',  ( -0.0000000000000000000, 1.000000000000000000, -0.0000000000000000000 ) ) ;
#2025 = ORIENTED_EDGE ( 'NONE', *, *, #373, .F. ) ;
#2026 =( LENGTH_UNIT ( ) NAMED_UNIT ( * ) SI_UNIT ( .MILLI., .METRE. ) );
#2027 = CARTESIAN_POINT ( 'NONE',  ( -19.00000000000000000, 5.000000000000002665, -5.099999999999993427 ) ) ;
#2028 = VECTOR ( 'NONE', #418, 1000.000000000000114 ) ;
#2029 = ORIENTED_EDGE ( 'NONE', *, *, #1213, .F. ) ;
#2030 = LINE ( 'NONE', #2187, #1951 ) ;
#2031 = ORIENTED_EDGE ( 'NONE', *, *, #40, .T. ) ;
#2032 = DIRECTION ( 'NONE',  ( -0.0000000000000000000, -1.000000000000000000, -0.0000000000000000000 ) ) ;
#2033 = ORIENTED_EDGE ( 'NONE', *, *, #19, .F. ) ;
#2034 = DIRECTION ( 'NONE',  ( 0.0000000000000000000, -1.000000000000000000, 0.0000000000000000000 ) ) ;
#2035 = CARTESIAN_POINT ( 'NONE',  ( 0.0000000000000000000, 0.0000000000000000000, 14.00000000000000000 ) ) ;
#2036 = ORIENTED_EDGE ( 'NONE', *, *, #327, .F. ) ;
#2037 = LINE ( 'NONE', #570, #862 ) ;
#2038 = CARTESIAN_POINT ( 'NONE',  ( 23.99999999999999289, 5.000000000000000000, 5.999999999999996447 ) ) ;
#2039 = EDGE_CURVE ( 'NONE', #753, #918, #2348, .T. ) ;
#2040 = DIRECTION ( 'NONE',  ( -0.5000000000000000000, -0.7071067811865469066, -0.5000000000000008882 ) ) ;
#2041 = ORIENTED_EDGE ( 'NONE', *, *, #477, .F. ) ;
#2042 = CARTESIAN_POINT ( 'NONE',  ( -12.69999999999999751, -5.000000000000000000, -4.200000000000001066 ) ) ;
#2043 =( REPRESENTATION_RELATIONSHIP ('NONE','NONE', #933, #1196 ) REPRESENTATION_RELATIONSHIP_WITH_TRANSFORMATION ( #2117 )SHAPE_REPRESENTATION_RELATIONSHIP( ) );
#2044 = EDGE_LOOP ( 'NONE', ( #1103, #1157, #1938, #1875 ) ) ;
#2045 = ORIENTED_EDGE ( 'NONE', *, *, #146, .F. ) ;
#2046 = DIRECTION ( 'NONE',  ( -0.2810846377148210062, -0.6785983445458468877, 0.6785983445458468877 ) ) ;
#2047 = VERTEX_POINT ( 'NONE', #1780 ) ;
#2048 = DIRECTION ( 'NONE',  ( 0.0000000000000000000, 0.0000000000000000000, 1.000000000000000000 ) ) ;
#2049 = PLANE ( 'NONE',  #698 ) ;
#2050 = VERTEX_POINT ( 'NONE', #507 ) ;
#2051 = CYLINDRICAL_SURFACE ( 'NONE', #377, 5.099999999999996980 ) ;
#2052 = CARTESIAN_POINT ( 'NONE',  ( 11.50000000000000178, 5.500000000000000000, -3.000000000000004441 ) ) ;
#2053 = DIRECTION ( 'NONE',  ( 0.0000000000000000000, 0.0000000000000000000, 1.000000000000000000 ) ) ;
#2054 = ORIENTED_EDGE ( 'NONE', *, *, #1323, .F. ) ;
#2055 = CARTESIAN_POINT ( 'NONE',  ( -23.58578643762690419, 5.914213562373102029, 4.414213562373092259 ) ) ;
#2056 = CARTESIAN_POINT ( 'NONE',  ( -23.79289321881346098, 5.000000000000000000, 5.500000000000002665 ) ) ;
#2057 = ORIENTED_EDGE ( 'NONE', *, *, #1905, .F. ) ;
#2058 = SHAPE_REPRESENTATION_RELATIONSHIP ( 'NONE' , 'NONE' ,  #1196, #1076 ) ;
#2059 = ORIENTED_EDGE ( 'NONE', *, *, #759, .T. ) ;
#2060 = DIRECTION ( 'NONE',  ( -3.491481338843133750E-15, -1.000000000000000000, -0.0000000000000000000 ) ) ;
#2061 = AXIS2_PLACEMENT_3D ( 'NONE', #334, #904, #163 ) ;
#2062 = ORIENTED_EDGE ( 'NONE', *, *, #2227, .F. ) ;
#2063 = CARTESIAN_POINT ( 'NONE',  ( 0.0000000000000000000, 2.000000000000000000, 14.00000000000000000 ) ) ;
#2064 = AXIS2_PLACEMENT_3D ( 'NONE', #408, #222, #965 ) ;
#2065 = CARTESIAN_POINT ( 'NONE',  ( 1.000000000000024647, 10.00000000000000000, -11.99999999999999467 ) ) ;
#2066 = ORIENTED_EDGE ( 'NONE', *, *, #1799, .T. ) ;
#2067 = VECTOR ( 'NONE', #49, 1000.000000000000000 ) ;
#2068 = DIRECTION ( 'NONE',  ( -5.204170427930417339E-16, 0.0000000000000000000, -1.000000000000000000 ) ) ;
#2069 = LINE ( 'NONE', #1691, #2067 ) ;
#2070 = CIRCLE ( 'NONE', #1048, 2.750000000000012879 ) ;
#2071 =( GEOMETRIC_REPRESENTATION_CONTEXT ( 3 ) GLOBAL_UNCERTAINTY_ASSIGNED_CONTEXT ( ( #963 ) ) GLOBAL_UNIT_ASSIGNED_CONTEXT ( ( #371, #564, #2206 ) ) REPRESENTATION_CONTEXT ( 'NONE', 'WORKASPACE' ) );
#2072 = CLOSED_SHELL ( 'NONE', ( #1730, #1592, #2285, #610, #1017, #1846, #1609, #2007, #1762, #1201, #2310, #660, #2268, #1141, #678, #856, #1707, #1082, #1665, #1028, #435, #262, #1540, #1496, #1901, #512, #2137, #489, #1353, #355, #186, #1881, #1702, #735, #710, #96, #827, #1091, #1734, #1250, #397, #2372, #534, #1459, #673, #473, #1825 ) ) ;
#2073 = CIRCLE ( 'NONE', #277, 2.749999999999999112 ) ;
#2074 = DIRECTION ( 'NONE',  ( -0.0000000000000000000, 1.000000000000000000, -0.0000000000000000000 ) ) ;
#2075 = LINE ( 'NONE', #990, #1525 ) ;
#2076 = EDGE_CURVE ( 'NONE', #1693, #1094, #1039, .T. ) ;
#2077 = ORIENTED_EDGE ( 'NONE', *, *, #411, .F. ) ;
#2078 = CARTESIAN_POINT ( 'NONE',  ( -24.00000000000000711, 5.000000000000000000, 6.000000000000001776 ) ) ;
#2079 = ORIENTED_EDGE ( 'NONE', *, *, #2227, .T. ) ;
#2080 = LINE ( 'NONE', #399, #2017 ) ;
#2081 = MANIFOLD_SOLID_BREP ( 'Verrundung2', #75 ) ;
#2082 = ORIENTED_EDGE ( 'NONE', *, *, #1676, .F. ) ;
#2083 = FILL_AREA_STYLE_COLOUR ( '', #66 ) ;
#2084 = DIRECTION ( 'NONE',  ( 0.0000000000000000000, 0.0000000000000000000, 1.000000000000000000 ) ) ;
#2085 = CARTESIAN_POINT ( 'NONE',  ( -5.999999999999987566, 0.0000000000000000000, -10.75000000000003020 ) ) ;
#2086 = EDGE_CURVE ( 'NONE', #1749, #753, #1959, .T. ) ;
#2087 = DIRECTION ( 'NONE',  ( 0.0000000000000000000, 0.0000000000000000000, 1.000000000000000000 ) ) ;
#2088 = EDGE_CURVE ( 'NONE', #516, #43, #669, .T. ) ;
#2089 = ORIENTED_EDGE ( 'NONE', *, *, #1318, .T. ) ;
#2090 = PRESENTATION_STYLE_ASSIGNMENT (( #633 ) ) ;
#2091 = EDGE_LOOP ( 'NONE', ( #1129, #242, #1844, #554 ) ) ;
#2092 = PRESENTATION_STYLE_ASSIGNMENT (( #951 ) ) ;
#2093 =( NAMED_UNIT ( * ) PLANE_ANGLE_UNIT ( ) SI_UNIT ( $, .RADIAN. ) );
#2094 = EDGE_LOOP ( 'NONE', ( #1075, #680, #2202, #1170 ) ) ;
#2095 = DIRECTION ( 'NONE',  ( -1.000000000000000000, 3.491481338843133355E-15, 0.0000000000000000000 ) ) ;
#2096 = CARTESIAN_POINT ( 'NONE',  ( -15.99999999999999289, 0.0000000000000000000, -5.249999999999999112 ) ) ;
#2097 = FACE_OUTER_BOUND ( 'NONE', #2221, .T. ) ;
#2098 = PRODUCT_CONTEXT ( 'NONE', #330, 'mechanical' ) ;
#2099 = AXIS2_PLACEMENT_3D ( 'NONE', #1287, #194, #1650 ) ;
#2100 = LINE ( 'NONE', #459, #1110 ) ;
#2101 = ORIENTED_EDGE ( 'NONE', *, *, #1778, .F. ) ;
#2102 = CARTESIAN_POINT ( 'NONE',  ( -15.99999999999999289, 2.000000000000000000, 5.250000000000002665 ) ) ;
#2103 = FACE_OUTER_BOUND ( 'NONE', #1142, .T. ) ;
#2104 = VERTEX_POINT ( 'NONE', #850 ) ;
#2105 = LINE ( 'NONE', #273, #1865 ) ;
#2106 =( GEOMETRIC_REPRESENTATION_CONTEXT ( 3 ) GLOBAL_UNCERTAINTY_ASSIGNED_CONTEXT ( ( #90 ) ) GLOBAL_UNIT_ASSIGNED_CONTEXT ( ( #969, #2093, #2276 ) ) REPRESENTATION_CONTEXT ( 'NONE', 'WORKASPACE' ) );
#2107 = DIRECTION ( 'NONE',  ( -1.387778780781445429E-16, 0.0000000000000000000, 1.000000000000000000 ) ) ;
#2108 = AXIS2_PLACEMENT_3D ( 'NONE', #312, #1577, #1397 ) ;
#2109 = UNCERTAINTY_MEASURE_WITH_UNIT (LENGTH_MEASURE( 1.000000000000000082E-05 ), #713, 'distance_accuracy_value', 'NONE');
#2110 = EDGE_CURVE ( 'NONE', #647, #1436, #329, .T. ) ;
#2111 = ORIENTED_EDGE ( 'NONE', *, *, #2173, .F. ) ;
#2112 = VECTOR ( 'NONE', #261, 1000.000000000000000 ) ;
#2113 =( GEOMETRIC_REPRESENTATION_CONTEXT ( 3 ) GLOBAL_UNCERTAINTY_ASSIGNED_CONTEXT ( ( #374 ) ) GLOBAL_UNIT_ASSIGNED_CONTEXT ( ( #1653, #1681, #1836 ) ) REPRESENTATION_CONTEXT ( 'NONE', 'WORKASPACE' ) );
#2114 = VECTOR ( 'NONE', #248, 1000.000000000000000 ) ;
#2115 = DIRECTION ( 'NONE',  ( 0.0000000000000000000, 0.0000000000000000000, -1.000000000000000000 ) ) ;
#2116 = STYLED_ITEM ( 'NONE', ( #2092 ), #1702 ) ;
#2117 = ITEM_DEFINED_TRANSFORMATION ( 'NONE', 'NONE', #2280,  #2022 ) ;
#2118 = AXIS2_PLACEMENT_3D ( 'NONE', #1899, #433, #1167 ) ;
#2119 = LINE ( 'NONE', #1937, #1669 ) ;
#2120 = ORIENTED_EDGE ( 'NONE', *, *, #2110, .T. ) ;
#2121 = PRODUCT_DEFINITION ( 'UNKNOWN', '', #861, #547 ) ;
#2122 = DIRECTION ( 'NONE',  ( 1.000000000000000000, 0.0000000000000000000, -1.084202172485504434E-16 ) ) ;
#2123 = LINE ( 'NONE', #2322, #1374 ) ;
#2124 = DIRECTION ( 'NONE',  ( 0.0000000000000000000, 0.0000000000000000000, 1.000000000000000000 ) ) ;
#2125 = EDGE_CURVE ( 'NONE', #869, #1693, #1210, .T. ) ;
#2126 = LINE ( 'NONE', #1032, #386 ) ;
#2127 = VERTEX_POINT ( 'NONE', #1575 ) ;
#2128 = CARTESIAN_POINT ( 'NONE',  ( -15.99999999999999289, 0.0000000000000000000, 5.250000000000002665 ) ) ;
#2129 = EDGE_CURVE ( 'NONE', #1355, #64, #2325, .T. ) ;
#2130 = CARTESIAN_POINT ( 'NONE',  ( -12.69999999999999751, -4.500000000000000888, -4.200000000000001066 ) ) ;
#2131 = CARTESIAN_POINT ( 'NONE',  ( 23.99999999999999289, 5.000000000000000000, -6.000000000000003553 ) ) ;
#2132 = ORIENTED_EDGE ( 'NONE', *, *, #1069, .F. ) ;
#2133 = LINE ( 'NONE', #1939, #469 ) ;
#2134 = DIRECTION ( 'NONE',  ( 0.0000000000000000000, 0.0000000000000000000, 1.000000000000000000 ) ) ;
#2135 = EDGE_LOOP ( 'NONE', ( #225, #1479, #2339, #1907 ) ) ;
#2136 = DIRECTION ( 'NONE',  ( 0.0000000000000000000, 0.0000000000000000000, 1.000000000000000000 ) ) ;
#2137 = ADVANCED_FACE ( 'NONE', ( #492, #1220 ), #1586, .F. ) ;
#2138 = UNCERTAINTY_MEASURE_WITH_UNIT (LENGTH_MEASURE( 1.000000000000000082E-05 ), #556, 'distance_accuracy_value', 'NONE');
#2139 = VERTEX_POINT ( 'NONE', #158 ) ;
#2140 = DIRECTION ( 'NONE',  ( -1.000000000000000000, 0.0000000000000000000, 1.084202172485504434E-16 ) ) ;
#2141 = EDGE_CURVE ( 'NONE', #599, #2104, #2212, .T. ) ;
#2142 = CARTESIAN_POINT ( 'NONE',  ( -19.00000000000000000, 5.000000000000000000, 4.774380084543173877E-15 ) ) ;
#2143 = CARTESIAN_POINT ( 'NONE',  ( 3.000000000000000000, 2.999999999999989786, 14.00000000000000000 ) ) ;
#2144 = ORIENTED_EDGE ( 'NONE', *, *, #411, .T. ) ;
#2145 = DIRECTION ( 'NONE',  ( 1.000000000000000000, -0.0000000000000000000, -1.084202172485504434E-16 ) ) ;
#2146 = LINE ( 'NONE', #359, #1331 ) ;
#2147 = VECTOR ( 'NONE', #2140, 1000.000000000000000 ) ;
#2148 = DIRECTION ( 'NONE',  ( 0.0000000000000000000, 0.0000000000000000000, 1.000000000000000000 ) ) ;
#2149 = CARTESIAN_POINT ( 'NONE',  ( 11.50000000000000178, 5.500000000000000000, -3.000000000000004441 ) ) ;
#2150 = VECTOR ( 'NONE', #1108, 1000.000000000000000 ) ;
#2151 = DIRECTION ( 'NONE',  ( 1.000000000000000000, -3.491481338843133750E-15, -0.0000000000000000000 ) ) ;
#2152 = DIRECTION ( 'NONE',  ( 0.7071067811865482389, 0.0000000000000000000, -0.7071067811865469066 ) ) ;
#2153 = CIRCLE ( 'NONE', #1722, 1.000000000000000000 ) ;
#2154 = CIRCLE ( 'NONE', #1826, 2.750000000000012879 ) ;
#2155 = COLOUR_RGB ( '',0.3764705882352941124, 0.3764705882352941124, 0.3764705882352941124 ) ;
#2156 = EDGE_CURVE ( 'NONE', #843, #1389, #571, .T. ) ;
#2157 = PLANE ( 'NONE',  #1189 ) ;
#2158 = AXIS2_PLACEMENT_3D ( 'NONE', #1161, #818, #780 ) ;
#2159 = CIRCLE ( 'NONE', #1041, 5.099999999999996980 ) ;
#2160 = VERTEX_POINT ( 'NONE', #2027 ) ;
#2161 =( LENGTH_UNIT ( ) NAMED_UNIT ( * ) SI_UNIT ( .MILLI., .METRE. ) );
#2162 = AXIS2_PLACEMENT_3D ( 'NONE', #20, #1092, #2243 ) ;
#2163 = CARTESIAN_POINT ( 'NONE',  ( 3.000000000000031530, 11.99999999999999289, -11.99999999999999467 ) ) ;
#2164 = PLANE ( 'NONE',  #2240 ) ;
#2165 = SURFACE_STYLE_USAGE ( .BOTH. , #1798 ) ;
#2166 = FILL_AREA_STYLE ('',( #1425 ) ) ;
#2167 = PLANE ( 'NONE',  #426 ) ;
#2168 = FACE_OUTER_BOUND ( 'NONE', #1073, .T. ) ;
#2169 = EDGE_CURVE ( 'NONE', #470, #1088, #921, .T. ) ;
#2170 = ORIENTED_EDGE ( 'NONE', *, *, #477, .T. ) ;
#2171 = DIRECTION ( 'NONE',  ( -0.0000000000000000000, -1.000000000000000000, -0.0000000000000000000 ) ) ;
#2172 = FACE_OUTER_BOUND ( 'NONE', #1883, .T. ) ;
#2173 = EDGE_CURVE ( 'NONE', #2127, #27, #1276, .T. ) ;
#2174 = DIRECTION ( 'NONE',  ( -1.000000000000000000, 0.0000000000000000000, 1.084202172485504434E-16 ) ) ;
#2175 = EDGE_CURVE ( 'NONE', #1749, #1791, #1618, .T. ) ;
#2176 = SURFACE_SIDE_STYLE ('',( #1768 ) ) ;
#2177 = FACE_BOUND ( 'NONE', #558, .T. ) ;
#2178 = ORIENTED_EDGE ( 'NONE', *, *, #1392, .F. ) ;
#2179 = DIRECTION ( 'NONE',  ( 2.065146995210484448E-16, -0.0000000000000000000, -1.000000000000000000 ) ) ;
#2180 = EDGE_CURVE ( 'NONE', #368, #37, #943, .T. ) ;
#2181 = PLANE ( 'NONE',  #1981 ) ;
#2182 = ORIENTED_EDGE ( 'NONE', *, *, #584, .F. ) ;
#2183 = CARTESIAN_POINT ( 'NONE',  ( 3.000000000000024425, 9.999999999999992895, 12.00000000000000000 ) ) ;
#2184 = ADVANCED_FACE ( 'NONE', ( #1433 ), #588, .F. ) ;
#2185 = DIRECTION ( 'NONE',  ( 0.0000000000000000000, 1.000000000000000000, -0.0000000000000000000 ) ) ;
#2186 = DIRECTION ( 'NONE',  ( -1.000000000000000000, 0.0000000000000000000, -0.0000000000000000000 ) ) ;
#2187 = CARTESIAN_POINT ( 'NONE',  ( 1.000000000000031752, 12.00000000000000000, -13.99999999999999645 ) ) ;
#2188 = VECTOR ( 'NONE', #83, 999.9999999999998863 ) ;
#2189 = CARTESIAN_POINT ( 'NONE',  ( 24.49999999999999289, 5.000000000000000000, -4.792893218813456535 ) ) ;
#2190 = VECTOR ( 'NONE', #1770, 1000.000000000000000 ) ;
#2191 = ORIENTED_EDGE ( 'NONE', *, *, #729, .F. ) ;
#2192 = AXIS2_PLACEMENT_3D ( 'NONE', #1383, #2107, #2333 ) ;
#2193 = STYLED_ITEM ( 'NONE', ( #1296 ), #186 ) ;
#2194 = FACE_OUTER_BOUND ( 'NONE', #288, .T. ) ;
#2195 = ORIENTED_EDGE ( 'NONE', *, *, #1640, .F. ) ;
#2196 = PRESENTATION_LAYER_ASSIGNMENT (  '', '', ( #2116 ) ) ;
#2197 = CARTESIAN_POINT ( 'NONE',  ( 12.70000000000000284, -5.000000000000000000, -4.199999999999980638 ) ) ;
#2198 = ADVANCED_FACE ( 'NONE', ( #560 ), #1991, .T. ) ;
#2199 = ORIENTED_EDGE ( 'NONE', *, *, #841, .F. ) ;
#2200 = SURFACE_SIDE_STYLE ('',( #587 ) ) ;
#2201 = ADVANCED_FACE ( 'NONE', ( #6 ), #290, .T. ) ;
#2202 = ORIENTED_EDGE ( 'NONE', *, *, #762, .T. ) ;
#2203 = PLANE ( 'NONE',  #80 ) ;
#2204 = DIRECTION ( 'NONE',  ( -0.7071067811865475727, -0.7071067811865475727, -0.0000000000000000000 ) ) ;
#2205 = ORIENTED_EDGE ( 'NONE', *, *, #1426, .F. ) ;
#2206 =( NAMED_UNIT ( * ) SI_UNIT ( $, .STERADIAN. ) SOLID_ANGLE_UNIT ( ) );
#2207 = ORIENTED_EDGE ( 'NONE', *, *, #880, .F. ) ;
#2208 = FACE_OUTER_BOUND ( 'NONE', #437, .T. ) ;
#2209 = CARTESIAN_POINT ( 'NONE',  ( 23.79289321881344677, 5.000000000000000000, -5.500000000000003553 ) ) ;
#2210 = ORIENTED_EDGE ( 'NONE', *, *, #1774, .T. ) ;
#2211 = CARTESIAN_POINT ( 'NONE',  ( -5.999999999999985789, -0.001000000000000132727, 5.249999999999999112 ) ) ;
#2212 = LINE ( 'NONE', #901, #995 ) ;
#2213 = DIRECTION ( 'NONE',  ( 0.0000000000000000000, 0.0000000000000000000, 1.000000000000000000 ) ) ;
#2214 = ADVANCED_FACE ( 'NONE', ( #48 ), #1033, .F. ) ;
#2215 = EDGE_LOOP ( 'NONE', ( #1144, #2010, #206, #1504 ) ) ;
#2216 = VERTEX_POINT ( 'NONE', #2282 ) ;
#2217 = DIRECTION ( 'NONE',  ( -0.0000000000000000000, -0.0000000000000000000, -1.000000000000000000 ) ) ;
#2218 = ADVANCED_FACE ( 'NONE', ( #954 ), #1336, .F. ) ;
#2219 = ORIENTED_EDGE ( 'NONE', *, *, #1621, .T. ) ;
#2220 = PLANE ( 'NONE',  #1413 ) ;
#2221 = EDGE_LOOP ( 'NONE', ( #54, #153, #177, #220 ) ) ;
#2222 = CARTESIAN_POINT ( 'NONE',  ( -15.99999999999999289, 0.0000000000000000000, 10.75000000000002842 ) ) ;
#2223 = ORIENTED_EDGE ( 'NONE', *, *, #905, .F. ) ;
#2224 = EDGE_CURVE ( 'NONE', #797, #563, #1165, .T. ) ;
#2225 = AXIS2_PLACEMENT_3D ( 'NONE', #1705, #1930, #2084 ) ;
#2226 = CARTESIAN_POINT ( 'NONE',  ( -23.00000000000000000, 0.0000000000000000000, 14.00000000000000000 ) ) ;
#2227 = EDGE_CURVE ( 'NONE', #1892, #2006, #2253, .T. ) ;
#2228 = EDGE_LOOP ( 'NONE', ( #1649, #406 ) ) ;
#2229 = VECTOR ( 'NONE', #410, 1000.000000000000000 ) ;
#2230 =( LENGTH_UNIT ( ) NAMED_UNIT ( * ) SI_UNIT ( .MILLI., .METRE. ) );
#2231 = ORIENTED_EDGE ( 'NONE', *, *, #131, .F. ) ;
#2232 = EDGE_CURVE ( 'NONE', #2139, #2160, #18, .T. ) ;
#2233 = LINE ( 'NONE', #793, #1600 ) ;
#2234 = VECTOR ( 'NONE', #1169, 1000.000000000000000 ) ;
#2235 = EDGE_LOOP ( 'NONE', ( #247, #323, #1109, #2343 ) ) ;
#2236 = VECTOR ( 'NONE', #1546, 999.9999999999998863 ) ;
#2237 = AXIS2_PLACEMENT_3D ( 'NONE', #806, #100, #835 ) ;
#2238 = EDGE_CURVE ( 'NONE', #43, #794, #1404, .T. ) ;
#2239 = DIRECTION ( 'NONE',  ( -1.000000000000000000, 0.0000000000000000000, -4.336808689942017736E-16 ) ) ;
#2240 = AXIS2_PLACEMENT_3D ( 'NONE', #1573, #124, #515 ) ;
#2241 = ORIENTED_EDGE ( 'NONE', *, *, #722, .F. ) ;
#2242 = AXIS2_PLACEMENT_3D ( 'NONE', #1417, #1945, #2152 ) ;
#2243 = DIRECTION ( 'NONE',  ( 0.0000000000000000000, 0.0000000000000000000, -1.000000000000000000 ) ) ;
#2244 = ORIENTED_EDGE ( 'NONE', *, *, #19, .T. ) ;
#2245 = ORIENTED_EDGE ( 'NONE', *, *, #1936, .T. ) ;
#2246 = ADVANCED_FACE ( 'NONE', ( #300 ), #1216, .F. ) ;
#2247 = CARTESIAN_POINT ( 'NONE',  ( 12.50000000000000355, -4.500000000000000888, 4.000000000000001776 ) ) ;
#2248 = ORIENTED_EDGE ( 'NONE', *, *, #313, .T. ) ;
#2249 =( NAMED_UNIT ( * ) SI_UNIT ( $, .STERADIAN. ) SOLID_ANGLE_UNIT ( ) );
#2250 = DIRECTION ( 'NONE',  ( -1.000000000000000000, 0.0000000000000000000, -0.0000000000000000000 ) ) ;
#2251 = ORIENTED_EDGE ( 'NONE', *, *, #1426, .T. ) ;
#2252 = DIRECTION ( 'NONE',  ( -0.0000000000000000000, 1.000000000000000000, -0.0000000000000000000 ) ) ;
#2253 = LINE ( 'NONE', #1747, #732 ) ;
#2254 = CARTESIAN_POINT ( 'NONE',  ( -23.00000000000000000, 2.000000000000000000, 14.00000000000000000 ) ) ;
#2255 = CYLINDRICAL_SURFACE ( 'NONE', #2021, 5.999999999999991118 ) ;
#2256 = EDGE_CURVE ( 'NONE', #991, #64, #1046, .T. ) ;
#2257 = CARTESIAN_POINT ( 'NONE',  ( 23.99999999999999289, 4.500000000000000000, 5.999999999999996447 ) ) ;
#2258 = DIRECTION ( 'NONE',  ( 0.0000000000000000000, 0.0000000000000000000, 1.000000000000000000 ) ) ;
#2259 = CARTESIAN_POINT ( 'NONE',  ( -24.50000000000000711, 5.000000000000000000, -4.792893218813452982 ) ) ;
#2260 = ORIENTED_EDGE ( 'NONE', *, *, #1192, .T. ) ;
#2261 = UNCERTAINTY_MEASURE_WITH_UNIT (LENGTH_MEASURE( 1.000000000000000082E-05 ), #356, 'distance_accuracy_value', 'NONE');
#2262 = CARTESIAN_POINT ( 'NONE',  ( 19.00000000000000000, 5.000000000000000000, -2.749999999999994227 ) ) ;
#2263 = ORIENTED_EDGE ( 'NONE', *, *, #642, .F. ) ;
#2264 = CARTESIAN_POINT ( 'NONE',  ( -14.64644660940670917, 5.000000000000000000, -14.64644660940673404 ) ) ;
#2265 = CARTESIAN_POINT ( 'NONE',  ( 11.50000000000000178, 5.000000000000000000, -3.500000000000003997 ) ) ;
#2266 = EDGE_LOOP ( 'NONE', ( #1863, #2016, #592, #611 ) ) ;
#2267 = FACE_OUTER_BOUND ( 'NONE', #1278, .T. ) ;
#2268 = ADVANCED_FACE ( 'NONE', ( #675 ), #629, .F. ) ;
#2269 = LINE ( 'NONE', #1706, #1376 ) ;
#2270 = ORIENTED_EDGE ( 'NONE', *, *, #2232, .T. ) ;
#2271 = DIRECTION ( 'NONE',  ( -1.000000000000000000, -0.0000000000000000000, -1.387778780781445429E-16 ) ) ;
#2272 = STYLED_ITEM ( 'NONE', ( #983 ), #498 ) ;
#2273 = ORIENTED_EDGE ( 'NONE', *, *, #905, .T. ) ;
#2274 = FILL_AREA_STYLE_COLOUR ( '', #778 ) ;
#2275 = AXIS2_PLACEMENT_3D ( 'NONE', #95, #1550, #2305 ) ;
#2276 =( NAMED_UNIT ( * ) SI_UNIT ( $, .STERADIAN. ) SOLID_ANGLE_UNIT ( ) );
#2277 = PRODUCT_DEFINITION ( 'UNKNOWN', '', #148, #1590 ) ;
#2278 = ORIENTED_EDGE ( 'NONE', *, *, #2088, .F. ) ;
#2279 = AXIS2_PLACEMENT_3D ( 'NONE', #2383, #357, #1256 ) ;
#2280 = AXIS2_PLACEMENT_3D ( 'NONE', #2005, #1490, #977 ) ;
#2281 = LINE ( 'NONE', #108, #1079 ) ;
#2282 = CARTESIAN_POINT ( 'NONE',  ( -2.987397750308896631E-16, 0.0000000000000000000, -14.00000000000000000 ) ) ;
#2283 = FACE_OUTER_BOUND ( 'NONE', #1625, .T. ) ;
#2284 = VECTOR ( 'NONE', #658, 1000.000000000000000 ) ;
#2285 = ADVANCED_FACE ( 'NONE', ( #2267 ), #2051, .F. ) ;
#2286 = VECTOR ( 'NONE', #137, 1000.000000000000227 ) ;
#2287 = LINE ( 'NONE', #2055, #155 ) ;
#2288 = ORIENTED_EDGE ( 'NONE', *, *, #449, .T. ) ;
#2289 = SURFACE_SIDE_STYLE ('',( #1316 ) ) ;
#2290 = ORIENTED_EDGE ( 'NONE', *, *, #552, .T. ) ;
#2291 = PLANE ( 'NONE',  #2158 ) ;
#2292 = LINE ( 'NONE', #1701, #501 ) ;
#2293 = ORIENTED_EDGE ( 'NONE', *, *, #1774, .F. ) ;
#2294 = DIRECTION ( 'NONE',  ( 0.0000000000000000000, 0.0000000000000000000, -1.000000000000000000 ) ) ;
#2295 = CARTESIAN_POINT ( 'NONE',  ( -24.00000000000000711, -5.000000000000000000, 6.000000000000001776 ) ) ;
#2296 = LINE ( 'NONE', #444, #745 ) ;
#2297 = EDGE_CURVE ( 'NONE', #58, #291, #337, .T. ) ;
#2298 =( LENGTH_UNIT ( ) NAMED_UNIT ( * ) SI_UNIT ( .MILLI., .METRE. ) );
#2299 = ORIENTED_EDGE ( 'NONE', *, *, #1166, .T. ) ;
#2300 = CARTESIAN_POINT ( 'NONE',  ( -17.00000000000000355, 0.0000000000000000000, 14.00000000000000000 ) ) ;
#2301 = EDGE_LOOP ( 'NONE', ( #47, #940, #605, #915, #726, #2029 ) ) ;
#2302 = DIRECTION ( 'NONE',  ( 0.0000000000000000000, 0.0000000000000000000, 1.000000000000000000 ) ) ;
#2303 = CARTESIAN_POINT ( 'NONE',  ( -19.00000000000000000, -5.000000000000000000, 2.750000000000003553 ) ) ;
#2304 = DIRECTION ( 'NONE',  ( -1.211350928885223303E-30, -3.469446951953614189E-16, 1.000000000000000000 ) ) ;
#2305 = DIRECTION ( 'NONE',  ( 0.0000000000000000000, 0.0000000000000000000, -1.000000000000000000 ) ) ;
#2306 = EDGE_LOOP ( 'NONE', ( #2231, #1999, #2057, #1666 ) ) ;
#2307 = VECTOR ( 'NONE', #2340, 1000.000000000000000 ) ;
#2308 = LINE ( 'NONE', #1205, #2284 ) ;
#2309 = ORIENTED_EDGE ( 'NONE', *, *, #1155, .F. ) ;
#2310 = ADVANCED_FACE ( 'NONE', ( #1870 ), #487, .F. ) ;
#2311 = SURFACE_STYLE_USAGE ( .BOTH. , #1012 ) ;
#2312 = CIRCLE ( 'NONE', #1406, 2.750000000000015543 ) ;
#2313 = FACE_OUTER_BOUND ( 'NONE', #1106, .T. ) ;
#2314 = ORIENTED_EDGE ( 'NONE', *, *, #1683, .T. ) ;
#2315 = PLANE ( 'NONE',  #2242 ) ;
#2316 = AXIS2_PLACEMENT_3D ( 'NONE', #1971, #332, #1072 ) ;
#2317 =( GEOMETRIC_REPRESENTATION_CONTEXT ( 3 ) GLOBAL_UNCERTAINTY_ASSIGNED_CONTEXT ( ( #1259 ) ) GLOBAL_UNIT_ASSIGNED_CONTEXT ( ( #2161, #324, #884 ) ) REPRESENTATION_CONTEXT ( 'NONE', 'WORKASPACE' ) );
#2318 = MECHANICAL_DESIGN_GEOMETRIC_PRESENTATION_REPRESENTATION (  '', ( #2193 ), #1410 ) ;
#2319 = ORIENTED_EDGE ( 'NONE', *, *, #1891, .F. ) ;
#2320 = DIRECTION ( 'NONE',  ( -0.0000000000000000000, 1.000000000000000000, -0.0000000000000000000 ) ) ;
#2321 = DIRECTION ( 'NONE',  ( -0.0000000000000000000, -1.000000000000000000, -0.0000000000000000000 ) ) ;
#2322 = CARTESIAN_POINT ( 'NONE',  ( 12.00000000000000178, 5.500000000000000000, -3.000000000000004441 ) ) ;
#2323 = CARTESIAN_POINT ( 'NONE',  ( -24.50000000000000711, 5.000000000000000000, 0.0000000000000000000 ) ) ;
#2324 = VERTEX_POINT ( 'NONE', #1512 ) ;
#2325 = LINE ( 'NONE', #1395, #2147 ) ;
#2326 = EDGE_CURVE ( 'NONE', #2104, #203, #871, .T. ) ;
#2327 = DIRECTION ( 'NONE',  ( 1.000000000000000000, -3.491481338843133355E-15, -0.0000000000000000000 ) ) ;
#2328 = ORIENTED_EDGE ( 'NONE', *, *, #1596, .F. ) ;
#2329 = DIRECTION ( 'NONE',  ( -1.000000000000000000, -0.0000000000000000000, 1.734723475976805615E-16 ) ) ;
#2330 = FACE_OUTER_BOUND ( 'NONE', #1456, .T. ) ;
#2331 = LINE ( 'NONE', #282, #1372 ) ;
#2332 = ADVANCED_FACE ( 'NONE', ( #2330 ), #401, .F. ) ;
#2333 = DIRECTION ( 'NONE',  ( 1.000000000000000000, 0.0000000000000000000, 1.387778780781445429E-16 ) ) ;
#2334 = DIRECTION ( 'NONE',  ( 0.0000000000000000000, 0.0000000000000000000, 1.000000000000000000 ) ) ;
#2335 = CARTESIAN_POINT ( 'NONE',  ( -13.90000000000000036, -0.4000000000000001887, 4.774380084543173877E-15 ) ) ;
#2336 = EDGE_CURVE ( 'NONE', #174, #1031, #1787, .T. ) ;
#2337 = DIRECTION ( 'NONE',  ( 1.000000000000000000, 0.0000000000000000000, 0.0000000000000000000 ) ) ;
#2338 = VECTOR ( 'NONE', #1976, 1000.000000000000000 ) ;
#2339 = ORIENTED_EDGE ( 'NONE', *, *, #1134, .F. ) ;
#2340 = DIRECTION ( 'NONE',  ( -0.0000000000000000000, -1.000000000000000000, -0.0000000000000000000 ) ) ;
#2341 = CYLINDRICAL_SURFACE ( 'NONE', #339, 2.749999999999999112 ) ;
#2342 = AXIS2_PLACEMENT_3D ( 'NONE', #414, #1855, #1206 ) ;
#2343 = ORIENTED_EDGE ( 'NONE', *, *, #932, .T. ) ;
#2344 = EDGE_CURVE ( 'NONE', #2324, #1854, #2386, .T. ) ;
#2345 = DIRECTION ( 'NONE',  ( -0.0000000000000000000, -0.0000000000000000000, 1.000000000000000000 ) ) ;
#2346 = AXIS2_PLACEMENT_3D ( 'NONE', #364, #1078, #1827 ) ;
#2347 = CARTESIAN_POINT ( 'NONE',  ( -19.00000000000000000, -0.4000000000000001887, 4.774380084543173877E-15 ) ) ;
#2348 = LINE ( 'NONE', #1610, #35 ) ;
#2349 = VECTOR ( 'NONE', #1105, 1000.000000000000000 ) ;
#2350 = VECTOR ( 'NONE', #2115, 1000.000000000000000 ) ;
#2351 = DIRECTION ( 'NONE',  ( -0.0000000000000000000, 1.000000000000000000, -0.0000000000000000000 ) ) ;
#2352 = ORIENTED_EDGE ( 'NONE', *, *, #1124, .T. ) ;
#2353 = CIRCLE ( 'NONE', #1444, 5.099999999999996980 ) ;
#2354 = CARTESIAN_POINT ( 'NONE',  ( -11.49999999999999822, 5.500000000000000000, -3.500000000000003997 ) ) ;
#2355 = VECTOR ( 'NONE', #132, 999.9999999999998863 ) ;
#2356 = ORIENTED_EDGE ( 'NONE', *, *, #722, .T. ) ;
#2357 = FACE_OUTER_BOUND ( 'NONE', #2266, .T. ) ;
#2358 = VECTOR ( 'NONE', #1559, 1000.000000000000000 ) ;
#2359 = DIRECTION ( 'NONE',  ( 4.336808689942025625E-16, 0.0000000000000000000, -1.000000000000000000 ) ) ;
#2360 = CYLINDRICAL_SURFACE ( 'NONE', #1380, 2.749999999999999112 ) ;
#2361 = DIRECTION ( 'NONE',  ( -1.000000000000000000, 0.0000000000000000000, 0.0000000000000000000 ) ) ;
#2362 = CARTESIAN_POINT ( 'NONE',  ( -12.69999999999999751, -4.500000000000000888, -4.200000000000001066 ) ) ;
#2363 = DIRECTION ( 'NONE',  ( -0.0000000000000000000, 1.000000000000000000, -0.0000000000000000000 ) ) ;
#2364 = LINE ( 'NONE', #36, #114 ) ;
#2365 = VERTEX_POINT ( 'NONE', #1429 ) ;
#2366 = EDGE_CURVE ( 'NONE', #2127, #102, #173, .T. ) ;
#2367 = PRODUCT_DEFINITION_SHAPE ( 'NONE', 'NONE',  #2277 ) ;
#2368 = EDGE_CURVE ( 'NONE', #314, #1749, #2146, .T. ) ;
#2369 = DIRECTION ( 'NONE',  ( 8.195543980992790641E-16, 0.0000000000000000000, -1.000000000000000000 ) ) ;
#2370 = CARTESIAN_POINT ( 'NONE',  ( -24.00000000000000711, -5.000000000000000000, -5.999999999999998224 ) ) ;
#2371 = LINE ( 'NONE', #393, #1415 ) ;
#2372 = ADVANCED_FACE ( 'NONE', ( #154, #2357 ), #1270, .F. ) ;
#2373 = CARTESIAN_POINT ( 'NONE',  ( 24.99999999999999289, -5.000000000000000000, 4.999999999999997335 ) ) ;
#2374 = ORIENTED_EDGE ( 'NONE', *, *, #1430, .T. ) ;
#2375 = FILL_AREA_STYLE_COLOUR ( '', #463 ) ;
#2376 = ORIENTED_EDGE ( 'NONE', *, *, #449, .F. ) ;
#2377 = FACE_OUTER_BOUND ( 'NONE', #763, .T. ) ;
#2378 = ORIENTED_EDGE ( 'NONE', *, *, #1582, .F. ) ;
#2379 = CARTESIAN_POINT ( 'NONE',  ( 12.00000000000000178, 5.500000000000000000, 2.999999999999995559 ) ) ;
#2380 = VECTOR ( 'NONE', #2321, 1000.000000000000000 ) ;
#2381 = AXIS2_PLACEMENT_3D ( 'NONE', #212, #636, #1172 ) ;
#2382 = PRESENTATION_LAYER_ASSIGNMENT (  '', '', ( #1561 ) ) ;
#2383 = CARTESIAN_POINT ( 'NONE',  ( 0.0000000000000000000, 5.000000000000000000, 0.0000000000000000000 ) ) ;
#2384 = AXIS2_PLACEMENT_3D ( 'NONE', #1957, #1750, #1942 ) ;
#2385 = VERTEX_POINT ( 'NONE', #351 ) ;
#2386 = LINE ( 'NONE', #1258, #852 ) ;
#2387 = EDGE_LOOP ( 'NONE', ( #595, #448, #454, #372 ) ) ;
#2388 = VECTOR ( 'NONE', #1486, 1000.000000000000114 ) ;
#2389 = VECTOR ( 'NONE', #491, 1000.000000000000000 ) ;
#2390 = CIRCLE ( 'NONE', #1345, 2.750000000000012879 ) ;
#2391 = ADVANCED_FACE ( 'NONE', ( #316 ), #1421, .F. ) ;
#2392 = CARTESIAN_POINT ( 'NONE',  ( -5.963111948670275373E-16, 5.000000000000000000, -5.500000000000000888 ) ) ;
#2393 = ORIENTED_EDGE ( 'NONE', *, *, #2086, .F. ) ;
#2394 = CARTESIAN_POINT ( 'NONE',  ( -12.49999999999999645, -4.500000000000000888, -4.000000000000001776 ) ) ;
#2395 = EDGE_CURVE ( 'NONE', #869, #1439, #522, .T. ) ;
#2396 = NEXT_ASSEMBLY_USAGE_OCCURRENCE ( 'NAUO1', ' ', ' ', #851, #2121, $ ) ;
#2397 = NEXT_ASSEMBLY_USAGE_OCCURRENCE ( 'NAUO2', ' ', ' ', #851, #2277, $ ) ;
ENDSEC;
END-ISO-10303-21;
